13, 0, 1.12604e-05, 1.03034e-05
18, 0, 9.6408e-06, 9.78238e-06
18, 13, 9.83138e-06, 1.00391e-05
30, 0, 9.39608e-06, 8.89925e-06
30, 13, 1.02103e-05, 9.29909e-06
30, 18, 9.30824e-06, 9.32683e-06
40, 0, 9.12122e-06, 1.00211e-05
40, 13, 9.24206e-06, 1.01895e-05
40, 18, 9.14855e-06, 9.07075e-06
40, 30, 9.19563e-06, 9.88587e-06
48, 0, 9.25652e-06, 9.96639e-06
48, 13, 9.46477e-06, 1.01176e-05
48, 18, 9.28908e-06, 1.005e-05
48, 30, 9.30854e-06, 9.93355e-06
48, 40, 9.19132e-06, 9.87986e-06
55, 0, 1.1104e-05, 9.94421e-06
55, 13, 1.02266e-05, 1.00838e-05
55, 18, 1.00159e-05, 9.62452e-06
55, 30, 1.09431e-05, 9.76056e-06
55, 40, 1.14512e-05, 9.51812e-06
55, 48, 1.00143e-05, 9.79641e-06
62, 0, 9.99399e-06, 1.01842e-05
62, 13, 1.00717e-05, 1.04877e-05
62, 18, 9.98725e-06, 1.00342e-05
62, 30, 1.05946e-05, 1.01406e-05
62, 40, 9.991e-06, 1.01621e-05
62, 48, 9.98254e-06, 9.39288e-06
62, 55, 1.02746e-05, 1.02393e-05
68, 0, 9.49247e-06, 9.51261e-06
68, 13, 1.01258e-05, 9.87857e-06
68, 18, 1.03946e-05, 9.79561e-06
68, 30, 9.47026e-06, 9.56239e-06
68, 40, 9.61439e-06, 9.31332e-06
68, 48, 1.00843e-05, 9.61426e-06
68, 55, 9.67787e-06, 1.02222e-05
68, 62, 9.8525e-06, 9.74655e-06
74, 0, 9.7735e-06, 9.80273e-06
74, 13, 1.02529e-05, 9.9278e-06
74, 18, 9.88752e-06, 9.6364e-06
74, 30, 9.68331e-06, 9.87048e-06
74, 40, 9.69494e-06, 9.81428e-06
74, 48, 1.09984e-05, 9.85507e-06
74, 55, 1.17565e-05, 1.00801e-05
74, 62, 1.08586e-05, 1.01769e-05
74, 68, 1.0068e-05, 9.90856e-06
75, 0, 9.12535e-06, 9.02018e-06
75, 13, 1.01306e-05, 9.07408e-06
75, 18, 9.73233e-06, 8.82764e-06
75, 30, 9.16468e-06, 9.04766e-06
75, 40, 9.12484e-06, 8.69043e-06
75, 48, 9.54835e-06, 8.73787e-06
75, 55, 9.31498e-06, 9.04058e-06
75, 62, 9.54503e-06, 9.14869e-06
75, 68, 9.20678e-06, 9.15736e-06
75, 74, 9.24632e-06, 8.68079e-06
81, 0, 9.94264e-06, 1.02389e-05
81, 13, 9.9259e-06, 1.043e-05
81, 18, 9.99645e-06, 1.02254e-05
81, 30, 1.01725e-05, 1.02127e-05
81, 40, 9.92021e-06, 1.01328e-05
81, 48, 9.93949e-06, 1.02556e-05
81, 55, 1.00444e-05, 1.0272e-05
81, 62, 9.93476e-06, 1.04035e-05
81, 68, 1.01794e-05, 1.04826e-05
81, 74, 1.00109e-05, 1.02196e-05
81, 75, 1.01529e-05, 1.02724e-05
84, 0, 9.95441e-06, 9.59091e-06
84, 13, 9.66347e-06, 9.93094e-06
84, 18, 9.60861e-06, 9.567e-06
84, 30, 9.77085e-06, 9.7889e-06
84, 40, 9.9044e-06, 9.62919e-06
84, 48, 9.58037e-06, 9.80471e-06
84, 55, 9.77195e-06, 9.90261e-06
84, 62, 9.6092e-06, 1.00515e-05
84, 68, 9.76985e-06, 9.57696e-06
84, 74, 9.76474e-06, 9.74805e-06
84, 75, 1.02597e-05, 9.87404e-06
84, 81, 9.64641e-06, 9.93879e-06
90, 0, 1.09453e-05, 9.73484e-06
90, 13, 1.01121e-05, 9.99231e-06
90, 18, 9.99744e-06, 9.75934e-06
90, 30, 9.99286e-06, 9.96592e-06
90, 40, 1.07005e-05, 9.70609e-06
90, 48, 1.07277e-05, 9.82575e-06
90, 55, 1.04403e-05, 9.85827e-06
90, 62, 1.01079e-05, 9.91697e-06
90, 68, 9.84057e-06, 9.84312e-06
90, 74, 1.07303e-05, 9.73574e-06
90, 75, 9.97764e-06, 9.76687e-06
90, 81, 9.99423e-06, 1.00901e-05
90, 84, 1.04226e-05, 9.85269e-06
95, 0, 9.65837e-06, 9.888e-06
95, 13, 1.04426e-05, 1.01131e-05
95, 18, 1.06e-05, 9.62716e-06
95, 30, 9.83494e-06, 9.94866e-06
95, 40, 9.70057e-06, 9.71498e-06
95, 48, 9.68459e-06, 9.6993e-06
95, 55, 9.90791e-06, 9.93282e-06
95, 62, 9.68143e-06, 9.96683e-06
95, 68, 9.77103e-06, 9.86544e-06
95, 74, 9.61204e-06, 9.67007e-06
95, 75, 9.68448e-06, 9.71484e-06
95, 81, 1.00272e-05, 1.03011e-05
95, 84, 1.00061e-05, 9.81037e-06
95, 90, 1.08271e-05, 1.00711e-05
100, 0, 9.32978e-06, 1.06095e-05
100, 13, 1.01539e-05, 1.06864e-05
100, 18, 9.99189e-06, 1.04987e-05
100, 30, 9.59628e-06, 1.06786e-05
100, 40, 9.53616e-06, 1.05237e-05
100, 48, 9.55538e-06, 1.03833e-05
100, 55, 9.81039e-06, 1.07144e-05
100, 62, 9.58034e-06, 1.07742e-05
100, 68, 9.68811e-06, 1.06271e-05
100, 74, 9.6452e-06, 1.03067e-05
100, 75, 9.59531e-06, 1.0452e-05
100, 81, 9.57944e-06, 1.08578e-05
100, 84, 9.85485e-06, 1.06831e-05
100, 90, 1.23368e-05, 1.0951e-05
100, 95, 1.00423e-05, 1.04319e-05
106, 0, 9.19608e-06, 9.85487e-06
106, 13, 9.35904e-06, 1.00983e-05
106, 18, 9.19684e-06, 9.75434e-06
106, 30, 9.46825e-06, 9.74111e-06
106, 40, 9.89067e-06, 9.67836e-06
106, 48, 9.92423e-06, 1.03473e-05
106, 55, 9.22546e-06, 9.77654e-06
106, 62, 9.86288e-06, 1.0628e-05
106, 68, 9.49632e-06, 1.066e-05
106, 74, 9.34867e-06, 9.77518e-06
106, 75, 1.08511e-05, 9.75931e-06
106, 81, 9.23176e-06, 1.00343e-05
106, 84, 9.42558e-06, 9.82605e-06
106, 90, 9.93006e-06, 9.87575e-06
106, 95, 1.0198e-05, 9.77211e-06
106, 100, 9.41028e-06, 1.0517e-05
114, 0, 1.06105e-05, 8.74548e-06
114, 13, 1.1736e-05, 9.83599e-06
114, 18, 1.04581e-05, 9.45527e-06
114, 30, 9.76099e-06, 9.38092e-06
114, 40, 9.75872e-06, 9.52186e-06
114, 48, 9.81196e-06, 9.20201e-06
114, 55, 9.68741e-06, 9.58591e-06
114, 62, 9.79668e-06, 9.57381e-06
114, 68, 1.10677e-05, 9.72627e-06
114, 74, 9.69696e-06, 9.21139e-06
114, 75, 9.66369e-06, 9.28996e-06
114, 81, 1.00919e-05, 9.60694e-06
114, 84, 9.98781e-06, 9.60906e-06
114, 90, 9.94172e-06, 9.49765e-06
114, 95, 9.75319e-06, 9.29705e-06
114, 100, 9.6675e-06, 9.6245e-06
114, 106, 1.08439e-05, 9.56126e-06
123, 0, 1.04336e-05, 1.02149e-05
123, 13, 1.14286e-05, 1.05008e-05
123, 18, 1.04011e-05, 1.00808e-05
123, 30, 1.05091e-05, 1.02331e-05
123, 40, 1.04536e-05, 1.01577e-05
123, 48, 1.05462e-05, 1.03831e-05
123, 55, 1.14567e-05, 1.03355e-05
123, 62, 1.0413e-05, 1.02962e-05
123, 68, 1.16416e-05, 1.02323e-05
123, 74, 1.04486e-05, 1.03735e-05
123, 75, 1.04133e-05, 1.03598e-05
123, 81, 1.04419e-05, 1.06973e-05
123, 84, 1.06976e-05, 1.01601e-05
123, 90, 1.05409e-05, 1.03891e-05
123, 95, 1.04181e-05, 1.04937e-05
123, 100, 1.04064e-05, 1.02388e-05
123, 106, 1.12391e-05, 1.07044e-05
123, 114, 1.05516e-05, 1.0585e-05
127, 0, 9.55484e-06, 9.69375e-06
127, 13, 9.54013e-06, 9.95689e-06
127, 18, 9.5794e-06, 9.60996e-06
127, 30, 9.71613e-06, 9.82464e-06
127, 40, 9.53552e-06, 9.62823e-06
127, 48, 9.55565e-06, 9.80717e-06
127, 55, 1.06642e-05, 1.01079e-05
127, 62, 9.5832e-06, 9.88741e-06
127, 68, 1.11802e-05, 9.78374e-06
127, 74, 1.01258e-05, 9.97302e-06
127, 75, 9.7625e-06, 9.92921e-06
127, 81, 9.60073e-06, 1.00556e-05
127, 84, 9.56631e-06, 9.63581e-06
127, 90, 1.0856e-05, 1.0111e-05
127, 95, 9.78273e-06, 9.76476e-06
127, 100, 9.57696e-06, 9.8411e-06
127, 106, 9.5838e-06, 1.00207e-05
127, 114, 9.80306e-06, 1.01403e-05
127, 123, 9.66877e-06, 9.78762e-06
134, 0, 9.73298e-06, 1.0126e-05
134, 13, 1.00755e-05, 1.03762e-05
134, 18, 9.71863e-06, 9.86907e-06
134, 30, 1.08821e-05, 9.98906e-06
134, 40, 9.69597e-06, 9.96893e-06
134, 48, 9.79751e-06, 9.83776e-06
134, 55, 9.72544e-06, 1.00783e-05
134, 62, 9.69886e-06, 1.02604e-05
134, 68, 9.70999e-06, 1.01334e-05
134, 74, 9.77125e-06, 9.86151e-06
134, 75, 9.74049e-06, 9.94039e-06
134, 81, 9.69684e-06, 1.03472e-05
134, 84, 9.84825e-06, 1.00847e-05
134, 90, 1.03524e-05, 1.03391e-05
134, 95, 9.69635e-06, 1.01085e-05
134, 100, 9.69434e-06, 1.01478e-05
134, 106, 9.71391e-06, 1.01329e-05
134, 114, 9.88931e-06, 1.0381e-05
134, 123, 9.68106e-06, 9.88446e-06
134, 127, 9.70773e-06, 1.00652e-05
139, 0, 9.70023e-06, 9.90962e-06
139, 13, 1.06999e-05, 1.013e-05
139, 18, 9.96683e-06, 9.74237e-06
139, 30, 9.65706e-06, 1.00335e-05
139, 40, 9.68063e-06, 9.84474e-06
139, 48, 9.83551e-06, 9.79491e-06
139, 55, 1.15839e-05, 9.92791e-06
139, 62, 1.08256e-05, 1.00431e-05
139, 68, 1.03925e-05, 1.00299e-05
139, 74, 9.71178e-06, 9.71466e-06
139, 75, 9.69306e-06, 9.75023e-06
139, 81, 1.03247e-05, 9.98614e-06
139, 84, 9.81292e-06, 9.76381e-06
139, 90, 1.1239e-05, 1.00237e-05
139, 95, 9.70382e-06, 9.88941e-06
139, 100, 9.69477e-06, 9.96385e-06
139, 106, 9.65689e-06, 9.94742e-06
139, 114, 9.81843e-06, 1.00429e-05
139, 123, 9.65991e-06, 9.66265e-06
139, 127, 9.74246e-06, 9.91943e-06
139, 134, 9.68413e-06, 9.64428e-06
145, 0, 9.42783e-06, 9.458e-06
145, 13, 1.0212e-05, 9.65703e-06
145, 18, 9.67444e-06, 9.29655e-06
145, 30, 9.44586e-06, 9.35715e-06
145, 40, 9.40221e-06, 9.24253e-06
145, 48, 9.439e-06, 9.47677e-06
145, 55, 1.09181e-05, 9.40206e-06
145, 62, 9.46201e-06, 9.51221e-06
145, 68, 9.43902e-06, 9.74489e-06
145, 74, 9.43264e-06, 9.45582e-06
145, 75, 9.41984e-06, 9.26429e-06
145, 81, 9.4703e-06, 9.70012e-06
145, 84, 1.03441e-05, 9.38324e-06
145, 90, 1.08825e-05, 9.5601e-06
145, 95, 9.41636e-06, 9.61086e-06
145, 100, 9.41844e-06, 9.5268e-06
145, 106, 9.42665e-06, 9.7293e-06
145, 114, 9.71756e-06, 9.85511e-06
145, 123, 9.42244e-06, 9.51006e-06
145, 127, 9.42048e-06, 9.28371e-06
145, 134, 9.41607e-06, 9.22405e-06
145, 139, 9.42346e-06, 9.6127e-06
150, 0, 1.00628e-05, 9.70294e-06
150, 13, 1.01398e-05, 9.35563e-06
150, 18, 1.01094e-05, 9.57396e-06
150, 30, 1.03879e-05, 9.7212e-06
150, 40, 1.01027e-05, 9.65803e-06
150, 48, 1.0064e-05, 9.14957e-06
150, 55, 1.00841e-05, 9.7472e-06
150, 62, 1.01586e-05, 9.90595e-06
150, 68, 1.02122e-05, 9.15512e-06
150, 74, 1.01055e-05, 9.12671e-06
150, 75, 1.01149e-05, 9.21844e-06
150, 81, 1.00964e-05, 9.93113e-06
150, 84, 1.042e-05, 9.78484e-06
150, 90, 1.17722e-05, 9.66372e-06
150, 95, 1.0103e-05, 9.12157e-06
150, 100, 1.01246e-05, 9.7895e-06
150, 106, 1.01576e-05, 9.48644e-06
150, 114, 1.04273e-05, 9.33803e-06
150, 123, 1.01213e-05, 9.38331e-06
150, 127, 1.01138e-05, 8.52821e-06
150, 134, 1.00656e-05, 9.63032e-06
150, 145, 1.01185e-05, 9.63223e-06
151, 0, 8.6211e-06, 1.00664e-05
151, 13, 9.55475e-06, 1.03052e-05
151, 18, 8.71138e-06, 9.93283e-06
151, 30, 8.63251e-06, 1.00292e-05
151, 40, 8.64346e-06, 9.84871e-06
151, 48, 8.61067e-06, 1.00423e-05
151, 55, 8.68049e-06, 1.00829e-05
151, 62, 8.6577e-06, 1.00301e-05
151, 68, 8.61921e-06, 1.06836e-05
151, 74, 8.72203e-06, 9.96121e-06
151, 75, 8.66652e-06, 1.00604e-05
151, 81, 8.62525e-06, 1.01888e-05
151, 84, 9.45247e-06, 1.00217e-05
151, 90, 9.93224e-06, 1.02179e-05
151, 95, 8.60206e-06, 1.02217e-05
151, 100, 8.61443e-06, 1.01406e-05
151, 106, 8.71077e-06, 1.03456e-05
151, 114, 8.94622e-06, 9.80338e-06
151, 123, 8.61979e-06, 1.00062e-05
151, 127, 8.68689e-06, 9.96657e-06
151, 134, 8.61937e-06, 9.87806e-06
151, 139, 8.62738e-06, 9.73111e-06
151, 145, 8.64005e-06, 9.91694e-06
151, 150, 8.65513e-06, 9.88276e-06
157, 0, 9.26142e-06, 9.01047e-06
157, 13, 9.57024e-06, 9.23576e-06
157, 18, 1.03173e-05, 9.31675e-06
157, 30, 9.3914e-06, 9.087e-06
157, 40, 9.28267e-06, 8.87177e-06
157, 48, 9.3544e-06, 9.42985e-06
157, 55, 9.32599e-06, 1.00206e-05
157, 62, 9.33135e-06, 9.78409e-06
157, 68, 9.98249e-06, 9.55991e-06
157, 74, 9.22364e-06, 9.42108e-06
157, 75, 9.30428e-06, 9.48391e-06
157, 81, 9.34645e-06, 9.58403e-06
157, 84, 9.67771e-06, 9.06041e-06
157, 90, 9.8125e-06, 9.6972e-06
157, 95, 9.24055e-06, 9.3774e-06
157, 100, 9.25663e-06, 9.6023e-06
157, 106, 9.25497e-06, 9.59281e-06
157, 114, 9.4735e-06, 9.41316e-06
157, 123, 9.26246e-06, 9.0105e-06
157, 127, 9.34199e-06, 9.54527e-06
157, 134, 9.29379e-06, 9.53502e-06
157, 139, 9.29354e-06, 9.41698e-06
157, 145, 9.29403e-06, 9.52209e-06
157, 150, 9.25288e-06, 9.45546e-06
157, 151, 9.26452e-06, 9.00635e-06
160, 0, 9.25825e-06, 9.62965e-06
160, 13, 9.31547e-06, 9.92111e-06
160, 18, 9.24989e-06, 8.85803e-06
160, 30, 9.23342e-06, 9.66742e-06
160, 40, 9.24137e-06, 9.51327e-06
160, 48, 9.23544e-06, 9.36548e-06
160, 55, 1.06163e-05, 9.63421e-06
160, 62, 9.24518e-06, 9.83552e-06
160, 68, 9.37476e-06, 9.73656e-06
160, 74, 9.30488e-06, 9.37022e-06
160, 75, 9.2198e-06, 9.31473e-06
160, 81, 9.23177e-06, 9.79889e-06
160, 84, 9.302e-06, 9.63773e-06
160, 90, 1.02624e-05, 1.03823e-05
160, 95, 9.24045e-06, 9.52745e-06
160, 100, 9.27745e-06, 9.72313e-06
160, 106, 9.24813e-06, 9.35007e-06
160, 114, 9.4591e-06, 1.00221e-05
160, 123, 9.23189e-06, 9.58943e-06
160, 127, 9.23987e-06, 9.64506e-06
160, 134, 9.22352e-06, 9.54309e-06
160, 139, 9.28285e-06, 9.02545e-06
160, 145, 9.24821e-06, 9.55533e-06
160, 150, 9.22655e-06, 9.48326e-06
160, 151, 9.24108e-06, 9.28361e-06
160, 157, 9.25011e-06, 9.26716e-06
161, 0, 9.43135e-06, 9.41558e-06
161, 13, 9.54015e-06, 9.70665e-06
161, 18, 9.61683e-06, 9.93405e-06
161, 30, 1.00847e-05, 8.83223e-06
161, 40, 9.46816e-06, 9.33462e-06
161, 48, 9.44916e-06, 9.96837e-06
161, 55, 9.63107e-06, 9.4474e-06
161, 62, 9.58202e-06, 9.54788e-06
161, 68, 9.8232e-06, 9.13714e-06
161, 74, 1.10502e-05, 9.90323e-06
161, 75, 9.43974e-06, 9.42748e-06
161, 81, 9.45576e-06, 9.77934e-06
161, 84, 9.44292e-06, 9.70527e-06
161, 90, 1.06779e-05, 9.62847e-06
161, 95, 9.45398e-06, 9.61113e-06
161, 100, 9.97184e-06, 8.83966e-06
161, 106, 9.51331e-06, 9.79224e-06
161, 114, 1.0265e-05, 1.01672e-05
161, 123, 9.42727e-06, 9.36003e-06
161, 127, 9.47166e-06, 8.80465e-06
161, 134, 9.44477e-06, 9.30602e-06
161, 139, 9.47818e-06, 1.00517e-05
161, 145, 9.475e-06, 8.63879e-06
161, 150, 9.96745e-06, 9.25603e-06
161, 151, 9.43039e-06, 9.28519e-06
161, 157, 9.46942e-06, 9.28105e-06
161, 160, 9.52889e-06, 9.4018e-06
162, 0, 9.62741e-06, 9.21927e-06
162, 13, 9.71518e-06, 9.49469e-06
162, 18, 9.68203e-06, 9.87437e-06
162, 30, 9.69844e-06, 9.21243e-06
162, 40, 9.61681e-06, 9.07882e-06
162, 48, 9.6404e-06, 9.27253e-06
162, 55, 9.65693e-06, 9.30124e-06
162, 62, 9.64407e-06, 9.37338e-06
162, 68, 1.04213e-05, 9.57315e-06
162, 74, 1.02799e-05, 9.12671e-06
162, 75, 1.03381e-05, 9.24559e-06
162, 81, 9.62292e-06, 9.50833e-06
162, 84, 9.6123e-06, 9.60455e-06
162, 90, 1.0385e-05, 9.45507e-06
162, 95, 9.67252e-06, 9.34161e-06
162, 100, 1.04641e-05, 9.29027e-06
162, 106, 9.59513e-06, 9.50362e-06
162, 123, 1.05151e-05, 9.09756e-06
162, 127, 9.62945e-06, 9.28672e-06
162, 134, 9.60939e-06, 9.12435e-06
162, 139, 1.04939e-05, 9.25334e-06
162, 145, 9.60974e-06, 9.15219e-06
162, 150, 9.6035e-06, 9.08231e-06
162, 151, 9.63928e-06, 9.2105e-06
162, 157, 9.6747e-06, 9.09017e-06
162, 160, 9.60053e-06, 9.17133e-06
162, 161, 9.64187e-06, 9.22413e-06
163, 0, 1.03049e-05, 9.71299e-06
163, 13, 1.04683e-05, 9.95264e-06
163, 18, 1.01769e-05, 9.98553e-06
163, 40, 1.06171e-05, 9.53479e-06
163, 48, 1.07157e-05, 9.63628e-06
163, 55, 1.04905e-05, 1.02004e-05
163, 62, 1.02895e-05, 9.90653e-06
163, 68, 1.09712e-05, 1.03099e-05
163, 74, 1.20912e-05, 1.01223e-05
163, 75, 1.05646e-05, 9.73072e-06
163, 81, 1.02559e-05, 1.00751e-05
163, 84, 1.09533e-05, 9.65411e-06
163, 90, 9.76751e-06, 1.02683e-05
163, 95, 1.0518e-05, 9.88764e-06
163, 100, 9.99884e-06, 9.47674e-06
163, 106, 1.06265e-05, 1.00232e-05
163, 123, 1.09317e-05, 9.72234e-06
163, 127, 1.02165e-05, 9.68083e-06
163, 134, 1.01725e-05, 9.60257e-06
163, 139, 9.9497e-06, 1.01804e-05
163, 145, 1.02875e-05, 9.54863e-06
163, 150, 1.03308e-05, 9.50282e-06
163, 151, 1.06449e-05, 9.59332e-06
163, 157, 9.88939e-06, 9.67588e-06
163, 160, 1.04687e-05, 9.59168e-06
163, 161, 1.05565e-05, 9.59101e-06
163, 162, 1.07809e-05, 9.5691e-06
164, 0, 1.03393e-05, 9.81147e-06
164, 13, 1.04734e-05, 9.91848e-06
164, 18, 1.02051e-05, 9.10024e-06
164, 40, 1.05445e-05, 1.03991e-05
164, 48, 1.03666e-05, 9.92202e-06
164, 55, 1.07059e-05, 1.03871e-05
164, 62, 1.02764e-05, 9.97925e-06
164, 68, 1.05093e-05, 9.26888e-06
164, 74, 1.17059e-05, 1.03854e-05
164, 75, 1.04487e-05, 1.03617e-05
164, 81, 1.02282e-05, 1.05648e-05
164, 84, 1.07067e-05, 9.22362e-06
164, 90, 9.97983e-06, 1.04848e-05
164, 95, 1.22147e-05, 1.03897e-05
164, 100, 1.05801e-05, 9.77992e-06
164, 106, 1.04501e-05, 1.05853e-05
164, 123, 1.18136e-05, 1.03546e-05
164, 127, 1.03636e-05, 9.88874e-06
164, 134, 1.04272e-05, 1.02265e-05
164, 139, 1.00656e-05, 1.04381e-05
164, 145, 1.03116e-05, 9.11862e-06
164, 150, 1.09454e-05, 9.19364e-06
164, 151, 1.17217e-05, 9.76265e-06
164, 157, 1.05054e-05, 1.02381e-05
164, 160, 1.06609e-05, 1.03439e-05
164, 161, 1.05516e-05, 1.03791e-05
164, 162, 1.0468e-05, 1.0273e-05
164, 163, 1.02751e-05, 9.36407e-06
166, 0, 1.279e-05, 9.65291e-06
166, 13, 1.06627e-05, 9.8551e-06
166, 18, 1.05812e-05, 9.42408e-06
166, 40, 1.04227e-05, 9.58669e-06
166, 48, 1.02633e-05, 9.35301e-06
166, 55, 1.03868e-05, 9.66509e-06
166, 62, 1.24135e-05, 9.76739e-06
166, 68, 1.28608e-05, 9.68732e-06
166, 74, 1.06227e-05, 9.58827e-06
166, 75, 1.28846e-05, 9.40345e-06
166, 81, 1.21654e-05, 9.96462e-06
166, 84, 9.98041e-06, 9.64841e-06
166, 90, 1.27143e-05, 9.81743e-06
166, 95, 1.01568e-05, 9.7419e-06
166, 100, 1.0422e-05, 9.59659e-06
166, 106, 1.05548e-05, 9.59463e-06
166, 123, 1.22954e-05, 9.69904e-06
166, 127, 1.06945e-05, 9.63845e-06
166, 134, 1.07611e-05, 9.47503e-06
166, 139, 1.05341e-05, 9.30764e-06
166, 145, 1.00357e-05, 9.51998e-06
166, 150, 1.07023e-05, 9.53399e-06
166, 151, 1.07346e-05, 9.57622e-06
166, 157, 1.22457e-05, 9.55235e-06
166, 160, 1.11879e-05, 9.56859e-06
166, 161, 1.10641e-05, 9.60913e-06
166, 162, 1.02786e-05, 9.48816e-06
166, 163, 1.06547e-05, 9.76789e-06
166, 164, 1.04476e-05, 9.51887e-06
168, 0, 1.37156e-05, 1.00326e-05
168, 13, 1.10677e-05, 1.04183e-05
168, 18, 1.10962e-05, 9.66001e-06
168, 40, 1.17964e-05, 9.97542e-06
168, 48, 1.07402e-05, 1.01273e-05
168, 55, 1.05881e-05, 1.00486e-05
168, 62, 1.17483e-05, 1.03322e-05
168, 75, 1.28414e-05, 9.98011e-06
168, 81, 1.15559e-05, 1.04448e-05
168, 84, 1.06348e-05, 9.63758e-06
168, 90, 1.27353e-05, 1.01503e-05
168, 95, 1.25092e-05, 1.03033e-05
168, 100, 9.93889e-06, 1.00283e-05
168, 106, 1.06894e-05, 1.03463e-05
168, 123, 9.9134e-06, 1.00541e-05
168, 127, 1.176e-05, 1.01503e-05
168, 134, 1.10249e-05, 9.30488e-06
168, 139, 1.07063e-05, 1.01768e-05
168, 145, 1.11131e-05, 1.00097e-05
168, 150, 1.17652e-05, 9.30647e-06
168, 160, 1.0775e-05, 1.00025e-05
168, 161, 1.11275e-05, 9.98672e-06
168, 162, 1.05653e-05, 9.90028e-06
168, 163, 1.11587e-05, 9.81174e-06
168, 164, 1.0826e-05, 9.3097e-06
168, 166, 1.12071e-05, 1.04669e-05
170, 13, 1.14343e-05, 9.26205e-06
170, 18, 1.34915e-05, 9.1464e-06
170, 55, 1.10814e-05, 9.74884e-06
170, 62, 1.34601e-05, 9.1958e-06
170, 81, 1.25734e-05, 9.41353e-06
170, 90, 1.36205e-05, 9.93378e-06
170, 106, 1.21465e-05, 9.39652e-06
170, 134, 1.41772e-05, 9.0362e-06
170, 161, 1.27109e-05, 9.06255e-06
170, 162, 1.28606e-05, 8.95091e-06
170, 163, 1.09517e-05, 9.25479e-06
170, 164, 1.00548e-05, 8.96287e-06
170, 166, 1.22944e-05, 9.44434e-06
170, 168, 1.02279e-05, 9.43044e-06
171, 13, 1.19169e-05, 1.00923e-05
171, 55, 9.96798e-06, 9.76329e-06
171, 90, 1.09883e-05, 9.95982e-06
171, 106, 9.53119e-06, 9.93078e-06
171, 163, 9.81364e-06, 9.97045e-06
171, 164, 1.11307e-05, 9.66979e-06
171, 166, 9.86502e-06, 9.8153e-06
171, 168, 1.03292e-05, 1.01792e-05
171, 170, 1.04052e-05, 1.01732e-05
172, 55, 1.12058e-05, 1.01672e-05
172, 90, 1.10795e-05, 1.03512e-05
172, 164, 1.47118e-05, 1.00878e-05
172, 166, 1.04971e-05, 1.05278e-05
172, 168, 1.13275e-05, 1.04065e-05
172, 170, 1.22567e-05, 1.06362e-05
172, 171, 1.0628e-05, 1.03174e-05
173, 55, 1.19728e-05, 1.0126e-05
173, 166, 1.10569e-05, 1.02964e-05
173, 168, 1.2274e-05, 1.0443e-05
173, 170, 1.12284e-05, 1.01752e-05
173, 171, 1.01938e-05, 1.01278e-05
173, 172, 1.31402e-05, 9.78662e-06
174, 168, 1.10271e-05, 1.01378e-05
174, 170, 1.23526e-05, 1.01015e-05
174, 171, 1.06533e-05, 9.75313e-06
174, 172, 1.10754e-05, 9.73953e-06
174, 173, 1.14321e-05, 9.67011e-06
175, 168, 1.07745e-05, 1.0013e-05
175, 170, 1.32092e-05, 1.00329e-05
175, 171, 1.17037e-05, 9.77308e-06
175, 172, 1.02661e-05, 9.72953e-06
175, 173, 1.25888e-05, 9.70947e-06
175, 174, 1.02177e-05, 9.96794e-06
176, 168, 1.17481e-05, 1.01663e-05
176, 170, 1.0857e-05, 1.00662e-05
176, 171, 9.72137e-06, 9.9675e-06
176, 172, 1.09207e-05, 9.62313e-06
176, 173, 1.04541e-05, 9.5745e-06
176, 174, 9.81459e-06, 1.01879e-05
176, 175, 1.15483e-05, 1.13976e-05
177, 168, 1.3599e-05, 1.00193e-05
177, 170, 1.31258e-05, 9.68518e-06
177, 171, 1.06665e-05, 9.50721e-06
177, 172, 1.31031e-05, 9.23471e-06
177, 173, 1.21132e-05, 9.19475e-06
177, 174, 1.1047e-05, 9.70982e-06
177, 175, 1.0616e-05, 1.13803e-05
177, 176, 1.00273e-05, 1.00953e-05
178, 171, 9.24811e-06, 9.58958e-06
178, 172, 1.14965e-05, 9.68845e-06
178, 173, 9.87232e-06, 9.69653e-06
178, 174, 1.04531e-05, 9.73832e-06
178, 175, 1.2562e-05, 1.1435e-05
178, 176, 1.02193e-05, 1.04251e-05
178, 177, 1.13715e-05, 1.08907e-05
179, 171, 1.03764e-05, 9.27267e-06
179, 172, 1.02963e-05, 9.21676e-06
179, 173, 1.10748e-05, 9.3485e-06
179, 174, 9.84778e-06, 1.06986e-05
179, 175, 1.11987e-05, 1.10684e-05
179, 176, 9.73558e-06, 1.04345e-05
179, 177, 1.00165e-05, 1.0671e-05
179, 178, 9.66521e-06, 1.10615e-05
180, 171, 1.17015e-05, 9.68112e-06
180, 172, 1.37179e-05, 9.29616e-06
180, 173, 1.35734e-05, 9.13361e-06
180, 174, 1.18844e-05, 9.35322e-06
180, 175, 9.71464e-06, 1.1253e-05
180, 176, 1.06193e-05, 9.9292e-06
180, 177, 1.3494e-05, 1.1006e-05
180, 178, 1.08419e-05, 1.06762e-05
180, 179, 1.203e-05, 1.06751e-05
181, 174, 9.64167e-06, 1.03787e-05
181, 175, 1.08121e-05, 1.15638e-05
181, 176, 9.39215e-06, 1.02977e-05
181, 177, 1.08461e-05, 1.05493e-05
181, 178, 9.41198e-06, 1.10654e-05
181, 179, 9.81825e-06, 1.14569e-05
181, 180, 9.79206e-06, 1.04306e-05
182, 177, 1.32683e-05, 1.07677e-05
182, 178, 1.13175e-05, 1.03041e-05
182, 179, 1.17241e-05, 1.07528e-05
182, 180, 1.07518e-05, 9.40821e-06
182, 181, 1.204e-05, 9.73562e-06
183, 178, 1.18732e-05, 1.11946e-05
183, 179, 1.35375e-05, 1.08436e-05
183, 180, 1.15174e-05, 1.04138e-05
183, 181, 1.15777e-05, 1.03416e-05
183, 182, 9.40826e-06, 1.0408e-05
184, 178, 1.32925e-05, 1.13306e-05
184, 179, 1.44648e-05, 1.06738e-05
184, 180, 1.235e-05, 1.0064e-05
184, 181, 1.17989e-05, 1.04457e-05
184, 182, 9.96046e-06, 1.00222e-05
184, 183, 1.10746e-05, 1.13727e-05
185, 179, 1.41188e-05, 1.07665e-05
185, 180, 1.20375e-05, 1.01543e-05
185, 181, 1.447e-05, 1.04358e-05
185, 182, 1.0001e-05, 1.01868e-05
185, 183, 1.12477e-05, 1.14485e-05
185, 184, 1.01381e-05, 1.00084e-05
186, 179, 1.27145e-05, 1.13415e-05
186, 180, 1.19896e-05, 1.09184e-05
186, 181, 1.28726e-05, 1.08544e-05
186, 182, 9.72081e-06, 1.03387e-05
186, 183, 1.02486e-05, 1.15864e-05
186, 184, 9.3013e-06, 1.06485e-05
186, 185, 9.3815e-06, 1.07963e-05
188, 179, 1.1808e-05, 1.08967e-05
188, 180, 1.20869e-05, 1.00066e-05
188, 181, 1.09981e-05, 1.12519e-05
188, 182, 1.06507e-05, 1.02413e-05
188, 183, 1.10223e-05, 1.17055e-05
188, 184, 1.03576e-05, 1.07885e-05
188, 185, 1.0734e-05, 1.08963e-05
188, 186, 1.06498e-05, 1.07968e-05
189, 179, 1.27838e-05, 1.10966e-05
189, 180, 1.17167e-05, 1.01466e-05
189, 181, 1.09761e-05, 1.11633e-05
189, 182, 1.0014e-05, 1.01133e-05
189, 183, 1.03698e-05, 1.17898e-05
189, 184, 9.76379e-06, 1.00223e-05
189, 185, 1.03991e-05, 1.02284e-05
189, 186, 1.06481e-05, 1.07426e-05
189, 188, 1.00556e-05, 1.06151e-05
190, 179, 1.20565e-05, 1.08781e-05
190, 180, 1.26028e-05, 1.01801e-05
190, 181, 1.26356e-05, 9.72014e-06
190, 182, 1.00574e-05, 9.42895e-06
190, 183, 1.17306e-05, 1.12184e-05
190, 184, 1.086e-05, 9.23484e-06
190, 185, 1.00822e-05, 9.62244e-06
190, 186, 1.02439e-05, 9.39484e-06
190, 188, 1.10344e-05, 9.17322e-06
190, 189, 1.27247e-05, 9.9012e-06
191, 179, 1.34387e-05, 1.08122e-05
191, 180, 1.17235e-05, 1.01281e-05
191, 181, 1.43116e-05, 1.05854e-05
191, 182, 1.1045e-05, 1.03061e-05
191, 183, 1.07586e-05, 1.1808e-05
191, 184, 1.15211e-05, 9.83015e-06
191, 185, 1.12133e-05, 1.00961e-05
191, 186, 1.1054e-05, 1.0164e-05
191, 188, 1.05871e-05, 9.77177e-06
191, 189, 1.16436e-05, 1.0686e-05
191, 190, 1.04756e-05, 1.20904e-05
192, 180, 1.24982e-05, 1.03398e-05
192, 181, 1.22523e-05, 9.49034e-06
192, 182, 9.56547e-06, 9.27935e-06
192, 183, 1.31346e-05, 1.15521e-05
192, 184, 1.07161e-05, 9.95455e-06
192, 185, 1.10238e-05, 9.52982e-06
192, 186, 9.72806e-06, 1.00816e-05
192, 188, 1.06208e-05, 9.11719e-06
192, 189, 1.25501e-05, 1.00356e-05
192, 190, 1.0638e-05, 1.15489e-05
192, 191, 1.17206e-05, 1.03664e-05
195, 184, 1.18296e-05, 9.84668e-06
195, 185, 1.20489e-05, 9.70258e-06
195, 186, 1.18018e-05, 1.09754e-05
195, 188, 1.23082e-05, 9.98839e-06
195, 189, 1.49309e-05, 1.01446e-05
195, 190, 1.14734e-05, 1.15768e-05
195, 191, 1.27571e-05, 1.037e-05
195, 192, 1.2581e-05, 1.02008e-05
196, 184, 1.13887e-05, 9.99128e-06
196, 185, 1.25378e-05, 1.0135e-05
196, 186, 1.25802e-05, 1.01655e-05
196, 188, 1.101e-05, 9.6828e-06
196, 189, 1.20945e-05, 1.03768e-05
196, 190, 1.07492e-05, 1.20846e-05
196, 191, 1.11127e-05, 1.09325e-05
196, 192, 1.0532e-05, 1.07544e-05
196, 195, 1.10938e-05, 1.16598e-05
198, 184, 1.15729e-05, 1.00334e-05
198, 185, 1.05192e-05, 1.02416e-05
198, 186, 1.05277e-05, 1.01141e-05
198, 188, 1.16343e-05, 9.62094e-06
198, 189, 1.42435e-05, 1.04552e-05
198, 190, 1.20164e-05, 1.1973e-05
198, 191, 1.29057e-05, 1.0987e-05
198, 192, 1.27103e-05, 1.07531e-05
198, 195, 1.32214e-05, 1.14298e-05
198, 196, 1.02928e-05, 1.13455e-05
199, 184, 1.19252e-05, 9.99477e-06
199, 185, 1.00088e-05, 1.02083e-05
199, 186, 1.06159e-05, 1.06281e-05
199, 188, 1.26138e-05, 9.62506e-06
199, 189, 1.50296e-05, 1.05969e-05
199, 190, 1.17547e-05, 1.14027e-05
199, 191, 1.48062e-05, 1.0219e-05
199, 192, 1.35049e-05, 1.0109e-05
199, 195, 1.19378e-05, 1.11777e-05
199, 196, 1.13012e-05, 1.06762e-05
199, 198, 1.01967e-05, 1.28688e-05
201, 185, 1.17687e-05, 1.00092e-05
201, 188, 9.70562e-06, 9.93963e-06
201, 189, 1.19019e-05, 1.03803e-05
201, 190, 1.04086e-05, 1.14479e-05
201, 191, 1.07097e-05, 1.10097e-05
201, 192, 1.01719e-05, 1.0641e-05
201, 195, 1.08372e-05, 1.16305e-05
201, 196, 9.56756e-06, 1.13396e-05
201, 198, 1.24615e-05, 1.31795e-05
201, 199, 1.01606e-05, 1.05004e-05
203, 188, 1.08456e-05, 1.01419e-05
203, 189, 1.14729e-05, 1.06008e-05
203, 190, 1.22997e-05, 1.17032e-05
203, 191, 1.44569e-05, 1.09484e-05
203, 192, 1.48285e-05, 1.04137e-05
203, 195, 1.02635e-05, 1.1696e-05
203, 196, 1.36653e-05, 1.11109e-05
203, 198, 1.06454e-05, 1.35933e-05
203, 199, 1.38078e-05, 1.1117e-05
203, 201, 1.51951e-05, 1.2336e-05
204, 188, 1.05192e-05, 9.79908e-06
204, 189, 1.09553e-05, 1.02388e-05
204, 190, 9.73401e-06, 1.16971e-05
204, 191, 1.25031e-05, 1.10266e-05
204, 192, 1.02269e-05, 1.05194e-05
204, 195, 1.04024e-05, 1.15133e-05
204, 196, 1.05412e-05, 1.11042e-05
204, 198, 1.29309e-05, 1.36756e-05
204, 199, 1.0743e-05, 1.10352e-05
204, 201, 1.19875e-05, 1.24841e-05
204, 203, 1.04366e-05, 1.27128e-05
205, 189, 1.35882e-05, 1.02435e-05
205, 190, 1.22386e-05, 1.17257e-05
205, 191, 1.13205e-05, 1.06441e-05
205, 192, 1.19206e-05, 1.07e-05
205, 195, 1.03494e-05, 1.16162e-05
205, 196, 1.40204e-05, 1.0676e-05
205, 198, 9.45495e-06, 1.34011e-05
205, 199, 1.21795e-05, 1.09203e-05
205, 201, 1.28428e-05, 1.24955e-05
205, 203, 1.0881e-05, 1.26777e-05
205, 204, 1.2637e-05, 1.01029e-05
206, 190, 1.13954e-05, 1.15617e-05
206, 191, 1.21755e-05, 1.11665e-05
206, 192, 1.22139e-05, 1.0165e-05
206, 195, 1.20334e-05, 1.15893e-05
206, 196, 9.86898e-06, 1.11892e-05
206, 198, 1.24178e-05, 1.31962e-05
206, 199, 9.33662e-06, 1.11174e-05
206, 201, 9.53047e-06, 1.26437e-05
206, 203, 9.93565e-06, 1.31445e-05
206, 204, 9.35187e-06, 1.02987e-05
206, 205, 1.03727e-05, 9.94223e-06
207, 190, 1.21555e-05, 1.17071e-05
207, 191, 1.0658e-05, 1.0953e-05
207, 192, 1.2331e-05, 1.0354e-05
207, 195, 9.90896e-06, 1.15126e-05
207, 196, 1.0326e-05, 1.12518e-05
207, 198, 9.47355e-06, 1.38023e-05
207, 199, 9.89835e-06, 1.12142e-05
207, 201, 1.25723e-05, 1.22901e-05
207, 203, 1.02728e-05, 1.27656e-05
207, 204, 1.21233e-05, 1.03617e-05
207, 205, 1.29698e-05, 1.01089e-05
207, 206, 1.05526e-05, 1.13664e-05
209, 192, 1.09326e-05, 1.06332e-05
209, 195, 1.03758e-05, 1.15147e-05
209, 196, 1.18422e-05, 1.10405e-05
209, 198, 1.1772e-05, 1.35288e-05
209, 199, 9.78021e-06, 1.10619e-05
209, 201, 1.04352e-05, 1.25209e-05
209, 203, 9.68981e-06, 1.24644e-05
209, 204, 1.03537e-05, 1.04707e-05
209, 205, 1.06794e-05, 9.90688e-06
209, 206, 1.09886e-05, 1.1171e-05
209, 207, 1.03458e-05, 9.8e-06
210, 195, 1.28479e-05, 1.16122e-05
210, 198, 1.19546e-05, 1.37874e-05
210, 199, 1.15473e-05, 1.11693e-05
210, 201, 1.0704e-05, 1.25153e-05
210, 203, 1.09685e-05, 1.24481e-05
210, 204, 1.03239e-05, 1.05048e-05
210, 205, 1.10013e-05, 1.02224e-05
210, 206, 1.31541e-05, 1.11637e-05
210, 207, 1.17571e-05, 1.0033e-05
210, 209, 1.25838e-05, 1.39053e-05
211, 195, 1.21848e-05, 1.16428e-05
211, 198, 1.03827e-05, 1.34604e-05
211, 199, 1.2044e-05, 1.10083e-05
211, 201, 1.02161e-05, 1.25356e-05
211, 203, 1.1477e-05, 1.29493e-05
211, 204, 1.25548e-05, 1.03808e-05
211, 205, 1.02635e-05, 9.9972e-06
211, 206, 9.48495e-06, 1.1098e-05
211, 207, 1.13131e-05, 1.02609e-05
211, 209, 9.65991e-06, 1.40751e-05
211, 210, 1.00281e-05, 1.08449e-05
212, 198, 9.78648e-06, 1.33891e-05
212, 199, 1.47597e-05, 1.09617e-05
212, 201, 1.468e-05, 1.21389e-05
212, 203, 1.2062e-05, 1.28747e-05
212, 204, 1.48779e-05, 1.05765e-05
212, 205, 1.20177e-05, 1.00485e-05
212, 206, 1.03032e-05, 1.11269e-05
212, 207, 1.26836e-05, 1.0107e-05
212, 209, 1.01079e-05, 1.41055e-05
212, 210, 1.12308e-05, 1.06487e-05
212, 211, 1.23693e-05, 9.38387e-06
213, 199, 1.05588e-05, 1.09597e-05
213, 201, 1.06932e-05, 1.24462e-05
213, 203, 1.1881e-05, 1.30661e-05
213, 204, 1.12166e-05, 1.03187e-05
213, 205, 1.16728e-05, 1.00961e-05
213, 206, 1.3477e-05, 1.09021e-05
213, 207, 1.08618e-05, 1.02194e-05
213, 209, 1.06987e-05, 1.48861e-05
213, 210, 1.04733e-05, 1.06021e-05
213, 211, 1.01442e-05, 9.52313e-06
213, 212, 1.00511e-05, 1.19778e-05
214, 203, 1.3087e-05, 1.28468e-05
214, 204, 1.2075e-05, 1.0552e-05
214, 205, 1.3874e-05, 9.81346e-06
214, 206, 1.51612e-05, 1.09927e-05
214, 207, 1.39093e-05, 1.00852e-05
214, 209, 1.50184e-05, 1.47351e-05
214, 210, 1.09608e-05, 1.08568e-05
214, 211, 1.20196e-05, 9.11866e-06
214, 212, 1.07363e-05, 1.17134e-05
214, 213, 1.16413e-05, 1.07356e-05
215, 205, 9.93475e-06, 1.0002e-05
215, 206, 1.12939e-05, 1.08718e-05
215, 207, 1.04052e-05, 9.80244e-06
215, 209, 1.05704e-05, 1.47187e-05
215, 210, 1.14115e-05, 1.09663e-05
215, 211, 1.0121e-05, 9.36521e-06
215, 212, 1.06348e-05, 1.23408e-05
215, 213, 1.02493e-05, 1.06216e-05
215, 214, 1.22735e-05, 9.64014e-06
216, 207, 1.60622e-05, 9.82828e-06
216, 209, 1.58833e-05, 1.4698e-05
216, 210, 1.15419e-05, 1.07909e-05
216, 211, 1.39274e-05, 9.16336e-06
216, 212, 1.2983e-05, 1.16841e-05
216, 213, 1.35464e-05, 1.08773e-05
216, 214, 1.15321e-05, 9.93851e-06
216, 215, 1.13023e-05, 1.09792e-05
217, 209, 1.35507e-05, 1.44905e-05
217, 210, 1.12277e-05, 1.08057e-05
217, 211, 1.05981e-05, 9.33854e-06
217, 212, 1.00101e-05, 1.25051e-05
217, 213, 1.03395e-05, 1.07685e-05
217, 214, 1.45746e-05, 9.89842e-06
217, 215, 1.07196e-05, 1.12882e-05
217, 216, 1.05633e-05, 1.0388e-05
219, 210, 9.76432e-06, 1.01441e-05
219, 211, 9.8463e-06, 9.29439e-06
219, 212, 9.67214e-06, 1.1774e-05
219, 213, 9.50739e-06, 9.53509e-06
219, 214, 1.15695e-05, 8.69013e-06
219, 215, 1.005e-05, 1.10758e-05
219, 216, 9.53349e-06, 1.01038e-05
219, 217, 1.17972e-05, 1.45981e-05
220, 210, 1.04018e-05, 1.11141e-05
220, 211, 1.24515e-05, 9.73775e-06
220, 212, 1.12679e-05, 1.20875e-05
220, 213, 1.11206e-05, 1.10937e-05
220, 214, 1.06164e-05, 1.05385e-05
220, 215, 1.05174e-05, 1.18248e-05
220, 216, 1.07514e-05, 1.06198e-05
220, 217, 1.16077e-05, 1.47366e-05
220, 219, 1.0414e-05, 1.64343e-05
221, 210, 1.30482e-05, 1.07805e-05
221, 211, 1.13238e-05, 9.10511e-06
221, 212, 9.97167e-06, 1.16759e-05
221, 213, 1.27269e-05, 1.05555e-05
221, 214, 1.75706e-05, 9.7378e-06
221, 215, 1.15585e-05, 1.08403e-05
221, 216, 1.09991e-05, 1.02525e-05
221, 217, 1.06987e-05, 1.43544e-05
221, 219, 1.05691e-05, 1.61662e-05
221, 220, 1.24541e-05, 1.64017e-05
222, 212, 1.06271e-05, 1.1951e-05
222, 213, 1.22371e-05, 1.05149e-05
222, 214, 1.61283e-05, 1.00192e-05
222, 215, 9.74197e-06, 1.08694e-05
222, 216, 1.1797e-05, 1.02612e-05
222, 217, 1.17677e-05, 1.4452e-05
222, 219, 1.03528e-05, 1.63906e-05
222, 220, 1.09882e-05, 1.64778e-05
222, 221, 1.02651e-05, 1.79151e-05
223, 213, 9.72588e-06, 1.02414e-05
223, 214, 1.02237e-05, 1.0036e-05
223, 215, 1.25858e-05, 1.11447e-05
223, 216, 9.48505e-06, 1.03137e-05
223, 217, 1.06003e-05, 1.44786e-05
223, 219, 9.70566e-06, 1.61757e-05
223, 220, 1.15845e-05, 1.65385e-05
223, 221, 1.03025e-05, 1.78499e-05
223, 222, 1.06617e-05, 1.00355e-05
224, 213, 1.04586e-05, 1.05815e-05
224, 214, 1.19436e-05, 9.42811e-06
224, 215, 1.13868e-05, 1.1121e-05
224, 216, 1.02221e-05, 1.03432e-05
224, 217, 1.04555e-05, 1.47164e-05
224, 219, 1.03765e-05, 1.5874e-05
224, 220, 1.23559e-05, 1.60593e-05
224, 221, 1.11336e-05, 1.82014e-05
224, 222, 1.04719e-05, 9.75646e-06
224, 223, 1.05648e-05, 1.08204e-05
225, 215, 1.22756e-05, 1.12987e-05
225, 216, 1.02238e-05, 1.03402e-05
225, 217, 1.66161e-05, 1.48202e-05
225, 219, 1.06586e-05, 1.63022e-05
225, 220, 9.80382e-06, 1.64575e-05
225, 221, 9.82972e-06, 1.81969e-05
225, 222, 1.25518e-05, 9.77584e-06
225, 223, 1.17801e-05, 1.10814e-05
225, 224, 1.19271e-05, 1.42962e-05
226, 216, 1.20692e-05, 1.0532e-05
226, 217, 1.24616e-05, 1.45986e-05
226, 219, 1.09075e-05, 1.57799e-05
226, 220, 1.03773e-05, 1.62635e-05
226, 221, 1.02589e-05, 1.77634e-05
226, 222, 1.14218e-05, 9.81547e-06
226, 223, 9.84984e-06, 1.11618e-05
226, 224, 1.05924e-05, 1.42147e-05
226, 225, 1.01201e-05, 1.32727e-05
227, 216, 1.22684e-05, 1.05143e-05
227, 217, 1.38925e-05, 1.42152e-05
227, 219, 1.24765e-05, 1.58563e-05
227, 220, 9.76171e-06, 1.64114e-05
227, 221, 1.06471e-05, 1.78782e-05
227, 222, 1.31689e-05, 9.89003e-06
227, 223, 1.05629e-05, 1.1056e-05
227, 224, 9.52451e-06, 1.41989e-05
227, 225, 8.93793e-06, 1.34723e-05
227, 226, 1.23802e-05, 1.18759e-05
228, 217, 1.66979e-05, 1.44865e-05
228, 219, 1.14327e-05, 1.65062e-05
228, 220, 1.02592e-05, 1.61893e-05
228, 221, 1.12971e-05, 1.75713e-05
228, 222, 1.38522e-05, 9.36532e-06
228, 223, 1.29817e-05, 1.09204e-05
228, 224, 1.25514e-05, 1.42872e-05
228, 225, 1.39259e-05, 1.36598e-05
228, 226, 1.047e-05, 1.26402e-05
228, 227, 1.32661e-05, 1.5596e-05
229, 219, 1.31095e-05, 1.65047e-05
229, 220, 1.41676e-05, 1.57339e-05
229, 221, 1.16807e-05, 1.82395e-05
229, 222, 1.31588e-05, 9.82483e-06
229, 223, 1.10479e-05, 1.08309e-05
229, 224, 1.26188e-05, 1.4484e-05
229, 225, 1.06013e-05, 1.37372e-05
229, 226, 1.37396e-05, 1.22639e-05
229, 227, 1.22929e-05, 1.47069e-05
229, 228, 1.13504e-05, 1.89139e-05
230, 219, 9.99566e-06, 1.61407e-05
230, 220, 9.47789e-06, 1.61055e-05
230, 221, 1.07538e-05, 1.78948e-05
230, 222, 1.06114e-05, 9.67673e-06
230, 223, 1.17343e-05, 1.12894e-05
230, 224, 1.09455e-05, 1.46762e-05
230, 225, 1.06909e-05, 1.33471e-05
230, 226, 1.01148e-05, 1.21285e-05
230, 227, 1.03286e-05, 1.52433e-05
230, 228, 9.66063e-06, 1.88514e-05
230, 229, 9.88426e-06, 1.55964e-05
231, 219, 1.26754e-05, 1.60978e-05
231, 220, 1.03324e-05, 1.62901e-05
231, 221, 1.3253e-05, 1.79974e-05
231, 222, 1.31829e-05, 9.66771e-06
231, 223, 1.13779e-05, 1.09771e-05
231, 224, 1.03647e-05, 1.47294e-05
231, 225, 1.03359e-05, 1.36174e-05
231, 226, 1.28878e-05, 1.1993e-05
231, 227, 1.32223e-05, 1.52361e-05
231, 228, 1.19616e-05, 1.85429e-05
231, 229, 1.08152e-05, 1.57157e-05
231, 230, 1.02297e-05, 1.90888e-05
232, 220, 1.24565e-05, 1.60024e-05
232, 221, 1.43568e-05, 1.78417e-05
232, 222, 1.39267e-05, 9.83614e-06
232, 223, 1.20891e-05, 1.11424e-05
232, 224, 1.34964e-05, 1.40779e-05
232, 225, 1.15708e-05, 1.35191e-05
232, 226, 1.36258e-05, 1.21874e-05
232, 227, 1.30722e-05, 1.50346e-05
232, 228, 1.22308e-05, 1.92184e-05
232, 229, 1.24931e-05, 1.61753e-05
232, 230, 1.14018e-05, 1.88589e-05
232, 231, 1.27226e-05, 1.0895e-05
233, 221, 1.15831e-05, 1.83135e-05
233, 222, 1.43009e-05, 9.82266e-06
233, 223, 1.5315e-05, 1.10691e-05
233, 224, 1.0875e-05, 1.41576e-05
233, 225, 1.06129e-05, 1.3577e-05
233, 226, 1.35281e-05, 1.24784e-05
233, 227, 1.31071e-05, 1.49843e-05
233, 228, 1.29805e-05, 1.91946e-05
233, 229, 1.14725e-05, 1.46677e-05
233, 230, 1.12353e-05, 1.96868e-05
233, 231, 1.21916e-05, 1.14774e-05
233, 232, 1.13131e-05, 1.51638e-05
235, 224, 1.26875e-05, 1.42252e-05
235, 225, 9.95941e-06, 1.35711e-05
235, 226, 1.03167e-05, 1.22259e-05
235, 227, 1.01084e-05, 1.5215e-05
235, 228, 9.17975e-06, 1.868e-05
235, 229, 9.08095e-06, 1.57822e-05
235, 230, 9.72542e-06, 1.85604e-05
235, 231, 1.00817e-05, 1.15596e-05
235, 232, 1.00848e-05, 1.50544e-05
235, 233, 1.0798e-05, 1.00248e-05
236, 225, 1.20622e-05, 1.34853e-05
236, 226, 1.72131e-05, 1.21994e-05
236, 227, 1.98594e-05, 1.42874e-05
236, 228, 1.61436e-05, 1.89493e-05
236, 229, 1.50417e-05, 1.52334e-05
236, 230, 1.42195e-05, 1.87152e-05
236, 231, 1.5523e-05, 1.08966e-05
236, 232, 1.23993e-05, 1.52503e-05
236, 233, 1.1647e-05, 1.03857e-05
236, 235, 1.62788e-05, 1.62666e-05
237, 227, 1.73324e-05, 1.46767e-05
237, 228, 1.55613e-05, 1.87849e-05
237, 229, 1.34113e-05, 1.50977e-05
237, 230, 1.28081e-05, 1.91729e-05
237, 231, 1.71921e-05, 1.12883e-05
237, 232, 1.024e-05, 1.55014e-05
237, 233, 1.09206e-05, 9.62387e-06
237, 235, 1.03716e-05, 1.59855e-05
237, 236, 1.08125e-05, 1.76285e-05
238, 229, 1.68949e-05, 1.5476e-05
238, 230, 1.43463e-05, 1.92286e-05
238, 231, 1.77398e-05, 1.09926e-05
238, 232, 1.33697e-05, 1.49552e-05
238, 233, 1.23238e-05, 9.75747e-06
238, 235, 1.74422e-05, 1.57816e-05
238, 236, 1.27625e-05, 1.72945e-05
238, 237, 1.56039e-05, 1.03828e-05
239, 230, 1.41975e-05, 2.04539e-05
239, 231, 1.87903e-05, 1.09336e-05
239, 232, 1.31757e-05, 1.45835e-05
239, 233, 1.86457e-05, 1.03335e-05
239, 235, 1.18666e-05, 1.5635e-05
239, 236, 1.58702e-05, 1.77475e-05
239, 237, 9.50235e-06, 1.05029e-05
239, 238, 1.28127e-05, 1.15648e-05
240, 232, 2.67276e-05, 1.54961e-05
240, 233, 2.00963e-05, 1.0346e-05
240, 235, 2.87592e-05, 1.60877e-05
240, 236, 2.12904e-05, 1.72496e-05
240, 237, 2.71857e-05, 1.08193e-05
240, 238, 2.17033e-05, 9.8988e-06
240, 239, 1.66984e-05, 2.43384e-05
241, 232, 4.31822e-05, 1.52208e-05
241, 233, 4.41226e-05, 9.6302e-06
241, 235, 3.00458e-05, 1.58561e-05
241, 236, 4.42475e-05, 1.7899e-05
241, 237, 3.50804e-05, 1.03517e-05
241, 238, 4.18534e-05, 1.03331e-05
241, 239, 4.93375e-05, 2.44004e-05
241, 240, 8.50448e-05, 1.1043e-05
242, 233, 3.71497e-05, 8.95739e-06
242, 235, 2.41793e-05, 1.60348e-05
242, 236, 3.49386e-05, 1.78531e-05
242, 237, 2.5398e-05, 9.63392e-06
242, 238, 3.15985e-05, 1.05904e-05
242, 239, 4.00725e-05, 2.41645e-05
242, 240, 7.49951e-05, 1.03652e-05
242, 241, 7.79083e-05, 2.9639e-05
243, 235, 4.31442e-05, 1.54016e-05
243, 236, 5.4419e-05, 1.81827e-05
243, 237, 4.24477e-05, 1.00195e-05
243, 238, 4.9912e-05, 1.00541e-05
243, 239, 5.84922e-05, 2.44323e-05
243, 240, 9.35678e-05, 9.7371e-06
243, 241, 9.58173e-05, 2.95367e-05
243, 242, 8.0688e-05, 1.03539e-05
244, 236, 3.89468e-05, 1.86241e-05
244, 237, 4.88627e-05, 1.00424e-05
244, 238, 4.65642e-05, 1.05724e-05
244, 239, 3.64509e-05, 2.47527e-05
244, 240, 1.05057e-05, 1.14463e-05
244, 241, 1.22041e-05, 3.00092e-05
244, 242, 1.66095e-05, 9.8025e-06
244, 243, 8.20883e-05, 1.01083e-05
245, 237, 2.94567e-05, 9.90845e-06
245, 238, 3.35256e-05, 9.95114e-06
245, 239, 4.31433e-05, 2.42273e-05
245, 240, 7.45184e-05, 1.10099e-05
245, 241, 7.7288e-05, 2.96545e-05
245, 242, 6.30409e-05, 1.03622e-05
245, 243, 1.38751e-05, 8.85814e-06
245, 244, 9.4235e-06, 1.28888e-05
246, 237, 3.61909e-05, 9.80574e-06
246, 238, 3.59974e-05, 1.12436e-05
246, 239, 2.76479e-05, 2.44914e-05
246, 240, 1.71223e-05, 1.00912e-05
246, 241, 1.95589e-05, 2.93077e-05
246, 242, 1.40552e-05, 9.90202e-06
246, 243, 7.10385e-05, 9.85092e-06
246, 244, 6.41561e-05, 1.29792e-05
246, 245, 1.26389e-05, 1.51382e-05
247, 238, 4.58783e-05, 1.07616e-05
247, 239, 5.44755e-05, 2.46892e-05
247, 240, 8.75298e-05, 9.49032e-06
247, 241, 8.3241e-05, 2.985e-05
247, 242, 7.30145e-05, 1.01305e-05
247, 243, 8.90174e-06, 9.68983e-06
247, 244, 1.32668e-05, 1.33116e-05
247, 245, 8.12706e-05, 1.52379e-05
247, 246, 9.60109e-05, 2.80531e-05
248, 240, 7.05921e-05, 1.05733e-05
248, 241, 8.21573e-05, 2.9927e-05
248, 242, 6.68567e-05, 9.84437e-06
248, 243, 1.33306e-05, 1.00404e-05
248, 244, 9.38679e-06, 1.28225e-05
248, 245, 6.98501e-05, 1.50393e-05
248, 246, 8.45652e-05, 2.78331e-05
248, 247, 4.66404e-05, 1.15806e-05
249, 242, 1.41742e-05, 9.49187e-06
249, 243, 7.02627e-05, 9.13324e-06
249, 244, 5.91691e-05, 1.30903e-05
249, 245, 1.62802e-05, 1.50924e-05
249, 246, 2.97973e-05, 2.76969e-05
249, 247, 1.40321e-05, 1.1705e-05
249, 248, 5.65572e-05, 1.68625e-05
250, 242, 4.47057e-05, 9.67532e-06
250, 243, 3.30414e-05, 9.95234e-06
250, 244, 2.45195e-05, 1.34761e-05
250, 245, 5.19144e-05, 1.58296e-05
250, 246, 6.53925e-05, 2.75888e-05
250, 247, 2.81683e-05, 1.16445e-05
250, 248, 2.32968e-05, 1.65111e-05
250, 249, 9.58074e-06, 2.70135e-05
251, 244, 7.70182e-05, 1.33737e-05
251, 245, 1.81698e-05, 1.5114e-05
251, 246, 1.75446e-05, 2.78491e-05
251, 247, 2.94316e-05, 1.15867e-05
251, 248, 7.35851e-05, 1.59434e-05
251, 249, 5.44194e-05, 2.71611e-05
251, 250, 5.25618e-05, 2.01364e-05
252, 248, 8.02155e-05, 1.61556e-05
252, 249, 6.19151e-05, 2.72183e-05
252, 250, 6.02657e-05, 1.96603e-05
252, 251, 4.21787e-05, 1.30915e-05
253, 249, 3.07652e-05, 2.72968e-05
253, 250, 3.43721e-05, 2.03673e-05
253, 251, 3.94269e-05, 1.28977e-05
253, 252, 3.6066e-05, 3.36398e-05
254, 251, 4.14852e-05, 1.31448e-05
254, 252, 2.73581e-05, 3.32694e-05
254, 253, 2.18774e-05, 9.67152e-06
255, 252, 4.38945e-05, 3.36126e-05
255, 253, 3.37903e-05, 9.28838e-06
255, 254, 2.86763e-05, 9.11503e-06
256, 253, 6.01953e-05, 9.13403e-06
256, 254, 4.70535e-05, 9.37128e-06
256, 255, 6.83536e-05, 1.72226e-05
257, 255, 7.1455e-05, 1.72634e-05
257, 256, 5.05727e-05, 2.87011e-05
258, 256, 5.61515e-05, 2.9056e-05
258, 257, 6.35152e-05, 2.37693e-05
259, 256, 6.78629e-05, 2.78134e-05
259, 257, 7.38079e-05, 2.35894e-05
259, 258, 5.91205e-05, 3.05159e-05
260, 256, 5.85644e-05, 2.80178e-05
260, 257, 6.48798e-05, 2.33809e-05
260, 258, 4.66621e-05, 3.10997e-05
260, 259, 7.51637e-05, 2.07163e-05
261, 258, 6.62344e-05, 3.04968e-05
261, 259, 9.00528e-05, 2.10852e-05
261, 260, 2.83321e-05, 2.26425e-05
262, 259, 9.64228e-05, 2.1052e-05
262, 260, 4.07331e-05, 2.25765e-05
262, 261, 1.52795e-05, 4.32159e-05
263, 259, 5.0116e-05, 2.08435e-05
263, 260, 6.29669e-05, 2.341e-05
263, 261, 5.73215e-05, 4.31659e-05
263, 262, 1.79763e-05, 1.35246e-05
264, 261, 3.38666e-05, 4.29573e-05
264, 262, 3.59243e-05, 1.30597e-05
264, 263, 8.88842e-06, 2.89783e-05
265, 261, 6.32547e-05, 4.32411e-05
265, 262, 1.42309e-05, 1.32312e-05
265, 263, 2.55948e-05, 2.92038e-05
265, 264, 2.33358e-05, 8.42355e-06
266, 261, 8.55434e-05, 4.3314e-05
266, 262, 1.30841e-05, 1.30648e-05
266, 263, 4.57048e-05, 2.94309e-05
266, 264, 3.5911e-05, 9.08659e-06
266, 265, 2.39999e-05, 1.11287e-05
267, 262, 2.94905e-05, 1.2674e-05
267, 263, 2.08766e-05, 2.92832e-05
267, 264, 1.71437e-05, 8.32487e-06
267, 265, 1.1824e-05, 1.28016e-05
267, 266, 5.02688e-05, 3.73623e-05
268, 262, 1.56018e-05, 1.26137e-05
268, 263, 2.87449e-05, 2.87352e-05
268, 264, 2.79715e-05, 9.57699e-06
268, 265, 8.49535e-06, 1.22314e-05
268, 266, 6.40657e-05, 3.8516e-05
268, 267, 2.13659e-05, 3.55873e-05
269, 262, 1.8798e-05, 1.27327e-05
269, 263, 2.5301e-05, 2.90688e-05
269, 264, 1.80805e-05, 9.30722e-06
269, 265, 7.51899e-06, 1.18491e-05
269, 266, 5.77297e-05, 3.68433e-05
269, 267, 1.63711e-05, 3.58114e-05
269, 268, 2.14992e-05, 1.77783e-05
271, 265, 4.50799e-05, 1.12062e-05
271, 266, 3.32887e-05, 3.79855e-05
271, 267, 3.14716e-05, 3.54137e-05
271, 268, 5.56792e-05, 1.77133e-05
271, 269, 2.5089e-05, 3.45344e-05
272, 267, 2.88031e-05, 3.57078e-05
272, 268, 2.10146e-05, 1.82825e-05
272, 269, 3.15871e-05, 3.47942e-05
272, 271, 4.2324e-05, 3.81478e-05
273, 268, 4.2583e-05, 1.7918e-05
273, 269, 2.61986e-05, 3.49806e-05
273, 271, 1.90647e-05, 3.83877e-05
273, 272, 1.25565e-05, 2.93925e-05
274, 269, 4.04905e-05, 3.52323e-05
274, 271, 2.45774e-05, 3.99311e-05
274, 272, 3.34297e-05, 2.92222e-05
274, 273, 1.35714e-05, 4.37467e-05
275, 271, 2.89132e-05, 3.97361e-05
275, 272, 3.79998e-05, 2.97526e-05
275, 273, 1.83101e-05, 4.38685e-05
275, 274, 6.49098e-05, 1.5089e-05
276, 272, 4.38474e-05, 2.9843e-05
276, 273, 4.39389e-05, 4.27072e-05
276, 274, 1.72609e-05, 1.4887e-05
276, 275, 3.93979e-05, 7.59206e-06
277, 273, 3.13386e-05, 4.40633e-05
277, 274, 3.83258e-05, 1.47523e-05
277, 275, 1.76411e-05, 1.03576e-05
277, 276, 3.81377e-05, 3.27777e-05
278, 273, 6.10257e-05, 4.3645e-05
278, 274, 2.24774e-05, 1.42671e-05
278, 275, 5.0859e-05, 5.46875e-06
278, 276, 8.4293e-06, 3.22965e-05
278, 277, 5.81247e-05, 1.01633e-05
279, 274, 2.70641e-05, 1.45287e-05
279, 275, 5.88331e-05, 8.39054e-06
279, 276, 1.26398e-05, 3.27613e-05
279, 277, 7.00975e-05, 1.05947e-05
279, 278, 5.59078e-05, 8.34815e-06
280, 275, 2.13672e-05, 7.69178e-06
280, 276, 6.03018e-05, 3.27178e-05
280, 277, 8.37635e-06, 1.03105e-05
280, 278, 1.48392e-05, 8.39425e-06
280, 279, 2.65525e-05, 5.12146e-05
281, 275, 4.82699e-05, 8.23098e-06
281, 276, 2.05181e-05, 3.18836e-05
281, 277, 5.08041e-05, 1.04031e-05
281, 278, 3.79565e-05, 8.38429e-06
281, 279, 7.36673e-05, 5.1721e-05
281, 280, 2.7674e-05, 2.02669e-05
282, 277, 1.86481e-05, 1.01323e-05
282, 278, 3.24672e-05, 7.40334e-06
282, 279, 1.28762e-05, 5.17584e-05
282, 280, 9.36663e-05, 1.86783e-05
282, 281, 4.21178e-05, 1.77155e-05
283, 277, 6.95808e-06, 8.88699e-06
283, 278, 1.49307e-05, 8.74079e-06
283, 279, 3.02964e-05, 5.10659e-05
283, 280, 7.14646e-05, 1.88153e-05
283, 281, 2.15235e-05, 1.7749e-05
283, 282, 2.60887e-05, 4.48984e-05
284, 277, 2.13989e-05, 1.1837e-05
284, 278, 3.54509e-05, 8.23133e-06
284, 279, 7.42589e-06, 5.13462e-05
284, 280, 9.98275e-05, 1.99969e-05
284, 281, 4.90128e-05, 1.85593e-05
284, 282, 7.53812e-06, 4.52708e-05
284, 283, 7.73438e-05, 1.30913e-05
285, 278, 4.09949e-05, 8.71056e-06
285, 279, 1.43712e-05, 5.14668e-05
285, 280, 9.08604e-05, 2.06464e-05
285, 281, 4.35012e-05, 1.87809e-05
285, 282, 6.23203e-06, 4.43945e-05
285, 283, 7.36765e-05, 1.31028e-05
285, 284, 2.56528e-05, 2.27785e-05
286, 277, 4.43315e-05, 1.02329e-05
286, 278, 2.8137e-05, 8.98659e-06
286, 279, 6.87097e-05, 5.16703e-05
286, 280, 3.01133e-05, 1.79764e-05
286, 281, 1.91009e-05, 1.81087e-05
286, 282, 6.47108e-05, 4.45612e-05
286, 283, 1.13318e-05, 1.34795e-05
286, 284, 4.20385e-05, 2.0587e-05
286, 285, 2.42664e-05, 1.40451e-05
287, 279, 1.58576e-05, 5.18474e-05
287, 280, 8.27116e-05, 2.10009e-05
287, 281, 2.47269e-05, 1.92235e-05
287, 282, 1.52556e-05, 4.53566e-05
287, 283, 6.20403e-05, 1.2e-05
287, 284, 1.01428e-05, 2.30045e-05
287, 285, 4.96142e-05, 1.39675e-05
287, 286, 1.0769e-05, 4.45749e-05
288, 280, 5.95839e-05, 1.93952e-05
288, 281, 1.24112e-05, 1.58717e-05
288, 282, 3.48455e-05, 4.50125e-05
288, 283, 3.79362e-05, 1.22794e-05
288, 284, 1.35839e-05, 2.08673e-05
288, 285, 3.3737e-05, 1.28459e-05
288, 286, 9.68733e-06, 4.51642e-05
288, 287, 4.58722e-05, 9.14288e-06
289, 284, 2.37874e-05, 2.24059e-05
289, 285, 3.6004e-05, 1.19453e-05
289, 286, 2.21552e-05, 4.53386e-05
289, 287, 4.65438e-05, 6.87806e-06
289, 288, 3.71122e-05, 3.40508e-05
290, 285, 2.18035e-05, 1.29477e-05
290, 286, 7.32252e-05, 4.55025e-05
290, 287, 0.000102094, 1.02125e-05
290, 288, 8.02526e-05, 3.29612e-05
290, 289, 9.91114e-05, 5.26045e-05
291, 287, 0.00010337, 8.5335e-06
291, 288, 8.17097e-05, 3.19487e-05
291, 289, 9.70057e-05, 5.1869e-05
291, 290, 2.00001e-05, 1.86757e-05
292, 288, 5.97655e-05, 3.07249e-05
292, 289, 5.37475e-05, 5.18765e-05
292, 290, 6.67764e-05, 1.73134e-05
292, 291, 4.58064e-05, 4.41498e-05
293, 289, 0.000115369, 5.19335e-05
293, 290, 2.19925e-05, 1.6694e-05
293, 291, 3.27701e-05, 4.473e-05
293, 292, 7.00032e-05, 2.87316e-05
294, 290, 8.99199e-05, 1.8328e-05
294, 291, 6.66843e-05, 4.30477e-05
294, 292, 1.56812e-05, 2.88556e-05
294, 293, 5.72693e-05, 4.02749e-05
295, 291, 3.52868e-05, 4.28996e-05
295, 292, 4.39224e-05, 2.70699e-05
295, 293, 8.84388e-06, 4.05789e-05
295, 294, 2.64268e-05, 3.09758e-05
296, 291, 3.07708e-05, 4.13487e-05
296, 292, 4.57537e-05, 2.89981e-05
296, 293, 9.44078e-06, 4.06641e-05
296, 294, 3.14846e-05, 3.11977e-05
296, 295, 2.65587e-05, 5.7471e-05
298, 292, 7.77444e-05, 2.6877e-05
298, 293, 3.35255e-05, 4.0794e-05
298, 294, 5.79755e-05, 3.14445e-05
298, 295, 5.86511e-05, 5.76018e-05
298, 296, 4.38472e-05, 3.71971e-05
299, 292, 4.19375e-05, 2.90354e-05
299, 293, 1.57195e-05, 4.10187e-05
299, 294, 2.57246e-05, 3.1683e-05
299, 295, 2.618e-05, 5.80387e-05
299, 296, 7.55379e-06, 3.73018e-05
299, 298, 2.31556e-05, 4.10739e-05
300, 292, 1.62936e-05, 2.86063e-05
300, 293, 3.85536e-05, 4.09995e-05
300, 294, 1.93768e-05, 3.19815e-05
300, 295, 1.46547e-05, 5.73213e-05
300, 296, 2.55969e-05, 3.63986e-05
300, 298, 4.27688e-05, 4.03057e-05
300, 299, 2.06016e-05, 1.25878e-05
301, 294, 2.29968e-05, 3.11246e-05
301, 295, 1.83385e-05, 5.7778e-05
301, 296, 8.35188e-06, 3.69959e-05
301, 298, 2.20435e-05, 4.018e-05
301, 299, 4.02773e-05, 1.28134e-05
301, 300, 1.09931e-05, 7.52531e-06
302, 294, 2.44142e-05, 3.12655e-05
302, 295, 1.53682e-05, 5.80954e-05
302, 296, 8.00188e-06, 3.68249e-05
302, 298, 2.95476e-05, 4.1e-05
302, 299, 3.17392e-05, 1.21415e-05
302, 300, 1.62125e-05, 6.97538e-06
302, 301, 2.6192e-05, 1.31233e-05
303, 294, 4.43315e-05, 3.12299e-05
303, 295, 4.31372e-05, 5.72224e-05
303, 296, 2.90128e-05, 3.699e-05
303, 298, 1.9737e-05, 3.97529e-05
303, 299, 6.56041e-05, 1.21712e-05
303, 300, 1.95944e-05, 6.97365e-06
303, 301, 6.00168e-05, 1.29581e-05
303, 302, 2.54223e-05, 5.94406e-05
304, 295, 2.83628e-05, 5.78404e-05
304, 296, 3.71055e-05, 3.73604e-05
304, 298, 5.47461e-05, 4.02156e-05
304, 299, 4.03193e-06, 1.259e-05
304, 300, 4.45089e-05, 5.90288e-06
304, 301, 9.51925e-06, 1.2492e-05
304, 302, 4.15932e-05, 5.9053e-05
304, 303, 1.67307e-05, 6.78492e-05
305, 296, 5.44336e-05, 3.67448e-05
305, 298, 7.38338e-05, 3.91238e-05
305, 299, 1.89511e-05, 1.15508e-05
305, 300, 6.3307e-05, 6.60531e-06
305, 301, 2.49494e-05, 1.31764e-05
305, 302, 5.99271e-05, 5.90045e-05
305, 303, 1.51599e-05, 6.79805e-05
305, 304, 3.97074e-05, 1.63477e-05
306, 298, 6.24253e-05, 3.99655e-05
306, 300, 5.23123e-05, 5.63463e-06
306, 301, 1.39086e-05, 1.31983e-05
306, 302, 4.68582e-05, 5.96887e-05
306, 303, 8.44188e-06, 6.72682e-05
306, 304, 2.71243e-05, 1.81867e-05
306, 305, 6.76743e-05, 1.93475e-05
307, 300, 3.30958e-05, 9.35369e-06
307, 301, 1.65497e-05, 1.3427e-05
307, 302, 2.94928e-05, 5.96531e-05
307, 303, 2.45135e-05, 6.81502e-05
307, 304, 8.07131e-06, 1.66491e-05
307, 305, 4.95091e-05, 1.8307e-05
307, 306, 2.66529e-05, 2.00482e-05
308, 302, 4.87917e-05, 5.93987e-05
308, 303, 1.38356e-05, 6.72461e-05
308, 304, 2.6863e-05, 1.57217e-05
308, 305, 6.90709e-05, 1.82712e-05
308, 306, 3.83124e-05, 2.0497e-05
308, 307, 3.796e-05, 1.16457e-05
309, 304, 1.66953e-05, 1.62604e-05
309, 305, 5.14732e-05, 1.80846e-05
309, 306, 1.85678e-05, 1.77479e-05
309, 307, 1.79253e-05, 9.87346e-06
309, 308, 5.38861e-05, 3.07365e-05
310, 305, 2.51911e-05, 1.84646e-05
310, 306, 2.32932e-05, 1.87387e-05
310, 307, 2.27703e-05, 1.16706e-05
310, 308, 3.49337e-05, 3.12195e-05
310, 309, 1.69896e-05, 6.03878e-05
311, 305, 2.7857e-05, 1.84774e-05
311, 306, 1.20674e-05, 1.79989e-05
311, 307, 1.3394e-05, 1.09186e-05
311, 308, 3.78544e-05, 3.14955e-05
311, 309, 5.74242e-06, 6.09848e-05
311, 310, 2.14084e-05, 2.10304e-05
313, 307, 5.28475e-05, 1.06359e-05
313, 308, 6.89255e-05, 3.31153e-05
313, 309, 4.75758e-05, 5.99398e-05
313, 310, 1.64518e-05, 1.97795e-05
313, 311, 5.41276e-06, 3.30495e-05
314, 308, 2.56465e-05, 3.03095e-05
314, 309, 4.01707e-05, 6.17833e-05
314, 310, 4.90919e-05, 2.05146e-05
314, 311, 5.57004e-05, 3.37343e-05
314, 313, 3.9402e-05, 3.04615e-05
316, 308, 8.00673e-05, 3.1947e-05
316, 309, 6.30309e-05, 6.25391e-05
316, 310, 3.05352e-05, 2.15913e-05
316, 311, 2.27745e-05, 3.23071e-05
316, 313, 6.34176e-05, 3.15561e-05
316, 314, 7.61472e-05, 1.9759e-05
317, 309, 6.31092e-05, 6.25131e-05
317, 310, 4.1773e-05, 2.02476e-05
317, 311, 4.86359e-05, 3.44153e-05
317, 313, 7.88657e-05, 3.2298e-05
317, 314, 9.38756e-05, 1.96145e-05
317, 316, 5.74751e-05, 1.9093e-05
318, 308, 7.86321e-05, 3.18499e-05
318, 309, 5.54141e-05, 6.09738e-05
318, 310, 2.68739e-05, 2.10079e-05
318, 311, 3.44442e-05, 3.35858e-05
318, 313, 6.05779e-05, 3.08391e-05
318, 314, 7.80929e-05, 1.71466e-05
318, 316, 5.22008e-05, 1.93239e-05
318, 317, 6.55495e-05, 6.17899e-05
319, 310, 1.566e-05, 1.89987e-05
319, 311, 2.01785e-05, 3.45224e-05
319, 313, 5.60257e-05, 3.23987e-05
319, 314, 7.24124e-05, 1.897e-05
319, 316, 5.61625e-05, 1.59485e-05
319, 317, 7.6556e-05, 5.95627e-05
319, 318, 6.56099e-05, 4.36496e-05
320, 310, 3.71079e-05, 2.11867e-05
320, 311, 5.1607e-05, 3.30106e-05
320, 313, 2.06006e-05, 3.26578e-05
320, 314, 4.57654e-05, 1.8973e-05
320, 316, 2.10034e-05, 1.91722e-05
320, 317, 4.18816e-05, 6.24577e-05
320, 318, 2.32729e-05, 4.23416e-05
320, 319, 6.08922e-05, 6.20213e-05
321, 311, 6.73272e-05, 3.28978e-05
321, 313, 2.40833e-05, 3.08972e-05
321, 314, 1.19966e-05, 1.90586e-05
321, 316, 6.35752e-05, 2.0227e-05
321, 317, 8.39302e-05, 6.23384e-05
321, 318, 5.98812e-05, 4.36731e-05
321, 319, 7.66043e-05, 6.08208e-05
321, 320, 7.59723e-05, 7.41953e-05
322, 311, 3.73783e-05, 3.35726e-05
322, 313, 6.20298e-05, 3.10172e-05
322, 314, 7.67014e-05, 2.05198e-05
322, 316, 5.10709e-05, 1.81529e-05
322, 317, 6.35113e-05, 5.95451e-05
322, 318, 5.29638e-05, 4.34247e-05
322, 319, 4.48287e-05, 6.13758e-05
322, 320, 2.34411e-05, 7.22387e-05
322, 321, 7.18086e-05, 4.72922e-05
323, 310, 2.04488e-05, 2.05769e-05
323, 311, 3.78314e-05, 3.18413e-05
323, 313, 2.83167e-05, 3.31624e-05
323, 314, 4.52308e-05, 1.88043e-05
323, 316, 3.69543e-05, 1.79539e-05
323, 317, 5.95762e-05, 6.3199e-05
323, 318, 4.13828e-05, 4.52717e-05
323, 319, 4.71084e-05, 6.18357e-05
323, 320, 3.55157e-05, 7.29441e-05
323, 321, 3.51754e-05, 4.71084e-05
323, 322, 4.12374e-05, 4.81206e-05
324, 317, 2.44121e-05, 6.01995e-05
324, 318, 2.13834e-05, 4.6928e-05
324, 319, 9.82709e-05, 6.13985e-05
324, 320, 8.02458e-05, 7.13945e-05
324, 321, 6.20113e-05, 4.73019e-05
324, 322, 6.74034e-05, 4.66003e-05
324, 323, 4.29484e-05, 2.73656e-05
325, 316, 7.15941e-05, 2.03054e-05
325, 317, 8.55597e-05, 6.27652e-05
325, 318, 8.22866e-05, 4.33054e-05
325, 319, 3.05401e-05, 6.04098e-05
325, 320, 1.82483e-05, 7.24152e-05
325, 321, 8.7214e-05, 4.79599e-05
325, 322, 9.13197e-05, 4.65069e-05
325, 323, 5.39678e-05, 2.89286e-05
325, 324, 2.05541e-05, 1.99581e-05
326, 317, 1.97344e-05, 6.08422e-05
326, 318, 1.83626e-05, 4.57261e-05
326, 319, 7.79432e-05, 6.09706e-05
326, 320, 5.34891e-05, 7.04174e-05
326, 321, 6.16522e-05, 4.68717e-05
326, 322, 7.25745e-05, 4.81001e-05
326, 323, 1.84958e-05, 2.84179e-05
326, 324, 5.52144e-05, 2.10484e-05
326, 325, 6.35164e-05, 3.48982e-05
327, 317, 7.80659e-05, 6.03261e-05
327, 318, 7.81582e-05, 4.54353e-05
327, 319, 5.61291e-05, 5.99267e-05
327, 320, 3.97548e-05, 7.30131e-05
327, 321, 9.94168e-05, 4.55091e-05
327, 322, 0.000105748, 4.6709e-05
327, 323, 4.87268e-05, 2.45567e-05
327, 324, 9.17104e-06, 1.97563e-05
327, 325, 8.06503e-05, 3.36339e-05
327, 326, 6.18364e-05, 2.378e-05
328, 318, 1.10025e-05, 4.33425e-05
328, 319, 8.60647e-05, 6.14259e-05
328, 320, 6.6578e-05, 7.14994e-05
328, 321, 5.68792e-05, 4.75615e-05
328, 322, 6.48966e-05, 4.71908e-05
328, 323, 2.65527e-05, 2.61596e-05
328, 324, 7.18791e-05, 2.1079e-05
328, 325, 6.42341e-05, 3.1223e-05
328, 326, 1.13067e-05, 2.48334e-05
328, 327, 4.92895e-05, 3.55064e-05
329, 318, 7.4134e-06, 4.4423e-05
329, 321, 4.90575e-05, 5.01958e-05
329, 322, 5.9665e-05, 4.89069e-05
329, 323, 2.25975e-05, 2.95074e-05
329, 324, 6.71534e-05, 2.04743e-05
329, 325, 5.62483e-05, 3.37008e-05
329, 326, 1.45765e-05, 2.42695e-05
329, 327, 4.16674e-05, 3.89113e-05
329, 328, 5.09592e-05, 6.22265e-05
330, 319, 8.08671e-05, 6.3146e-05
330, 321, 9.39095e-05, 4.84268e-05
330, 322, 9.99207e-05, 4.6693e-05
330, 323, 3.84489e-05, 2.83644e-05
330, 324, 4.07591e-05, 1.91498e-05
330, 325, 8.65345e-05, 3.09982e-05
330, 326, 3.16806e-05, 2.61718e-05
330, 327, 3.13123e-05, 3.6994e-05
330, 328, 8.20012e-05, 6.54091e-05
330, 329, 5.17762e-05, 5.90901e-05
331, 321, 8.68206e-05, 4.54482e-05
331, 322, 8.8973e-05, 4.57734e-05
331, 323, 4.79649e-05, 2.60569e-05
331, 324, 1.28382e-05, 2.03975e-05
331, 325, 6.1372e-05, 3.02785e-05
331, 326, 5.96048e-05, 2.17324e-05
331, 327, 1.9922e-05, 3.92551e-05
331, 328, 6.31396e-05, 6.38324e-05
331, 329, 2.58813e-05, 5.81474e-05
331, 330, 5.13307e-05, 1.80222e-05
332, 320, 5.17073e-05, 7.16692e-05
332, 323, 4.26456e-05, 2.61839e-05
332, 324, 2.87996e-05, 1.905e-05
332, 325, 8.54628e-05, 3.25097e-05
332, 326, 4.27846e-05, 2.37731e-05
332, 327, 2.4478e-05, 3.8374e-05
332, 328, 7.92802e-05, 6.32265e-05
332, 329, 4.35654e-05, 5.92911e-05
332, 330, 2.86491e-05, 1.70849e-05
332, 331, 1.8077e-05, 2.44554e-05
333, 323, 5.70738e-05, 2.73794e-05
333, 325, 7.36546e-05, 3.25307e-05
333, 326, 6.63601e-05, 2.4431e-05
333, 327, 3.04859e-05, 3.85498e-05
333, 328, 7.28811e-05, 6.30278e-05
333, 329, 6.40468e-06, 5.646e-05
333, 330, 5.75234e-05, 1.58809e-05
333, 331, 4.6338e-05, 2.58007e-05
333, 332, 2.65402e-05, 3.2321e-05
334, 320, 5.55869e-05, 7.18288e-05
334, 326, 2.19022e-05, 2.54106e-05
334, 327, 4.63139e-05, 3.61854e-05
334, 328, 4.33043e-05, 6.42457e-05
334, 329, 8.02256e-05, 5.93121e-05
334, 330, 3.34424e-05, 1.76945e-05
334, 331, 4.84082e-05, 2.28598e-05
334, 332, 7.57547e-05, 3.26301e-05
334, 333, 2.8255e-05, 1.53999e-05
335, 328, 7.66547e-05, 6.45564e-05
335, 330, 1.21821e-05, 1.85223e-05
335, 331, 1.34442e-05, 2.4185e-05
335, 332, 4.73878e-05, 3.10152e-05
335, 333, 5.19652e-05, 1.61647e-05
335, 334, 8.12748e-05, 8.96817e-05
336, 329, 6.82994e-05, 5.89089e-05
336, 330, 6.82356e-05, 1.78288e-05
336, 331, 6.78385e-05, 2.10464e-05
336, 332, 7.69389e-05, 2.93929e-05
336, 333, 2.83749e-05, 1.41062e-05
336, 334, 2.55536e-05, 8.98965e-05
336, 335, 1.95187e-05, 1.78622e-05
338, 331, 9.68008e-05, 2.39166e-05
338, 332, 0.000113519, 3.19663e-05
338, 333, 5.71674e-05, 1.48558e-05
338, 334, 4.96329e-05, 8.86214e-05
338, 335, 4.03786e-05, 1.81807e-05
338, 336, 8.75227e-06, 4.49075e-05
339, 331, 2.96513e-05, 2.52267e-05
339, 332, 5.219e-05, 3.08866e-05
339, 333, 2.20829e-05, 1.53033e-05
339, 334, 5.58077e-05, 9.10758e-05
339, 335, 5.47518e-05, 1.72106e-05
339, 336, 6.82028e-05, 4.50839e-05
339, 338, 3.10217e-05, 6.02239e-05
340, 331, 5.72579e-05, 2.31096e-05
340, 333, 6.92758e-05, 1.60162e-05
340, 334, 7.85862e-05, 8.79964e-05
340, 335, 8.54903e-05, 1.82816e-05
340, 336, 0.000122517, 4.50151e-05
340, 338, 4.2823e-05, 5.71208e-05
340, 339, 6.51484e-05, 6.44821e-05
341, 333, 2.73886e-05, 1.56933e-05
341, 334, 2.85043e-05, 9.09252e-05
341, 335, 2.46619e-05, 1.83782e-05
341, 336, 2.97064e-05, 4.58258e-05
341, 338, 4.9738e-05, 5.77432e-05
341, 339, 3.62645e-05, 6.26888e-05
341, 340, 3.4731e-05, 7.8392e-05
342, 333, 7.08062e-05, 1.43898e-05
342, 334, 6.21291e-05, 8.96128e-05
342, 335, 7.00389e-05, 1.82899e-05
342, 336, 0.00011385, 4.63562e-05
342, 338, 5.10027e-05, 5.90066e-05
342, 339, 6.55303e-05, 6.42522e-05
342, 340, 5.70214e-05, 7.59652e-05
342, 341, 6.98651e-05, 8.42065e-05
343, 335, 3.10932e-05, 1.66189e-05
343, 336, 6.88517e-05, 4.47063e-05
343, 338, 2.39409e-05, 5.60895e-05
343, 339, 2.80481e-05, 6.39685e-05
343, 340, 2.96161e-05, 7.59734e-05
343, 341, 3.64091e-05, 8.3946e-05
343, 342, 3.36997e-05, 7.96627e-05
344, 338, 2.06404e-05, 5.92708e-05
344, 339, 2.53431e-05, 6.36612e-05
344, 340, 6.43441e-05, 7.68224e-05
344, 341, 2.81473e-05, 8.47227e-05
344, 342, 5.39294e-05, 7.5588e-05
344, 343, 6.28789e-06, 1.5486e-05
346, 338, 4.15417e-05, 5.659e-05
346, 339, 6.16525e-05, 6.37095e-05
346, 340, 8.22753e-05, 7.56342e-05
346, 341, 6.87326e-05, 8.63104e-05
346, 342, 2.80335e-05, 7.63209e-05
346, 343, 3.8902e-05, 1.89361e-05
346, 344, 2.96405e-05, 4.31376e-05
347, 338, 4.34994e-05, 5.60902e-05
347, 339, 4.4739e-05, 6.24775e-05
347, 340, 8.22867e-05, 7.87283e-05
347, 341, 4.01778e-05, 8.10227e-05
347, 342, 8.43659e-05, 7.68243e-05
347, 343, 2.98385e-05, 1.55037e-05
347, 344, 4.80771e-05, 4.52342e-05
347, 346, 9.78052e-05, 2.6449e-05
349, 338, 7.72815e-05, 5.68651e-05
349, 339, 8.52882e-05, 6.49339e-05
349, 340, 6.01326e-05, 7.6644e-05
349, 341, 8.72874e-05, 8.49632e-05
349, 342, 4.83254e-05, 7.28409e-05
349, 343, 9.33717e-05, 1.58864e-05
349, 344, 9.47532e-05, 4.12763e-05
349, 346, 6.23578e-05, 2.74005e-05
349, 347, 7.46392e-05, 5.08982e-05
350, 339, 6.07866e-05, 6.15477e-05
350, 340, 5.06111e-05, 7.77942e-05
350, 341, 6.75593e-05, 8.33215e-05
350, 342, 2.73374e-05, 7.83412e-05
350, 343, 7.14112e-05, 1.79517e-05
350, 344, 6.85066e-05, 4.36628e-05
350, 346, 3.89987e-05, 2.3895e-05
350, 347, 5.99058e-05, 4.98618e-05
350, 349, 4.29864e-05, 5.73132e-05
351, 339, 3.90427e-05, 6.46812e-05
351, 340, 1.1793e-05, 7.9147e-05
351, 341, 4.41132e-05, 8.10735e-05
351, 342, 5.45506e-05, 7.81981e-05
351, 343, 6.4315e-05, 1.47157e-05
351, 344, 7.09686e-05, 4.28148e-05
351, 346, 8.2285e-05, 2.64587e-05
351, 347, 4.91585e-05, 4.75628e-05
351, 349, 2.40685e-05, 5.2683e-05
351, 350, 5.17872e-05, 5.30831e-05
353, 342, 7.33314e-05, 7.55971e-05
353, 343, 7.33465e-05, 1.63855e-05
353, 344, 8.5047e-05, 4.50276e-05
353, 346, 9.81394e-05, 2.80463e-05
353, 347, 6.46485e-05, 5.2488e-05
353, 349, 4.30826e-05, 5.34572e-05
353, 350, 7.03934e-05, 5.31387e-05
353, 351, 7.96035e-05, 3.88909e-05
354, 344, 1.35493e-05, 4.13563e-05
354, 346, 4.46333e-05, 2.81582e-05
354, 347, 2.80658e-05, 4.93314e-05
354, 349, 4.92257e-05, 5.22683e-05
354, 350, 2.09083e-05, 5.30286e-05
354, 351, 4.85931e-05, 3.99304e-05
354, 353, 8.46505e-05, 7.25768e-05
355, 346, 4.85689e-05, 2.81094e-05
355, 347, 1.91864e-05, 4.58106e-05
355, 349, 2.85617e-05, 5.29329e-05
355, 350, 1.36953e-05, 5.7911e-05
355, 351, 3.55292e-05, 3.88084e-05
355, 353, 6.16018e-05, 7.26743e-05
355, 354, 2.082e-05, 1.7574e-05
356, 346, 6.07159e-05, 2.71547e-05
356, 347, 1.6558e-05, 5.20954e-05
356, 349, 1.38355e-05, 5.36479e-05
356, 350, 2.4321e-05, 5.37617e-05
356, 351, 5.29703e-05, 3.73271e-05
356, 353, 6.05198e-05, 7.5938e-05
356, 354, 2.16991e-05, 1.73854e-05
356, 355, 1.82407e-05, 3.79682e-05
357, 346, 4.79405e-05, 2.517e-05
357, 347, 1.57601e-05, 5.01428e-05
357, 349, 1.77973e-05, 5.25865e-05
357, 350, 1.58931e-05, 5.31477e-05
357, 351, 4.03193e-05, 3.70564e-05
357, 353, 6.62122e-05, 7.39431e-05
357, 354, 1.23167e-05, 1.88859e-05
357, 355, 3.31994e-05, 3.83368e-05
357, 356, 1.40892e-05, 3.88266e-05
358, 347, 5.84509e-05, 5.07911e-05
358, 349, 7.7865e-05, 5.26118e-05
358, 350, 4.61236e-05, 5.26037e-05
358, 351, 3.27114e-05, 3.68295e-05
358, 353, 7.94977e-05, 7.2483e-05
358, 354, 5.82691e-05, 1.94791e-05
358, 355, 8.86084e-05, 3.52109e-05
358, 356, 6.05773e-05, 3.75566e-05
358, 357, 7.09977e-05, 5.84254e-05
359, 349, 5.6411e-05, 5.22326e-05
359, 350, 7.80935e-05, 5.32546e-05
359, 351, 8.30139e-05, 3.67088e-05
359, 353, 4.01653e-05, 6.98151e-05
359, 354, 5.85414e-05, 1.71151e-05
359, 355, 4.90709e-05, 3.77865e-05
359, 356, 7.76686e-05, 4.18927e-05
359, 357, 4.7314e-05, 5.74772e-05
359, 358, 9.6263e-05, 3.39268e-05
360, 350, 2.88362e-05, 5.03084e-05
360, 351, 2.86534e-05, 3.95008e-05
360, 353, 7.19732e-05, 6.86058e-05
360, 354, 3.73445e-05, 1.99732e-05
360, 355, 7.16924e-05, 3.51075e-05
360, 356, 4.66903e-05, 3.98568e-05
360, 357, 5.38372e-05, 6.01291e-05
360, 358, 3.5411e-05, 2.8681e-05
360, 359, 6.56699e-05, 3.49932e-05
361, 353, 2.59774e-05, 7.27051e-05
361, 354, 5.87682e-05, 1.82048e-05
361, 355, 6.17991e-05, 3.63593e-05
361, 356, 8.83306e-05, 3.91098e-05
361, 357, 4.77928e-05, 5.83727e-05
361, 358, 9.52938e-05, 2.90963e-05
361, 359, 7.58684e-05, 3.9155e-05
361, 360, 6.47998e-05, 7.70815e-05
362, 353, 0.000102511, 7.45467e-05
362, 354, 5.08596e-05, 2.07223e-05
362, 355, 4.91976e-05, 4.04206e-05
362, 356, 2.46756e-05, 3.96028e-05
362, 357, 7.05378e-05, 5.72217e-05
362, 358, 3.09481e-05, 2.88046e-05
362, 359, 4.64404e-05, 4.01082e-05
362, 360, 0.000101209, 7.45569e-05
362, 361, 7.915e-05, 6.70643e-05
363, 353, 5.77654e-05, 7.3995e-05
363, 354, 5.43283e-05, 1.88937e-05
363, 355, 8.66476e-05, 3.78292e-05
363, 356, 7.08608e-05, 4.2678e-05
363, 357, 5.6452e-05, 5.24553e-05
363, 358, 5.82049e-05, 2.80989e-05
363, 359, 8.62833e-05, 3.27198e-05
363, 360, 1.38952e-05, 7.21069e-05
363, 361, 1.97675e-05, 7.3027e-05
363, 362, 3.3279e-05, 1.87044e-05
364, 355, 4.08051e-05, 4.08521e-05
364, 356, 5.86027e-05, 3.48341e-05
364, 357, 2.16659e-05, 5.71103e-05
364, 358, 6.8127e-05, 2.67189e-05
364, 359, 5.43669e-05, 3.30481e-05
364, 360, 4.48104e-05, 7.84136e-05
364, 361, 6.59699e-05, 7.39091e-05
364, 362, 5.84594e-05, 2.16456e-05
364, 363, 4.87391e-05, 3.98373e-05
365, 357, 5.84303e-05, 5.73004e-05
365, 358, 9.69939e-05, 2.81862e-05
365, 359, 7.93192e-05, 3.35818e-05
365, 360, 5.88451e-05, 7.82663e-05
365, 361, 8.30009e-05, 7.16222e-05
365, 362, 8.31622e-05, 2.25224e-05
365, 363, 4.9595e-05, 3.76927e-05
365, 364, 0.000109321, 6.8176e-05
366, 357, 4.01176e-05, 5.91753e-05
366, 358, 7.66075e-05, 2.78528e-05
366, 359, 6.99896e-05, 3.55761e-05
366, 360, 3.57147e-05, 7.46201e-05
366, 361, 5.52118e-05, 7.47363e-05
366, 362, 5.77224e-05, 2.15601e-05
366, 363, 6.77754e-05, 3.612e-05
366, 364, 7.84497e-05, 6.65708e-05
366, 365, 5.9843e-05, 4.0931e-05
367, 357, 3.89433e-05, 5.58603e-05
367, 358, 4.33967e-05, 3.02596e-05
367, 359, 6.68574e-05, 3.33233e-05
367, 360, 2.65312e-05, 7.69609e-05
367, 361, 2.03618e-05, 6.88768e-05
367, 362, 1.72181e-05, 2.07545e-05
367, 363, 9.07892e-05, 3.58757e-05
367, 364, 4.62945e-05, 6.93043e-05
367, 365, 4.05242e-05, 4.21052e-05
367, 366, 2.78792e-05, 1.28338e-05
368, 359, 6.12327e-05, 3.36769e-05
368, 360, 4.90907e-05, 7.09634e-05
368, 361, 6.59195e-05, 6.89658e-05
368, 362, 6.10714e-05, 1.88177e-05
368, 363, 4.44515e-05, 3.78117e-05
368, 364, 9.13402e-05, 7.29468e-05
368, 365, 7.72583e-05, 4.38594e-05
368, 366, 4.51671e-05, 8.15561e-06
368, 367, 9.03572e-05, 8.32138e-05
369, 360, 1.66334e-05, 7.329e-05
369, 361, 2.16829e-05, 6.84979e-05
369, 362, 3.87149e-05, 2.05558e-05
369, 363, 0.000103154, 4.01753e-05
369, 364, 6.62004e-05, 6.7809e-05
369, 365, 1.73057e-05, 4.0659e-05
369, 366, 5.44737e-05, 1.31502e-05
369, 367, 5.7689e-05, 8.61731e-05
369, 368, 1.57915e-05, 0.000142599
371, 362, 5.85978e-05, 2.19758e-05
371, 363, 3.85844e-05, 3.91644e-05
371, 364, 8.24454e-05, 6.59876e-05
371, 365, 8.67518e-05, 4.40699e-05
371, 366, 4.08363e-05, 7.26872e-06
371, 367, 8.13185e-05, 8.06023e-05
371, 368, 4.90218e-05, 0.00014531
371, 369, 1.29029e-05, 7.34803e-05
372, 364, 0.000104748, 6.46066e-05
372, 365, 6.20057e-05, 3.82066e-05
372, 366, 7.50132e-05, 8.88675e-06
372, 367, 0.000104203, 8.576e-05
372, 368, 5.68413e-05, 0.000148164
372, 369, 5.19851e-05, 7.48607e-05
372, 371, 6.47886e-05, 3.57983e-05
373, 367, 9.67449e-05, 8.393e-05
373, 368, 6.20446e-05, 0.0001453
373, 369, 2.8583e-05, 7.80787e-05
373, 371, 2.77251e-05, 3.84567e-05
373, 372, 7.65592e-05, 2.49652e-05
374, 368, 5.70886e-05, 0.000147447
374, 369, 3.86081e-05, 7.55627e-05
374, 371, 5.51674e-05, 3.76908e-05
374, 372, 6.5534e-05, 1.94649e-05
374, 373, 1.97526e-05, 0.000125027
375, 368, 3.00332e-05, 0.000148087
375, 369, 6.75814e-05, 7.25957e-05
375, 371, 9.01582e-05, 3.9278e-05
375, 372, 3.94307e-05, 2.74129e-05
375, 373, 6.3253e-05, 0.000123399
375, 374, 2.98614e-05, 2.87864e-05
376, 371, 7.45215e-05, 3.61879e-05
376, 372, 5.51652e-05, 2.64833e-05
376, 373, 3.83265e-05, 0.000122232
376, 374, 1.23097e-05, 2.47425e-05
376, 375, 6.72791e-05, 5.52883e-05
377, 371, 9.91947e-05, 3.92956e-05
377, 372, 4.32655e-05, 2.71945e-05
377, 373, 7.44271e-05, 0.000120363
377, 374, 4.87792e-05, 2.49916e-05
377, 375, 8.40126e-05, 5.9888e-05
377, 376, 5.86202e-05, 5.93666e-05
379, 373, 2.5904e-05, 0.000123952
379, 374, 5.46383e-05, 2.98237e-05
379, 375, 6.2115e-05, 5.83564e-05
379, 376, 3.79666e-05, 5.51762e-05
379, 377, 9.82079e-05, 8.56408e-05
380, 373, 5.22135e-05, 0.000125585
380, 374, 1.79438e-05, 2.74991e-05
380, 375, 8.81114e-05, 5.73784e-05
380, 376, 4.3208e-05, 5.72292e-05
380, 377, 6.43781e-05, 8.62333e-05
380, 379, 5.70018e-05, 0.000120553
381, 373, 4.70548e-05, 0.000120596
381, 374, 3.41313e-05, 2.97997e-05
381, 375, 8.33953e-05, 5.78898e-05
381, 376, 4.0077e-05, 5.31791e-05
381, 377, 8.82442e-05, 8.33049e-05
381, 379, 6.37749e-05, 0.000121875
381, 380, 1.89657e-05, 0.000109544
382, 373, 4.82321e-05, 0.000122927
382, 374, 1.44417e-05, 2.7756e-05
382, 375, 7.02482e-05, 5.49655e-05
382, 376, 3.16264e-05, 5.71946e-05
382, 377, 4.28129e-05, 8.43112e-05
382, 379, 3.36498e-05, 0.000120394
382, 380, 6.38993e-05, 0.000108024
382, 381, 6.46954e-06, 5.08829e-05
383, 373, 4.76653e-05, 0.000125614
383, 374, 2.40184e-05, 2.67654e-05
383, 375, 7.48411e-05, 5.71058e-05
383, 376, 3.42402e-05, 5.55804e-05
383, 377, 3.76877e-05, 8.31681e-05
383, 379, 4.09231e-05, 0.000119751
383, 380, 7.1106e-05, 0.000104879
383, 381, 1.20878e-05, 5.75121e-05
383, 382, 8.28147e-05, 5.91273e-05
384, 373, 6.0499e-05, 0.000127116
384, 374, 6.911e-05, 2.63673e-05
384, 375, 4.74252e-05, 5.95489e-05
384, 376, 5.30655e-05, 5.37876e-05
384, 377, 4.42172e-05, 8.47265e-05
384, 379, 3.47178e-05, 0.000122483
384, 380, 0.000112004, 0.000106078
384, 381, 5.36837e-05, 5.85862e-05
384, 382, 4.1469e-05, 5.62172e-05
384, 383, 3.58488e-05, 4.98157e-05
387, 373, 7.59643e-05, 0.000121497
387, 376, 6.63774e-05, 5.5966e-05
387, 377, 2.28239e-05, 8.29055e-05
387, 379, 5.75715e-05, 0.000117927
387, 380, 9.75857e-05, 0.000107899
387, 381, 4.02047e-05, 5.8948e-05
387, 382, 0.000101343, 6.07679e-05
387, 383, 2.27737e-05, 4.63847e-05
387, 384, 3.50908e-05, 2.47227e-05
388, 373, 3.19819e-05, 0.000123463
388, 376, 2.33378e-05, 5.42637e-05
388, 377, 6.99371e-05, 8.37343e-05
388, 379, 4.04018e-05, 0.000120764
388, 380, 3.46074e-05, 0.000109278
388, 381, 3.14726e-05, 6.01167e-05
388, 382, 8.80633e-05, 5.8837e-05
388, 383, 6.18283e-05, 5.18827e-05
388, 384, 6.27944e-05, 2.1753e-05
388, 387, 3.21151e-05, 3.69313e-05
389, 377, 5.12378e-05, 8.50828e-05
389, 379, 2.13337e-05, 0.000119738
389, 380, 9.60206e-05, 0.000106347
389, 381, 3.64486e-05, 5.66469e-05
389, 382, 4.64359e-05, 5.75765e-05
389, 383, 3.86383e-05, 4.95849e-05
389, 384, 2.87412e-05, 2.39468e-05
389, 387, 3.32674e-05, 3.69291e-05
389, 388, 5.78897e-05, 6.05525e-05
390, 377, 4.13911e-05, 8.64418e-05
390, 379, 1.41213e-05, 0.000124721
390, 380, 9.05414e-05, 0.000106074
390, 381, 3.37275e-05, 6.10522e-05
390, 382, 4.77035e-05, 6.15272e-05
390, 383, 3.69959e-05, 5.05485e-05
390, 384, 2.54541e-05, 2.43215e-05
390, 387, 3.07832e-05, 3.89531e-05
390, 388, 5.40205e-05, 6.00711e-05
390, 389, 3.84202e-05, 0.000105204
391, 380, 8.34411e-05, 0.000106922
391, 381, 2.78455e-05, 5.43064e-05
391, 382, 4.47799e-05, 5.6687e-05
391, 383, 4.6554e-05, 5.38253e-05
391, 384, 4.14129e-05, 2.16604e-05
391, 387, 2.52925e-05, 4.0834e-05
391, 388, 6.91834e-05, 5.56676e-05
391, 389, 4.84674e-05, 0.000102758
391, 390, 2.92573e-05, 7.05975e-05
392, 381, 5.35288e-05, 5.60073e-05
392, 382, 8.0163e-05, 5.65799e-05
392, 383, 2.25072e-05, 5.13743e-05
392, 384, 2.13427e-05, 2.16548e-05
392, 387, 5.25146e-05, 3.80684e-05
392, 388, 4.99524e-05, 5.64522e-05
392, 389, 7.03187e-05, 0.000104118
392, 390, 4.9457e-05, 6.86301e-05
392, 391, 6.60427e-05, 0.000118524
393, 381, 8.17512e-05, 5.88958e-05
393, 382, 4.31302e-05, 5.87063e-05
393, 383, 6.16501e-05, 5.10357e-05
393, 384, 4.57377e-05, 2.15186e-05
393, 387, 7.54163e-05, 3.82614e-05
393, 388, 2.25767e-05, 5.98539e-05
393, 389, 2.80122e-05, 0.000101091
393, 390, 7.66153e-05, 7.20333e-05
393, 391, 9.30321e-05, 0.000120177
393, 392, 7.79279e-05, 9.81774e-05
395, 383, 3.66084e-05, 4.89935e-05
395, 384, 2.7764e-05, 2.30561e-05
395, 387, 4.04597e-05, 3.79471e-05
395, 388, 4.97747e-05, 5.98592e-05
395, 389, 3.12499e-05, 0.000102948
395, 390, 3.62014e-05, 7.09802e-05
395, 391, 5.97213e-05, 0.000114373
395, 392, 5.6564e-05, 0.000100117
395, 393, 3.66541e-05, 9.61939e-05
396, 383, 3.72567e-05, 5.42107e-05
396, 384, 3.95606e-05, 2.62255e-05
396, 387, 7.57507e-05, 3.77675e-05
396, 388, 4.99041e-05, 5.77626e-05
396, 389, 8.26585e-05, 0.000101687
396, 390, 6.89252e-05, 7.05104e-05
396, 391, 9.57269e-05, 0.000123964
396, 392, 0.000120597, 9.92628e-05
396, 393, 0.000102751, 9.31222e-05
396, 395, 0.000101267, 2.64167e-05
397, 387, 3.66062e-05, 3.7011e-05
397, 388, 5.98193e-05, 5.97584e-05
397, 389, 4.42789e-05, 0.000102485
397, 390, 3.53537e-05, 6.91586e-05
397, 391, 5.02925e-05, 0.000119175
397, 392, 5.76804e-05, 9.8131e-05
397, 393, 4.15296e-05, 9.86438e-05
397, 395, 4.66935e-05, 2.44867e-05
397, 396, 8.2666e-05, 3.4156e-05
398, 388, 3.97043e-05, 6.21726e-05
398, 389, 5.17419e-05, 0.000101934
398, 390, 5.3664e-05, 6.99742e-05
398, 391, 7.19707e-05, 0.000116591
398, 392, 8.93047e-05, 9.57415e-05
398, 393, 6.7584e-05, 9.35016e-05
398, 395, 8.27752e-05, 2.43731e-05
398, 396, 4.40884e-05, 3.73399e-05
398, 397, 3.34936e-05, 3.21125e-05
399, 390, 5.76017e-05, 6.83418e-05
399, 391, 8.29712e-05, 0.000118875
399, 392, 5.34331e-05, 9.62166e-05
399, 393, 3.27279e-05, 9.24027e-05
399, 395, 7.18174e-05, 2.53841e-05
399, 396, 8.31592e-05, 3.5328e-05
399, 397, 1.65958e-05, 2.84093e-05
399, 398, 8.86415e-05, 6.04846e-05
400, 392, 3.67385e-05, 9.94683e-05
400, 393, 2.34156e-05, 9.11479e-05
400, 395, 9.44182e-05, 2.51244e-05
400, 396, 0.000118022, 3.12678e-05
400, 397, 4.72188e-05, 2.86499e-05
400, 398, 7.62868e-05, 5.73525e-05
400, 399, 3.28883e-05, 0.000140938
401, 393, 1.891e-05, 9.48712e-05
401, 395, 7.29921e-05, 2.38059e-05
401, 396, 9.79914e-05, 3.70863e-05
401, 397, 2.58814e-05, 2.95962e-05
401, 398, 8.24571e-05, 5.61857e-05
401, 399, 5.16821e-05, 0.000136342
401, 400, 4.37459e-05, 3.98759e-05
402, 396, 0.00011477, 3.3294e-05
402, 397, 6.52575e-05, 2.87269e-05
402, 398, 3.38384e-05, 5.79004e-05
402, 399, 3.68374e-05, 0.000139626
402, 400, 5.59294e-05, 3.97988e-05
402, 401, 4.62571e-05, 4.01642e-05
403, 395, 0.000127378, 2.5586e-05
403, 396, 0.00013153, 3.23837e-05
403, 397, 7.4271e-05, 2.83583e-05
403, 398, 3.45081e-05, 5.94424e-05
403, 399, 1.17637e-05, 0.000142384
403, 400, 3.74082e-05, 4.26247e-05
403, 401, 4.03067e-05, 4.00705e-05
403, 402, 7.70555e-05, 2.48274e-05
404, 396, 0.000115976, 3.87222e-05
404, 397, 0.000107867, 2.9229e-05
404, 398, 4.53802e-05, 5.88917e-05
404, 399, 8.23133e-05, 0.000143033
404, 400, 0.000109179, 3.96017e-05
404, 401, 8.79149e-05, 3.99525e-05
404, 402, 2.10794e-05, 2.53154e-05
404, 403, 1.64132e-05, 8.03356e-05
406, 397, 8.86826e-05, 3.07619e-05
406, 399, 4.16388e-05, 0.00013723
406, 400, 6.32642e-05, 3.93027e-05
406, 401, 6.44404e-05, 4.16399e-05
406, 402, 5.75807e-05, 2.5239e-05
406, 403, 3.35785e-05, 8.05363e-05
406, 404, 5.5832e-05, 8.56506e-05
407, 398, 1.92513e-05, 6.18507e-05
407, 399, 6.67649e-05, 0.000140117
407, 400, 8.86046e-05, 4.03585e-05
407, 401, 8.64084e-05, 3.90705e-05
407, 402, 4.95672e-05, 2.43409e-05
407, 403, 2.3176e-05, 8.71357e-05
407, 404, 2.97005e-05, 8.46292e-05
407, 406, 7.0002e-05, 5.32887e-05
408, 399, 0.000125296, 0.000140535
408, 400, 0.000154454, 3.91698e-05
408, 401, 0.00014599, 3.95735e-05
408, 402, 7.08385e-05, 2.54855e-05
408, 403, 7.11961e-05, 8.13097e-05
408, 404, 4.41728e-05, 8.23318e-05
408, 406, 8.2966e-05, 5.70619e-05
408, 407, 2.01068e-05, 8.55505e-05
410, 404, 0.000200741, 8.28699e-05
410, 406, 0.000161002, 5.51343e-05
410, 407, 0.000159428, 8.41588e-05
410, 408, 0.000162579, 5.79947e-05
411, 406, 0.000199399, 5.24055e-05
411, 407, 0.000213297, 8.69714e-05
411, 408, 0.000211534, 5.9751e-05
411, 410, 7.74764e-05, 0.000103425
412, 406, 0.000269677, 5.77868e-05
412, 407, 0.000274443, 8.34077e-05
412, 408, 0.000280152, 5.66718e-05
412, 410, 0.000138921, 9.98759e-05
412, 411, 0.000160732, 9.44651e-05
413, 410, 0.0004241, 0.000103278
413, 411, 0.000431893, 9.58883e-05
413, 412, 0.000345607, 7.51689e-05
414, 412, 0.00047408, 7.21105e-05
414, 413, 0.000123775, 5.90424e-05
415, 412, 0.000453778, 7.56046e-05
415, 413, 0.000141239, 5.84773e-05
415, 414, 6.60426e-05, 7.5722e-05
416, 413, 0.000174711, 6.05331e-05
416, 414, 0.000125381, 7.30919e-05
416, 415, 2.787e-05, 0.000146433
417, 413, 0.000136296, 5.90566e-05
417, 414, 0.000114848, 7.91382e-05
417, 415, 2.97422e-05, 0.000147202
417, 416, 2.92663e-05, 4.56198e-05
420, 413, 0.000201411, 6.05872e-05
420, 414, 0.000128328, 7.21779e-05
420, 415, 8.52787e-05, 0.000147782
420, 416, 7.99463e-05, 4.45043e-05
420, 417, 5.18241e-05, 3.44536e-05
421, 413, 0.000226668, 6.19367e-05
421, 414, 0.000160545, 7.18407e-05
421, 415, 7.84793e-05, 0.000147189
421, 416, 8.2547e-05, 4.52207e-05
421, 417, 4.42398e-05, 3.42404e-05
421, 420, 8.50151e-05, 6.66923e-05
422, 414, 0.000112803, 7.51034e-05
422, 415, 3.69567e-05, 0.000147354
422, 416, 3.69601e-05, 4.44219e-05
422, 417, 2.14232e-05, 3.34122e-05
422, 420, 7.62943e-05, 6.63007e-05
422, 421, 6.23272e-05, 5.66675e-05
423, 414, 0.000190404, 7.48925e-05
423, 415, 8.90415e-05, 0.000149216
423, 416, 0.000102317, 4.47777e-05
423, 417, 5.9796e-05, 3.50503e-05
423, 420, 8.12525e-05, 6.75993e-05
423, 421, 3.4884e-05, 5.73732e-05
423, 422, 2.01595e-05, 4.65086e-05
424, 414, 0.000195216, 7.48224e-05
424, 415, 9.86294e-05, 0.000149287
424, 416, 0.000103563, 4.438e-05
424, 417, 6.49858e-05, 3.75472e-05
424, 420, 7.97446e-05, 6.80797e-05
424, 421, 3.62978e-05, 5.6271e-05
424, 422, 3.3981e-05, 4.95165e-05
424, 423, 7.53761e-05, 2.22389e-05
425, 414, 0.000156835, 7.83736e-05
425, 415, 5.65732e-05, 0.000146181
425, 416, 6.28591e-05, 4.36541e-05
425, 417, 2.85121e-05, 3.10625e-05
425, 420, 5.63972e-05, 6.87918e-05
425, 421, 2.22939e-05, 5.71669e-05
425, 422, 2.37956e-05, 4.69966e-05
425, 423, 3.80197e-05, 2.06067e-05
425, 424, 2.86228e-05, 3.98991e-05
426, 416, 7.81175e-05, 4.06052e-05
426, 417, 7.3904e-05, 3.36739e-05
426, 420, 2.05624e-05, 6.80207e-05
426, 421, 4.18885e-05, 5.69005e-05
426, 422, 5.0629e-05, 4.73326e-05
426, 423, 4.53643e-05, 2.06911e-05
426, 424, 3.36395e-05, 4.0296e-05
426, 425, 6.70358e-05, 0.000122234
427, 416, 0.000109168, 4.70722e-05
427, 417, 6.34706e-05, 3.42625e-05
427, 420, 0.000101974, 6.64098e-05
427, 421, 5.24792e-05, 5.71985e-05
427, 422, 3.88288e-05, 4.9099e-05
427, 423, 9.44685e-05, 1.92295e-05
427, 424, 5.3599e-05, 3.89085e-05
427, 425, 0.000117563, 0.000125564
427, 426, 7.19439e-05, 0.000126154
428, 416, 0.000101812, 4.76166e-05
428, 417, 6.72042e-05, 3.38944e-05
428, 420, 7.20721e-05, 6.83624e-05
428, 421, 3.47146e-05, 5.71631e-05
428, 422, 2.62804e-05, 4.97364e-05
428, 423, 7.51249e-05, 2.23568e-05
428, 424, 3.10923e-05, 3.87538e-05
428, 425, 0.000110577, 0.00012468
428, 426, 5.16492e-05, 0.000126037
428, 427, 4.75206e-05, 6.14556e-05
430, 420, 0.000118007, 6.71904e-05
430, 421, 7.16465e-05, 5.72281e-05
430, 422, 6.50466e-05, 5.09738e-05
430, 423, 0.000113493, 2.07714e-05
430, 424, 6.14579e-05, 3.96838e-05
430, 425, 0.000137909, 0.000125257
430, 426, 9.81852e-05, 0.000128106
430, 427, 7.81685e-05, 5.92202e-05
430, 428, 4.57118e-05, 5.94409e-05
431, 422, 6.80247e-05, 4.86574e-05
431, 423, 0.000107559, 2.19804e-05
431, 424, 6.74525e-05, 3.9802e-05
431, 425, 0.000133703, 0.000126493
431, 426, 7.96722e-05, 0.0001266
431, 427, 4.40213e-05, 6.21537e-05
431, 428, 8.16099e-05, 5.97287e-05
431, 430, 7.69448e-05, 2.76286e-05
432, 424, 8.29501e-05, 3.96685e-05
432, 425, 0.000150696, 0.00012201
432, 426, 9.75526e-05, 0.00012752
432, 427, 5.59755e-05, 6.5853e-05
432, 428, 9.08121e-05, 5.72046e-05
432, 430, 8.2978e-05, 2.77676e-05
432, 431, 4.24839e-05, 2.02402e-05
433, 427, 9.42909e-05, 6.26449e-05
433, 428, 0.000114336, 5.97138e-05
433, 430, 9.50009e-05, 2.84455e-05
433, 431, 7.39825e-05, 2.37214e-05
433, 432, 8.30061e-05, 7.05438e-05
434, 427, 0.000134835, 5.9853e-05
434, 428, 0.000127652, 6.14054e-05
434, 430, 0.000107586, 2.66018e-05
434, 431, 0.000116309, 2.46953e-05
434, 432, 0.000116786, 7.14293e-05
434, 433, 0.000109811, 8.15824e-05
435, 430, 0.000157767, 2.69976e-05
435, 431, 0.000143007, 2.22277e-05
435, 432, 0.000152402, 6.83548e-05
435, 433, 0.000142798, 8.33842e-05
435, 434, 0.000108974, 2.17463e-05
436, 430, 0.000172738, 2.67937e-05
436, 431, 0.000131202, 2.37071e-05
436, 432, 0.000147051, 7.17854e-05
436, 433, 0.000129252, 8.13406e-05
436, 434, 8.24661e-05, 2.10328e-05
436, 435, 0.0001122, 1.62609e-05
437, 431, 0.000139074, 2.51208e-05
437, 432, 0.000157294, 7.26883e-05
437, 433, 0.000139047, 8.15025e-05
437, 434, 8.93857e-05, 2.11396e-05
437, 435, 0.000128953, 1.25899e-05
437, 436, 7.34889e-05, 0.00010968
438, 431, 0.000154579, 2.5374e-05
438, 433, 0.000157635, 8.49727e-05
438, 434, 0.000125188, 1.99754e-05
438, 435, 9.90505e-05, 1.33384e-05
438, 436, 6.08194e-05, 0.000110179
438, 437, 4.61456e-05, 3.16315e-05
439, 433, 0.000117624, 8.22908e-05
439, 434, 7.74076e-05, 2.15957e-05
439, 435, 8.83868e-05, 1.78367e-05
439, 436, 5.51661e-05, 0.000110308
439, 437, 8.3427e-05, 3.03712e-05
439, 438, 7.64816e-05, 5.62826e-05
440, 434, 7.49973e-05, 2.11844e-05
440, 435, 8.37624e-05, 1.64444e-05
440, 436, 6.75783e-05, 0.000110628
440, 437, 9.09417e-05, 3.23062e-05
440, 438, 8.44595e-05, 5.78958e-05
440, 439, 5.89747e-05, 0.000110453
441, 435, 0.000142465, 1.67437e-05
441, 436, 3.6222e-05, 0.000110993
441, 437, 1.75326e-05, 3.15252e-05
441, 438, 2.33812e-05, 5.62043e-05
441, 439, 7.65642e-05, 0.000110681
441, 440, 6.48491e-05, 6.13558e-05
442, 435, 0.000174453, 1.59007e-05
442, 436, 4.01526e-05, 0.00011107
442, 437, 4.67459e-05, 3.27052e-05
442, 438, 2.8729e-05, 5.82907e-05
442, 439, 6.71133e-05, 0.0001113
442, 440, 7.77425e-05, 6.16691e-05
442, 441, 2.39683e-05, 5.95197e-05
443, 436, 8.13923e-05, 0.000111256
443, 437, 8.36477e-05, 2.95428e-05
443, 438, 6.70594e-05, 5.80014e-05
443, 439, 9.39721e-05, 0.000109669
443, 440, 0.000114626, 6.13633e-05
443, 441, 5.83272e-05, 5.97852e-05
443, 442, 9.04149e-05, 8.8112e-05
445, 436, 2.2197e-05, 0.000110012
445, 437, 5.06443e-05, 3.50782e-05
445, 438, 2.83524e-05, 5.93488e-05
445, 439, 3.8167e-05, 0.000109891
445, 440, 4.52525e-05, 6.21166e-05
445, 441, 3.00545e-05, 6.27202e-05
445, 442, 7.94629e-05, 8.63553e-05
445, 443, 3.53783e-05, 0.00017252
447, 437, 9.3778e-05, 3.11837e-05
447, 438, 7.63212e-05, 5.76123e-05
447, 439, 0.000115586, 0.000110278
447, 440, 0.000132618, 6.11207e-05
447, 441, 7.1766e-05, 6.06802e-05
447, 442, 9.09003e-05, 8.64386e-05
447, 443, 0.000123818, 0.000167621
447, 445, 8.35205e-05, 2.89979e-05
448, 437, 8.50565e-05, 3.079e-05
448, 438, 6.91695e-05, 5.58826e-05
448, 439, 9.73906e-05, 0.000109741
448, 440, 0.000117114, 6.07541e-05
448, 441, 6.4512e-05, 6.02858e-05
448, 442, 9.09814e-05, 8.893e-05
448, 443, 0.000113176, 0.000170255
448, 445, 7.01884e-05, 2.79788e-05
448, 447, 6.36268e-05, 0.00010956
449, 438, 4.17074e-05, 5.84827e-05
449, 439, 6.82048e-05, 0.000109176
449, 440, 8.66934e-05, 5.76218e-05
449, 441, 3.33703e-05, 6.1915e-05
449, 442, 8.19647e-05, 8.78684e-05
449, 443, 7.82444e-05, 0.000169901
449, 445, 4.8876e-05, 3.19107e-05
449, 447, 3.23823e-05, 0.000110054
449, 448, 7.22205e-05, 6.31665e-05
450, 438, 3.99373e-05, 5.89173e-05
450, 439, 8.29855e-05, 0.000108858
450, 440, 8.96604e-05, 5.91621e-05
450, 441, 4.03514e-05, 6.21947e-05
450, 442, 6.42476e-05, 8.63125e-05
450, 443, 8.09034e-05, 0.000166569
450, 445, 7.31202e-05, 2.87014e-05
450, 447, 4.18398e-05, 0.000108866
450, 448, 5.73478e-05, 6.46913e-05
450, 449, 5.58989e-05, 9.57752e-05
452, 439, 8.3914e-05, 0.000108588
452, 440, 0.000108592, 6.41559e-05
452, 441, 4.31913e-05, 5.84499e-05
452, 442, 8.55429e-05, 8.51383e-05
452, 443, 9.61956e-05, 0.000171202
452, 445, 5.87589e-05, 3.01075e-05
452, 447, 5.27868e-05, 0.00010845
452, 448, 7.99442e-05, 6.23839e-05
452, 449, 4.11022e-05, 9.52529e-05
452, 450, 3.74257e-05, 4.38067e-05
453, 441, 6.89328e-05, 5.98936e-05
453, 442, 9.9045e-05, 8.91059e-05
453, 443, 0.000121834, 0.000169311
453, 445, 7.25397e-05, 3.28042e-05
453, 447, 7.3279e-05, 0.000111445
453, 448, 9.05135e-05, 6.36859e-05
453, 449, 6.10738e-05, 9.38062e-05
453, 450, 4.68429e-05, 4.35353e-05
453, 452, 4.54666e-05, 0.000103757
454, 441, 2.51753e-05, 6.39008e-05
454, 442, 5.88766e-05, 8.62831e-05
454, 443, 6.3036e-05, 0.000169943
454, 445, 6.80157e-05, 3.32064e-05
454, 447, 2.59607e-05, 0.000106918
454, 448, 5.38015e-05, 6.40722e-05
454, 449, 5.26824e-05, 9.67103e-05
454, 450, 4.37673e-05, 4.48031e-05
454, 452, 3.82415e-05, 0.000105828
454, 453, 8.57266e-05, 4.27593e-05
456, 443, 0.000120931, 0.000170445
456, 445, 5.44635e-05, 2.98396e-05
456, 447, 7.22472e-05, 0.000109435
456, 448, 0.000111029, 5.99044e-05
456, 449, 4.11375e-05, 9.94756e-05
456, 450, 6.72947e-05, 4.54604e-05
456, 452, 4.76927e-05, 0.000100903
456, 453, 7.53729e-05, 4.3709e-05
456, 454, 4.64885e-05, 0.000136563
457, 447, 6.63762e-05, 0.000105954
457, 448, 7.10591e-05, 6.94556e-05
457, 449, 6.40198e-05, 9.7922e-05
457, 450, 3.86968e-05, 4.26754e-05
457, 452, 4.26014e-05, 0.000104463
457, 453, 4.27389e-05, 4.68476e-05
457, 454, 3.00513e-05, 0.000145925
457, 456, 7.37716e-05, 9.26007e-05
458, 447, 0.000110259, 0.000107442
458, 448, 0.00010916, 6.56238e-05
458, 449, 0.000110416, 9.64794e-05
458, 450, 7.56914e-05, 4.73919e-05
458, 452, 8.95695e-05, 0.000105761
458, 453, 3.0558e-05, 4.46613e-05
458, 454, 6.43078e-05, 0.000141006
458, 456, 7.51966e-05, 8.86867e-05
458, 457, 4.19726e-05, 6.63689e-05
459, 450, 8.907e-05, 4.16487e-05
459, 452, 7.17124e-05, 0.00010444
459, 453, 7.66847e-05, 4.69175e-05
459, 454, 5.4435e-05, 0.000140473
459, 456, 3.05525e-05, 9.13069e-05
459, 457, 8.67625e-05, 5.9805e-05
459, 458, 8.11273e-05, 3.72959e-05
460, 452, 3.94487e-05, 0.000107606
460, 453, 4.00347e-05, 4.50043e-05
460, 454, 2.86527e-05, 0.000139716
460, 456, 7.21639e-05, 9.12502e-05
460, 457, 3.14426e-05, 6.22646e-05
460, 458, 2.71726e-05, 3.79824e-05
460, 459, 3.17142e-05, 6.32767e-05
461, 452, 0.000113027, 0.000101624
461, 453, 5.33799e-05, 4.39198e-05
461, 454, 8.92042e-05, 0.000139224
461, 456, 7.03868e-05, 9.36787e-05
461, 457, 7.46005e-05, 6.13146e-05
461, 458, 9.90359e-05, 3.66822e-05
461, 459, 7.9592e-05, 6.69544e-05
461, 460, 3.73478e-05, 9.69803e-05
462, 452, 7.26284e-05, 0.00010308
462, 453, 3.1504e-05, 4.49678e-05
462, 454, 5.33562e-05, 0.000141541
462, 456, 8.52537e-05, 9.34346e-05
462, 457, 2.49785e-05, 6.34143e-05
462, 458, 5.04467e-05, 3.75123e-05
462, 459, 2.64021e-05, 6.6457e-05
462, 460, 6.90667e-05, 9.55036e-05
462, 461, 3.50106e-05, 3.90833e-05
463, 453, 2.25737e-05, 4.3838e-05
463, 454, 4.30261e-05, 0.00013549
463, 456, 5.83488e-05, 9.4212e-05
463, 457, 3.62215e-05, 6.16862e-05
463, 458, 5.13699e-05, 3.91735e-05
463, 459, 3.78203e-05, 6.66152e-05
463, 460, 4.14543e-05, 9.55216e-05
463, 461, 2.18361e-05, 3.81148e-05
463, 462, 3.43134e-05, 0.000100941
464, 456, 5.17377e-05, 8.64803e-05
464, 457, 6.77945e-05, 6.50813e-05
464, 458, 9.46436e-05, 3.95139e-05
464, 459, 7.7535e-05, 6.73108e-05
464, 460, 2.14253e-05, 9.29232e-05
464, 461, 4.92789e-05, 3.73542e-05
464, 462, 6.87695e-05, 9.68881e-05
464, 463, 7.13902e-05, 2.43087e-05
465, 456, 9.21841e-05, 8.96648e-05
465, 457, 2.97462e-05, 6.31347e-05
465, 458, 6.74036e-05, 4.05535e-05
465, 459, 3.34979e-05, 6.13521e-05
465, 460, 6.95329e-05, 9.21919e-05
465, 461, 3.41916e-05, 3.75329e-05
465, 462, 6.73305e-05, 9.89434e-05
465, 463, 4.44691e-05, 2.60671e-05
465, 464, 6.80787e-05, 4.38009e-05
466, 456, 5.34039e-05, 9.33891e-05
466, 457, 8.29226e-05, 6.15008e-05
466, 458, 9.99243e-05, 3.57387e-05
466, 459, 9.14908e-05, 6.5088e-05
466, 460, 2.9114e-05, 9.34456e-05
466, 461, 6.22612e-05, 3.87868e-05
466, 462, 7.76431e-05, 9.69883e-05
466, 463, 8.58009e-05, 2.21013e-05
466, 464, 4.17056e-05, 4.4766e-05
466, 465, 4.59214e-05, 2.60993e-05
467, 457, 5.64403e-05, 6.41611e-05
467, 458, 6.52357e-05, 3.50649e-05
467, 459, 6.73979e-05, 6.54352e-05
467, 460, 2.91531e-05, 9.43852e-05
467, 461, 4.08712e-05, 3.46861e-05
467, 462, 4.1686e-05, 9.7139e-05
467, 463, 5.71109e-05, 2.20674e-05
467, 464, 6.14052e-05, 4.51139e-05
467, 465, 3.37841e-05, 2.59947e-05
467, 466, 5.16574e-05, 3.58898e-05
468, 457, 3.33669e-05, 6.27067e-05
468, 458, 3.42565e-05, 3.42791e-05
468, 459, 3.07777e-05, 6.72915e-05
468, 460, 6.05965e-05, 9.45819e-05
468, 461, 4.05186e-05, 3.61995e-05
468, 462, 2.85013e-05, 9.76011e-05
468, 463, 2.54428e-05, 2.08353e-05
468, 464, 8.84473e-05, 4.39302e-05
468, 465, 4.33975e-05, 2.10629e-05
468, 466, 6.58024e-05, 3.84482e-05
468, 467, 5.51452e-05, 0.000105849
469, 457, 6.12563e-05, 6.09712e-05
469, 458, 9.58241e-05, 3.95149e-05
469, 459, 6.72362e-05, 6.63635e-05
469, 460, 6.25083e-05, 9.63347e-05
469, 461, 4.71098e-05, 3.96084e-05
469, 462, 9.0072e-05, 0.000101452
469, 463, 6.47121e-05, 2.19357e-05
469, 464, 5.16236e-05, 4.33799e-05
469, 465, 5.97605e-05, 2.16781e-05
469, 466, 3.10417e-05, 3.95782e-05
469, 467, 3.51026e-05, 0.000104216
469, 468, 6.31861e-05, 3.60591e-05
470, 457, 7.74279e-05, 6.69798e-05
470, 458, 9.15174e-05, 4.17983e-05
470, 459, 8.24102e-05, 6.74376e-05
470, 460, 2.64282e-05, 9.46005e-05
470, 461, 5.83809e-05, 3.58878e-05
470, 462, 7.25945e-05, 0.000102345
470, 463, 7.99517e-05, 2.21591e-05
470, 464, 4.74806e-05, 4.50028e-05
470, 465, 4.52457e-05, 2.47854e-05
470, 466, 5.58585e-05, 3.78592e-05
470, 467, 5.52533e-05, 0.000107432
470, 468, 4.17732e-05, 3.55823e-05
470, 469, 5.45982e-05, 4.4085e-05
471, 459, 5.00875e-05, 6.7138e-05
471, 460, 3.60205e-05, 9.34704e-05
471, 461, 3.37576e-05, 3.59135e-05
471, 462, 6.46829e-05, 0.00010139
471, 463, 4.68307e-05, 2.12041e-05
471, 464, 4.34979e-05, 4.38651e-05
471, 465, 2.90928e-05, 2.77138e-05
471, 466, 2.31204e-05, 3.9996e-05
471, 467, 2.09673e-05, 0.000106159
471, 468, 5.08153e-05, 3.62314e-05
471, 469, 8.4725e-05, 4.31382e-05
471, 470, 7.66265e-05, 3.13982e-05
472, 460, 4.53125e-05, 9.74835e-05
472, 461, 7.9448e-05, 3.65898e-05
472, 462, 9.67546e-05, 0.000101718
472, 463, 9.7544e-05, 2.40478e-05
472, 464, 4.68465e-05, 4.38761e-05
472, 465, 6.69242e-05, 2.08737e-05
472, 466, 6.31904e-05, 3.58715e-05
472, 467, 6.58342e-05, 0.000106251
472, 468, 3.18083e-05, 3.5013e-05
472, 469, 6.32477e-05, 4.2333e-05
472, 470, 0.000109392, 2.87554e-05
472, 471, 8.95281e-05, 9.64378e-05
473, 462, 9.62688e-05, 0.000100725
473, 463, 0.000114287, 2.58571e-05
473, 464, 8.77927e-05, 4.49328e-05
473, 465, 7.76856e-05, 2.47266e-05
473, 466, 9.97283e-05, 4.1993e-05
473, 467, 0.000102174, 0.00010674
473, 468, 7.55565e-05, 3.48295e-05
473, 469, 3.31277e-05, 4.57928e-05
473, 470, 0.000109068, 2.98653e-05
473, 471, 9.81692e-05, 9.27377e-05
473, 472, 7.77819e-05, 3.55608e-05
474, 463, 3.94201e-05, 2.0554e-05
474, 464, 6.91307e-05, 4.7641e-05
474, 465, 2.90543e-05, 2.15843e-05
474, 466, 5.23978e-05, 3.91226e-05
474, 467, 4.26935e-05, 0.000105649
474, 468, 8.07657e-05, 3.51374e-05
474, 469, 7.58711e-05, 4.20842e-05
474, 470, 4.36903e-05, 3.20471e-05
474, 471, 2.75422e-05, 9.63143e-05
474, 472, 4.74293e-05, 3.06341e-05
474, 473, 5.72582e-05, 0.000102441
475, 465, 8.14997e-05, 2.82964e-05
475, 466, 9.96595e-05, 3.57361e-05
475, 467, 9.81739e-05, 0.000106908
475, 468, 5.89387e-05, 3.47201e-05
475, 469, 5.48965e-05, 4.45848e-05
475, 470, 0.000123987, 3.07498e-05
475, 471, 0.000108918, 9.45391e-05
475, 472, 7.20566e-05, 3.11458e-05
475, 473, 5.33773e-05, 0.000106614
475, 474, 8.53328e-05, 5.41576e-05
476, 466, 7.96166e-05, 3.62514e-05
476, 467, 7.56424e-05, 0.000104952
476, 468, 3.82858e-05, 3.53579e-05
476, 469, 9.02158e-05, 4.62515e-05
476, 470, 0.000136815, 2.89705e-05
476, 471, 0.000109423, 9.69113e-05
476, 472, 6.30861e-05, 3.14909e-05
476, 473, 5.24156e-05, 9.9667e-05
476, 474, 4.9061e-05, 5.57734e-05
476, 475, 9.442e-05, 6.24895e-05
477, 469, 9.38538e-05, 4.48077e-05
477, 470, 0.000126591, 2.72639e-05
477, 471, 0.000103981, 9.50672e-05
477, 472, 5.4502e-05, 3.2845e-05
477, 473, 5.04124e-05, 0.000103348
477, 474, 2.93773e-05, 5.13999e-05
477, 475, 7.17364e-05, 6.12482e-05
477, 476, 3.62058e-05, 5.63667e-05
478, 471, 0.00012724, 9.72327e-05
478, 472, 7.70781e-05, 3.29744e-05
478, 473, 6.31673e-05, 0.000103136
478, 474, 7.24876e-05, 5.61982e-05
478, 475, 0.00011945, 6.67909e-05
478, 476, 3.81698e-05, 5.57267e-05
478, 477, 4.12613e-05, 4.44212e-05
479, 471, 6.81773e-05, 9.6017e-05
479, 472, 3.61372e-05, 3.17868e-05
479, 473, 2.57772e-05, 0.000102499
479, 474, 5.70212e-05, 5.24001e-05
479, 475, 7.33607e-05, 6.51926e-05
479, 476, 3.48411e-05, 5.85192e-05
479, 477, 9.16659e-05, 4.38351e-05
479, 478, 3.92987e-05, 7.21588e-05
480, 474, 2.60369e-05, 5.10522e-05
480, 475, 6.72221e-05, 6.33678e-05
480, 476, 3.70311e-05, 5.66257e-05
480, 477, 7.05866e-05, 4.62324e-05
480, 478, 6.43902e-05, 7.3416e-05
480, 479, 4.33065e-05, 2.29769e-05
481, 475, 0.000150921, 6.49072e-05
481, 476, 8.77987e-05, 5.89967e-05
481, 477, 3.70582e-05, 4.27346e-05
481, 478, 0.000108359, 7.35808e-05
481, 479, 0.000127272, 2.2899e-05
481, 480, 0.000100054, 9.6802e-05
482, 475, 0.000143608, 6.20693e-05
482, 476, 6.53038e-05, 6.12212e-05
482, 477, 3.85755e-05, 4.42948e-05
482, 478, 7.00385e-05, 7.35371e-05
482, 479, 0.00011613, 2.57469e-05
482, 480, 6.56022e-05, 9.71687e-05
482, 481, 3.63496e-05, 5.28292e-05
483, 475, 0.000116952, 6.20472e-05
483, 477, 2.87948e-05, 4.48233e-05
483, 478, 7.3623e-05, 7.28821e-05
483, 479, 8.93517e-05, 2.53366e-05
483, 480, 6.72181e-05, 9.83568e-05
483, 481, 5.19913e-05, 5.0518e-05
483, 482, 4.48642e-05, 3.19587e-05
484, 477, 7.95729e-05, 4.24798e-05
484, 478, 0.000150506, 7.35089e-05
484, 479, 0.00016743, 2.87881e-05
484, 480, 0.000147711, 9.65532e-05
484, 481, 0.000115959, 5.31027e-05
484, 482, 0.000123927, 3.19897e-05
484, 483, 7.56598e-05, 2.96455e-05
485, 477, 4.73648e-05, 4.45084e-05
485, 478, 0.00011976, 7.15379e-05
485, 479, 0.000131534, 2.51212e-05
485, 480, 0.000115806, 9.80301e-05
485, 481, 9.16453e-05, 5.02102e-05
485, 482, 8.7546e-05, 3.33387e-05
485, 483, 4.55047e-05, 3.35048e-05
485, 484, 4.93613e-05, 7.9694e-05
486, 477, 4.68395e-05, 4.44505e-05
486, 478, 0.000114194, 7.25775e-05
486, 479, 0.000136894, 2.8344e-05
486, 480, 0.000109239, 9.86461e-05
486, 481, 8.00391e-05, 5.17941e-05
486, 482, 8.06295e-05, 3.29501e-05
486, 483, 6.79312e-05, 3.08807e-05
486, 484, 5.71559e-05, 7.56884e-05
486, 485, 7.99823e-05, 2.92552e-05
487, 480, 0.000160537, 9.69296e-05
487, 481, 0.000132926, 5.4595e-05
487, 482, 0.000131818, 3.33315e-05
487, 483, 7.75642e-05, 3.1098e-05
487, 484, 9.98674e-05, 7.67008e-05
487, 485, 7.83009e-05, 2.8342e-05
487, 486, 9.18058e-05, 7.96783e-05
488, 480, 0.000105318, 9.71509e-05
488, 481, 9.88409e-05, 5.41369e-05
488, 482, 9.47389e-05, 3.41844e-05
488, 483, 3.30646e-05, 2.85105e-05
488, 484, 4.84913e-05, 7.78574e-05
488, 485, 4.0974e-05, 2.92316e-05
488, 486, 6.69993e-05, 8.05383e-05
488, 487, 4.66723e-05, 4.556e-05
489, 481, 0.00012547, 5.13338e-05
489, 482, 0.000117988, 3.64844e-05
489, 483, 5.14794e-05, 3.22481e-05
489, 484, 7.5615e-05, 7.45225e-05
489, 485, 5.26897e-05, 2.93425e-05
489, 486, 9.11659e-05, 8.03436e-05
489, 487, 5.37569e-05, 4.84707e-05
489, 488, 8.10661e-05, 3.11357e-05
490, 482, 0.000129063, 3.41211e-05
490, 483, 5.98054e-05, 3.38098e-05
490, 484, 8.04041e-05, 7.46395e-05
490, 485, 6.70261e-05, 3.2409e-05
490, 486, 8.77362e-05, 7.89642e-05
490, 487, 2.90318e-05, 4.91445e-05
490, 488, 7.07904e-05, 3.01631e-05
490, 489, 5.90178e-05, 4.85814e-05
491, 484, 4.09685e-05, 7.79859e-05
491, 485, 6.54873e-05, 3.26959e-05
491, 486, 3.80747e-05, 7.90694e-05
491, 487, 5.31533e-05, 4.58481e-05
491, 488, 3.64232e-05, 2.96829e-05
491, 489, 9.29195e-05, 4.96235e-05
491, 490, 4.4907e-05, 8.11898e-05
492, 484, 0.000122105, 7.91883e-05
492, 485, 0.000131293, 3.37442e-05
492, 486, 9.02516e-05, 8.05281e-05
492, 487, 7.29589e-05, 4.49951e-05
492, 488, 6.62054e-05, 2.98437e-05
492, 489, 4.53062e-05, 5.16009e-05
492, 490, 6.24116e-05, 8.06918e-05
492, 491, 9.86871e-05, 6.42299e-05
493, 486, 5.2601e-05, 7.99806e-05
493, 487, 3.81046e-05, 4.56555e-05
493, 488, 3.88412e-05, 2.957e-05
493, 489, 7.40422e-05, 4.93943e-05
493, 490, 4.67099e-05, 8.09066e-05
493, 491, 3.7341e-05, 6.53264e-05
493, 492, 3.18385e-05, 2.89527e-05
494, 486, 7.70833e-05, 7.98415e-05
494, 487, 5.84024e-05, 4.49326e-05
494, 488, 6.10703e-05, 3.06201e-05
494, 489, 3.54849e-05, 4.97794e-05
494, 490, 6.58495e-05, 8.15462e-05
494, 491, 8.67625e-05, 6.26964e-05
494, 492, 5.52509e-05, 3.17169e-05
494, 493, 4.31581e-05, 3.89303e-05
495, 487, 6.45061e-05, 4.588e-05
495, 488, 7.28195e-05, 3.06062e-05
495, 489, 3.75675e-05, 4.95031e-05
495, 490, 6.98246e-05, 8.2234e-05
495, 491, 9.04037e-05, 6.21702e-05
495, 492, 6.25068e-05, 3.13016e-05
495, 493, 4.67264e-05, 3.94634e-05
495, 494, 6.39045e-05, 3.84976e-05
496, 488, 0.000124274, 2.78438e-05
496, 489, 5.16357e-05, 4.88989e-05
496, 490, 0.000122477, 8.21827e-05
496, 491, 0.000141815, 6.07692e-05
496, 492, 0.000117671, 3.04464e-05
496, 493, 8.50095e-05, 3.84248e-05
496, 494, 0.000103056, 3.84531e-05
496, 495, 8.3749e-05, 6.20003e-05
497, 488, 8.58459e-05, 2.88277e-05
497, 489, 3.19202e-05, 5.06011e-05
497, 490, 9.14591e-05, 8.09961e-05
497, 491, 9.55196e-05, 6.28672e-05
497, 492, 7.26906e-05, 2.94853e-05
497, 493, 5.20904e-05, 3.60669e-05
497, 494, 6.33859e-05, 3.77229e-05
497, 495, 5.15813e-05, 6.31399e-05
497, 496, 4.91692e-05, 4.93714e-05
498, 489, 7.23609e-05, 4.95161e-05
498, 490, 3.31105e-05, 8.29359e-05
498, 491, 6.92311e-05, 6.27781e-05
498, 492, 3.67417e-05, 3.06936e-05
498, 493, 5.08971e-05, 3.99352e-05
498, 494, 5.50712e-05, 3.6884e-05
498, 495, 4.29654e-05, 6.39464e-05
498, 496, 0.000107209, 5.32776e-05
498, 497, 5.82897e-05, 4.96366e-05
499, 492, 7.24795e-05, 2.93901e-05
499, 493, 4.51998e-05, 4.02217e-05
499, 494, 5.14407e-05, 3.54908e-05
499, 495, 5.43807e-05, 6.23069e-05
499, 496, 6.35524e-05, 5.34734e-05
499, 497, 5.38232e-05, 5.4246e-05
499, 498, 6.7863e-05, 6.91357e-05
500, 493, 2.81331e-05, 3.92249e-05
500, 494, 3.28109e-05, 3.7947e-05
500, 495, 4.24539e-05, 6.5814e-05
500, 496, 8.93027e-05, 5.0317e-05
500, 497, 3.33986e-05, 5.03788e-05
500, 498, 3.57595e-05, 6.30477e-05
500, 499, 3.01343e-05, 5.89327e-05
501, 492, 9.16598e-05, 3.11271e-05
501, 493, 6.68988e-05, 3.96024e-05
501, 494, 6.93268e-05, 3.72689e-05
501, 495, 8.02557e-05, 6.4476e-05
501, 496, 6.40301e-05, 5.12913e-05
501, 497, 7.07102e-05, 5.06156e-05
501, 498, 8.45004e-05, 7.07471e-05
501, 499, 8.3735e-05, 5.64552e-05
501, 500, 5.07299e-05, 5.25147e-05
502, 495, 0.000103256, 6.17461e-05
502, 496, 4.47803e-05, 5.16012e-05
502, 497, 0.000129459, 4.86329e-05
502, 498, 0.000122456, 6.83893e-05
502, 499, 0.0001228, 5.57871e-05
502, 500, 8.67247e-05, 5.30557e-05
502, 501, 9.94901e-05, 0.000109584
503, 495, 7.3459e-05, 6.18656e-05
503, 496, 3.60201e-05, 5.14457e-05
503, 497, 9.64351e-05, 5.37133e-05
503, 498, 8.9752e-05, 6.49639e-05
503, 499, 8.80122e-05, 5.57063e-05
503, 500, 6.47458e-05, 5.32054e-05
503, 501, 8.17293e-05, 0.000109333
503, 502, 3.60646e-05, 3.71543e-05
504, 496, 3.82973e-05, 5.40688e-05
504, 497, 0.000126913, 5.28589e-05
504, 498, 0.000121354, 6.55445e-05
504, 499, 0.000126274, 5.75897e-05
504, 500, 8.56948e-05, 5.42306e-05
504, 501, 9.27433e-05, 0.000109951
504, 502, 5.38725e-05, 3.20405e-05
504, 503, 3.89627e-05, 3.72732e-05
505, 495, 5.55753e-05, 6.17524e-05
505, 496, 4.68906e-05, 5.38758e-05
505, 497, 5.61806e-05, 5.00462e-05
505, 498, 6.82336e-05, 6.70013e-05
505, 499, 5.38026e-05, 6.0447e-05
505, 500, 3.19105e-05, 4.98942e-05
505, 501, 4.32407e-05, 0.000110033
505, 502, 4.00709e-05, 3.28833e-05
505, 503, 6.18048e-05, 3.76376e-05
505, 504, 3.56346e-05, 7.4978e-05
506, 497, 0.000131582, 5.1431e-05
506, 499, 0.000116405, 5.76814e-05
506, 500, 9.68389e-05, 5.365e-05
506, 501, 0.000110694, 0.000109357
506, 502, 6.49308e-05, 3.16965e-05
506, 503, 6.29496e-05, 3.55854e-05
506, 504, 7.61853e-05, 7.72586e-05
506, 505, 4.46117e-05, 4.91179e-05
508, 499, 0.000130623, 5.75197e-05
508, 500, 0.00010178, 5.24184e-05
508, 501, 0.000113385, 0.000108228
508, 502, 7.02825e-05, 3.51433e-05
508, 503, 5.78714e-05, 3.66811e-05
508, 504, 8.56134e-05, 7.50988e-05
508, 505, 6.25727e-05, 5.20249e-05
508, 506, 6.35149e-05, 3.2511e-05
509, 500, 4.7619e-05, 5.23686e-05
509, 501, 7.95431e-05, 0.000109389
509, 502, 3.68976e-05, 3.50212e-05
509, 503, 6.8269e-05, 3.61232e-05
509, 504, 3.5601e-05, 7.46296e-05
509, 505, 4.06272e-05, 4.92257e-05
509, 506, 3.15511e-05, 3.25218e-05
509, 508, 6.54453e-05, 3.59434e-05
510, 501, 4.34716e-05, 0.000108107
510, 502, 3.93848e-05, 3.41142e-05
510, 503, 4.4706e-05, 3.6471e-05
510, 504, 5.6743e-05, 7.09478e-05
510, 505, 8.20931e-05, 4.71379e-05
510, 506, 6.51387e-05, 3.63593e-05
510, 508, 4.38108e-05, 4.25992e-05
510, 509, 3.21062e-05, 6.04172e-05
511, 502, 8.32011e-05, 3.43666e-05
511, 503, 6.94796e-05, 4.11588e-05
511, 504, 0.000106502, 7.44043e-05
511, 505, 7.39038e-05, 4.77879e-05
511, 506, 8.08595e-05, 3.35098e-05
511, 508, 6.25466e-05, 3.30048e-05
511, 509, 0.000102211, 5.79504e-05
511, 510, 2.92756e-05, 3.40711e-05
512, 502, 9.79682e-05, 3.49139e-05
512, 503, 7.42224e-05, 3.81055e-05
512, 504, 0.000126279, 7.5202e-05
512, 505, 9.63595e-05, 4.79027e-05
512, 506, 0.000100084, 3.31747e-05
512, 508, 7.24093e-05, 3.88213e-05
512, 509, 0.000110291, 5.76497e-05
512, 510, 3.34866e-05, 3.609e-05
512, 511, 2.78964e-05, 8.50997e-05
513, 504, 9.83304e-05, 7.34037e-05
513, 505, 8.76026e-05, 5.09832e-05
513, 506, 8.0917e-05, 3.26872e-05
513, 508, 4.95763e-05, 3.95756e-05
513, 509, 8.62507e-05, 5.72406e-05
513, 510, 3.64848e-05, 3.41296e-05
513, 511, 4.2258e-05, 8.78082e-05
513, 512, 4.18978e-05, 4.40289e-05
514, 504, 6.10015e-05, 7.57137e-05
514, 505, 7.69719e-05, 4.87841e-05
514, 506, 5.63791e-05, 3.27207e-05
514, 508, 3.47444e-05, 3.63332e-05
514, 509, 4.16769e-05, 6.00331e-05
514, 510, 7.77544e-05, 3.78784e-05
514, 511, 9.33451e-05, 8.74479e-05
514, 512, 8.78671e-05, 3.99147e-05
514, 513, 3.60528e-05, 3.44483e-05
515, 505, 9.21385e-05, 5.05662e-05
515, 506, 9.05233e-05, 3.36565e-05
515, 508, 4.84516e-05, 4.219e-05
515, 509, 8.42863e-05, 5.97808e-05
515, 510, 4.22403e-05, 3.75466e-05
515, 511, 4.55006e-05, 8.60432e-05
515, 512, 3.90999e-05, 4.15975e-05
515, 513, 4.78029e-05, 2.99074e-05
515, 514, 6.71416e-05, 3.65667e-05
516, 506, 0.000116575, 3.37742e-05
516, 508, 7.34014e-05, 3.97156e-05
516, 509, 0.000108061, 5.80638e-05
516, 510, 5.72735e-05, 3.72313e-05
516, 511, 4.4008e-05, 8.78147e-05
516, 512, 3.16315e-05, 4.12391e-05
516, 513, 7.8994e-05, 3.31026e-05
516, 514, 9.42291e-05, 3.6536e-05
516, 515, 5.08578e-05, 7.30027e-05
517, 508, 3.76623e-05, 4.29026e-05
517, 509, 5.75199e-05, 5.8495e-05
517, 510, 6.93929e-05, 3.33465e-05
517, 511, 7.6722e-05, 8.71239e-05
517, 512, 7.19157e-05, 4.18248e-05
517, 513, 4.22865e-05, 3.10827e-05
517, 514, 5.15803e-05, 3.75558e-05
517, 515, 5.57328e-05, 7.26945e-05
517, 516, 3.32787e-05, 5.44245e-05
519, 508, 8.34798e-05, 3.72136e-05
519, 509, 0.000110465, 5.77978e-05
519, 510, 5.7402e-05, 3.47964e-05
519, 511, 7.0576e-05, 8.68479e-05
519, 512, 9.20609e-05, 4.30111e-05
519, 513, 7.06026e-05, 3.28075e-05
519, 514, 7.80497e-05, 3.72582e-05
519, 515, 6.88645e-05, 7.47906e-05
519, 516, 8.94162e-05, 5.4368e-05
519, 517, 4.16679e-05, 5.36309e-05
520, 509, 0.000113958, 5.88203e-05
520, 510, 3.69763e-05, 3.69014e-05
520, 511, 3.8538e-05, 8.72283e-05
520, 512, 5.20396e-05, 4.22397e-05
520, 513, 6.68231e-05, 3.31952e-05
520, 514, 8.40007e-05, 3.61624e-05
520, 515, 4.42298e-05, 7.2865e-05
520, 516, 8.08629e-05, 5.32408e-05
520, 517, 7.35617e-05, 5.1942e-05
520, 519, 9.78112e-05, 3.21961e-05
521, 511, 8.19469e-05, 8.79573e-05
521, 512, 6.59637e-05, 4.28955e-05
521, 513, 5.73097e-05, 3.2929e-05
521, 514, 6.54101e-05, 3.61585e-05
521, 515, 5.99729e-05, 7.51386e-05
521, 516, 4.27967e-05, 5.31512e-05
521, 517, 9.75267e-05, 5.40733e-05
521, 519, 3.56187e-05, 2.93561e-05
521, 520, 7.2815e-05, 3.76836e-05
522, 510, 5.16902e-05, 3.59035e-05
522, 511, 4.47228e-05, 8.91087e-05
522, 512, 3.88434e-05, 4.42671e-05
522, 513, 6.23103e-05, 2.92471e-05
522, 514, 7.22305e-05, 3.76016e-05
522, 515, 3.9282e-05, 7.22472e-05
522, 516, 5.36524e-05, 5.27082e-05
522, 517, 9.20867e-05, 5.23742e-05
522, 519, 6.16676e-05, 3.16579e-05
522, 520, 8.43909e-05, 3.73597e-05
522, 521, 6.08366e-05, 4.16133e-05
523, 512, 4.02175e-05, 4.07255e-05
523, 513, 8.93378e-05, 3.43033e-05
523, 514, 0.000100018, 3.81733e-05
523, 515, 4.95594e-05, 7.5819e-05
523, 516, 9.26843e-05, 5.49042e-05
523, 517, 9.82467e-05, 5.2797e-05
523, 519, 9.95433e-05, 3.13874e-05
523, 520, 0.000108299, 3.5964e-05
523, 521, 0.000100552, 4.00431e-05
523, 522, 8.24673e-05, 4.54178e-05
525, 513, 0.000102088, 3.33846e-05
525, 514, 0.000116995, 3.87651e-05
525, 515, 6.7723e-05, 7.29342e-05
525, 516, 9.70426e-05, 5.33053e-05
525, 517, 0.000120067, 5.31844e-05
525, 519, 0.000100353, 3.09959e-05
525, 520, 0.000128654, 3.75659e-05
525, 521, 9.86543e-05, 4.16952e-05
525, 522, 7.50592e-05, 4.56005e-05
525, 523, 8.99945e-05, 4.04656e-05
526, 513, 4.82475e-05, 3.12266e-05
526, 516, 3.7831e-05, 5.45079e-05
526, 517, 8.1026e-05, 5.28501e-05
526, 519, 4.44227e-05, 3.06978e-05
526, 520, 6.49072e-05, 3.69269e-05
526, 521, 4.6929e-05, 4.12954e-05
526, 522, 5.69657e-05, 4.51088e-05
526, 523, 5.64207e-05, 4.19545e-05
526, 525, 7.76456e-05, 3.38792e-05
527, 520, 8.25472e-05, 3.7334e-05
527, 521, 4.72812e-05, 4.29359e-05
527, 522, 4.53386e-05, 4.54796e-05
527, 523, 4.73784e-05, 4.24303e-05
527, 525, 7.05229e-05, 3.41697e-05
527, 526, 6.71582e-05, 5.30956e-05
528, 520, 0.000166868, 3.89654e-05
528, 521, 0.000140739, 4.17709e-05
528, 522, 0.000107391, 4.54046e-05
528, 523, 0.00012137, 4.09018e-05
528, 525, 7.68278e-05, 3.33755e-05
528, 526, 7.92771e-05, 5.28188e-05
528, 527, 8.02696e-05, 3.65522e-05
529, 520, 0.000126328, 3.74989e-05
529, 521, 0.00013929, 4.20176e-05
529, 522, 0.000122945, 4.50583e-05
529, 523, 0.000133972, 3.92572e-05
529, 525, 4.66759e-05, 3.57489e-05
529, 526, 4.71107e-05, 5.28789e-05
529, 527, 4.68371e-05, 3.46999e-05
529, 528, 8.17637e-05, 6.71171e-05
530, 521, 0.000113765, 4.26446e-05
530, 522, 0.000106344, 4.61024e-05
530, 523, 0.000117441, 4.10568e-05
530, 525, 3.83165e-05, 3.4881e-05
530, 526, 3.75604e-05, 5.39759e-05
530, 527, 3.73461e-05, 3.46931e-05
530, 528, 6.5089e-05, 6.6938e-05
530, 529, 3.59915e-05, 3.17617e-05
531, 525, 3.40195e-05, 3.34294e-05
531, 526, 3.25825e-05, 5.33693e-05
531, 527, 3.42921e-05, 3.58408e-05
531, 528, 4.71554e-05, 6.68899e-05
531, 529, 5.56052e-05, 2.95689e-05
531, 530, 4.70881e-05, 3.63273e-05
532, 525, 3.35172e-05, 3.68664e-05
532, 526, 3.26865e-05, 5.20377e-05
532, 527, 3.47378e-05, 3.5853e-05
532, 528, 4.98336e-05, 6.75761e-05
532, 529, 5.58368e-05, 3.07762e-05
532, 530, 4.86371e-05, 3.60182e-05
532, 531, 3.35563e-05, 4.64558e-05
533, 525, 4.05915e-05, 3.3599e-05
533, 526, 4.58164e-05, 5.19081e-05
533, 527, 4.38102e-05, 3.44225e-05
533, 528, 8.2154e-05, 6.7201e-05
533, 529, 5.24784e-05, 3.00762e-05
533, 530, 6.14407e-05, 3.59327e-05
533, 531, 4.93186e-05, 4.73204e-05
533, 532, 3.50308e-05, 3.39083e-05
535, 525, 6.69468e-05, 3.54764e-05
535, 526, 7.21653e-05, 4.98176e-05
535, 527, 6.94044e-05, 3.57968e-05
535, 528, 0.000104577, 6.66588e-05
535, 529, 8.85993e-05, 3.13175e-05
535, 530, 5.76629e-05, 3.61864e-05
535, 531, 6.2454e-05, 4.59543e-05
535, 532, 5.73616e-05, 3.33099e-05
535, 533, 5.45235e-05, 3.35009e-05
537, 528, 6.24743e-05, 6.89233e-05
537, 529, 5.15318e-05, 3.16988e-05
537, 530, 5.63455e-05, 3.5345e-05
537, 531, 4.17706e-05, 4.75833e-05
537, 532, 3.28119e-05, 3.53991e-05
537, 533, 4.08912e-05, 3.31026e-05
537, 535, 8.41579e-05, 8.94208e-05
538, 529, 0.000100419, 3.01215e-05
538, 530, 3.8828e-05, 3.57964e-05
538, 531, 5.6061e-05, 4.46161e-05
538, 532, 6.45557e-05, 3.24659e-05
538, 533, 7.13322e-05, 3.12955e-05
538, 535, 3.72004e-05, 8.91026e-05
538, 537, 5.48217e-05, 5.73859e-05
539, 528, 4.25569e-05, 6.79103e-05
539, 529, 7.50668e-05, 2.93891e-05
539, 530, 4.58922e-05, 3.59816e-05
539, 531, 3.86197e-05, 4.51098e-05
539, 532, 5.53151e-05, 3.40917e-05
539, 533, 6.77045e-05, 3.32064e-05
539, 535, 7.59186e-05, 8.81074e-05
539, 537, 4.18414e-05, 5.83896e-05
539, 538, 7.63248e-05, 5.162e-05
540, 530, 8.61664e-05, 3.55507e-05
540, 531, 8.10204e-05, 4.78494e-05
540, 532, 6.89957e-05, 3.30378e-05
540, 533, 5.31366e-05, 3.27386e-05
540, 535, 8.60696e-05, 9.11492e-05
540, 537, 0.000114399, 5.94341e-05
540, 538, 8.31163e-05, 5.10655e-05
540, 539, 4.4597e-05, 3.7923e-05
541, 531, 4.01682e-05, 4.67932e-05
541, 532, 5.99973e-05, 3.3243e-05
541, 533, 6.84952e-05, 3.20681e-05
541, 535, 8.76675e-05, 9.12196e-05
541, 537, 4.68871e-05, 5.85039e-05
541, 538, 8.69513e-05, 5.07557e-05
541, 539, 0.000105227, 3.63112e-05
541, 540, 9.78348e-05, 4.12582e-05
542, 531, 6.968e-05, 4.67679e-05
542, 532, 5.51326e-05, 3.37326e-05
542, 533, 4.81832e-05, 3.34723e-05
542, 535, 6.76936e-05, 9.00211e-05
542, 537, 9.01838e-05, 5.8686e-05
542, 538, 6.27282e-05, 5.05546e-05
542, 539, 3.67859e-05, 3.53594e-05
542, 540, 4.26727e-05, 4.19539e-05
542, 541, 3.67708e-05, 3.54145e-05
543, 532, 6.7546e-05, 3.51458e-05
543, 533, 5.93155e-05, 3.32205e-05
543, 535, 7.63661e-05, 8.85223e-05
543, 537, 0.0001068, 5.84586e-05
543, 538, 6.86531e-05, 5.01935e-05
543, 539, 3.45385e-05, 3.5405e-05
543, 540, 4.29554e-05, 4.18097e-05
543, 541, 4.75302e-05, 3.43164e-05
543, 542, 8.32979e-05, 6.90388e-05
544, 532, 6.76833e-05, 3.40763e-05
544, 533, 7.61928e-05, 3.31873e-05
544, 535, 5.47244e-05, 9.01416e-05
544, 537, 4.05061e-05, 5.88618e-05
544, 538, 5.45441e-05, 5.03075e-05
544, 539, 8.04639e-05, 3.77054e-05
544, 540, 6.83363e-05, 4.09797e-05
544, 541, 6.80945e-05, 3.57067e-05
544, 542, 6.08834e-05, 6.7301e-05
544, 543, 5.49748e-05, 3.28917e-05
545, 533, 9.82259e-05, 3.13896e-05
545, 535, 5.5843e-05, 8.91138e-05
545, 537, 0.000103606, 5.79359e-05
545, 538, 4.82915e-05, 4.85824e-05
545, 539, 5.31001e-05, 3.60335e-05
545, 540, 4.21502e-05, 4.15034e-05
545, 541, 7.76415e-05, 3.45459e-05
545, 542, 0.000108187, 6.99345e-05
545, 543, 6.86063e-05, 3.50117e-05
545, 544, 3.61166e-05, 4.74345e-05
546, 535, 5.38064e-05, 8.96969e-05
546, 537, 9.03116e-05, 5.59291e-05
546, 538, 4.33383e-05, 4.95368e-05
546, 539, 4.45726e-05, 3.72122e-05
546, 540, 3.70419e-05, 4.06981e-05
546, 541, 6.94877e-05, 3.35482e-05
546, 542, 9.81711e-05, 6.96448e-05
546, 543, 6.56518e-05, 3.44795e-05
546, 544, 3.78631e-05, 4.70308e-05
546, 545, 8.15501e-05, 4.12757e-05
547, 537, 0.000111017, 5.81905e-05
547, 538, 7.167e-05, 5.14638e-05
547, 539, 3.24595e-05, 3.81608e-05
547, 540, 4.99558e-05, 4.14577e-05
547, 541, 5.64242e-05, 3.35556e-05
547, 542, 9.00181e-05, 6.8555e-05
547, 543, 0.000102217, 3.32236e-05
547, 544, 4.98831e-05, 4.68519e-05
547, 545, 6.61159e-05, 4.16068e-05
547, 546, 4.05436e-05, 4.50821e-05
548, 537, 8.60255e-05, 6.02061e-05
548, 538, 3.92621e-05, 4.93347e-05
548, 539, 4.78374e-05, 3.92633e-05
548, 540, 3.78509e-05, 4.22227e-05
548, 541, 6.60469e-05, 3.5127e-05
548, 542, 9.82868e-05, 6.96703e-05
548, 543, 6.34544e-05, 3.35191e-05
548, 544, 3.83845e-05, 4.83742e-05
548, 545, 8.19382e-05, 3.9509e-05
548, 546, 4.85737e-05, 4.72291e-05
548, 547, 8.77354e-05, 5.05882e-05
549, 537, 6.91303e-05, 5.75637e-05
549, 538, 5.68498e-05, 5.07813e-05
549, 539, 5.51647e-05, 3.6747e-05
549, 540, 5.37151e-05, 4.05765e-05
549, 541, 3.7596e-05, 3.44358e-05
549, 542, 4.96353e-05, 6.90765e-05
549, 543, 7.79786e-05, 3.31546e-05
549, 544, 7.01616e-05, 4.73778e-05
549, 545, 4.19458e-05, 4.06589e-05
549, 546, 4.40799e-05, 4.79608e-05
549, 547, 4.92055e-05, 4.90353e-05
549, 548, 4.10543e-05, 5.85902e-05
550, 538, 5.79452e-05, 5.14315e-05
550, 539, 7.47171e-05, 3.71255e-05
550, 540, 7.04597e-05, 4.19248e-05
550, 541, 5.72378e-05, 3.34386e-05
550, 542, 4.77257e-05, 6.94504e-05
550, 543, 6.38822e-05, 3.44128e-05
550, 544, 9.10273e-05, 4.86956e-05
550, 545, 5.92086e-05, 4.11574e-05
550, 546, 7.25302e-05, 4.74344e-05
550, 547, 7.36067e-05, 5.00453e-05
550, 548, 4.78799e-05, 5.72567e-05
550, 549, 5.87048e-05, 4.61533e-05
551, 540, 7.24492e-05, 4.1058e-05
551, 541, 5.33294e-05, 3.54701e-05
551, 542, 4.08092e-05, 6.885e-05
551, 543, 7.71214e-05, 3.42596e-05
551, 544, 9.53739e-05, 4.8724e-05
551, 545, 4.93945e-05, 3.94847e-05
551, 546, 6.84224e-05, 4.75244e-05
551, 547, 5.89431e-05, 5.04875e-05
551, 548, 5.28718e-05, 5.82026e-05
551, 549, 7.42434e-05, 4.61095e-05
551, 550, 8.47225e-05, 3.55647e-05
552, 540, 5.07019e-05, 4.10449e-05
552, 541, 8.50968e-05, 3.41786e-05
552, 542, 0.00011265, 6.86939e-05
552, 543, 5.5705e-05, 3.39737e-05
552, 544, 4.5993e-05, 4.66013e-05
552, 545, 0.000100968, 4.02238e-05
552, 546, 6.43116e-05, 4.59941e-05
552, 547, 0.000108591, 5.17134e-05
552, 548, 6.07034e-05, 5.59254e-05
552, 549, 5.91831e-05, 4.69466e-05
552, 550, 0.00011432, 3.74317e-05
552, 551, 5.05905e-05, 5.39416e-05
553, 540, 3.47653e-05, 4.13872e-05
553, 541, 6.10754e-05, 3.47017e-05
553, 542, 9.41122e-05, 6.9801e-05
553, 543, 6.22518e-05, 3.32299e-05
553, 544, 3.64265e-05, 4.71193e-05
553, 545, 7.69739e-05, 4.11138e-05
553, 546, 4.34229e-05, 4.7654e-05
553, 547, 8.36061e-05, 5.16194e-05
553, 548, 4.57813e-05, 5.96133e-05
553, 549, 6.74918e-05, 4.57378e-05
553, 550, 8.26442e-05, 3.52404e-05
553, 551, 3.55211e-05, 5.48496e-05
553, 552, 4.72881e-05, 3.57572e-05
555, 542, 9.796e-05, 7.11402e-05
555, 543, 6.75153e-05, 3.42502e-05
555, 544, 3.82159e-05, 4.81406e-05
555, 545, 8.0572e-05, 4.09853e-05
555, 546, 4.64835e-05, 4.57888e-05
555, 547, 8.57579e-05, 5.04008e-05
555, 548, 5.28195e-05, 5.76781e-05
555, 549, 7.44611e-05, 4.65254e-05
555, 550, 8.6336e-05, 3.76581e-05
555, 551, 3.48242e-05, 5.46973e-05
555, 552, 5.61411e-05, 3.38323e-05
555, 553, 4.64984e-05, 3.52872e-05
556, 545, 8.76223e-05, 4.08939e-05
556, 546, 6.40671e-05, 4.85343e-05
556, 547, 9.50141e-05, 4.9652e-05
556, 548, 4.55391e-05, 5.84549e-05
556, 549, 4.30636e-05, 4.66911e-05
556, 550, 0.000105314, 3.8141e-05
556, 551, 5.71183e-05, 5.3269e-05
556, 552, 4.05917e-05, 3.31889e-05
556, 553, 3.88956e-05, 3.32557e-05
556, 555, 4.42587e-05, 5.08264e-05
557, 546, 4.0384e-05, 4.77803e-05
557, 547, 5.89871e-05, 4.93813e-05
557, 548, 3.40053e-05, 5.81232e-05
557, 549, 7.09286e-05, 4.65591e-05
557, 550, 7.35308e-05, 3.72646e-05
557, 551, 5.52027e-05, 5.34738e-05
557, 552, 4.30181e-05, 3.40451e-05
557, 553, 5.51944e-05, 3.24054e-05
557, 555, 5.00811e-05, 5.27053e-05
557, 556, 3.4807e-05, 4.14354e-05
558, 546, 5.66534e-05, 4.57877e-05
558, 547, 9.87376e-05, 4.95766e-05
558, 548, 7.60113e-05, 5.76818e-05
558, 549, 0.000105151, 4.53583e-05
558, 550, 8.39617e-05, 3.71272e-05
558, 551, 4.1403e-05, 5.35385e-05
558, 552, 7.74512e-05, 3.29611e-05
558, 553, 7.49181e-05, 3.19536e-05
558, 555, 5.87449e-05, 5.17072e-05
558, 556, 8.36667e-05, 3.99488e-05
558, 557, 9.47098e-05, 3.87685e-05
559, 546, 4.24634e-05, 4.57423e-05
559, 547, 8.09506e-05, 4.85575e-05
559, 548, 4.23556e-05, 5.72991e-05
559, 549, 6.03505e-05, 4.80735e-05
559, 550, 8.43837e-05, 3.70067e-05
559, 551, 4.00623e-05, 5.30234e-05
559, 552, 4.45798e-05, 3.56106e-05
559, 553, 4.01801e-05, 3.47798e-05
559, 555, 3.52586e-05, 5.11887e-05
559, 556, 4.58075e-05, 4.12389e-05
559, 557, 6.01619e-05, 3.94584e-05
559, 558, 5.91908e-05, 4.06357e-05
560, 547, 6.41492e-05, 4.92921e-05
560, 548, 6.56661e-05, 5.89706e-05
560, 549, 0.00011008, 4.70418e-05
560, 550, 4.96787e-05, 3.67413e-05
560, 551, 5.20196e-05, 5.38785e-05
560, 552, 7.7918e-05, 3.40394e-05
560, 553, 7.8559e-05, 3.37204e-05
560, 555, 6.71217e-05, 5.17647e-05
560, 556, 6.86881e-05, 4.19967e-05
560, 557, 0.000108461, 3.84446e-05
560, 558, 4.69142e-05, 4.16808e-05
560, 559, 4.75356e-05, 4.32167e-05
561, 547, 0.000115565, 5.02602e-05
561, 548, 8.04899e-05, 5.65311e-05
561, 549, 0.000103047, 4.65972e-05
561, 550, 0.000105748, 3.75983e-05
561, 551, 4.80695e-05, 5.19081e-05
561, 552, 8.56551e-05, 3.31432e-05
561, 553, 7.13526e-05, 3.26703e-05
561, 555, 5.78887e-05, 5.20529e-05
561, 556, 8.75253e-05, 4.16642e-05
561, 557, 8.49429e-05, 3.90357e-05
561, 558, 8.80322e-05, 4.20975e-05
561, 559, 9.19947e-05, 4.36373e-05
561, 560, 8.01168e-05, 4.3867e-05
562, 548, 4.48468e-05, 5.94175e-05
562, 549, 5.64555e-05, 4.64473e-05
562, 550, 9.01037e-05, 3.70889e-05
562, 551, 4.2714e-05, 5.3962e-05
562, 552, 4.59644e-05, 3.46343e-05
562, 553, 3.95469e-05, 3.55104e-05
562, 555, 3.56747e-05, 5.0813e-05
562, 556, 5.28274e-05, 3.97398e-05
562, 557, 5.44746e-05, 3.86086e-05
562, 558, 6.29935e-05, 4.09605e-05
562, 559, 6.63129e-05, 4.38631e-05
562, 560, 5.43036e-05, 4.30387e-05
562, 561, 6.30883e-05, 3.48436e-05
563, 549, 4.94654e-05, 4.65887e-05
563, 550, 0.000119241, 3.71043e-05
563, 551, 6.31255e-05, 5.27579e-05
563, 552, 5.1101e-05, 3.39754e-05
563, 553, 3.74792e-05, 3.30213e-05
563, 555, 4.33813e-05, 5.16971e-05
563, 556, 6.15942e-05, 4.20316e-05
563, 557, 4.04555e-05, 3.87702e-05
563, 558, 8.70905e-05, 4.12169e-05
563, 559, 8.88251e-05, 4.22926e-05
563, 560, 7.53449e-05, 4.24833e-05
563, 561, 7.848e-05, 3.6614e-05
563, 562, 6.19539e-05, 3.97213e-05
565, 551, 8.51998e-05, 5.43668e-05
565, 552, 5.78054e-05, 3.26742e-05
565, 553, 7.80266e-05, 3.30359e-05
565, 555, 7.82386e-05, 5.36479e-05
565, 556, 4.77439e-05, 4.04708e-05
565, 557, 9.70489e-05, 3.88526e-05
565, 558, 5.81806e-05, 4.05782e-05
565, 559, 5.35562e-05, 4.28348e-05
565, 560, 5.99251e-05, 4.25954e-05
565, 561, 0.000118285, 3.57361e-05
565, 562, 8.87326e-05, 3.76911e-05
565, 563, 7.3479e-05, 3.71415e-05
566, 552, 5.36172e-05, 3.40724e-05
566, 553, 6.15344e-05, 3.31926e-05
566, 555, 5.06792e-05, 5.19191e-05
566, 556, 4.85894e-05, 4.22948e-05
566, 557, 8.98899e-05, 3.85069e-05
566, 558, 3.96528e-05, 4.09905e-05
566, 559, 4.07522e-05, 4.38191e-05
566, 560, 3.45247e-05, 4.37853e-05
566, 561, 6.23939e-05, 3.64964e-05
566, 562, 4.72878e-05, 3.82616e-05
566, 563, 3.62734e-05, 3.83124e-05
566, 565, 6.13087e-05, 4.74538e-05
567, 553, 4.16616e-05, 3.3562e-05
567, 555, 4.30529e-05, 5.27234e-05
567, 556, 3.44144e-05, 4.24523e-05
567, 557, 6.50834e-05, 4.00446e-05
567, 558, 5.60461e-05, 4.07326e-05
567, 559, 5.6154e-05, 4.38783e-05
567, 560, 4.33946e-05, 4.19198e-05
567, 561, 7.57287e-05, 3.6288e-05
567, 562, 5.31994e-05, 4.15051e-05
567, 563, 5.70195e-05, 3.73327e-05
567, 565, 5.03686e-05, 4.6359e-05
567, 566, 7.54346e-05, 4.08712e-05
568, 556, 7.85277e-05, 4.29614e-05
568, 557, 4.51711e-05, 3.76795e-05
568, 558, 0.000102733, 4.19525e-05
568, 559, 0.000100793, 4.19333e-05
568, 560, 8.80016e-05, 4.30836e-05
568, 561, 7.10381e-05, 3.78348e-05
568, 562, 6.30824e-05, 3.93628e-05
568, 563, 9.90165e-05, 3.7324e-05
568, 565, 4.16859e-05, 4.811e-05
568, 566, 0.000103359, 4.25215e-05
568, 567, 4.89406e-05, 4.51979e-05
569, 556, 4.97742e-05, 4.16604e-05
569, 557, 9.6252e-05, 3.87852e-05
569, 558, 3.64546e-05, 4.3299e-05
569, 559, 3.76771e-05, 4.48508e-05
569, 560, 3.49678e-05, 4.40842e-05
569, 561, 7.26157e-05, 3.63574e-05
569, 562, 5.54879e-05, 3.99129e-05
569, 563, 3.64517e-05, 3.79402e-05
569, 565, 6.68928e-05, 4.62442e-05
569, 566, 4.88006e-05, 4.20837e-05
569, 567, 5.82621e-05, 4.2718e-05
569, 568, 3.92927e-05, 3.17194e-05
570, 559, 7.9373e-05, 4.38725e-05
570, 561, 4.35776e-05, 3.59352e-05
570, 562, 5.04155e-05, 3.9597e-05
570, 563, 6.21831e-05, 3.77348e-05
570, 565, 7.30507e-05, 4.87269e-05
570, 566, 4.8858e-05, 4.12558e-05
570, 567, 6.7838e-05, 4.31702e-05
570, 568, 6.05104e-05, 3.24054e-05
570, 569, 6.37771e-05, 3.49153e-05
572, 562, 7.34394e-05, 3.85457e-05
572, 563, 5.66984e-05, 3.73383e-05
572, 565, 7.46227e-05, 4.88622e-05
572, 566, 7.99343e-05, 4.22575e-05
572, 567, 6.57893e-05, 4.31829e-05
572, 568, 6.59599e-05, 3.17567e-05
572, 569, 7.31074e-05, 3.62379e-05
572, 570, 3.41377e-05, 3.49123e-05
573, 562, 6.35584e-05, 3.88136e-05
573, 565, 8.45052e-05, 4.61808e-05
573, 566, 7.34678e-05, 4.09091e-05
573, 567, 8.58657e-05, 4.20134e-05
573, 568, 8.81324e-05, 3.12068e-05
573, 569, 9.11955e-05, 3.56563e-05
573, 570, 0.000117744, 3.49193e-05
573, 572, 5.6207e-05, 4.88041e-05
574, 565, 7.57295e-05, 4.64828e-05
574, 566, 6.43728e-05, 4.0566e-05
574, 567, 7.42806e-05, 4.37547e-05
574, 568, 7.8884e-05, 3.14556e-05
574, 569, 8.3515e-05, 3.62467e-05
574, 570, 0.000108102, 3.56381e-05
574, 572, 4.4778e-05, 4.82768e-05
574, 573, 6.78877e-05, 3.36102e-05
575, 566, 8.70469e-05, 4.16633e-05
575, 567, 4.90032e-05, 4.3837e-05
575, 568, 9.39449e-05, 3.15593e-05
575, 569, 0.000100239, 3.63059e-05
575, 570, 9.95658e-05, 3.44088e-05
575, 572, 5.01293e-05, 4.79915e-05
575, 573, 9.42158e-05, 3.44665e-05
575, 574, 5.18685e-05, 3.49874e-05
576, 567, 3.84812e-05, 4.31856e-05
576, 568, 7.74828e-05, 3.38272e-05
576, 569, 9.18383e-05, 3.51558e-05
576, 570, 7.67649e-05, 3.50714e-05
576, 572, 5.05525e-05, 4.83668e-05
576, 573, 8.62542e-05, 3.42464e-05
576, 574, 4.73993e-05, 3.39217e-05
576, 575, 7.00652e-05, 3.31925e-05
577, 568, 9.68097e-05, 3.29686e-05
577, 569, 0.00010603, 3.58844e-05
577, 570, 8.84015e-05, 3.60237e-05
577, 572, 6.34868e-05, 4.864e-05
577, 573, 0.000102198, 3.38734e-05
577, 574, 5.88459e-05, 3.42004e-05
577, 575, 8.46878e-05, 3.268e-05
577, 576, 8.2524e-05, 3.65973e-05
579, 569, 8.04174e-05, 3.61845e-05
579, 570, 7.51566e-05, 3.5393e-05
579, 572, 3.92952e-05, 4.79246e-05
579, 573, 7.8991e-05, 3.43179e-05
579, 574, 4.2107e-05, 3.39517e-05
579, 575, 6.41148e-05, 3.23954e-05
579, 576, 6.07617e-05, 3.60536e-05
579, 577, 5.7413e-05, 3.64452e-05
580, 570, 4.93893e-05, 3.54615e-05
580, 572, 5.73258e-05, 4.87809e-05
580, 573, 8.0221e-05, 3.40541e-05
580, 574, 5.45971e-05, 3.50443e-05
580, 575, 7.49168e-05, 3.31093e-05
580, 576, 8.66072e-05, 3.66882e-05
580, 577, 5.69298e-05, 3.56367e-05
580, 579, 8.56554e-05, 4.88366e-05
581, 572, 5.63063e-05, 4.78394e-05
581, 573, 3.72455e-05, 3.43286e-05
581, 574, 5.16928e-05, 3.52989e-05
581, 575, 5.41975e-05, 3.36866e-05
581, 576, 6.44001e-05, 3.66287e-05
581, 577, 3.49848e-05, 3.56393e-05
581, 579, 5.71172e-05, 4.93647e-05
581, 580, 7.00707e-05, 3.70192e-05
582, 572, 4.35595e-05, 4.88595e-05
582, 573, 8.35754e-05, 3.49769e-05
582, 574, 4.71055e-05, 3.50675e-05
582, 575, 5.46779e-05, 3.25499e-05
582, 576, 4.44501e-05, 3.70844e-05
582, 577, 7.45592e-05, 3.58874e-05
582, 579, 5.75315e-05, 5.01642e-05
582, 580, 6.18768e-05, 3.6237e-05
582, 581, 7.56525e-05, 4.30175e-05
583, 574, 4.47121e-05, 3.52825e-05
583, 575, 4.25429e-05, 3.37064e-05
583, 576, 5.26843e-05, 3.74518e-05
583, 577, 3.80153e-05, 3.58773e-05
583, 579, 4.73672e-05, 4.78123e-05
583, 580, 6.11778e-05, 3.71197e-05
583, 581, 4.42162e-05, 4.23576e-05
583, 582, 6.13771e-05, 4.91206e-05
584, 575, 5.99811e-05, 3.19683e-05
584, 576, 5.09367e-05, 3.83551e-05
584, 577, 8.45485e-05, 3.44089e-05
584, 579, 6.18723e-05, 4.90414e-05
584, 580, 7.39834e-05, 3.64169e-05
584, 581, 8.21074e-05, 4.25332e-05
584, 582, 3.69895e-05, 4.83116e-05
584, 583, 7.13643e-05, 3.7862e-05
585, 575, 4.36743e-05, 3.1894e-05
585, 576, 3.9194e-05, 3.76192e-05
585, 577, 6.447e-05, 3.52527e-05
585, 579, 4.70591e-05, 4.87276e-05
585, 580, 6.53243e-05, 3.82815e-05
585, 581, 6.23942e-05, 4.19371e-05
585, 582, 3.75207e-05, 4.79155e-05
585, 583, 5.27588e-05, 3.74198e-05
585, 584, 4.37719e-05, 5.11716e-05
586, 577, 4.01768e-05, 3.53416e-05
586, 579, 4.56499e-05, 4.7032e-05
586, 580, 6.91748e-05, 3.79956e-05
586, 581, 3.88153e-05, 4.3343e-05
586, 582, 6.18422e-05, 4.81547e-05
586, 583, 3.73704e-05, 3.76993e-05
586, 584, 6.04306e-05, 5.10581e-05
586, 585, 6.61661e-05, 4.05318e-05
587, 579, 5.01048e-05, 5.0005e-05
587, 580, 7.0423e-05, 3.65845e-05
587, 581, 7.13146e-05, 4.33414e-05
587, 582, 3.36553e-05, 4.82544e-05
587, 583, 6.04942e-05, 3.68261e-05
587, 584, 4.29188e-05, 5.15502e-05
587, 585, 6.36509e-05, 4.01555e-05
587, 586, 6.27929e-05, 3.81335e-05
589, 580, 6.7606e-05, 3.71441e-05
589, 581, 5.70805e-05, 4.26747e-05
589, 582, 3.97464e-05, 4.83065e-05
589, 583, 4.68771e-05, 3.68484e-05
589, 584, 4.31144e-05, 5.08652e-05
589, 585, 6.17185e-05, 4.05791e-05
589, 586, 4.92877e-05, 3.75342e-05
589, 587, 6.35624e-05, 3.44447e-05
590, 581, 5.69031e-05, 4.27936e-05
590, 582, 3.84055e-05, 4.88369e-05
590, 583, 4.53819e-05, 3.63447e-05
590, 584, 4.17105e-05, 5.13999e-05
590, 585, 5.84079e-05, 4.12268e-05
590, 586, 4.84723e-05, 3.85789e-05
590, 587, 6.22935e-05, 3.36862e-05
590, 589, 3.56021e-05, 3.88866e-05
591, 581, 5.8995e-05, 4.2889e-05
591, 582, 3.83452e-05, 4.77143e-05
591, 583, 4.49194e-05, 3.80733e-05
591, 584, 4.49493e-05, 5.12268e-05
591, 585, 6.13403e-05, 4.07092e-05
591, 586, 4.8804e-05, 3.71472e-05
591, 587, 6.26864e-05, 3.48032e-05
591, 589, 3.61437e-05, 3.99733e-05
591, 590, 3.44333e-05, 3.3493e-05
592, 581, 4.07702e-05, 4.40887e-05
592, 582, 5.4505e-05, 4.9264e-05
592, 583, 3.5761e-05, 3.71126e-05
592, 584, 5.44269e-05, 5.18872e-05
592, 585, 6.43344e-05, 4.05772e-05
592, 586, 3.68415e-05, 3.80452e-05
592, 587, 8.42994e-05, 3.4574e-05
592, 589, 3.7218e-05, 3.99505e-05
592, 590, 4.41603e-05, 3.35977e-05
592, 591, 3.94299e-05, 3.73607e-05
593, 581, 0.000100843, 4.25442e-05
593, 583, 9.18194e-05, 3.70192e-05
593, 584, 5.85693e-05, 5.20659e-05
593, 585, 8.94505e-05, 4.15425e-05
593, 586, 9.48054e-05, 3.81411e-05
593, 587, 3.44952e-05, 3.44717e-05
593, 589, 7.46712e-05, 3.99438e-05
593, 590, 6.1755e-05, 3.49358e-05
593, 591, 0.000103712, 3.64454e-05
593, 592, 5.95028e-05, 3.55367e-05
594, 583, 7.54232e-05, 3.66462e-05
594, 584, 4.75341e-05, 5.25294e-05
594, 585, 7.75283e-05, 4.04128e-05
594, 586, 8.03777e-05, 3.73033e-05
594, 587, 4.03959e-05, 3.40256e-05
594, 589, 5.8964e-05, 4.01243e-05
594, 590, 4.89771e-05, 3.46489e-05
594, 591, 8.76852e-05, 3.66399e-05
594, 592, 4.64088e-05, 3.49675e-05
594, 593, 3.63132e-05, 3.70461e-05
595, 584, 4.48042e-05, 5.1634e-05
595, 585, 7.26823e-05, 4.00233e-05
595, 586, 6.81166e-05, 3.71616e-05
595, 587, 4.74237e-05, 3.57695e-05
595, 589, 4.93748e-05, 4.08191e-05
595, 590, 4.12739e-05, 3.47424e-05
595, 591, 7.55657e-05, 3.66064e-05
595, 592, 3.93148e-05, 3.58367e-05
595, 593, 4.17811e-05, 3.74611e-05
595, 594, 3.73501e-05, 3.6563e-05
596, 585, 9.13758e-05, 3.95879e-05
596, 586, 9.9746e-05, 3.79502e-05
596, 587, 3.64555e-05, 3.49038e-05
596, 589, 7.78083e-05, 3.97969e-05
596, 590, 6.52989e-05, 3.41422e-05
596, 591, 0.00010738, 3.73403e-05
596, 592, 6.35635e-05, 3.57365e-05
596, 593, 3.68856e-05, 3.66407e-05
596, 594, 5.9088e-05, 3.67578e-05
596, 595, 4.45423e-05, 3.87956e-05
597, 586, 4.86519e-05, 3.72604e-05
597, 587, 6.73335e-05, 3.42288e-05
597, 589, 3.49783e-05, 4.01355e-05
597, 590, 3.45986e-05, 3.50087e-05
597, 591, 5.53944e-05, 3.63945e-05
597, 592, 3.71678e-05, 3.56906e-05
597, 593, 5.92209e-05, 3.7022e-05
597, 594, 3.7806e-05, 3.69435e-05
597, 595, 4.75075e-05, 3.82667e-05
597, 596, 3.79744e-05, 3.65206e-05
599, 589, 3.47805e-05, 3.94859e-05
599, 590, 3.72664e-05, 3.49396e-05
599, 591, 5.03089e-05, 3.72999e-05
599, 592, 3.88341e-05, 3.58404e-05
599, 593, 6.40715e-05, 3.67125e-05
599, 594, 4.01339e-05, 3.70633e-05
599, 595, 5.29469e-05, 3.80473e-05
599, 596, 4.11849e-05, 3.55841e-05
599, 597, 3.54974e-05, 3.70596e-05
601, 594, 6.43044e-05, 3.68271e-05
601, 595, 4.53653e-05, 3.95858e-05
601, 596, 5.87306e-05, 3.64018e-05
601, 597, 6.866e-05, 3.70624e-05
601, 599, 6.29184e-05, 3.73396e-05
602, 595, 5.63477e-05, 3.87741e-05
602, 596, 4.94849e-05, 3.59472e-05
602, 597, 3.99673e-05, 3.69464e-05
602, 599, 4.26075e-05, 3.75416e-05
602, 601, 3.72702e-05, 4.60511e-05
604, 597, 6.56782e-05, 3.75948e-05
604, 599, 5.6237e-05, 3.70092e-05
604, 601, 8.44742e-05, 4.56849e-05
604, 602, 5.49588e-05, 3.56107e-05
605, 599, 4.51991e-05, 3.71544e-05
605, 601, 6.70503e-05, 4.51206e-05
605, 602, 4.26995e-05, 3.47333e-05
605, 604, 4.69482e-05, 3.68344e-05
606, 601, 0.000111017, 4.58789e-05
606, 602, 8.04116e-05, 3.56589e-05
606, 604, 3.9941e-05, 3.69615e-05
606, 605, 9.09715e-05, 4.22288e-05
607, 601, 0.000127185, 4.57157e-05
607, 602, 9.60827e-05, 3.5413e-05
607, 604, 5.03891e-05, 3.68935e-05
607, 605, 0.000107098, 4.24423e-05
607, 606, 6.04786e-05, 4.63116e-05
609, 602, 8.04711e-05, 3.50613e-05
609, 604, 4.11105e-05, 3.73284e-05
609, 605, 9.01177e-05, 4.25935e-05
609, 606, 4.82101e-05, 4.64772e-05
609, 607, 3.61125e-05, 4.03865e-05
610, 602, 8.37884e-05, 3.56236e-05
610, 604, 4.21074e-05, 3.70187e-05
610, 605, 9.40772e-05, 4.27628e-05
610, 606, 5.0728e-05, 4.62751e-05
610, 607, 3.56256e-05, 4.02769e-05
610, 609, 8.00628e-05, 3.63865e-05
611, 602, 5.21731e-05, 3.58898e-05
611, 604, 3.93227e-05, 3.7666e-05
611, 605, 5.98738e-05, 4.23423e-05
611, 606, 3.44537e-05, 4.66255e-05
611, 607, 5.44959e-05, 4.02658e-05
611, 609, 4.81797e-05, 3.56325e-05
611, 610, 4.99577e-05, 3.86272e-05
612, 602, 0.000100415, 3.5207e-05
612, 604, 5.38507e-05, 3.78872e-05
612, 605, 0.000109912, 4.20357e-05
612, 606, 6.41114e-05, 4.70229e-05
612, 607, 3.64932e-05, 3.97744e-05
612, 609, 9.62765e-05, 3.58795e-05
612, 610, 9.81452e-05, 3.9302e-05
612, 611, 8.54338e-05, 3.62107e-05
613, 604, 3.8357e-05, 3.73231e-05
613, 605, 8.60014e-05, 4.26875e-05
613, 606, 4.45726e-05, 4.68309e-05
613, 607, 3.77723e-05, 4.02321e-05
613, 609, 7.18637e-05, 3.63267e-05
613, 610, 7.39343e-05, 3.87491e-05
613, 611, 6.22213e-05, 3.56903e-05
613, 612, 3.93849e-05, 3.40283e-05
615, 606, 3.62697e-05, 4.66059e-05
615, 607, 4.79506e-05, 4.02459e-05
615, 609, 5.67353e-05, 3.63014e-05
615, 610, 5.86202e-05, 3.85967e-05
615, 611, 4.82214e-05, 3.63071e-05
615, 612, 5.03852e-05, 3.34638e-05
615, 613, 3.61062e-05, 4.06102e-05
616, 606, 6.38608e-05, 4.66256e-05
616, 607, 3.70747e-05, 3.96828e-05
616, 609, 9.61708e-05, 3.55933e-05
616, 610, 9.85319e-05, 3.86131e-05
616, 611, 8.58757e-05, 3.61579e-05
616, 612, 3.65898e-05, 3.40346e-05
616, 613, 6.43465e-05, 4.05273e-05
616, 615, 4.22017e-05, 3.76465e-05
617, 609, 4.95003e-05, 3.57004e-05
617, 610, 5.10242e-05, 3.87225e-05
617, 611, 4.16593e-05, 3.56757e-05
617, 612, 5.67983e-05, 3.34016e-05
617, 613, 3.48784e-05, 4.05132e-05
617, 615, 4.61864e-05, 3.75386e-05
617, 616, 5.36752e-05, 3.60585e-05
618, 609, 3.63109e-05, 3.58171e-05
618, 610, 3.7552e-05, 3.92533e-05
618, 611, 3.50833e-05, 3.61591e-05
618, 612, 7.94954e-05, 3.48418e-05
618, 613, 4.35299e-05, 4.04853e-05
618, 615, 6.63506e-05, 3.70426e-05
618, 616, 7.53135e-05, 3.5875e-05
618, 617, 5.47667e-05, 3.69024e-05
619, 609, 4.19109e-05, 3.58866e-05
619, 610, 4.19141e-05, 3.87579e-05
619, 611, 3.63957e-05, 3.53162e-05
619, 612, 6.70046e-05, 3.35831e-05
619, 613, 3.77556e-05, 3.99158e-05
619, 615, 5.51919e-05, 3.64201e-05
619, 616, 6.43132e-05, 3.52221e-05
619, 617, 4.54798e-05, 3.63529e-05
619, 618, 3.67649e-05, 3.64426e-05
620, 610, 7.51958e-05, 3.9483e-05
620, 611, 6.25392e-05, 3.59877e-05
620, 612, 3.76289e-05, 3.43107e-05
620, 613, 4.41322e-05, 4.01421e-05
620, 615, 3.49013e-05, 3.78916e-05
620, 616, 3.9137e-05, 3.60654e-05
620, 617, 3.57731e-05, 3.63975e-05
620, 618, 6.16335e-05, 3.67663e-05
620, 619, 3.69107e-05, 3.96294e-05
621, 611, 7.20318e-05, 3.64671e-05
621, 612, 3.47036e-05, 3.40665e-05
621, 613, 5.31187e-05, 4.04776e-05
621, 615, 3.54096e-05, 3.76868e-05
621, 616, 3.43307e-05, 3.59225e-05
621, 617, 4.15022e-05, 3.68683e-05
621, 618, 7.12499e-05, 3.59928e-05
621, 619, 4.47345e-05, 3.87526e-05
621, 620, 3.44555e-05, 5.04082e-05
622, 612, 7.32792e-05, 3.3813e-05
622, 613, 3.98449e-05, 3.9792e-05
622, 615, 6.27138e-05, 3.66741e-05
622, 616, 7.06137e-05, 3.55651e-05
622, 617, 5.14969e-05, 3.58445e-05
622, 618, 3.44498e-05, 3.62652e-05
622, 619, 4.77796e-05, 3.9166e-05
622, 620, 6.76395e-05, 4.93432e-05
622, 621, 8.45482e-05, 3.65212e-05
623, 613, 3.56114e-05, 3.94838e-05
623, 615, 4.89276e-05, 3.65194e-05
623, 616, 5.75378e-05, 3.52303e-05
623, 617, 4.23732e-05, 3.64507e-05
623, 618, 4.15144e-05, 3.66641e-05
623, 619, 3.95356e-05, 3.92291e-05
623, 620, 5.56543e-05, 5.02929e-05
623, 621, 6.9642e-05, 3.81105e-05
623, 622, 6.61384e-05, 3.407e-05
624, 617, 5.87649e-05, 3.59184e-05
624, 618, 8.74362e-05, 3.64227e-05
624, 619, 6.02805e-05, 3.94539e-05
624, 620, 4.14084e-05, 4.98302e-05
624, 621, 3.85314e-05, 3.71812e-05
624, 622, 3.68357e-05, 3.42408e-05
624, 623, 4.94892e-05, 4.68322e-05
625, 619, 4.09543e-05, 3.92086e-05
625, 620, 3.49901e-05, 5.07885e-05
625, 621, 4.10073e-05, 3.67368e-05
625, 622, 3.76237e-05, 3.58316e-05
625, 623, 3.5047e-05, 4.71239e-05
625, 624, 8.66502e-05, 3.68097e-05
626, 621, 6.51229e-05, 3.80059e-05
626, 622, 6.30687e-05, 3.53938e-05
626, 623, 4.31486e-05, 4.61318e-05
626, 624, 5.94103e-05, 3.57657e-05
626, 625, 6.16855e-05, 3.50852e-05
627, 624, 8.23064e-05, 3.63732e-05
627, 625, 4.21507e-05, 3.5507e-05
627, 626, 4.7536e-05, 4.73321e-05
628, 625, 6.64115e-05, 3.47583e-05
628, 626, 7.4019e-05, 4.74836e-05
628, 627, 3.89588e-05, 4.30011e-05
630, 626, 4.9137e-05, 4.78522e-05
630, 627, 4.26528e-05, 4.38838e-05
630, 628, 4.08224e-05, 4.46757e-05
631, 626, 7.35932e-05, 4.75208e-05
631, 627, 3.70704e-05, 4.38638e-05
631, 628, 3.74079e-05, 4.12584e-05
631, 630, 4.89152e-05, 3.96285e-05
632, 627, 5.45892e-05, 4.27308e-05
632, 628, 5.41818e-05, 4.27007e-05
632, 630, 3.57159e-05, 4.20854e-05
632, 631, 8.48198e-05, 4.01877e-05
633, 627, 4.47812e-05, 4.34007e-05
633, 628, 4.63689e-05, 4.12347e-05
633, 630, 6.20097e-05, 3.88278e-05
633, 631, 3.60741e-05, 3.97704e-05
633, 632, 7.04789e-05, 4.13142e-05
634, 627, 6.47532e-05, 4.2337e-05
634, 628, 6.85027e-05, 4.33082e-05
634, 630, 4.46766e-05, 4.12801e-05
634, 631, 9.97412e-05, 3.88798e-05
634, 632, 4.33503e-05, 4.13096e-05
634, 633, 4.08484e-05, 4.2931e-05
635, 628, 4.06493e-05, 4.22901e-05
635, 630, 3.396e-05, 4.15998e-05
635, 631, 7.079e-05, 3.87747e-05
635, 632, 3.38888e-05, 3.93227e-05
635, 633, 3.55385e-05, 4.33741e-05
635, 634, 6.24113e-05, 3.99271e-05
636, 630, 4.24139e-05, 4.05463e-05
636, 631, 8.63097e-05, 4.01093e-05
636, 632, 3.5911e-05, 3.93928e-05
636, 633, 3.53065e-05, 4.40651e-05
636, 634, 7.9994e-05, 4.08676e-05
636, 635, 4.39631e-05, 3.62913e-05
637, 631, 9.72715e-05, 3.91377e-05
637, 632, 3.75171e-05, 4.05208e-05
637, 633, 3.59515e-05, 4.39516e-05
637, 634, 8.96901e-05, 4.00776e-05
637, 635, 4.12833e-05, 3.63449e-05
637, 636, 3.45201e-05, 5.70111e-05
638, 631, 7.08891e-05, 4.00841e-05
638, 632, 4.05442e-05, 3.99016e-05
638, 633, 4.2246e-05, 4.38474e-05
638, 634, 6.87821e-05, 4.07213e-05
638, 635, 5.55477e-05, 3.61074e-05
638, 636, 4.5823e-05, 5.67958e-05
638, 637, 3.91657e-05, 3.60502e-05
639, 633, 6.28506e-05, 4.40685e-05
639, 634, 3.8677e-05, 4.11393e-05
639, 635, 8.87045e-05, 3.69376e-05
639, 636, 8.22365e-05, 5.69722e-05
639, 637, 4.83782e-05, 3.73455e-05
639, 638, 3.784e-05, 4.0922e-05
640, 635, 5.16143e-05, 3.61872e-05
640, 636, 4.37728e-05, 5.656e-05
640, 637, 3.85721e-05, 3.61847e-05
640, 638, 6.36668e-05, 4.0126e-05
640, 639, 5.04987e-05, 4.6465e-05
641, 635, 7.51531e-05, 3.55475e-05
641, 636, 6.27302e-05, 5.67979e-05
641, 637, 4.01163e-05, 3.71402e-05
641, 638, 5.19837e-05, 3.98097e-05
641, 639, 4.08212e-05, 4.62303e-05
641, 640, 4.6831e-05, 5.03805e-05
642, 636, 0.000100084, 5.70602e-05
642, 637, 6.66643e-05, 3.62312e-05
642, 638, 4.31499e-05, 4.05761e-05
642, 639, 4.90602e-05, 4.65321e-05
642, 640, 4.12507e-05, 5.10227e-05
642, 641, 7.20179e-05, 4.2665e-05
643, 637, 5.38998e-05, 3.8543e-05
643, 638, 3.90673e-05, 3.97728e-05
643, 639, 4.21973e-05, 4.66259e-05
643, 640, 3.64407e-05, 5.15354e-05
643, 641, 6.03138e-05, 4.25086e-05
643, 642, 6.71804e-05, 3.5416e-05
644, 638, 9.02582e-05, 4.07135e-05
644, 639, 7.5662e-05, 4.58803e-05
644, 640, 8.81976e-05, 5.03919e-05
644, 641, 4.91754e-05, 4.28e-05
644, 642, 4.22124e-05, 3.53896e-05
644, 643, 3.46705e-05, 4.33856e-05
645, 640, 3.86102e-05, 5.13162e-05
645, 641, 4.89507e-05, 4.12934e-05
645, 642, 5.67692e-05, 3.38885e-05
645, 643, 7.40642e-05, 4.31786e-05
645, 644, 6.03181e-05, 3.6892e-05
646, 641, 3.7719e-05, 4.38914e-05
646, 642, 3.91472e-05, 3.51359e-05
646, 643, 4.83099e-05, 4.33137e-05
646, 644, 3.95111e-05, 3.69537e-05
646, 645, 3.61749e-05, 4.15367e-05
647, 641, 3.72093e-05, 4.09673e-05
647, 642, 3.40426e-05, 3.64045e-05
647, 643, 3.7955e-05, 4.2239e-05
647, 644, 3.43092e-05, 3.64602e-05
647, 645, 4.02115e-05, 4.01852e-05
647, 646, 7.93012e-05, 3.93001e-05
648, 642, 7.54763e-05, 3.55178e-05
648, 643, 9.01971e-05, 4.36799e-05
648, 644, 7.61606e-05, 3.67283e-05
648, 645, 5.52105e-05, 4.09507e-05
648, 646, 3.76213e-05, 3.84512e-05
648, 647, 4.69374e-05, 4.57489e-05
649, 642, 5.97327e-05, 3.53559e-05
649, 643, 7.78381e-05, 4.29968e-05
649, 644, 6.91935e-05, 3.59384e-05
649, 645, 4.72895e-05, 3.96416e-05
649, 646, 4.42152e-05, 4.04174e-05
649, 647, 4.17502e-05, 4.36076e-05
649, 648, 3.97026e-05, 4.89815e-05
650, 642, 6.57994e-05, 3.49502e-05
650, 643, 8.13125e-05, 4.20591e-05
650, 644, 6.51545e-05, 3.63723e-05
650, 645, 4.74051e-05, 3.99928e-05
650, 646, 3.89638e-05, 3.94826e-05
650, 647, 4.0711e-05, 4.65498e-05
650, 648, 3.546e-05, 4.83826e-05
650, 649, 7.54328e-05, 4.54571e-05
651, 642, 4.02639e-05, 3.57117e-05
651, 643, 4.88465e-05, 4.37683e-05
651, 644, 4.30734e-05, 3.53266e-05
651, 645, 4.39806e-05, 4.09487e-05
651, 646, 8.057e-05, 3.92938e-05
651, 647, 4.93859e-05, 4.46327e-05
651, 648, 6.26326e-05, 4.98858e-05
651, 649, 4.12992e-05, 4.63288e-05
651, 650, 6.44021e-05, 5.61731e-05
652, 646, 6.59419e-05, 4.08261e-05
652, 647, 3.96125e-05, 4.6984e-05
652, 648, 4.76836e-05, 4.7969e-05
652, 649, 5.07134e-05, 4.49564e-05
652, 650, 5.07742e-05, 5.55372e-05
652, 651, 5.74256e-05, 4.69644e-05
654, 650, 7.02532e-05, 5.58922e-05
654, 651, 7.6771e-05, 4.61216e-05
654, 652, 6.4781e-05, 5.75872e-05
655, 651, 0.000145205, 4.5117e-05
655, 652, 5.42442e-05, 5.88894e-05
655, 654, 6.50045e-05, 4.48892e-05
656, 652, 3.89942e-05, 6.05483e-05
656, 654, 5.0832e-05, 4.44966e-05
656, 655, 3.76702e-05, 3.53108e-05
657, 654, 6.80893e-05, 4.51236e-05
657, 655, 4.48283e-05, 3.62561e-05
657, 656, 4.43038e-05, 3.96713e-05
658, 654, 5.96423e-05, 4.51707e-05
658, 655, 4.51746e-05, 3.47418e-05
658, 656, 4.48256e-05, 3.96815e-05
658, 657, 6.74106e-05, 5.79203e-05
659, 654, 5.53451e-05, 4.59517e-05
659, 655, 3.61463e-05, 3.4302e-05
659, 656, 3.652e-05, 4.02668e-05
659, 657, 5.41815e-05, 5.88149e-05
659, 658, 3.72387e-05, 5.71532e-05
660, 654, 5.97139e-05, 4.45387e-05
660, 655, 3.70996e-05, 3.35249e-05
660, 656, 3.79633e-05, 4.08868e-05
660, 657, 4.65926e-05, 5.82148e-05
660, 658, 4.1724e-05, 5.762e-05
660, 659, 5.20269e-05, 6.3513e-05
661, 655, 4.27689e-05, 3.59946e-05
661, 656, 4.25041e-05, 4.08776e-05
661, 657, 4.83951e-05, 5.79546e-05
661, 658, 4.63118e-05, 5.83389e-05
661, 659, 5.13067e-05, 6.40516e-05
661, 660, 4.39132e-05, 4.00859e-05
662, 655, 4.92274e-05, 3.46711e-05
662, 656, 4.95013e-05, 3.96133e-05
662, 657, 4.91929e-05, 5.7599e-05
662, 658, 5.97085e-05, 5.77177e-05
662, 659, 4.09067e-05, 6.40889e-05
662, 660, 5.87472e-05, 3.84834e-05
662, 661, 3.79377e-05, 4.14926e-05
663, 656, 4.46828e-05, 4.0565e-05
663, 657, 5.32175e-05, 5.83311e-05
663, 658, 4.85577e-05, 5.84825e-05
663, 659, 5.03265e-05, 6.21618e-05
663, 660, 4.41558e-05, 3.89435e-05
663, 661, 4.05734e-05, 4.36891e-05
663, 662, 6.30339e-05, 3.81701e-05
664, 657, 5.99424e-05, 5.86686e-05
664, 658, 5.01278e-05, 5.79927e-05
664, 659, 6.24366e-05, 6.35657e-05
664, 660, 4.1115e-05, 4.1055e-05
664, 661, 4.90897e-05, 4.30779e-05
664, 662, 5.68253e-05, 3.97977e-05
664, 663, 5.17835e-05, 3.76904e-05
665, 657, 5.30394e-05, 5.67147e-05
665, 658, 6.54803e-05, 5.85152e-05
665, 659, 4.70509e-05, 6.30244e-05
665, 660, 5.91772e-05, 3.78998e-05
665, 661, 3.83674e-05, 4.38233e-05
665, 662, 8.16879e-05, 3.78339e-05
665, 663, 7.75529e-05, 3.92495e-05
665, 664, 4.52193e-05, 5.11848e-05
666, 659, 5.38076e-05, 6.33621e-05
666, 661, 5.81184e-05, 4.25777e-05
666, 662, 0.000116489, 3.81762e-05
666, 663, 0.000112766, 3.76652e-05
666, 664, 3.91072e-05, 5.24609e-05
666, 665, 4.16046e-05, 4.08465e-05
667, 659, 4.89536e-05, 6.40879e-05
667, 661, 4.09186e-05, 4.36304e-05
667, 662, 8.87971e-05, 3.71214e-05
667, 663, 8.52174e-05, 3.78928e-05
667, 664, 4.15838e-05, 5.13152e-05
667, 665, 3.90085e-05, 4.02003e-05
667, 666, 6.89902e-05, 6.47527e-05
668, 661, 5.37916e-05, 4.41353e-05
668, 662, 0.000101316, 3.72074e-05
668, 663, 9.82562e-05, 3.74095e-05
668, 664, 3.79791e-05, 5.25523e-05
668, 665, 3.81991e-05, 4.00966e-05
668, 666, 8.18934e-05, 6.49776e-05
668, 667, 5.46221e-05, 4.08886e-05
669, 664, 5.20066e-05, 5.28865e-05
669, 665, 5.27296e-05, 3.97456e-05
669, 666, 0.000103576, 6.45619e-05
669, 667, 7.41681e-05, 4.19896e-05
669, 668, 8.39976e-05, 3.87113e-05
670, 665, 5.92791e-05, 3.97829e-05
670, 666, 6.97332e-05, 6.42475e-05
670, 667, 5.15004e-05, 4.08221e-05
670, 668, 5.36229e-05, 3.89782e-05
670, 669, 6.61658e-05, 4.49639e-05
672, 666, 7.21125e-05, 6.46119e-05
672, 667, 5.20424e-05, 4.04869e-05
672, 668, 4.98565e-05, 3.8076e-05
672, 669, 7.28564e-05, 4.55407e-05
672, 670, 7.36381e-05, 6.25191e-05
673, 668, 0.000137287, 3.93221e-05
673, 669, 8.76845e-05, 4.57545e-05
673, 670, 0.000108353, 6.35567e-05
673, 672, 4.89642e-05, 4.3686e-05
674, 669, 5.79265e-05, 4.63346e-05
674, 670, 7.39371e-05, 6.27815e-05
674, 672, 5.10858e-05, 4.09908e-05
674, 673, 6.32993e-05, 4.84676e-05
675, 670, 0.00010342, 6.18496e-05
675, 672, 6.12429e-05, 4.10105e-05
675, 673, 0.000121422, 4.50798e-05
675, 674, 3.74051e-05, 3.86341e-05
676, 670, 8.46072e-05, 6.29443e-05
676, 672, 4.97193e-05, 4.34988e-05
676, 673, 7.07086e-05, 4.78848e-05
676, 674, 8.24153e-05, 3.74075e-05
676, 675, 4.63727e-05, 5.03565e-05
677, 670, 6.05768e-05, 6.27582e-05
677, 672, 6.23513e-05, 4.31815e-05
677, 673, 8.45574e-05, 4.74573e-05
677, 674, 6.61744e-05, 3.86471e-05
677, 675, 6.49761e-05, 5.13096e-05
677, 676, 3.99358e-05, 5.28185e-05
678, 672, 4.26797e-05, 4.3669e-05
678, 673, 7.32679e-05, 4.59222e-05
678, 674, 7.13368e-05, 3.77364e-05
678, 675, 4.56169e-05, 5.15102e-05
678, 676, 5.02473e-05, 5.17086e-05
678, 677, 4.46315e-05, 5.03946e-05
679, 672, 5.12108e-05, 4.22059e-05
679, 673, 7.23299e-05, 4.92461e-05
679, 674, 6.45727e-05, 3.77165e-05
679, 675, 5.42593e-05, 5.04259e-05
679, 676, 4.27875e-05, 5.21533e-05
679, 677, 5.07148e-05, 5.27313e-05
679, 678, 6.26537e-05, 7.76948e-05
680, 672, 7.60232e-05, 4.30887e-05
680, 673, 4.33678e-05, 4.88462e-05
680, 674, 0.000103139, 3.75974e-05
680, 675, 6.83801e-05, 5.09043e-05
680, 676, 6.9041e-05, 5.20741e-05
680, 677, 7.63775e-05, 5.05845e-05
680, 678, 7.25025e-05, 7.74503e-05
680, 679, 5.629e-05, 5.17625e-05
681, 673, 0.000122184, 4.7888e-05
681, 674, 4.04488e-05, 3.89975e-05
681, 675, 5.95782e-05, 5.04319e-05
681, 676, 5.87514e-05, 5.36889e-05
681, 677, 5.07199e-05, 5.08981e-05
681, 678, 7.13366e-05, 7.74049e-05
681, 679, 8.30619e-05, 5.23344e-05
681, 680, 6.0934e-05, 5.49213e-05
682, 673, 0.000104469, 4.87615e-05
682, 674, 9.16007e-05, 3.74028e-05
682, 675, 4.68958e-05, 5.13981e-05
682, 676, 8.9627e-05, 4.99889e-05
682, 677, 5.57805e-05, 4.95232e-05
682, 678, 4.22982e-05, 7.8509e-05
682, 679, 0.000102118, 5.13698e-05
682, 680, 4.35276e-05, 5.6442e-05
682, 681, 7.50989e-05, 6.49296e-05
683, 677, 5.36408e-05, 5.11849e-05
683, 678, 6.42679e-05, 7.89809e-05
683, 679, 9.7672e-05, 5.07503e-05
683, 680, 5.38875e-05, 5.80616e-05
683, 681, 6.48132e-05, 6.48486e-05
683, 682, 4.74373e-05, 4.42939e-05
684, 678, 4.71458e-05, 7.67674e-05
684, 679, 6.69308e-05, 5.2052e-05
684, 680, 4.73213e-05, 5.55358e-05
684, 681, 6.14079e-05, 6.52732e-05
684, 682, 9.62921e-05, 4.3836e-05
684, 683, 4.23341e-05, 3.57635e-05
685, 678, 6.1403e-05, 7.87852e-05
685, 679, 7.44545e-05, 5.17177e-05
685, 680, 5.39057e-05, 5.53986e-05
685, 681, 4.92293e-05, 6.4608e-05
685, 682, 4.85771e-05, 4.46696e-05
685, 683, 5.56541e-05, 3.77381e-05
685, 684, 6.52213e-05, 5.47413e-05
686, 678, 7.60237e-05, 7.69455e-05
686, 679, 4.83285e-05, 5.13362e-05
686, 680, 6.9597e-05, 5.80336e-05
686, 681, 3.88521e-05, 6.52618e-05
686, 682, 5.95624e-05, 4.24336e-05
686, 683, 6.41208e-05, 3.67656e-05
686, 684, 4.91269e-05, 5.64406e-05
686, 685, 5.57616e-05, 4.98802e-05
687, 677, 5.00328e-05, 5.03893e-05
687, 680, 6.16528e-05, 5.55159e-05
687, 681, 3.86178e-05, 6.54624e-05
687, 682, 5.16739e-05, 4.45303e-05
687, 683, 6.07201e-05, 3.80482e-05
687, 684, 5.52729e-05, 5.53088e-05
687, 685, 6.70804e-05, 5.05577e-05
687, 686, 4.97461e-05, 6.65006e-05
688, 680, 0.00012014, 5.63692e-05
688, 681, 0.000116106, 6.52808e-05
688, 682, 6.69467e-05, 4.56946e-05
688, 683, 0.000127955, 3.59623e-05
688, 684, 0.000133615, 5.5517e-05
688, 685, 0.000143908, 4.99945e-05
688, 686, 0.000126824, 6.6318e-05
688, 687, 0.000121566, 9.34657e-05
690, 683, 0.000109814, 3.62371e-05
690, 685, 0.000127076, 5.18929e-05
690, 686, 0.000114233, 6.5979e-05
690, 687, 0.000103734, 9.30566e-05
690, 688, 6.90088e-05, 5.78537e-05
691, 680, 7.86322e-05, 5.64022e-05
691, 682, 6.47809e-05, 4.26365e-05
691, 683, 8.53512e-05, 3.58995e-05
691, 685, 0.000136179, 4.92137e-05
691, 686, 0.000105916, 6.5302e-05
691, 687, 8.20442e-05, 9.08075e-05
691, 688, 8.19089e-05, 5.6199e-05
691, 690, 6.4263e-05, 6.53133e-05
692, 686, 7.13333e-05, 6.8048e-05
692, 687, 8.0487e-05, 9.19181e-05
692, 688, 3.68929e-05, 5.62635e-05
692, 690, 7.06324e-05, 6.24425e-05
692, 691, 0.000100147, 3.89773e-05
693, 687, 9.39595e-05, 9.45082e-05
693, 688, 8.73657e-05, 5.73581e-05
693, 690, 7.7528e-05, 6.22053e-05
693, 691, 6.28569e-05, 3.79538e-05
693, 692, 7.28616e-05, 3.86924e-05
694, 687, 7.1787e-05, 9.24616e-05
694, 688, 4.82947e-05, 5.5976e-05
694, 690, 6.18316e-05, 6.197e-05
694, 691, 7.37828e-05, 3.71918e-05
694, 692, 4.0101e-05, 3.79693e-05
694, 693, 3.85335e-05, 4.3538e-05
695, 687, 0.000106934, 9.10865e-05
695, 688, 7.57418e-05, 5.68372e-05
695, 690, 9.28086e-05, 6.20574e-05
695, 691, 8.49203e-05, 3.61903e-05
695, 692, 5.58188e-05, 3.80779e-05
695, 693, 6.20223e-05, 4.42492e-05
695, 694, 5.3758e-05, 3.58507e-05
696, 688, 6.34041e-05, 5.64439e-05
696, 690, 9.1069e-05, 6.20455e-05
696, 691, 0.000100772, 3.45304e-05
696, 692, 4.54749e-05, 3.72663e-05
696, 693, 5.74207e-05, 4.3452e-05
696, 694, 7.69192e-05, 3.47585e-05
696, 695, 5.39197e-05, 3.87567e-05
698, 692, 0.000101981, 3.91423e-05
698, 693, 0.000118696, 4.23605e-05
698, 694, 0.000102425, 3.45663e-05
698, 695, 0.00010776, 3.71186e-05
698, 696, 5.83023e-05, 8.24284e-05
699, 692, 4.83725e-05, 3.78722e-05
699, 693, 6.26446e-05, 4.40403e-05
699, 694, 6.79714e-05, 3.53638e-05
699, 695, 6.56066e-05, 3.8662e-05
699, 696, 4.0431e-05, 8.32345e-05
699, 698, 4.64346e-05, 4.12224e-05
701, 692, 0.000121394, 3.84124e-05
701, 694, 0.000100982, 3.3534e-05
701, 695, 0.000121258, 3.94711e-05
701, 696, 6.90141e-05, 8.21139e-05
701, 698, 6.80561e-05, 4.19107e-05
701, 699, 4.00706e-05, 9.04188e-05
702, 694, 7.66291e-05, 3.59656e-05
702, 695, 8.87749e-05, 3.62488e-05
702, 696, 4.0674e-05, 8.05885e-05
702, 698, 4.82664e-05, 4.11989e-05
702, 699, 4.68875e-05, 9.03127e-05
702, 701, 4.14867e-05, 4.46367e-05
703, 696, 4.46289e-05, 8.22013e-05
703, 698, 6.27395e-05, 4.17795e-05
703, 699, 4.60181e-05, 9.37086e-05
703, 701, 4.97369e-05, 4.38024e-05
703, 702, 6.1018e-05, 4.79088e-05
704, 696, 6.89065e-05, 8.18267e-05
704, 698, 5.18803e-05, 4.32859e-05
704, 699, 4.97711e-05, 8.85348e-05
704, 701, 4.2523e-05, 4.39661e-05
704, 702, 3.36751e-05, 4.57901e-05
704, 703, 6.56494e-05, 6.60461e-05
705, 696, 8.82193e-05, 8.07642e-05
705, 698, 0.000101824, 4.18256e-05
705, 699, 5.53696e-05, 9.33953e-05
705, 701, 6.55822e-05, 4.23565e-05
705, 702, 7.82823e-05, 4.70803e-05
705, 703, 4.20429e-05, 6.43034e-05
705, 704, 8.32857e-05, 4.38006e-05
706, 696, 5.57154e-05, 8.17503e-05
706, 698, 4.47735e-05, 4.09474e-05
706, 699, 4.42352e-05, 8.97321e-05
706, 701, 3.8333e-05, 4.4099e-05
706, 702, 3.51835e-05, 4.75717e-05
706, 703, 6.79561e-05, 6.48988e-05
706, 704, 5.38484e-05, 4.24423e-05
706, 705, 6.24501e-05, 3.69885e-05
707, 698, 9.16075e-05, 4.20235e-05
707, 699, 7.82873e-05, 8.96979e-05
707, 701, 8.51487e-05, 4.438e-05
707, 702, 9.90864e-05, 4.85405e-05
707, 703, 8.8477e-05, 6.82925e-05
707, 704, 6.14891e-05, 4.39685e-05
707, 705, 0.000103565, 3.63768e-05
707, 706, 0.000109666, 4.17748e-05
708, 698, 5.13799e-05, 4.35598e-05
708, 699, 4.08407e-05, 9.16751e-05
708, 701, 3.87094e-05, 4.61841e-05
708, 702, 4.54553e-05, 4.73581e-05
708, 703, 6.49889e-05, 6.44304e-05
708, 704, 4.66559e-05, 4.3462e-05
708, 705, 7.53419e-05, 3.59472e-05
708, 706, 6.00925e-05, 3.87515e-05
708, 707, 4.23117e-05, 5.28349e-05
709, 698, 6.10667e-05, 4.3764e-05
709, 699, 3.57889e-05, 9.09184e-05
709, 701, 3.984e-05, 4.33086e-05
709, 702, 4.70584e-05, 4.93534e-05
709, 703, 5.30292e-05, 6.62191e-05
709, 704, 5.42512e-05, 4.50851e-05
709, 705, 5.64722e-05, 3.70394e-05
709, 706, 5.56939e-05, 4.22721e-05
709, 707, 5.10626e-05, 5.14979e-05
709, 708, 4.35007e-05, 4.57129e-05
710, 698, 5.24026e-05, 4.17852e-05
710, 699, 5.0105e-05, 9.09104e-05
710, 701, 4.35692e-05, 4.4285e-05
710, 702, 3.64973e-05, 4.39458e-05
710, 703, 7.02257e-05, 6.61127e-05
710, 704, 6.98115e-05, 4.17541e-05
710, 705, 5.93111e-05, 3.55668e-05
710, 706, 4.04727e-05, 4.02289e-05
710, 707, 4.98615e-05, 5.39405e-05
710, 708, 7.89674e-05, 4.71746e-05
710, 709, 6.36742e-05, 4.4275e-05
711, 699, 5.38353e-05, 8.97054e-05
711, 701, 6.58704e-05, 4.41333e-05
711, 702, 7.71134e-05, 4.93525e-05
711, 703, 5.9342e-05, 6.48947e-05
711, 704, 6.38461e-05, 4.28064e-05
711, 705, 8.30643e-05, 3.82777e-05
711, 706, 8.53821e-05, 4.34812e-05
711, 707, 7.75306e-05, 5.43027e-05
711, 708, 3.69296e-05, 4.77559e-05
711, 709, 5.42616e-05, 4.38964e-05
711, 710, 5.6325e-05, 5.90747e-05
712, 701, 5.60651e-05, 4.31945e-05
712, 702, 6.71305e-05, 4.57525e-05
712, 703, 5.2215e-05, 6.6814e-05
712, 704, 5.8905e-05, 4.34273e-05
712, 705, 6.74886e-05, 3.56865e-05
712, 706, 7.31664e-05, 4.21641e-05
712, 707, 6.97128e-05, 5.34406e-05
712, 708, 3.8745e-05, 4.61331e-05
712, 709, 5.34242e-05, 4.60405e-05
712, 710, 5.60561e-05, 6.2498e-05
712, 711, 9.68638e-05, 3.19674e-05
713, 701, 6.51388e-05, 4.54525e-05
713, 702, 7.33153e-05, 4.95594e-05
713, 703, 3.56711e-05, 6.6841e-05
713, 704, 7.80108e-05, 4.08104e-05
713, 705, 5.42423e-05, 3.56778e-05
713, 706, 7.31887e-05, 4.23639e-05
713, 707, 8.73088e-05, 5.43726e-05
713, 708, 4.10609e-05, 4.75006e-05
713, 709, 6.41568e-05, 4.41444e-05
713, 710, 7.57737e-05, 6.6858e-05
713, 711, 0.000113614, 3.36237e-05
713, 712, 8.10815e-05, 3.91381e-05
714, 704, 8.30346e-05, 4.21409e-05
714, 705, 6.4219e-05, 3.83567e-05
714, 706, 4.21787e-05, 4.12516e-05
714, 707, 6.57842e-05, 5.43983e-05
714, 708, 9.10322e-05, 4.44477e-05
714, 709, 7.62238e-05, 4.38959e-05
714, 710, 7.83813e-05, 6.27544e-05
714, 711, 8.39626e-05, 3.20653e-05
714, 712, 5.01367e-05, 3.87239e-05
714, 713, 8.49167e-05, 5.48026e-05
715, 706, 4.14532e-05, 4.05959e-05
715, 707, 5.97812e-05, 5.42155e-05
715, 708, 5.79185e-05, 4.96073e-05
715, 709, 5.26188e-05, 4.20879e-05
715, 710, 5.66803e-05, 6.28238e-05
715, 711, 8.53137e-05, 3.37734e-05
715, 712, 5.21709e-05, 4.01916e-05
715, 713, 5.31484e-05, 5.40262e-05
715, 714, 4.97151e-05, 6.30048e-05
716, 706, 0.000102652, 4.17516e-05
716, 707, 8.2485e-05, 5.18305e-05
716, 708, 4.66006e-05, 4.72336e-05
716, 709, 6.40179e-05, 4.25405e-05
716, 710, 6.72765e-05, 6.21165e-05
716, 711, 0.000105194, 3.35896e-05
716, 712, 9.30282e-05, 3.72988e-05
716, 713, 6.00557e-05, 5.54544e-05
716, 714, 8.73835e-05, 6.29901e-05
716, 715, 6.42144e-05, 5.79013e-05
717, 708, 7.09915e-05, 4.67736e-05
717, 709, 9.08566e-05, 4.41756e-05
717, 710, 9.56265e-05, 6.38463e-05
717, 711, 0.000123244, 3.07902e-05
717, 712, 8.87797e-05, 3.8239e-05
717, 713, 5.66389e-05, 5.53434e-05
717, 714, 3.40774e-05, 5.88067e-05
717, 715, 5.528e-05, 6.2317e-05
717, 716, 3.81054e-05, 5.37246e-05
718, 709, 6.11764e-05, 4.38301e-05
718, 710, 6.33478e-05, 6.22146e-05
718, 711, 7.42582e-05, 3.29829e-05
718, 712, 4.3229e-05, 4.26218e-05
718, 713, 6.68229e-05, 5.13508e-05
718, 714, 6.59146e-05, 5.94415e-05
718, 715, 5.54625e-05, 6.34985e-05
718, 716, 7.2769e-05, 5.15609e-05
718, 717, 7.28996e-05, 6.38417e-05
719, 710, 5.85896e-05, 6.22058e-05
719, 711, 9.79449e-05, 3.01394e-05
719, 712, 8.14309e-05, 3.4301e-05
719, 713, 4.7111e-05, 5.5256e-05
719, 714, 7.20603e-05, 6.10032e-05
719, 715, 5.03057e-05, 5.98632e-05
719, 716, 0.00010334, 5.30848e-05
719, 717, 3.85635e-05, 6.06298e-05
719, 718, 4.92295e-05, 4.25448e-05
720, 712, 4.28995e-05, 4.07931e-05
720, 713, 5.06051e-05, 5.24437e-05
720, 714, 6.9626e-05, 5.88413e-05
720, 715, 4.25898e-05, 5.89149e-05
720, 716, 8.59682e-05, 4.81506e-05
720, 717, 4.52383e-05, 6.05655e-05
720, 718, 3.91247e-05, 4.10163e-05
720, 719, 7.44388e-05, 3.02169e-05
721, 714, 5.36431e-05, 6.11839e-05
721, 715, 8.1944e-05, 6.08498e-05
721, 716, 5.90071e-05, 4.93015e-05
721, 717, 9.67822e-05, 6.40109e-05
721, 718, 8.98418e-05, 4.0082e-05
721, 719, 8.22225e-05, 3.08275e-05
721, 720, 4.59888e-05, 3.34464e-05
722, 714, 5.2124e-05, 5.91694e-05
722, 715, 7.80947e-05, 6.17577e-05
722, 716, 3.90613e-05, 4.74137e-05
722, 717, 0.000101297, 6.05525e-05
722, 718, 9.01016e-05, 4.09331e-05
722, 719, 5.17883e-05, 3.25293e-05
722, 720, 3.7163e-05, 3.59218e-05
722, 721, 7.23821e-05, 8.2572e-05
723, 717, 8.8762e-05, 5.84093e-05
723, 718, 9.73515e-05, 4.41506e-05
723, 719, 0.000127872, 3.59798e-05
723, 720, 8.73925e-05, 3.58428e-05
723, 721, 0.000113201, 8.41362e-05
723, 722, 9.25598e-05, 9.72591e-05
724, 715, 0.000103618, 6.55815e-05
724, 716, 4.74052e-05, 4.79837e-05
724, 717, 0.000121782, 5.95019e-05
724, 718, 0.000107505, 3.65768e-05
724, 719, 6.60448e-05, 3.43022e-05
724, 720, 5.53434e-05, 3.36578e-05
724, 721, 8.65807e-05, 8.16567e-05
724, 722, 0.000113583, 9.5298e-05
724, 723, 9.3653e-05, 0.000110876
725, 718, 8.8279e-05, 3.59967e-05
725, 719, 9.52681e-05, 2.87218e-05
725, 720, 5.90623e-05, 3.6816e-05
725, 721, 9.01139e-05, 8.37964e-05
725, 722, 9.32511e-05, 9.24011e-05
725, 723, 6.99691e-05, 0.000114538
725, 724, 7.32163e-05, 4.42694e-05
726, 721, 6.69483e-05, 8.62449e-05
726, 722, 8.19736e-05, 9.35444e-05
726, 723, 6.63206e-05, 0.000109737
726, 724, 5.18496e-05, 4.453e-05
726, 725, 5.59941e-05, 3.5832e-05
727, 721, 0.000101372, 8.29149e-05
727, 723, 8.93733e-05, 0.000116135
727, 724, 8.01529e-05, 4.72812e-05
727, 725, 3.57244e-05, 3.52177e-05
727, 726, 6.63758e-05, 6.77418e-05
728, 723, 0.000142559, 0.000115242
728, 724, 0.000143523, 4.26638e-05
728, 725, 8.26059e-05, 3.46681e-05
728, 726, 5.04205e-05, 7.38729e-05
728, 727, 7.23227e-05, 5.8955e-05
729, 724, 0.000142045, 4.78114e-05
729, 725, 7.10354e-05, 3.76148e-05
729, 726, 8.46722e-05, 7.34538e-05
729, 727, 8.49073e-05, 5.65862e-05
729, 728, 5.39066e-05, 0.000113231
730, 726, 9.35729e-05, 6.97513e-05
730, 727, 0.000105899, 5.55201e-05
730, 728, 3.75798e-05, 0.000109942
730, 729, 4.6787e-05, 9.74758e-05
731, 725, 9.39847e-05, 3.6979e-05
731, 726, 5.96836e-05, 7.47034e-05
731, 727, 8.55404e-05, 5.87467e-05
731, 728, 3.52035e-05, 0.000111813
731, 729, 7.17652e-05, 9.15376e-05
731, 730, 7.15703e-05, 5.42211e-05
732, 726, 8.06335e-05, 6.98546e-05
732, 727, 9.29001e-05, 6.09239e-05
732, 728, 4.26396e-05, 0.000108779
732, 729, 5.53259e-05, 9.37208e-05
732, 730, 5.43436e-05, 5.29135e-05
732, 731, 4.98301e-05, 0.000144768
733, 728, 0.000144145, 0.0001123
733, 729, 0.000109098, 9.75431e-05
733, 730, 9.82342e-05, 5.03118e-05
733, 731, 0.000123439, 0.000139868
733, 732, 9.39922e-05, 6.33157e-05
734, 728, 0.000110495, 0.000107905
734, 729, 9.6848e-05, 9.30045e-05
734, 730, 8.26512e-05, 5.14905e-05
734, 731, 0.000107899, 0.000141835
734, 732, 7.00131e-05, 6.29055e-05
734, 733, 8.70913e-05, 4.28556e-05
735, 732, 0.000124033, 6.4599e-05
735, 733, 8.32e-05, 3.79925e-05
735, 734, 5.19218e-05, 5.94698e-05
736, 733, 0.000131017, 4.11238e-05
736, 734, 8.3301e-05, 5.84909e-05
736, 735, 6.74371e-05, 9.41466e-05
737, 733, 0.000144201, 3.6836e-05
737, 734, 9.71609e-05, 5.8953e-05
737, 735, 7.06511e-05, 9.95829e-05
737, 736, 2.99835e-05, 4.13778e-05
738, 733, 0.00011853, 4.54252e-05
738, 734, 7.68136e-05, 5.91993e-05
738, 735, 6.33845e-05, 9.82707e-05
738, 736, 5.78637e-05, 4.2706e-05
738, 737, 4.56473e-05, 3.24496e-05
739, 735, 3.04268e-05, 9.71029e-05
739, 736, 6.53201e-05, 4.01108e-05
739, 737, 6.77596e-05, 3.02847e-05
739, 738, 5.61359e-05, 8.46514e-05
740, 735, 2.98826e-05, 9.7948e-05
740, 736, 8.02703e-05, 4.38641e-05
740, 737, 8.98003e-05, 3.35763e-05
740, 738, 3.97777e-05, 8.76223e-05
740, 739, 0.000108838, 3.03599e-05
741, 734, 7.44704e-05, 5.95835e-05
741, 735, 4.92327e-05, 9.47021e-05
741, 736, 3.76993e-05, 4.47104e-05
741, 737, 6.71873e-05, 2.97174e-05
741, 738, 8.59584e-05, 8.48981e-05
741, 739, 5.99466e-05, 3.07484e-05
741, 740, 4.85097e-05, 5.17969e-05
742, 734, 0.00019589, 5.74103e-05
742, 735, 0.00016824, 9.57274e-05
742, 736, 0.000104685, 4.09368e-05
742, 737, 9.58066e-05, 2.42536e-05
742, 738, 0.000205013, 8.58761e-05
742, 739, 0.000132635, 2.83565e-05
742, 740, 0.000135291, 5.68417e-05
742, 741, 0.000143261, 4.30468e-05
