13, 0, 7.58457e-06, 2.26619e-06
18, 0, 2.54927e-06, 2.34817e-06
18, 13, 4.52652e-06, 3.5709e-06
30, 0, 2.69596e-06, 2.96778e-06
30, 13, 4.51937e-06, 3.65089e-06
30, 18, 3.04976e-06, 2.30657e-06
40, 0, 1.6902e-06, 1.97745e-06
40, 13, 2.17573e-06, 3.12786e-06
40, 18, 3.34476e-06, 1.81423e-06
40, 30, 1.6379e-06, 3.06111e-06
48, 0, 1.1451e-06, 1.85053e-06
48, 13, 2.10531e-06, 3.03979e-06
48, 18, 3.95585e-06, 1.39402e-06
48, 30, 2.49547e-06, 3.05147e-06
48, 40, 1.69542e-06, 1.79777e-06
55, 0, 7.17665e-06, 2.67103e-06
55, 13, 5.64625e-06, 3.12163e-06
55, 18, 7.73292e-06, 1.26498e-06
55, 30, 6.14102e-06, 3.68191e-06
55, 40, 7.31872e-06, 1.37546e-06
55, 48, 4.25693e-06, 1.40769e-06
62, 0, 1.97598e-06, 2.1444e-06
62, 13, 2.38492e-06, 3.28179e-06
62, 18, 4.04735e-06, 2.26247e-06
62, 30, 5.0415e-06, 2.53332e-06
62, 40, 1.8479e-06, 2.35409e-06
62, 48, 1.93707e-06, 1.58313e-06
62, 55, 3.39798e-06, 2.07411e-06
68, 0, 1.78415e-06, 2.60555e-06
68, 13, 5.51774e-06, 3.5804e-06
68, 18, 2.38665e-06, 1.43057e-06
68, 30, 1.99854e-06, 3.34484e-06
68, 40, 2.21683e-06, 1.84615e-06
68, 48, 3.83525e-06, 1.56541e-06
68, 55, 1.84307e-06, 2.41328e-06
68, 62, 2.41668e-06, 1.90976e-06
74, 0, 1.38857e-06, 1.53755e-06
74, 13, 2.19357e-06, 3.03543e-06
74, 18, 2.27073e-06, 1.93478e-06
74, 30, 1.32428e-06, 2.27443e-06
74, 40, 1.32674e-06, 2.01446e-06
74, 48, 5.22807e-06, 1.34742e-06
74, 55, 5.95134e-06, 1.90412e-06
74, 62, 4.5836e-06, 1.88996e-06
74, 68, 2.51623e-06, 2.64445e-06
75, 0, 1.71554e-06, 2.51139e-06
75, 13, 3.71805e-06, 3.68961e-06
75, 18, 1.98725e-06, 2.05449e-06
75, 30, 1.91497e-06, 3.09454e-06
75, 40, 1.88434e-06, 1.92114e-06
75, 48, 3.17804e-06, 1.56294e-06
75, 55, 1.98338e-06, 2.63706e-06
75, 62, 3.67869e-06, 1.84158e-06
75, 68, 2.01126e-06, 2.72322e-06
75, 74, 2.02586e-06, 1.79077e-06
81, 0, 1.78499e-06, 2.56769e-06
81, 13, 2.4886e-06, 3.26708e-06
81, 18, 3.6833e-06, 2.0421e-06
81, 30, 2.95641e-06, 3.08968e-06
81, 40, 1.46383e-06, 2.16279e-06
81, 48, 1.7634e-06, 1.42051e-06
81, 55, 2.41246e-06, 2.20203e-06
81, 62, 1.76353e-06, 1.57695e-06
81, 68, 3.11657e-06, 2.50228e-06
81, 74, 1.8239e-06, 1.95082e-06
81, 75, 2.37289e-06, 1.96838e-06
84, 0, 3.9977e-06, 2.05178e-06
84, 13, 3.74415e-06, 3.0944e-06
84, 18, 4.60659e-06, 1.31296e-06
84, 30, 2.19223e-06, 2.94078e-06
84, 40, 2.42626e-06, 1.53056e-06
84, 48, 2.07901e-06, 1.41414e-06
84, 55, 3.60422e-06, 2.13363e-06
84, 62, 2.27079e-06, 2.10394e-06
84, 68, 1.38704e-06, 2.07398e-06
84, 74, 1.28012e-06, 1.70693e-06
84, 75, 4.84192e-06, 2.45425e-06
84, 81, 2.28562e-06, 2.88939e-06
90, 0, 3.87356e-06, 2.03183e-06
90, 13, 1.92153e-06, 3.28698e-06
90, 18, 2.80229e-06, 2.10587e-06
90, 30, 2.51954e-06, 2.88583e-06
90, 40, 3.64703e-06, 1.52374e-06
90, 48, 3.50887e-06, 1.31485e-06
90, 55, 2.24032e-06, 2.08714e-06
90, 62, 2.30121e-06, 2.02362e-06
90, 68, 2.46941e-06, 1.98019e-06
90, 74, 3.2699e-06, 1.47237e-06
90, 75, 4.27427e-06, 1.73945e-06
90, 81, 2.13979e-06, 2.94271e-06
90, 84, 5.71515e-06, 1.44825e-06
95, 0, 1.72413e-06, 2.53425e-06
95, 13, 4.81719e-06, 3.1219e-06
95, 18, 6.81243e-06, 1.30804e-06
95, 30, 1.77855e-06, 2.98942e-06
95, 40, 2.04155e-06, 1.40284e-06
95, 48, 2.10153e-06, 1.3606e-06
95, 55, 2.02336e-06, 2.01965e-06
95, 62, 2.04857e-06, 1.54788e-06
95, 68, 1.82577e-06, 2.51809e-06
95, 74, 1.7554e-06, 1.25802e-06
95, 75, 1.81206e-06, 1.68195e-06
95, 81, 4.15552e-06, 2.98647e-06
95, 84, 1.91961e-06, 1.31765e-06
95, 90, 3.56504e-06, 2.77032e-06
100, 0, 1.31207e-06, 2.39231e-06
100, 13, 4.47648e-06, 3.421e-06
100, 18, 3.62329e-06, 8.74408e-07
100, 30, 1.73261e-06, 3.39519e-06
100, 40, 1.70038e-06, 1.1618e-06
100, 48, 1.41842e-06, 1.28136e-06
100, 55, 3.21278e-06, 2.16454e-06
100, 62, 1.05323e-06, 1.50837e-06
100, 68, 2.58626e-06, 2.19542e-06
100, 74, 1.52568e-06, 1.55182e-06
100, 75, 1.64761e-06, 2.27117e-06
100, 81, 1.89283e-06, 3.33917e-06
100, 84, 3.493e-06, 7.36334e-07
100, 90, 4.97197e-06, 3.32544e-06
100, 95, 4.25747e-06, 2.99862e-06
106, 0, 1.98785e-06, 2.4953e-06
106, 13, 3.10747e-06, 2.92287e-06
106, 18, 4.81039e-06, 1.39907e-06
106, 30, 2.07701e-06, 3.22243e-06
106, 40, 1.70762e-06, 1.56138e-06
106, 48, 2.17624e-06, 1.51296e-06
106, 55, 3.11517e-06, 1.87278e-06
106, 62, 2.63454e-06, 2.0484e-06
106, 68, 2.0647e-06, 2.54682e-06
106, 74, 3.31147e-06, 1.28415e-06
106, 75, 5.78354e-06, 1.89116e-06
106, 81, 1.97752e-06, 3.14138e-06
106, 84, 3.82072e-06, 1.43866e-06
106, 90, 4.12086e-06, 3.09921e-06
106, 95, 6.22508e-06, 2.14743e-06
106, 100, 4.16622e-06, 3.51182e-06
114, 0, 3.76592e-06, 2.5486e-06
114, 13, 3.51643e-06, 3.70942e-06
114, 18, 8.44725e-06, 2.27452e-06
114, 30, 2.08503e-06, 3.43222e-06
114, 40, 1.93795e-06, 2.24307e-06
114, 48, 3.21625e-06, 2.1509e-06
114, 55, 5.9756e-06, 2.81855e-06
114, 62, 3.79474e-06, 2.24447e-06
114, 68, 4.42503e-06, 2.22292e-06
114, 74, 1.79518e-06, 2.03706e-06
114, 75, 1.82958e-06, 2.43838e-06
114, 81, 3.08424e-06, 3.64976e-06
114, 84, 3.08236e-06, 2.06436e-06
114, 90, 3.58491e-06, 3.66001e-06
114, 95, 2.51305e-06, 2.95878e-06
114, 100, 2.38605e-06, 3.67121e-06
114, 106, 4.04736e-06, 3.58424e-06
123, 0, 9.256e-07, 2.14699e-06
123, 13, 6.2345e-06, 3.23907e-06
123, 18, 2.19832e-06, 2.18964e-06
123, 30, 1.04335e-06, 2.57795e-06
123, 40, 1.42529e-06, 2.30067e-06
123, 48, 1.78319e-06, 1.54397e-06
123, 55, 3.5477e-06, 1.97939e-06
123, 62, 1.02548e-06, 1.96928e-06
123, 68, 3.85516e-06, 2.49761e-06
123, 74, 1.1971e-06, 1.34907e-06
123, 75, 1.00946e-06, 1.5933e-06
123, 81, 2.1783e-06, 2.89732e-06
123, 84, 1.2959e-06, 1.75418e-06
123, 90, 2.25341e-06, 3.00103e-06
123, 95, 1.06422e-06, 2.67007e-06
123, 100, 1.05757e-06, 2.96419e-06
123, 106, 4.15241e-06, 3.084e-06
123, 114, 5.01982e-06, 2.20854e-06
127, 0, 1.82882e-06, 1.78752e-06
127, 13, 2.47539e-06, 2.97571e-06
127, 18, 3.72481e-06, 1.21457e-06
127, 30, 2.02247e-06, 2.89061e-06
127, 40, 1.82179e-06, 1.51025e-06
127, 48, 1.95434e-06, 1.25871e-06
127, 55, 5.38368e-06, 2.00948e-06
127, 62, 1.78473e-06, 2.04853e-06
127, 68, 5.84063e-06, 2.47058e-06
127, 74, 3.26391e-06, 1.80076e-06
127, 75, 2.33253e-06, 2.24567e-06
127, 81, 1.82063e-06, 2.84558e-06
127, 84, 4.26718e-06, 1.36612e-06
127, 90, 4.0861e-06, 3.29729e-06
127, 95, 2.40256e-06, 2.41594e-06
127, 100, 2.2952e-06, 2.86916e-06
127, 106, 1.84105e-06, 2.64511e-06
127, 114, 5.16603e-06, 2.04825e-06
127, 123, 2.77674e-06, 1.61912e-06
134, 0, 1.3963e-06, 2.64599e-06
134, 13, 4.27177e-06, 3.75358e-06
134, 18, 3.89176e-06, 1.76646e-06
134, 30, 5.43842e-06, 3.25635e-06
134, 40, 1.79531e-06, 2.13581e-06
134, 48, 1.62668e-06, 1.64383e-06
134, 55, 2.20828e-06, 2.5852e-06
134, 62, 1.28333e-06, 1.85236e-06
134, 68, 1.56493e-06, 2.69114e-06
134, 74, 2.25361e-06, 2.01714e-06
134, 75, 1.70378e-06, 2.02021e-06
134, 81, 1.61777e-06, 3.62894e-06
134, 84, 1.71098e-06, 1.90405e-06
134, 90, 2.96205e-06, 3.19036e-06
134, 95, 1.30779e-06, 3.06401e-06
134, 100, 1.3487e-06, 3.7901e-06
134, 106, 1.81889e-06, 3.11738e-06
134, 114, 5.41453e-06, 2.13724e-06
134, 123, 1.42661e-06, 2.62641e-06
134, 127, 1.7736e-06, 2.43025e-06
139, 0, 2.04267e-06, 2.17077e-06
139, 13, 4.55141e-06, 3.40274e-06
139, 18, 5.56313e-06, 2.30292e-06
139, 30, 1.76581e-06, 3.01413e-06
139, 40, 2.17148e-06, 2.64322e-06
139, 48, 2.5492e-06, 1.52335e-06
139, 55, 7.64538e-06, 2.26276e-06
139, 62, 5.582e-06, 1.74227e-06
139, 68, 4.66715e-06, 3.0263e-06
139, 74, 2.29778e-06, 1.39184e-06
139, 75, 1.95115e-06, 1.81293e-06
139, 81, 4.82326e-06, 3.29588e-06
139, 84, 5.78716e-06, 1.75611e-06
139, 90, 5.67693e-06, 2.98225e-06
139, 95, 1.97331e-06, 2.68423e-06
139, 100, 1.92747e-06, 3.93538e-06
139, 106, 2.56959e-06, 3.25133e-06
139, 114, 5.17351e-06, 2.19717e-06
139, 123, 1.86818e-06, 2.37072e-06
139, 127, 2.5306e-06, 2.48012e-06
139, 134, 2.25318e-06, 2.10376e-06
145, 0, 1.82475e-06, 2.6588e-06
145, 13, 5.10172e-06, 3.47626e-06
145, 18, 5.17639e-06, 1.96234e-06
145, 30, 1.77591e-06, 2.9644e-06
145, 40, 1.69645e-06, 1.77958e-06
145, 48, 1.86796e-06, 1.57926e-06
145, 55, 3.83028e-06, 2.53374e-06
145, 62, 2.16032e-06, 1.96655e-06
145, 68, 1.89259e-06, 3.31402e-06
145, 74, 1.80576e-06, 1.70858e-06
145, 75, 1.9256e-06, 1.95626e-06
145, 81, 1.7342e-06, 3.22576e-06
145, 84, 7.80397e-06, 1.767e-06
145, 90, 4.56468e-06, 3.65959e-06
145, 95, 1.94927e-06, 2.92472e-06
145, 100, 2.15676e-06, 4.01473e-06
145, 106, 2.14104e-06, 3.45153e-06
145, 114, 6.20543e-06, 1.70026e-06
145, 123, 1.72551e-06, 2.20635e-06
145, 127, 2.02568e-06, 2.5731e-06
145, 134, 1.74072e-06, 1.88482e-06
145, 139, 1.75051e-06, 2.62101e-06
150, 0, 2.01493e-06, 2.25362e-06
150, 13, 3.60513e-06, 3.28269e-06
150, 18, 4.51042e-06, 1.52631e-06
150, 30, 3.67062e-06, 3.46784e-06
150, 40, 2.25784e-06, 1.20106e-06
150, 48, 2.15424e-06, 1.75824e-06
150, 55, 2.84824e-06, 1.98113e-06
150, 62, 2.31681e-06, 1.58814e-06
150, 68, 2.43246e-06, 2.55658e-06
150, 74, 2.16653e-06, 1.62348e-06
150, 75, 2.31289e-06, 2.35512e-06
150, 81, 2.02042e-06, 3.25922e-06
150, 84, 2.1744e-06, 8.81312e-07
150, 90, 6.31443e-06, 3.25358e-06
150, 95, 2.3815e-06, 2.99586e-06
150, 100, 2.09939e-06, 3.404e-06
150, 106, 2.14507e-06, 3.23295e-06
150, 114, 4.43898e-06, 2.40714e-06
150, 123, 2.23635e-06, 2.19043e-06
150, 127, 2.18413e-06, 1.75277e-06
150, 134, 1.9793e-06, 1.7033e-06
150, 145, 2.14507e-06, 1.54477e-06
151, 0, 1.73608e-06, 2.61696e-06
151, 13, 5.0166e-06, 3.57818e-06
151, 18, 3.06407e-06, 1.88662e-06
151, 30, 1.70771e-06, 2.96931e-06
151, 40, 2.05208e-06, 1.64167e-06
151, 48, 1.23764e-06, 1.6219e-06
151, 55, 2.10681e-06, 2.30341e-06
151, 62, 1.68424e-06, 1.74875e-06
151, 68, 2.33733e-06, 2.7143e-06
151, 74, 1.23194e-06, 1.65265e-06
151, 75, 1.78308e-06, 2.08675e-06
151, 81, 1.52102e-06, 3.11574e-06
151, 84, 2.60041e-06, 1.29145e-06
151, 90, 2.66092e-06, 3.09971e-06
151, 95, 1.72584e-06, 3.23916e-06
151, 100, 1.95794e-06, 3.3047e-06
151, 106, 1.85009e-06, 3.35194e-06
151, 114, 5.64653e-06, 2.34375e-06
151, 123, 1.87856e-06, 2.10979e-06
151, 127, 1.67315e-06, 1.95384e-06
151, 134, 1.88332e-06, 1.72774e-06
151, 139, 1.68925e-06, 2.27585e-06
151, 145, 1.72915e-06, 1.71972e-06
151, 150, 1.89028e-06, 2.19927e-06
157, 0, 2.06669e-06, 2.1329e-06
157, 13, 1.99658e-06, 3.24539e-06
157, 18, 6.61196e-06, 1.29362e-06
157, 30, 2.03188e-06, 3.08771e-06
157, 40, 2.28961e-06, 1.63581e-06
157, 48, 2.20103e-06, 1.87972e-06
157, 55, 2.5935e-06, 1.98504e-06
157, 62, 2.11641e-06, 1.82535e-06
157, 68, 3.46433e-06, 3.04915e-06
157, 74, 2.03964e-06, 1.58607e-06
157, 75, 2.00109e-06, 1.99023e-06
157, 81, 2.16372e-06, 3.10568e-06
157, 84, 3.3567e-06, 1.27845e-06
157, 90, 3.30293e-06, 3.10946e-06
157, 95, 2.17923e-06, 2.61544e-06
157, 100, 2.36872e-06, 3.78322e-06
157, 106, 2.27528e-06, 2.85345e-06
157, 114, 6.16782e-06, 1.945e-06
157, 123, 2.10483e-06, 1.95874e-06
157, 127, 2.28846e-06, 2.1709e-06
157, 134, 2.10738e-06, 1.71536e-06
157, 139, 2.15288e-06, 2.67086e-06
157, 145, 1.98769e-06, 1.91371e-06
157, 150, 2.10024e-06, 1.98587e-06
157, 151, 1.98039e-06, 2.02528e-06
160, 0, 1.81395e-06, 1.68287e-06
160, 13, 2.93533e-06, 2.84238e-06
160, 18, 4.05737e-06, 1.53456e-06
160, 30, 2.22092e-06, 2.75228e-06
160, 40, 1.95828e-06, 1.62785e-06
160, 48, 1.84951e-06, 2.00429e-06
160, 55, 3.89332e-06, 1.87469e-06
160, 62, 2.14291e-06, 1.91221e-06
160, 68, 1.87343e-06, 2.28427e-06
160, 74, 1.95988e-06, 1.70861e-06
160, 75, 1.92187e-06, 2.15175e-06
160, 81, 1.78604e-06, 2.77168e-06
160, 84, 3.776e-06, 1.60926e-06
160, 90, 4.11027e-06, 3.28481e-06
160, 95, 1.85329e-06, 2.33196e-06
160, 100, 1.76456e-06, 2.80035e-06
160, 106, 1.80057e-06, 2.65761e-06
160, 114, 5.21843e-06, 2.24049e-06
160, 123, 1.97093e-06, 1.6729e-06
160, 127, 1.98922e-06, 2.00167e-06
160, 134, 1.83792e-06, 1.95815e-06
160, 139, 1.93962e-06, 2.51221e-06
160, 145, 1.83319e-06, 1.77557e-06
160, 150, 1.83005e-06, 2.47688e-06
160, 151, 1.84396e-06, 2.2331e-06
160, 157, 1.87103e-06, 2.38902e-06
161, 0, 1.28884e-06, 2.25894e-06
161, 13, 1.45232e-06, 3.30403e-06
161, 18, 3.47639e-06, 1.57722e-06
161, 30, 1.52993e-06, 3.14307e-06
161, 40, 1.71131e-06, 1.71813e-06
161, 48, 1.69023e-06, 2.15657e-06
161, 55, 2.92439e-06, 2.26937e-06
161, 62, 1.35064e-06, 1.92523e-06
161, 68, 3.07757e-06, 2.25855e-06
161, 74, 4.49562e-06, 1.84853e-06
161, 75, 1.31589e-06, 2.24686e-06
161, 81, 1.59484e-06, 3.22898e-06
161, 84, 5.15463e-06, 1.64341e-06
161, 90, 3.55358e-06, 3.29396e-06
161, 95, 1.63558e-06, 2.82549e-06
161, 100, 1.37898e-06, 3.22339e-06
161, 106, 2.20064e-06, 3.24523e-06
161, 114, 5.78546e-06, 2.43438e-06
161, 123, 1.95806e-06, 1.83098e-06
161, 127, 1.38668e-06, 1.73001e-06
161, 134, 1.459e-06, 2.03841e-06
161, 139, 1.43797e-06, 2.5283e-06
161, 145, 1.23443e-06, 1.79194e-06
161, 150, 1.79198e-06, 2.49802e-06
161, 151, 1.25535e-06, 1.90846e-06
161, 157, 1.22722e-06, 2.29493e-06
161, 160, 1.69866e-06, 1.93512e-06
162, 0, 1.79269e-06, 2.05014e-06
162, 13, 2.36937e-06, 3.40313e-06
162, 18, 4.2784e-06, 1.63098e-06
162, 30, 3.33793e-06, 2.70626e-06
162, 40, 1.70398e-06, 2.15443e-06
162, 48, 1.65668e-06, 1.91314e-06
162, 55, 2.76587e-06, 2.15564e-06
162, 62, 1.97826e-06, 1.73204e-06
162, 68, 3.05711e-06, 2.12459e-06
162, 74, 4.21902e-06, 1.57557e-06
162, 75, 4.72073e-06, 2.08374e-06
162, 81, 1.65267e-06, 3.51925e-06
162, 84, 4.44925e-06, 1.23327e-06
162, 90, 3.48327e-06, 3.1261e-06
162, 95, 2.38386e-06, 2.58073e-06
162, 100, 5.62031e-06, 3.39841e-06
162, 106, 1.57176e-06, 3.29529e-06
162, 123, 5.26115e-06, 2.78152e-06
162, 127, 1.92563e-06, 1.98048e-06
162, 134, 1.61949e-06, 1.15504e-06
162, 139, 4.70461e-06, 2.45185e-06
162, 145, 1.67251e-06, 1.04841e-06
162, 150, 1.83941e-06, 2.06791e-06
162, 151, 1.9794e-06, 2.24185e-06
162, 157, 2.18726e-06, 2.57745e-06
162, 160, 1.68855e-06, 1.64819e-06
162, 161, 1.80706e-06, 2.63494e-06
163, 0, 3.13195e-06, 2.27091e-06
163, 13, 1.81084e-06, 3.30217e-06
163, 18, 1.76921e-06, 1.68299e-06
163, 40, 4.18384e-06, 1.44783e-06
163, 48, 3.58743e-06, 1.79987e-06
163, 55, 1.94499e-06, 2.00689e-06
163, 62, 2.59785e-06, 1.68043e-06
163, 68, 2.86036e-06, 2.6554e-06
163, 74, 6.89905e-06, 1.484e-06
163, 75, 3.13585e-06, 2.1807e-06
163, 81, 3.49193e-06, 3.19719e-06
163, 84, 6.74286e-06, 1.10623e-06
163, 90, 1.71827e-06, 3.2056e-06
163, 95, 3.23043e-06, 2.80019e-06
163, 100, 4.17015e-06, 3.33274e-06
163, 106, 3.79408e-06, 2.94871e-06
163, 123, 4.84534e-06, 1.6257e-06
163, 127, 3.63948e-06, 1.91666e-06
163, 134, 3.18001e-06, 1.70148e-06
163, 139, 3.07742e-06, 2.27865e-06
163, 145, 3.44363e-06, 1.59089e-06
163, 150, 3.70004e-06, 1.81488e-06
163, 151, 3.43803e-06, 2.02686e-06
163, 157, 2.71278e-06, 2.48824e-06
163, 160, 2.85549e-06, 1.3965e-06
163, 161, 3.1296e-06, 2.55048e-06
163, 162, 2.40235e-06, 3.13837e-06
164, 0, 2.58379e-06, 2.41267e-06
164, 13, 2.46755e-06, 3.37593e-06
164, 18, 2.90916e-06, 1.61162e-06
164, 40, 4.00028e-06, 1.49872e-06
164, 48, 3.91102e-06, 1.5669e-06
164, 55, 2.46421e-06, 2.61399e-06
164, 62, 2.36276e-06, 1.81502e-06
164, 68, 4.76711e-06, 2.22745e-06
164, 74, 4.09104e-06, 1.89667e-06
164, 75, 2.97845e-06, 2.53488e-06
164, 81, 2.50458e-06, 3.22238e-06
164, 84, 5.98839e-06, 1.64435e-06
164, 90, 2.56599e-06, 3.90565e-06
164, 95, 5.48499e-06, 2.92143e-06
164, 100, 2.56727e-06, 3.47437e-06
164, 106, 3.0196e-06, 2.94827e-06
164, 123, 5.08144e-06, 1.608e-06
164, 127, 2.65277e-06, 1.9004e-06
164, 134, 4.14472e-06, 1.87611e-06
164, 139, 2.66569e-06, 3.32439e-06
164, 145, 4.08356e-06, 1.73842e-06
164, 150, 4.33411e-06, 1.89286e-06
164, 151, 4.71998e-06, 2.14601e-06
164, 157, 2.71733e-06, 2.65643e-06
164, 160, 3.03528e-06, 1.37246e-06
164, 161, 3.1192e-06, 2.74145e-06
164, 162, 2.31215e-06, 3.16235e-06
164, 163, 2.83912e-06, 2.52255e-06
166, 0, 5.37824e-06, 2.36694e-06
166, 13, 2.35197e-06, 3.59778e-06
166, 18, 1.39204e-06, 2.3982e-06
166, 40, 5.94141e-06, 2.33162e-06
166, 48, 3.92379e-06, 1.78578e-06
166, 55, 2.13578e-06, 2.46263e-06
166, 62, 5.06276e-06, 1.98756e-06
166, 68, 1.40542e-06, 2.59609e-06
166, 74, 7.619e-06, 1.93525e-06
166, 75, 2.36801e-06, 1.98317e-06
166, 81, 4.81677e-06, 3.61899e-06
166, 84, 8.08616e-06, 2.12935e-06
166, 90, 1.45574e-06, 3.22206e-06
166, 95, 4.25993e-06, 2.72631e-06
166, 100, 4.24267e-06, 3.66014e-06
166, 106, 4.49008e-06, 3.34724e-06
166, 123, 2.0211e-06, 2.6037e-06
166, 127, 6.89826e-06, 2.67117e-06
166, 134, 3.42388e-06, 1.91759e-06
166, 139, 3.97189e-06, 2.62101e-06
166, 145, 2.37678e-06, 2.18819e-06
166, 150, 6.3637e-06, 2.57651e-06
166, 151, 2.75278e-06, 2.27941e-06
166, 157, 1.85928e-06, 2.68931e-06
166, 160, 4.0715e-06, 2.4038e-06
166, 161, 4.4135e-06, 2.89472e-06
166, 162, 3.15252e-06, 3.34262e-06
166, 163, 3.90899e-06, 2.84969e-06
166, 164, 3.84241e-06, 2.33534e-06
168, 0, 2.43585e-06, 2.31514e-06
168, 13, 2.39389e-06, 3.40657e-06
168, 18, 1.82911e-06, 8.59424e-07
168, 40, 2.96679e-06, 1.13938e-06
168, 48, 5.11684e-06, 1.68911e-06
168, 55, 2.55607e-06, 2.21036e-06
168, 62, 3.52943e-06, 1.55278e-06
168, 75, 3.02758e-06, 2.53243e-06
168, 81, 4.5514e-06, 3.23513e-06
168, 84, 8.04322e-06, 6.74202e-07
168, 90, 2.01452e-06, 3.21553e-06
168, 95, 3.73712e-06, 2.9921e-06
168, 100, 7.00847e-06, 3.46696e-06
168, 106, 4.61525e-06, 3.05688e-06
168, 123, 5.46686e-06, 1.50136e-06
168, 127, 3.69319e-06, 1.79167e-06
168, 134, 5.47234e-06, 1.68858e-06
168, 139, 5.53276e-06, 2.59505e-06
168, 145, 4.76906e-06, 1.60912e-06
168, 150, 3.90482e-06, 1.69406e-06
168, 160, 5.18006e-06, 1.17798e-06
168, 161, 7.17916e-06, 2.67977e-06
168, 162, 4.19095e-06, 3.04368e-06
168, 163, 3.48237e-06, 2.50447e-06
168, 164, 4.08232e-06, 2.18994e-06
168, 166, 3.00393e-06, 2.03264e-06
170, 13, 2.85989e-06, 3.30041e-06
170, 18, 2.2424e-06, 1.8687e-06
170, 55, 2.47263e-06, 2.32238e-06
170, 62, 3.04574e-06, 1.99676e-06
170, 81, 3.71739e-06, 3.56165e-06
170, 90, 1.65076e-06, 2.93597e-06
170, 106, 4.21077e-06, 2.95485e-06
170, 134, 1.89212e-06, 1.97746e-06
170, 161, 3.25772e-06, 2.20027e-06
170, 162, 2.41897e-06, 3.36292e-06
170, 163, 6.30432e-06, 2.74826e-06
170, 164, 4.05412e-06, 2.1886e-06
170, 166, 2.44135e-06, 2.15982e-06
170, 168, 2.71735e-06, 4.12762e-06
171, 13, 1.13174e-05, 3.7086e-06
171, 55, 6.6988e-06, 2.41815e-06
171, 90, 8.22319e-06, 3.14368e-06
171, 106, 5.59902e-06, 2.92761e-06
171, 163, 4.41533e-06, 2.76529e-06
171, 164, 4.9385e-06, 2.56109e-06
171, 166, 7.70206e-06, 2.09092e-06
171, 168, 6.3833e-06, 4.06677e-06
171, 170, 1.01022e-05, 4.03673e-06
172, 55, 5.0403e-06, 2.35365e-06
172, 90, 5.4217e-06, 3.15436e-06
172, 164, 1.83356e-06, 2.62871e-06
172, 166, 5.79825e-06, 2.65365e-06
172, 168, 4.96451e-06, 4.19006e-06
172, 170, 8.30766e-06, 4.27028e-06
172, 171, 8.5023e-06, 2.43791e-06
173, 55, 2.96944e-06, 2.41425e-06
173, 166, 3.02411e-06, 2.47838e-06
173, 168, 2.34835e-06, 3.84559e-06
173, 170, 3.512e-06, 4.10502e-06
173, 171, 5.53939e-06, 2.36768e-06
173, 172, 2.01695e-06, 2.20196e-06
174, 168, 6.08973e-06, 3.88349e-06
174, 170, 8.30495e-06, 4.21191e-06
174, 171, 4.67217e-06, 2.34606e-06
174, 172, 7.57064e-06, 2.22756e-06
174, 173, 4.20083e-06, 1.87958e-06
175, 168, 2.95189e-06, 4.04027e-06
175, 170, 5.3425e-06, 4.14073e-06
175, 171, 4.12096e-06, 2.44678e-06
175, 172, 3.85124e-06, 2.43977e-06
175, 173, 2.38353e-06, 1.95273e-06
175, 174, 4.09653e-06, 2.42157e-06
176, 168, 5.59611e-06, 3.62578e-06
176, 170, 1.04584e-05, 3.66652e-06
176, 171, 6.96631e-06, 2.24597e-06
176, 172, 9.17606e-06, 2.40798e-06
176, 173, 5.98208e-06, 1.63667e-06
176, 174, 4.04466e-06, 1.98473e-06
176, 175, 9.26361e-06, 6.32103e-06
177, 168, 8.73545e-06, 3.946e-06
177, 170, 9.94582e-06, 3.77332e-06
177, 171, 8.20552e-06, 2.35599e-06
177, 172, 4.4016e-06, 2.20719e-06
177, 173, 6.36816e-06, 1.86181e-06
177, 174, 3.89715e-06, 2.28571e-06
177, 175, 4.25019e-06, 6.47781e-06
177, 176, 7.11925e-06, 3.7523e-06
178, 171, 2.01094e-06, 2.3322e-06
178, 172, 7.38289e-06, 2.12242e-06
178, 173, 3.61448e-06, 1.80849e-06
178, 174, 7.09122e-06, 2.22665e-06
178, 175, 8.45486e-06, 6.59029e-06
178, 176, 2.57045e-06, 3.80704e-06
178, 177, 8.73706e-06, 5.39032e-06
179, 171, 8.1843e-06, 2.17087e-06
179, 172, 4.97654e-06, 1.98231e-06
179, 173, 5.68264e-06, 1.62581e-06
179, 174, 2.65877e-06, 2.04442e-06
179, 175, 4.42365e-06, 6.45488e-06
179, 176, 5.96239e-06, 3.4793e-06
179, 177, 2.7023e-06, 5.40837e-06
179, 178, 5.94047e-06, 2.57274e-06
180, 171, 8.87602e-06, 2.15303e-06
180, 172, 4.53519e-06, 2.55383e-06
180, 173, 6.85889e-06, 1.52275e-06
180, 174, 5.02798e-06, 2.4666e-06
180, 175, 3.62093e-06, 6.60968e-06
180, 176, 7.02968e-06, 4.05968e-06
180, 177, 2.67648e-06, 5.4189e-06
180, 178, 8.38397e-06, 2.61631e-06
180, 179, 4.44633e-06, 6.59709e-06
181, 174, 7.94019e-06, 2.31391e-06
181, 175, 6.0939e-06, 6.30952e-06
181, 176, 3.71572e-06, 3.53394e-06
181, 177, 8.11431e-06, 5.63721e-06
181, 178, 1.13501e-05, 2.54673e-06
181, 179, 4.12231e-06, 6.78164e-06
181, 180, 6.69655e-06, 6.85013e-06
182, 177, 5.69609e-06, 5.74684e-06
182, 178, 7.32788e-06, 2.62747e-06
182, 179, 4.14135e-06, 6.85257e-06
182, 180, 5.14525e-06, 6.71671e-06
182, 181, 2.79586e-06, 7.40341e-06
183, 178, 9.1183e-06, 2.70594e-06
183, 179, 5.90096e-06, 6.62981e-06
183, 180, 3.23704e-06, 6.86024e-06
183, 181, 9.51842e-06, 7.22463e-06
183, 182, 5.34515e-06, 5.25665e-06
184, 178, 1.02261e-05, 2.28605e-06
184, 179, 6.73195e-06, 6.74055e-06
184, 180, 7.569e-06, 6.76809e-06
184, 181, 3.61745e-06, 7.08019e-06
184, 182, 7.25837e-06, 5.07813e-06
184, 183, 9.36379e-06, 5.89026e-06
185, 179, 5.79658e-06, 6.47902e-06
185, 180, 6.98061e-06, 6.60464e-06
185, 181, 3.86864e-06, 7.25734e-06
185, 182, 5.46911e-06, 4.68614e-06
185, 183, 8.54906e-06, 5.48034e-06
185, 184, 3.12196e-06, 1.20947e-06
186, 179, 4.18415e-06, 6.37195e-06
186, 180, 4.93175e-06, 7.03379e-06
186, 181, 2.73547e-06, 6.96135e-06
186, 182, 5.32048e-06, 5.0524e-06
186, 183, 7.14995e-06, 5.5174e-06
186, 184, 2.18758e-06, 1.27381e-06
186, 185, 8.32397e-06, 1.49019e-06
188, 179, 4.22561e-06, 6.54657e-06
188, 180, 7.59234e-06, 6.63594e-06
188, 181, 3.72532e-06, 7.26255e-06
188, 182, 6.07792e-06, 5.09468e-06
188, 183, 7.10873e-06, 5.6607e-06
188, 184, 2.2596e-06, 1.4792e-06
188, 185, 7.65633e-06, 2.25396e-06
188, 186, 3.00566e-06, 4.37076e-06
189, 179, 6.2311e-06, 6.45754e-06
189, 180, 2.67989e-06, 6.6264e-06
189, 181, 3.35005e-06, 6.78495e-06
189, 182, 4.4785e-06, 5.10589e-06
189, 183, 5.18554e-06, 5.59786e-06
189, 184, 1.40824e-06, 9.03664e-07
189, 185, 5.6314e-06, 1.80301e-06
189, 186, 4.5457e-06, 4.31036e-06
189, 188, 4.24239e-06, 2.07399e-06
190, 179, 6.82704e-06, 6.47754e-06
190, 180, 7.1281e-06, 6.32331e-06
190, 181, 2.8567e-06, 7.29044e-06
190, 182, 7.49586e-06, 4.72739e-06
190, 183, 9.67119e-06, 5.72678e-06
190, 184, 4.41999e-06, 1.27283e-06
190, 185, 9.75823e-06, 1.67095e-06
190, 186, 1.87422e-06, 4.2956e-06
190, 188, 7.5546e-06, 2.27087e-06
190, 189, 2.60139e-06, 2.85126e-06
191, 179, 6.11584e-06, 6.65666e-06
191, 180, 4.96018e-06, 6.7613e-06
191, 181, 2.91485e-06, 7.53748e-06
191, 182, 5.60729e-06, 5.37484e-06
191, 183, 7.04075e-06, 5.73299e-06
191, 184, 2.09474e-06, 1.74396e-06
191, 185, 7.65916e-06, 2.49814e-06
191, 186, 3.21522e-06, 4.65185e-06
191, 188, 6.2297e-06, 2.31497e-06
191, 189, 2.29978e-06, 3.43016e-06
191, 190, 4.60152e-06, 5.47792e-06
192, 180, 8.8143e-06, 6.62544e-06
192, 181, 6.58972e-06, 7.17553e-06
192, 182, 7.16672e-06, 5.50242e-06
192, 183, 9.49278e-06, 5.56711e-06
192, 184, 6.40912e-06, 1.66487e-06
192, 185, 1.12111e-05, 2.44947e-06
192, 186, 2.21327e-06, 4.17021e-06
192, 188, 8.31689e-06, 2.89679e-06
192, 189, 2.02602e-06, 3.14329e-06
192, 190, 5.4475e-06, 5.47922e-06
192, 191, 8.84507e-06, 8.83968e-06
195, 184, 3.84791e-06, 2.6558e-06
195, 185, 1.04601e-05, 2.65313e-06
195, 186, 5.14072e-06, 4.89713e-06
195, 188, 8.08966e-06, 3.09411e-06
195, 189, 5.77182e-06, 3.53435e-06
195, 190, 4.04161e-06, 5.64969e-06
195, 191, 7.96912e-06, 8.76719e-06
195, 192, 1.9927e-06, 4.56198e-06
196, 184, 4.42356e-06, 1.31136e-06
196, 185, 2.52831e-06, 2.17467e-06
196, 186, 8.53237e-06, 4.39954e-06
196, 188, 4.42774e-06, 2.13155e-06
196, 189, 9.19233e-06, 3.20984e-06
196, 190, 4.64138e-06, 5.47312e-06
196, 191, 1.36373e-06, 9.10769e-06
196, 192, 9.47042e-06, 4.18624e-06
196, 195, 2.23574e-06, 6.87671e-06
198, 184, 5.38411e-06, 1.95622e-06
198, 185, 7.78725e-06, 2.43069e-06
198, 186, 3.14607e-06, 4.48825e-06
198, 188, 6.71589e-06, 2.25491e-06
198, 189, 3.07422e-06, 3.52721e-06
198, 190, 3.2662e-06, 5.50728e-06
198, 191, 6.83209e-06, 8.89456e-06
198, 192, 3.33418e-06, 4.2653e-06
198, 195, 6.62835e-06, 6.78003e-06
198, 196, 2.89079e-06, 4.88412e-06
199, 184, 4.31326e-06, 1.22113e-06
199, 185, 1.10533e-05, 1.60728e-06
199, 186, 5.95553e-06, 4.38096e-06
199, 188, 8.32269e-06, 2.56419e-06
199, 189, 4.23578e-06, 3.07269e-06
199, 190, 4.92267e-06, 5.18756e-06
199, 191, 1.16044e-05, 8.76882e-06
199, 192, 9.05377e-06, 4.41419e-06
199, 195, 1.02824e-05, 6.96859e-06
199, 196, 5.29674e-06, 4.6869e-06
199, 198, 2.00355e-06, 1.05285e-05
201, 185, 5.30612e-06, 2.51347e-06
201, 188, 3.14796e-06, 2.1931e-06
201, 189, 7.09882e-06, 3.33263e-06
201, 190, 2.82989e-06, 5.88229e-06
201, 191, 2.1078e-06, 9.31205e-06
201, 192, 7.47949e-06, 4.50596e-06
201, 195, 1.8783e-06, 6.99062e-06
201, 196, 3.80054e-06, 5.13239e-06
201, 198, 6.98505e-06, 1.05147e-05
201, 199, 8.67427e-06, 7.97009e-06
203, 188, 4.96083e-06, 2.39248e-06
203, 189, 9.33679e-06, 2.88394e-06
203, 190, 3.81082e-06, 5.36071e-06
203, 191, 3.88331e-06, 8.7811e-06
203, 192, 1.05189e-05, 4.23188e-06
203, 195, 7.48707e-06, 6.76574e-06
203, 196, 5.23812e-06, 4.71815e-06
203, 198, 7.38887e-06, 1.08214e-05
203, 199, 9.54664e-06, 7.74235e-06
203, 201, 9.03173e-06, 7.68753e-06
204, 188, 3.28406e-06, 2.32734e-06
204, 189, 6.86485e-06, 2.66438e-06
204, 190, 5.86799e-06, 5.26653e-06
204, 191, 3.63007e-06, 8.82254e-06
204, 192, 9.07485e-06, 4.26766e-06
204, 195, 1.89999e-06, 6.76102e-06
204, 196, 6.79928e-06, 4.65791e-06
204, 198, 8.11417e-06, 1.0335e-05
204, 199, 9.69238e-06, 7.56689e-06
204, 201, 9.8939e-06, 7.20161e-06
204, 203, 8.72284e-06, 5.1027e-06
205, 189, 5.09332e-06, 3.0169e-06
205, 190, 2.65279e-06, 5.5436e-06
205, 191, 3.36521e-06, 8.62707e-06
205, 192, 6.99664e-06, 4.1366e-06
205, 195, 3.09024e-06, 6.6755e-06
205, 196, 3.32565e-06, 4.44594e-06
205, 198, 5.28705e-06, 1.02672e-05
205, 199, 6.76514e-06, 7.76366e-06
205, 201, 6.58417e-06, 7.36661e-06
205, 203, 5.36909e-06, 5.27337e-06
205, 204, 5.10815e-06, 4.18901e-06
206, 190, 2.0767e-06, 5.53238e-06
206, 191, 6.78364e-06, 8.89253e-06
206, 192, 4.75549e-06, 4.44952e-06
206, 195, 4.4403e-06, 6.81335e-06
206, 196, 3.44966e-06, 4.68011e-06
206, 198, 4.962e-06, 1.04705e-05
206, 199, 6.68866e-06, 7.7195e-06
206, 201, 5.45647e-06, 7.52611e-06
206, 203, 6.25285e-06, 5.34776e-06
206, 204, 4.21633e-06, 4.13379e-06
206, 205, 6.70061e-06, 4.21489e-06
207, 190, 3.87041e-06, 5.56042e-06
207, 191, 3.65666e-06, 8.99736e-06
207, 192, 8.48829e-06, 3.95166e-06
207, 195, 6.59837e-06, 6.97055e-06
207, 196, 5.79107e-06, 4.89125e-06
207, 198, 7.91881e-06, 1.05191e-05
207, 199, 8.4785e-06, 7.80754e-06
207, 201, 8.33139e-06, 8.01699e-06
207, 203, 7.2942e-06, 5.53855e-06
207, 204, 7.21057e-06, 4.80661e-06
207, 205, 3.23482e-06, 4.26614e-06
207, 206, 4.0755e-06, 6.60028e-06
209, 192, 6.29623e-06, 4.46628e-06
209, 195, 3.72663e-06, 7.03322e-06
209, 196, 8.10706e-06, 5.08054e-06
209, 198, 7.17191e-06, 1.08434e-05
209, 199, 8.3035e-06, 8.11168e-06
209, 201, 6.2982e-06, 7.80828e-06
209, 203, 8.49205e-06, 5.42195e-06
209, 204, 7.09635e-06, 4.60306e-06
209, 205, 8.31565e-06, 3.98629e-06
209, 206, 4.1671e-06, 6.41204e-06
209, 207, 8.93466e-06, 3.9751e-06
210, 195, 2.39994e-06, 7.12835e-06
210, 198, 8.18902e-06, 1.04921e-05
210, 199, 7.14317e-06, 8.2048e-06
210, 201, 7.5154e-06, 7.63837e-06
210, 203, 6.75892e-06, 5.46275e-06
210, 204, 6.04883e-06, 4.66104e-06
210, 205, 4.83222e-06, 4.15042e-06
210, 206, 3.70458e-06, 6.52617e-06
210, 207, 6.05218e-06, 3.93226e-06
210, 209, 3.32041e-06, 9.67155e-06
211, 195, 1.77171e-06, 6.61041e-06
211, 198, 6.87153e-06, 1.02938e-05
211, 199, 8.73729e-06, 7.73667e-06
211, 201, 9.39632e-06, 7.46613e-06
211, 203, 7.42791e-06, 5.16319e-06
211, 204, 7.52922e-06, 4.08285e-06
211, 205, 6.97616e-06, 3.79455e-06
211, 206, 5.69132e-06, 6.04211e-06
211, 207, 2.90953e-06, 3.53373e-06
211, 209, 2.49787e-06, 9.80393e-06
211, 210, 7.38391e-06, 3.06081e-06
212, 198, 5.4147e-06, 1.03176e-05
212, 199, 1.00299e-05, 7.83523e-06
212, 201, 8.14902e-06, 7.63696e-06
212, 203, 7.64875e-06, 5.36862e-06
212, 204, 7.26353e-06, 4.53725e-06
212, 205, 2.64082e-06, 4.14543e-06
212, 206, 7.83533e-06, 6.11513e-06
212, 207, 5.41395e-06, 3.59692e-06
212, 209, 2.43551e-06, 9.87928e-06
212, 210, 6.46279e-06, 3.41444e-06
212, 211, 2.67621e-06, 1.9244e-06
213, 199, 1.31863e-05, 7.69295e-06
213, 201, 8.68276e-06, 7.25288e-06
213, 203, 1.23561e-05, 5.15124e-06
213, 204, 8.96365e-06, 4.15299e-06
213, 205, 8.97457e-06, 4.08045e-06
213, 206, 4.16283e-06, 6.08698e-06
213, 207, 7.67438e-06, 3.29112e-06
213, 209, 5.24192e-06, 9.67012e-06
213, 210, 7.96601e-06, 2.71172e-06
213, 211, 5.79432e-06, 1.96614e-06
213, 212, 5.8739e-06, 7.69667e-06
214, 203, 3.90723e-06, 4.98641e-06
214, 204, 4.82261e-06, 4.31581e-06
214, 205, 3.75031e-06, 3.99168e-06
214, 206, 9.17303e-06, 6.23465e-06
214, 207, 8.55791e-06, 3.67322e-06
214, 209, 3.87473e-06, 9.65754e-06
214, 210, 3.50359e-06, 3.27599e-06
214, 211, 3.52165e-06, 2.60873e-06
214, 212, 2.1005e-06, 7.99619e-06
214, 213, 3.03181e-06, 4.54922e-06
215, 205, 7.34485e-06, 4.17277e-06
215, 206, 1.22669e-05, 6.12665e-06
215, 207, 8.01739e-06, 3.95327e-06
215, 209, 8.25754e-06, 9.77967e-06
215, 210, 1.74817e-06, 4.21082e-06
215, 211, 6.18586e-06, 2.26369e-06
215, 212, 5.95284e-06, 8.01895e-06
215, 213, 6.60307e-06, 4.95673e-06
215, 214, 1.49154e-05, 3.7237e-06
216, 207, 5.03531e-06, 3.08747e-06
216, 209, 7.77826e-06, 9.88234e-06
216, 210, 6.94595e-06, 2.80369e-06
216, 211, 6.13907e-06, 2.04908e-06
216, 212, 4.67654e-06, 7.81734e-06
216, 213, 5.36852e-06, 4.76558e-06
216, 214, 1.33064e-05, 2.12297e-06
216, 215, 6.16626e-06, 5.47206e-06
217, 209, 5.96603e-06, 9.96056e-06
217, 210, 2.95631e-06, 3.59804e-06
217, 211, 8.004e-06, 2.07017e-06
217, 212, 5.31412e-06, 7.98057e-06
217, 213, 5.1949e-06, 4.73419e-06
217, 214, 1.23146e-05, 2.69291e-06
217, 215, 2.06871e-06, 5.37005e-06
217, 216, 8.28919e-06, 3.68883e-06
219, 210, 4.07223e-06, 3.5202e-06
219, 211, 9.04282e-06, 1.99975e-06
219, 212, 6.94913e-06, 8.00459e-06
219, 213, 9.75667e-06, 4.88302e-06
219, 214, 1.7675e-05, 3.15224e-06
219, 215, 6.84835e-06, 5.19645e-06
219, 216, 1.29698e-05, 2.48931e-06
219, 217, 6.19552e-06, 1.21959e-05
220, 210, 9.94999e-06, 3.49303e-06
220, 211, 9.11053e-06, 2.13906e-06
220, 212, 8.2021e-06, 7.73945e-06
220, 213, 5.4399e-06, 4.46224e-06
220, 214, 2.39301e-06, 3.06082e-06
220, 215, 8.56687e-06, 5.11043e-06
220, 216, 5.28804e-06, 3.06282e-06
220, 217, 7.85668e-06, 1.18688e-05
220, 219, 7.40564e-06, 1.06624e-05
221, 210, 7.39529e-06, 3.11681e-06
221, 211, 3.94862e-06, 2.25341e-06
221, 212, 4.85509e-06, 8.30834e-06
221, 213, 5.67509e-06, 4.6493e-06
221, 214, 1.18555e-05, 3.02062e-06
221, 215, 9.9644e-06, 5.42564e-06
221, 216, 7.39697e-06, 2.62702e-06
221, 217, 4.58922e-06, 1.21254e-05
221, 219, 5.17233e-06, 1.09457e-05
221, 220, 3.44105e-06, 1.22044e-05
222, 212, 5.53468e-06, 8.1199e-06
222, 213, 3.52574e-06, 4.56784e-06
222, 214, 1.00662e-05, 3.444e-06
222, 215, 7.78801e-06, 5.67087e-06
222, 216, 7.89463e-06, 3.5064e-06
222, 217, 5.9969e-06, 1.21051e-05
222, 219, 5.53901e-06, 1.09941e-05
222, 220, 2.11923e-06, 1.24234e-05
222, 221, 6.11214e-06, 1.54327e-05
223, 213, 3.81912e-06, 4.33995e-06
223, 214, 8.39111e-06, 3.37156e-06
223, 215, 7.61538e-06, 5.81767e-06
223, 216, 4.46014e-06, 3.02917e-06
223, 217, 8.46244e-06, 1.20369e-05
223, 219, 4.5054e-06, 1.07845e-05
223, 220, 4.21051e-06, 1.21723e-05
223, 221, 4.84931e-06, 1.56341e-05
223, 222, 5.0112e-06, 3.71363e-06
224, 213, 4.6355e-06, 4.44756e-06
224, 214, 8.42296e-06, 2.47779e-06
224, 215, 4.95723e-06, 5.41514e-06
224, 216, 5.49613e-06, 2.71959e-06
224, 217, 3.63531e-06, 1.21347e-05
224, 219, 2.43666e-06, 1.08243e-05
224, 220, 4.89618e-06, 1.22633e-05
224, 221, 2.92396e-06, 1.54153e-05
224, 222, 4.68828e-06, 3.33907e-06
224, 223, 3.72605e-06, 4.93029e-06
225, 215, 2.95686e-06, 5.23949e-06
225, 216, 1.14775e-05, 3.73903e-06
225, 217, 6.86395e-06, 1.21652e-05
225, 219, 3.35417e-06, 1.10271e-05
225, 220, 6.68234e-06, 1.24444e-05
225, 221, 2.71304e-06, 1.53979e-05
225, 222, 5.55729e-06, 3.62543e-06
225, 223, 3.80278e-06, 4.6233e-06
225, 224, 7.09723e-06, 9.36174e-06
226, 216, 6.15453e-06, 2.93293e-06
226, 217, 3.43785e-06, 1.20238e-05
226, 219, 6.45391e-06, 1.11144e-05
226, 220, 2.22971e-06, 1.21998e-05
226, 221, 6.40338e-06, 1.57476e-05
226, 222, 2.29595e-06, 4.0558e-06
226, 223, 4.42738e-06, 4.88947e-06
226, 224, 9.36367e-06, 9.44214e-06
226, 225, 9.00333e-06, 1.02156e-05
227, 216, 5.57703e-06, 2.8036e-06
227, 217, 2.72271e-06, 1.203e-05
227, 219, 7.57378e-06, 1.14005e-05
227, 220, 3.21248e-06, 1.23047e-05
227, 221, 5.08448e-06, 1.57045e-05
227, 222, 2.63914e-06, 3.99075e-06
227, 223, 3.91005e-06, 4.95512e-06
227, 224, 7.99566e-06, 9.45985e-06
227, 225, 7.80008e-06, 1.0694e-05
227, 226, 6.84862e-06, 7.96997e-06
228, 217, 4.99908e-06, 1.22023e-05
228, 219, 3.75884e-06, 1.10506e-05
228, 220, 7.65269e-06, 1.20765e-05
228, 221, 1.16568e-06, 1.54222e-05
228, 222, 5.29517e-06, 3.93526e-06
228, 223, 3.21925e-06, 4.64797e-06
228, 224, 6.68458e-06, 9.28652e-06
228, 225, 2.45525e-06, 1.05716e-05
228, 226, 1.17002e-05, 8.0014e-06
228, 227, 9.19124e-06, 1.35807e-05
229, 219, 5.90118e-06, 1.11977e-05
229, 220, 5.64681e-06, 1.2203e-05
229, 221, 5.63722e-06, 1.55143e-05
229, 222, 5.18402e-06, 3.75835e-06
229, 223, 4.03758e-06, 5.06627e-06
229, 224, 1.01283e-05, 9.52705e-06
229, 225, 7.92854e-06, 1.02089e-05
229, 226, 7.4749e-06, 7.78537e-06
229, 227, 3.31795e-06, 1.35631e-05
229, 228, 2.76188e-06, 1.02047e-05
230, 219, 2.47033e-06, 1.08116e-05
230, 220, 5.94551e-06, 1.21076e-05
230, 221, 2.52571e-06, 1.54133e-05
230, 222, 3.83133e-06, 3.83455e-06
230, 223, 7.87679e-06, 4.96721e-06
230, 224, 5.04768e-06, 9.00375e-06
230, 225, 6.68014e-06, 1.04243e-05
230, 226, 7.72996e-06, 7.56534e-06
230, 227, 8.21394e-06, 1.36702e-05
230, 228, 4.86205e-06, 9.61911e-06
230, 229, 1.0262e-05, 1.1634e-05
231, 219, 6.08728e-06, 1.09587e-05
231, 220, 5.81491e-06, 1.26019e-05
231, 221, 5.99298e-06, 1.56483e-05
231, 222, 3.07186e-06, 3.80051e-06
231, 223, 4.36765e-06, 4.83802e-06
231, 224, 9.97355e-06, 9.42538e-06
231, 225, 8.83426e-06, 1.03088e-05
231, 226, 5.66627e-06, 8.20043e-06
231, 227, 5.02053e-06, 1.37992e-05
231, 228, 3.41334e-06, 1.00389e-05
231, 229, 1.04352e-05, 1.19904e-05
231, 230, 5.05731e-06, 1.75362e-05
232, 220, 5.60455e-06, 1.24449e-05
232, 221, 3.53176e-06, 1.56211e-05
232, 222, 7.48162e-06, 3.73138e-06
232, 223, 3.32889e-06, 4.93271e-06
232, 224, 6.48932e-06, 9.88475e-06
232, 225, 3.64523e-06, 1.02124e-05
232, 226, 1.06998e-05, 7.36804e-06
232, 227, 9.59901e-06, 1.30926e-05
232, 228, 5.75288e-06, 9.90169e-06
232, 229, 8.70571e-06, 1.18534e-05
232, 230, 4.04796e-06, 1.80587e-05
232, 231, 7.05724e-06, 4.14231e-06
233, 221, 5.87323e-06, 1.52785e-05
233, 222, 9.96885e-06, 3.90821e-06
233, 223, 5.92877e-06, 5.1213e-06
233, 224, 1.11854e-05, 9.39996e-06
233, 225, 6.15859e-06, 1.04691e-05
233, 226, 1.87267e-05, 7.48431e-06
233, 227, 1.39821e-05, 1.32141e-05
233, 228, 9.02042e-06, 9.99624e-06
233, 229, 6.06563e-06, 1.18325e-05
233, 230, 8.23565e-06, 1.82052e-05
233, 231, 7.2667e-06, 5.10002e-06
233, 232, 4.72253e-06, 9.30993e-06
235, 224, 8.12492e-06, 9.23516e-06
235, 225, 4.36379e-06, 9.99059e-06
235, 226, 8.60122e-06, 7.67764e-06
235, 227, 6.78159e-06, 1.41983e-05
235, 228, 4.54866e-06, 9.7798e-06
235, 229, 1.07898e-05, 1.12281e-05
235, 230, 1.49621e-06, 1.80955e-05
235, 231, 3.92747e-06, 4.10188e-06
235, 232, 4.26951e-06, 9.32356e-06
235, 233, 3.02368e-06, 2.38971e-06
236, 225, 4.14278e-06, 9.72867e-06
236, 226, 1.60559e-05, 7.53155e-06
236, 227, 7.59815e-06, 1.36425e-05
236, 228, 7.90629e-06, 9.38152e-06
236, 229, 6.45471e-06, 1.16892e-05
236, 230, 3.86445e-06, 1.77426e-05
236, 231, 5.86928e-06, 4.86423e-06
236, 232, 2.12684e-06, 9.19073e-06
236, 233, 5.23037e-06, 2.37939e-06
236, 235, 1.03214e-05, 1.03778e-05
237, 227, 1.05917e-05, 1.33912e-05
237, 228, 6.58772e-06, 9.73756e-06
237, 229, 9.42168e-06, 1.24857e-05
237, 230, 5.10242e-06, 1.87183e-05
237, 231, 8.42118e-06, 4.26323e-06
237, 232, 3.53514e-06, 8.90309e-06
237, 233, 2.50913e-06, 3.63384e-06
237, 235, 7.06973e-06, 1.06765e-05
237, 236, 5.16296e-06, 1.37468e-05
238, 229, 7.67881e-06, 1.178e-05
238, 230, 8.48175e-06, 1.82322e-05
238, 231, 4.39862e-06, 4.74535e-06
238, 232, 3.95729e-06, 9.02656e-06
238, 233, 4.55062e-06, 3.50365e-06
238, 235, 8.72528e-06, 1.03208e-05
238, 236, 7.67186e-06, 1.52749e-05
238, 237, 6.06695e-06, 5.02309e-06
239, 230, 1.48398e-05, 1.81693e-05
239, 231, 1.23794e-05, 4.87153e-06
239, 232, 9.80581e-06, 9.33951e-06
239, 233, 1.20499e-05, 3.72282e-06
239, 235, 2.0963e-05, 1.0701e-05
239, 236, 2.07762e-05, 1.46767e-05
239, 237, 1.5395e-05, 4.78616e-06
239, 238, 1.03794e-05, 4.72217e-06
240, 232, 1.74387e-05, 9.67534e-06
240, 233, 9.23268e-06, 3.71472e-06
240, 235, 4.95345e-06, 1.08137e-05
240, 236, 7.03277e-06, 1.39744e-05
240, 237, 1.56334e-05, 5.15467e-06
240, 238, 1.63751e-05, 5.02377e-06
240, 239, 1.71817e-05, 2.81963e-06
241, 232, 4.91533e-05, 8.76527e-06
241, 233, 5.11245e-05, 3.74962e-06
241, 235, 5.18816e-05, 1.0311e-05
241, 236, 5.30312e-05, 1.39948e-05
241, 237, 4.47622e-05, 4.64208e-06
241, 238, 4.2928e-05, 3.86671e-06
241, 239, 4.14787e-05, 3.05607e-06
241, 240, 7.60747e-05, 1.99059e-05
242, 233, 4.3642e-05, 3.64924e-06
242, 235, 4.53776e-05, 1.04776e-05
242, 236, 4.49194e-05, 1.39175e-05
242, 237, 3.52169e-05, 4.09508e-06
242, 238, 3.35632e-05, 4.5907e-06
242, 239, 3.16275e-05, 3.62867e-06
242, 240, 6.55568e-05, 1.90884e-05
242, 241, 6.76356e-05, 6.50214e-06
243, 235, 3.49588e-05, 1.04696e-05
243, 236, 3.50549e-05, 1.40188e-05
243, 237, 4.72844e-05, 4.85789e-06
243, 238, 4.77025e-05, 4.43657e-06
243, 239, 4.97294e-05, 3.39837e-06
243, 240, 1.49396e-05, 2.0769e-05
243, 241, 1.33551e-05, 6.26297e-06
243, 242, 2.20924e-05, 5.5939e-06
244, 236, 3.52477e-05, 1.47697e-05
244, 237, 3.58833e-05, 4.66906e-06
244, 238, 4.17909e-05, 4.28009e-06
244, 239, 4.24561e-05, 2.63913e-06
244, 240, 8.01556e-06, 1.9368e-05
244, 241, 8.40684e-06, 6.3089e-06
244, 242, 1.57557e-05, 5.76422e-06
244, 243, 1.14211e-05, 3.92494e-06
245, 237, 3.0568e-05, 5.60783e-06
245, 238, 3.43202e-05, 5.14963e-06
245, 239, 3.40155e-05, 3.22791e-06
245, 240, 6.4567e-05, 1.95355e-05
245, 241, 6.56104e-05, 6.34629e-06
245, 242, 5.74459e-05, 5.44739e-06
245, 243, 7.58499e-05, 3.34585e-06
245, 244, 1.35477e-05, 9.58223e-06
246, 237, 2.36162e-05, 5.52527e-06
246, 238, 3.09904e-05, 4.12286e-06
246, 239, 3.11819e-05, 4.15009e-06
246, 240, 5.70863e-06, 1.98504e-05
246, 241, 7.18128e-06, 5.81788e-06
246, 242, 8.06504e-06, 5.32029e-06
246, 243, 1.81027e-05, 3.19275e-06
246, 244, 7.07019e-05, 9.14895e-06
246, 245, 4.53839e-06, 1.07583e-05
247, 238, 3.80205e-05, 4.65078e-06
247, 239, 3.66995e-05, 3.90188e-06
247, 240, 7.88213e-05, 1.96065e-05
247, 241, 7.29246e-05, 6.73437e-06
247, 242, 6.85484e-05, 5.65958e-06
247, 243, 8.79344e-05, 3.33839e-06
247, 244, 1.57988e-06, 9.218e-06
247, 245, 7.48384e-05, 1.11631e-05
247, 246, 9.17895e-05, 3.6455e-06
248, 240, 6.18666e-05, 1.93887e-05
248, 241, 6.25468e-05, 5.99828e-06
248, 242, 5.33381e-05, 5.7886e-06
248, 243, 7.65401e-05, 3.34805e-06
248, 244, 1.12918e-05, 8.89808e-06
248, 245, 6.37431e-05, 1.07372e-05
248, 246, 8.05424e-05, 3.53175e-06
248, 247, 4.10166e-05, 8.96138e-06
249, 242, 5.44852e-06, 5.60036e-06
249, 243, 1.87622e-05, 4.455e-06
249, 244, 6.86233e-05, 9.45711e-06
249, 245, 6.62664e-06, 1.07389e-05
249, 246, 2.33236e-05, 4.55085e-06
249, 247, 1.64244e-05, 8.66479e-06
249, 248, 5.24937e-05, 9.5639e-06
250, 242, 3.79597e-05, 5.49869e-06
250, 243, 5.86576e-05, 3.19189e-06
250, 244, 2.90519e-05, 9.59308e-06
250, 245, 4.26158e-05, 1.0644e-05
250, 246, 6.02367e-05, 3.78741e-06
250, 247, 2.06408e-05, 8.88373e-06
250, 248, 1.82526e-05, 9.58172e-06
250, 249, 1.23655e-05, 1.17522e-05
251, 244, 8.51514e-05, 9.10523e-06
251, 245, 8.50815e-06, 1.1213e-05
251, 246, 5.01279e-06, 4.42004e-06
251, 247, 3.2793e-05, 8.83486e-06
251, 248, 6.88416e-05, 9.7414e-06
251, 249, 6.52755e-05, 1.22969e-05
251, 250, 5.8313e-05, 1.92056e-05
252, 248, 7.49057e-05, 9.77998e-06
252, 249, 7.0966e-05, 1.21161e-05
252, 250, 6.41605e-05, 1.94646e-05
252, 251, 3.72735e-05, 1.09125e-05
253, 249, 7.75884e-06, 1.24447e-05
253, 250, 3.73484e-06, 1.92311e-05
253, 251, 2.57202e-05, 1.11948e-05
253, 252, 3.63992e-05, 3.23006e-05
254, 251, 1.87286e-05, 1.07681e-05
254, 252, 8.42037e-06, 3.23416e-05
254, 253, 1.75251e-05, 4.03506e-06
255, 252, 2.50987e-05, 3.21223e-05
255, 253, 2.16149e-05, 3.57924e-06
255, 254, 2.43717e-05, 7.70926e-06
256, 253, 1.34283e-05, 3.73471e-06
256, 254, 1.21863e-05, 8.68667e-06
256, 255, 5.6428e-05, 1.57026e-05
257, 255, 2.70747e-05, 1.59485e-05
257, 256, 5.09881e-05, 1.81857e-05
258, 256, 3.06885e-05, 1.76111e-05
258, 257, 5.30206e-05, 1.2134e-05
259, 256, 3.65295e-05, 1.82884e-05
259, 257, 5.8253e-05, 1.28108e-05
259, 258, 4.84166e-05, 2.21965e-05
260, 256, 2.65495e-05, 1.73981e-05
260, 257, 5.35533e-05, 1.20464e-05
260, 258, 3.75918e-05, 2.24571e-05
260, 259, 8.04699e-05, 2.95451e-05
261, 258, 5.07563e-05, 2.24242e-05
261, 259, 9.35951e-05, 2.98697e-05
261, 260, 2.4415e-05, 2.35976e-05
262, 259, 9.31144e-05, 2.93712e-05
262, 260, 2.61606e-05, 2.36803e-05
262, 261, 2.02155e-05, 4.62611e-05
263, 259, 3.77406e-05, 2.93967e-05
263, 260, 3.88717e-05, 2.36788e-05
263, 261, 6.25719e-05, 4.56541e-05
263, 262, 3.04034e-05, 1.50659e-05
264, 261, 4.01044e-05, 4.66488e-05
264, 262, 4.98361e-05, 1.46983e-05
264, 263, 1.63539e-05, 1.88996e-05
265, 261, 6.82931e-05, 4.58636e-05
265, 262, 2.62618e-05, 1.45957e-05
265, 263, 1.20177e-05, 1.717e-05
265, 264, 1.98878e-05, 7.79922e-06
266, 261, 8.44568e-05, 4.62426e-05
266, 262, 6.76394e-06, 1.49463e-05
266, 263, 3.60755e-05, 1.76441e-05
266, 264, 3.47131e-05, 6.96353e-06
266, 265, 2.11122e-05, 9.20961e-06
267, 262, 3.99417e-05, 1.54042e-05
267, 263, 3.15424e-06, 1.88803e-05
267, 264, 9.7286e-06, 7.46741e-06
267, 265, 1.12516e-05, 8.84762e-06
267, 266, 4.51128e-05, 8.47081e-06
268, 262, 1.71142e-05, 1.45338e-05
268, 263, 1.45349e-05, 1.64471e-05
268, 264, 2.45459e-05, 6.66644e-06
268, 265, 5.37484e-06, 8.42377e-06
268, 266, 5.74973e-05, 8.20737e-06
268, 267, 2.00979e-05, 3.39429e-05
269, 262, 2.88144e-05, 1.53857e-05
269, 263, 8.42479e-06, 1.78134e-05
269, 264, 1.17968e-05, 7.89839e-06
269, 265, 9.96982e-06, 8.34091e-06
269, 266, 5.17607e-05, 8.68804e-06
269, 267, 1.52595e-05, 3.42776e-05
269, 268, 8.12388e-05, 1.5724e-05
271, 265, 5.3708e-05, 8.9615e-06
271, 266, 9.47466e-06, 9.27166e-06
271, 267, 3.81494e-05, 3.41216e-05
271, 268, 3.18737e-05, 1.53751e-05
271, 269, 2.49326e-05, 3.51836e-05
272, 267, 1.68514e-05, 3.4305e-05
272, 268, 8.58483e-05, 1.71233e-05
272, 269, 2.53454e-05, 3.49206e-05
272, 271, 3.49832e-05, 3.80871e-05
273, 268, 5.02535e-05, 1.56157e-05
273, 269, 6.02835e-06, 3.52711e-05
273, 271, 8.65077e-06, 3.70645e-05
273, 272, 6.67259e-06, 3.00909e-05
274, 269, 1.96649e-05, 3.5031e-05
274, 271, 1.25285e-05, 3.68232e-05
274, 272, 2.57883e-05, 3.05495e-05
274, 273, 1.59249e-05, 4.31785e-05
275, 271, 1.51493e-05, 3.79072e-05
275, 272, 2.67529e-05, 3.0156e-05
275, 273, 2.06023e-05, 4.29065e-05
275, 274, 6.86215e-05, 1.40896e-05
276, 272, 2.42824e-05, 2.96739e-05
276, 273, 3.8707e-05, 4.31487e-05
276, 274, 1.21552e-05, 1.37072e-05
276, 275, 3.35702e-05, 5.87677e-06
277, 273, 1.0102e-05, 4.21506e-05
277, 274, 3.47192e-05, 1.4266e-05
277, 275, 1.02018e-05, 4.76095e-06
277, 276, 4.43221e-05, 3.21489e-05
278, 273, 4.19686e-05, 4.29528e-05
278, 274, 9.18365e-06, 1.32863e-05
278, 275, 4.47782e-05, 4.27362e-06
278, 276, 1.10472e-05, 3.27538e-05
278, 277, 5.70713e-05, 1.09421e-05
279, 274, 1.1081e-05, 1.44041e-05
279, 275, 5.21115e-05, 4.94806e-06
279, 276, 5.43122e-06, 3.39646e-05
279, 277, 6.63488e-05, 9.54011e-06
279, 278, 5.37e-05, 6.86187e-06
280, 275, 1.70229e-05, 4.56942e-06
280, 276, 6.47094e-05, 3.30575e-05
280, 277, 6.59059e-06, 1.07953e-05
280, 278, 1.35342e-05, 7.54215e-06
280, 279, 2.5585e-05, 5.25388e-05
281, 275, 3.21697e-05, 4.33611e-06
281, 276, 2.25738e-05, 3.43547e-05
281, 277, 4.94337e-05, 9.58244e-06
281, 278, 3.59023e-05, 6.8655e-06
281, 279, 7.26902e-05, 5.24542e-05
281, 280, 2.99723e-05, 3.05855e-05
282, 277, 2.62633e-05, 1.03796e-05
282, 278, 3.90189e-05, 6.64456e-06
282, 279, 9.19031e-06, 5.26505e-05
282, 280, 9.8055e-05, 2.85532e-05
282, 281, 4.66782e-05, 1.88714e-05
283, 277, 4.14251e-06, 1.06026e-05
283, 278, 1.03961e-05, 7.33459e-06
283, 279, 2.80774e-05, 5.27306e-05
283, 280, 7.63088e-05, 3.0435e-05
283, 281, 2.49929e-05, 1.76654e-05
283, 282, 2.33872e-05, 4.48929e-05
284, 277, 3.16259e-05, 1.1342e-05
284, 278, 4.40147e-05, 7.88799e-06
284, 279, 4.19169e-06, 5.33633e-05
284, 280, 0.000105455, 3.05474e-05
284, 281, 5.362e-05, 1.91616e-05
284, 282, 8.1897e-06, 4.48451e-05
284, 283, 8.05584e-05, 1.26923e-05
285, 278, 3.85642e-05, 6.10079e-06
285, 279, 5.50507e-06, 5.26129e-05
285, 280, 0.000105475, 3.11537e-05
285, 281, 5.19908e-05, 1.92455e-05
285, 282, 8.14781e-06, 4.48066e-05
285, 283, 7.73334e-05, 1.28241e-05
285, 284, 2.97305e-05, 1.8234e-05
286, 277, 4.50422e-05, 1.01269e-05
286, 278, 2.78878e-05, 6.05038e-06
286, 279, 6.87553e-05, 5.27427e-05
286, 280, 3.28851e-05, 3.01324e-05
286, 281, 1.39688e-05, 2.0011e-05
286, 282, 6.16679e-05, 4.45102e-05
286, 283, 1.35789e-05, 1.34036e-05
286, 284, 3.62264e-05, 1.90781e-05
286, 285, 7.33785e-06, 1.27696e-05
287, 279, 1.63929e-05, 5.27991e-05
287, 280, 8.49742e-05, 3.08156e-05
287, 281, 3.66818e-05, 1.90063e-05
287, 282, 1.53857e-05, 4.43433e-05
287, 283, 6.11061e-05, 1.26162e-05
287, 284, 1.34408e-05, 1.8406e-05
287, 285, 5.43312e-05, 1.35286e-05
287, 286, 1.76569e-05, 1.81884e-05
288, 280, 7.1288e-05, 2.94549e-05
288, 281, 2.58214e-05, 1.82628e-05
288, 282, 2.31402e-05, 4.57921e-05
288, 283, 4.76913e-05, 1.20904e-05
288, 284, 7.48983e-06, 1.78636e-05
288, 285, 3.96913e-05, 1.43219e-05
288, 286, 1.35537e-05, 1.61882e-05
288, 287, 2.45826e-05, 1.44008e-05
289, 284, 6.85973e-06, 1.80132e-05
289, 285, 4.85802e-05, 1.24745e-05
289, 286, 1.20778e-05, 1.82417e-05
289, 287, 2.12913e-05, 1.29269e-05
289, 288, 8.72296e-06, 3.96172e-05
290, 285, 1.21874e-05, 1.28495e-05
290, 286, 5.90227e-05, 1.90594e-05
290, 287, 8.19768e-05, 1.32547e-05
290, 288, 6.46022e-05, 3.84073e-05
290, 289, 4.8243e-05, 4.42402e-05
291, 287, 7.1367e-05, 1.45343e-05
291, 288, 6.14686e-05, 3.76625e-05
291, 289, 3.95465e-05, 4.37569e-05
291, 290, 6.66392e-05, 1.61786e-05
292, 288, 1.35458e-05, 4.05688e-05
292, 289, 3.70248e-05, 4.48804e-05
292, 290, 5.84144e-05, 1.64504e-05
292, 291, 3.53126e-05, 1.45805e-05
293, 289, 5.47498e-05, 4.35151e-05
293, 290, 8.30029e-05, 1.69446e-05
293, 291, 3.01827e-05, 1.54157e-05
293, 292, 8.14096e-05, 2.77839e-05
294, 290, 6.70843e-05, 1.61571e-05
294, 291, 5.59302e-05, 1.52451e-05
294, 292, 2.82635e-05, 3.10918e-05
294, 293, 5.43116e-05, 4.08162e-05
295, 291, 1.34907e-05, 1.40024e-05
295, 292, 5.40444e-05, 2.73748e-05
295, 293, 9.3701e-06, 4.0786e-05
295, 294, 2.83428e-05, 3.21191e-05
296, 291, 1.06086e-05, 1.43899e-05
296, 292, 5.36931e-05, 2.72853e-05
296, 293, 8.33132e-06, 4.04049e-05
296, 294, 2.63326e-05, 3.29493e-05
296, 295, 2.60427e-05, 5.75261e-05
298, 292, 4.19678e-05, 2.91619e-05
298, 293, 6.51668e-05, 4.0736e-05
298, 294, 4.1108e-05, 3.24022e-05
298, 295, 4.11887e-05, 5.77233e-05
298, 296, 5.35637e-05, 3.58777e-05
299, 292, 4.83544e-05, 2.93055e-05
299, 293, 1.39488e-05, 4.09647e-05
299, 294, 2.0292e-05, 3.21466e-05
299, 295, 1.76243e-05, 5.66891e-05
299, 296, 9.95672e-06, 3.6329e-05
299, 298, 1.72383e-05, 3.61885e-05
300, 292, 2.70076e-05, 2.74997e-05
300, 293, 3.46177e-05, 4.11809e-05
300, 294, 1.95865e-05, 3.17448e-05
300, 295, 1.03365e-05, 5.70594e-05
300, 296, 2.5417e-05, 3.61058e-05
300, 298, 4.07855e-05, 3.60809e-05
300, 299, 1.40003e-05, 1.16887e-05
301, 294, 1.80126e-05, 3.16301e-05
301, 295, 1.49321e-05, 5.71665e-05
301, 296, 5.55693e-06, 3.59961e-05
301, 298, 2.3044e-05, 3.66645e-05
301, 299, 3.82208e-05, 1.44255e-05
301, 300, 1.33637e-05, 7.28719e-06
302, 294, 1.59046e-05, 3.19572e-05
302, 295, 1.18062e-05, 5.71139e-05
302, 296, 5.15482e-06, 3.62471e-05
302, 298, 2.62411e-05, 3.60312e-05
302, 299, 3.60344e-05, 1.45565e-05
302, 300, 1.39395e-05, 9.20664e-06
302, 301, 2.93663e-05, 1.19704e-05
303, 294, 4.53497e-05, 3.20739e-05
303, 295, 4.36308e-05, 5.69316e-05
303, 296, 3.22388e-05, 3.59108e-05
303, 298, 2.54412e-05, 3.64886e-05
303, 299, 6.66025e-05, 1.29409e-05
303, 300, 2.0751e-05, 7.42799e-06
303, 301, 6.21611e-05, 1.26015e-05
303, 302, 2.14195e-05, 6.06843e-05
304, 295, 1.92589e-05, 5.73566e-05
304, 296, 3.26599e-05, 3.65325e-05
304, 298, 4.93578e-05, 3.61167e-05
304, 299, 9.55168e-06, 1.31633e-05
304, 300, 4.3265e-05, 7.25615e-06
304, 301, 4.19552e-06, 1.23453e-05
304, 302, 4.15044e-05, 6.12241e-05
304, 303, 1.36942e-05, 6.44814e-05
305, 296, 5.03542e-05, 3.64396e-05
305, 298, 6.76609e-05, 3.57989e-05
305, 299, 1.63204e-05, 1.32167e-05
305, 300, 6.32592e-05, 7.33657e-06
305, 301, 2.09208e-05, 1.18878e-05
305, 302, 6.11553e-05, 6.03222e-05
305, 303, 9.61653e-06, 6.46521e-05
305, 304, 3.87477e-05, 1.4077e-05
306, 298, 5.49213e-05, 3.56889e-05
306, 300, 5.02189e-05, 7.08679e-06
306, 301, 8.18522e-06, 1.21598e-05
306, 302, 4.81759e-05, 6.05264e-05
306, 303, 3.41637e-06, 6.41234e-05
306, 304, 2.64477e-05, 1.29338e-05
306, 305, 6.73094e-05, 1.64836e-05
307, 300, 3.10167e-05, 7.64521e-06
307, 301, 1.11589e-05, 1.1275e-05
307, 302, 2.92684e-05, 6.07744e-05
307, 303, 2.41471e-05, 6.45896e-05
307, 304, 1.24707e-05, 1.31527e-05
307, 305, 4.81865e-05, 1.64986e-05
307, 306, 1.08013e-05, 1.58152e-05
308, 302, 5.02053e-05, 6.01428e-05
308, 303, 1.02241e-05, 6.47967e-05
308, 304, 2.68698e-05, 1.2912e-05
308, 305, 6.98902e-05, 1.63837e-05
308, 306, 2.70317e-05, 1.51179e-05
308, 307, 3.53542e-05, 7.16781e-06
309, 304, 7.73236e-06, 1.29114e-05
309, 305, 5.00952e-05, 1.56599e-05
309, 306, 7.73638e-06, 1.61741e-05
309, 307, 1.59089e-05, 7.27258e-06
309, 308, 4.57734e-05, 2.95913e-05
310, 305, 1.34875e-05, 1.68457e-05
310, 306, 3.27696e-05, 1.6403e-05
310, 307, 2.26509e-05, 7.61795e-06
310, 308, 7.79034e-06, 2.9295e-05
310, 309, 1.57906e-05, 6.59275e-05
311, 305, 1.94485e-05, 1.67371e-05
311, 306, 2.34015e-05, 1.79664e-05
311, 307, 1.95645e-05, 6.90523e-06
311, 308, 1.98258e-05, 2.88877e-05
311, 309, 6.53227e-06, 6.59929e-05
311, 310, 3.93683e-05, 2.27373e-05
313, 307, 5.67839e-05, 7.58956e-06
313, 308, 5.40634e-05, 2.92418e-05
313, 309, 4.36469e-05, 6.75237e-05
313, 310, 1.26388e-05, 2.2523e-05
313, 311, 9.78104e-05, 3.69704e-05
314, 308, 7.88698e-05, 3.01304e-05
314, 309, 6.4142e-05, 6.67893e-05
314, 310, 8.19406e-05, 2.34492e-05
314, 311, 8.26987e-05, 3.77064e-05
314, 313, 5.97528e-05, 2.76107e-05
316, 308, 3.8096e-05, 2.8463e-05
316, 309, 4.56111e-05, 6.61453e-05
316, 310, 8.56811e-05, 2.17608e-05
316, 311, 1.17485e-05, 3.73582e-05
316, 313, 4.0769e-05, 2.84574e-05
316, 314, 4.6263e-05, 1.87401e-05
317, 309, 5.50587e-05, 6.64223e-05
317, 310, 9.03002e-05, 2.36934e-05
317, 311, 3.24922e-05, 3.37151e-05
317, 313, 4.43324e-05, 2.85842e-05
317, 314, 6.41021e-05, 1.78841e-05
317, 316, 4.62497e-05, 2.5222e-05
318, 308, 4.9908e-05, 2.9879e-05
318, 309, 5.65127e-05, 6.53532e-05
318, 310, 8.7609e-05, 2.52356e-05
318, 311, 1.88541e-05, 3.77215e-05
318, 313, 3.93724e-05, 2.76602e-05
318, 314, 4.9698e-05, 1.94693e-05
318, 316, 5.54402e-05, 2.29821e-05
318, 317, 6.63874e-05, 6.06425e-05
319, 310, 8.62558e-06, 2.41666e-05
319, 311, 9.88197e-05, 3.5006e-05
319, 313, 4.93536e-05, 2.92362e-05
319, 314, 5.99508e-05, 1.9112e-05
319, 316, 5.29651e-05, 2.39324e-05
319, 317, 7.10178e-05, 6.26099e-05
319, 318, 6.31299e-05, 4.8679e-05
320, 310, 5.33728e-05, 2.26073e-05
320, 311, 5.41293e-05, 3.75045e-05
320, 313, 1.47431e-05, 2.82133e-05
320, 314, 4.36046e-05, 1.94051e-05
320, 316, 1.8354e-05, 2.6181e-05
320, 317, 4.50887e-05, 6.39544e-05
320, 318, 1.87589e-05, 4.70652e-05
320, 319, 6.16546e-05, 5.89565e-05
321, 311, 2.8976e-05, 3.81897e-05
321, 313, 3.34938e-05, 2.71169e-05
321, 314, 2.50343e-05, 1.90027e-05
321, 316, 6.44544e-05, 2.53477e-05
321, 317, 8.66995e-05, 6.44065e-05
321, 318, 6.00397e-05, 4.89803e-05
321, 319, 2.37571e-05, 5.98791e-05
321, 320, 3.11472e-05, 6.61388e-05
322, 311, 9.4789e-05, 3.60446e-05
322, 313, 4.99896e-05, 2.95463e-05
322, 314, 7.3381e-05, 1.76695e-05
322, 316, 4.22609e-05, 2.46472e-05
322, 317, 5.32099e-05, 6.25972e-05
322, 318, 5.22801e-05, 4.79442e-05
322, 319, 0.00010066, 5.98018e-05
322, 320, 6.93106e-05, 6.59938e-05
322, 321, 7.43976e-05, 5.22132e-05
323, 310, 3.55289e-05, 2.26499e-05
323, 311, 5.79079e-05, 3.59245e-05
323, 313, 1.29929e-05, 2.88242e-05
323, 314, 3.55572e-05, 1.91017e-05
323, 316, 3.0477e-05, 2.36836e-05
323, 317, 5.731e-05, 6.29974e-05
323, 318, 3.80494e-05, 4.95661e-05
323, 319, 6.32758e-05, 5.79016e-05
323, 320, 3.62054e-05, 6.55771e-05
323, 321, 3.81442e-05, 5.34994e-05
323, 322, 4.21581e-05, 4.54351e-05
324, 317, 3.03584e-05, 6.33286e-05
324, 318, 2.13301e-05, 4.7934e-05
324, 319, 6.89468e-05, 5.79639e-05
324, 320, 4.2343e-05, 6.59485e-05
324, 321, 6.37338e-05, 5.44701e-05
324, 322, 6.40451e-05, 4.20585e-05
324, 323, 5.05707e-05, 2.73947e-05
325, 316, 5.68295e-05, 2.61214e-05
325, 317, 7.85185e-05, 6.16027e-05
325, 318, 4.91576e-05, 4.84506e-05
325, 319, 1.78108e-05, 5.81178e-05
325, 320, 2.23403e-05, 6.57457e-05
325, 321, 2.56364e-05, 5.45671e-05
325, 322, 2.37819e-05, 4.36519e-05
325, 323, 6.69405e-05, 2.64622e-05
325, 324, 3.29768e-05, 2.10328e-05
326, 317, 1.61695e-05, 6.31247e-05
326, 318, 2.48179e-05, 5.02303e-05
326, 319, 8.80214e-05, 5.71018e-05
326, 320, 5.88217e-05, 6.80417e-05
326, 321, 6.9608e-05, 5.21657e-05
326, 322, 7.41786e-05, 4.38938e-05
326, 323, 2.39944e-05, 2.37027e-05
326, 324, 5.71287e-05, 2.08938e-05
326, 325, 7.30791e-05, 2.47481e-05
327, 317, 4.99369e-05, 6.33566e-05
327, 318, 3.26066e-05, 4.92098e-05
327, 319, 4.48881e-05, 5.79379e-05
327, 320, 2.74002e-05, 6.6941e-05
327, 321, 4.10694e-05, 5.37717e-05
327, 322, 4.53918e-05, 4.02107e-05
327, 323, 5.70815e-05, 2.65316e-05
327, 324, 4.02709e-06, 2.07895e-05
327, 325, 6.13745e-05, 2.12879e-05
327, 326, 4.42862e-05, 1.73677e-05
328, 318, 4.06321e-06, 4.94172e-05
328, 319, 6.5112e-05, 5.62955e-05
328, 320, 3.4829e-05, 6.85393e-05
328, 321, 5.03421e-05, 5.57489e-05
328, 322, 5.28675e-05, 4.33526e-05
328, 323, 2.4387e-05, 2.75856e-05
328, 324, 3.07146e-05, 2.16756e-05
328, 325, 6.04542e-05, 2.25655e-05
328, 326, 1.6811e-05, 1.51613e-05
328, 327, 5.3529e-05, 4.20273e-05
329, 318, 5.68027e-06, 4.97692e-05
329, 321, 4.79294e-05, 5.3433e-05
329, 322, 5.07071e-05, 4.3359e-05
329, 323, 2.37321e-05, 2.61618e-05
329, 324, 3.327e-05, 2.10258e-05
329, 325, 5.44318e-05, 2.35108e-05
329, 326, 1.7459e-05, 1.39576e-05
329, 327, 4.80566e-05, 4.36281e-05
329, 328, 4.91517e-05, 6.69454e-05
330, 319, 0.00010695, 5.92917e-05
330, 321, 8.61035e-05, 5.50094e-05
330, 322, 8.59877e-05, 4.39557e-05
330, 323, 3.30392e-05, 2.22955e-05
330, 324, 6.98128e-05, 2.0637e-05
330, 325, 8.13686e-05, 2.25666e-05
330, 326, 2.20152e-05, 1.67835e-05
330, 327, 3.47383e-05, 4.4018e-05
330, 328, 7.72661e-05, 6.78208e-05
330, 329, 6.35334e-05, 5.96835e-05
331, 321, 7.31258e-05, 5.47973e-05
331, 322, 7.41507e-05, 4.22698e-05
331, 323, 3.59397e-05, 2.48569e-05
331, 324, 8.46254e-05, 2.15123e-05
331, 325, 4.98468e-05, 2.36613e-05
331, 326, 5.61076e-05, 1.59872e-05
331, 327, 2.19475e-05, 4.14324e-05
331, 328, 5.2238e-05, 6.52976e-05
331, 329, 7.22827e-05, 6.02585e-05
331, 330, 5.28715e-05, 1.37382e-05
332, 320, 7.06009e-05, 6.6298e-05
332, 323, 2.51813e-05, 2.48607e-05
332, 324, 6.97779e-05, 2.08019e-05
332, 325, 7.15014e-05, 2.42416e-05
332, 326, 2.90824e-05, 1.56918e-05
332, 327, 2.30068e-05, 4.52482e-05
332, 328, 6.9411e-05, 6.8696e-05
332, 329, 5.48682e-05, 5.93287e-05
332, 330, 1.66722e-05, 1.34331e-05
332, 331, 1.17777e-05, 2.25551e-05
333, 323, 6.26892e-05, 2.66487e-05
333, 325, 6.11723e-05, 2.14738e-05
333, 326, 6.32949e-05, 1.65956e-05
333, 327, 8.94418e-05, 4.21972e-05
333, 328, 5.52807e-05, 6.87181e-05
333, 329, 2.61584e-05, 5.87394e-05
333, 330, 7.76505e-05, 1.2871e-05
333, 331, 8.35596e-05, 2.29845e-05
333, 332, 0.000110772, 3.51244e-05
334, 320, 2.05647e-05, 6.81565e-05
334, 326, 3.19445e-05, 1.557e-05
334, 327, 6.16243e-05, 4.22479e-05
334, 328, 4.16181e-05, 6.96673e-05
334, 329, 1.85831e-05, 6.07038e-05
334, 330, 4.31886e-05, 1.31074e-05
334, 331, 4.58982e-05, 2.26474e-05
334, 332, 6.94321e-05, 3.60832e-05
334, 333, 2.77198e-05, 1.09475e-05
335, 328, 7.83852e-05, 6.78086e-05
335, 330, 2.07719e-05, 1.39875e-05
335, 331, 2.32825e-05, 2.20538e-05
335, 332, 6.25258e-05, 3.90609e-05
335, 333, 5.03403e-05, 1.01645e-05
335, 334, 8.21312e-05, 8.71202e-05
336, 329, 4.95623e-05, 6.12865e-05
336, 330, 7.19661e-05, 1.29069e-05
336, 331, 7.93933e-05, 2.39885e-05
336, 332, 9.04987e-05, 3.8959e-05
336, 333, 3.75131e-05, 1.01123e-05
336, 334, 3.14238e-05, 8.56412e-05
336, 335, 3.79884e-05, 1.94938e-05
338, 331, 5.69017e-05, 2.12766e-05
338, 332, 8.49381e-05, 3.73297e-05
338, 333, 5.95527e-05, 1.17414e-05
338, 334, 9.28198e-05, 8.62841e-05
338, 335, 0.000107447, 1.84143e-05
338, 336, 9.45478e-05, 4.59212e-05
339, 331, 3.74928e-05, 2.28223e-05
339, 332, 6.50993e-05, 3.75682e-05
339, 333, 2.63378e-05, 8.23131e-06
339, 334, 6.338e-05, 8.47429e-05
339, 335, 6.64699e-05, 1.86943e-05
339, 336, 7.48745e-05, 4.217e-05
339, 338, 2.87662e-05, 2.95592e-05
340, 331, 6.64804e-05, 2.2456e-05
340, 333, 5.81268e-05, 9.17664e-06
340, 334, 8.99741e-05, 8.33191e-05
340, 335, 0.000101427, 1.76759e-05
340, 336, 7.44011e-05, 4.31169e-05
340, 338, 6.49131e-05, 2.90208e-05
340, 339, 4.97799e-05, 6.02099e-05
341, 333, 3.92119e-05, 1.05837e-05
341, 334, 4.17133e-05, 8.63135e-05
341, 335, 5.68633e-05, 1.8825e-05
341, 336, 2.63417e-05, 4.29961e-05
341, 338, 4.69572e-05, 2.91675e-05
341, 339, 3.42766e-05, 5.84251e-05
341, 340, 3.41589e-05, 6.69608e-05
342, 333, 4.53663e-05, 9.89003e-06
342, 334, 6.48155e-05, 8.50368e-05
342, 335, 7.42385e-05, 1.95119e-05
342, 336, 4.09354e-05, 4.41248e-05
342, 338, 5.56851e-05, 2.91607e-05
342, 339, 4.21419e-05, 6.2425e-05
342, 340, 5.90885e-05, 6.3954e-05
342, 341, 3.44045e-05, 7.34809e-05
343, 335, 3.10525e-05, 2.00444e-05
343, 336, 6.7057e-05, 4.35114e-05
343, 338, 1.38467e-05, 2.72778e-05
343, 339, 2.32601e-05, 6.08086e-05
343, 340, 3.79811e-05, 6.33414e-05
343, 341, 2.11854e-05, 7.38174e-05
343, 342, 4.5168e-05, 8.04469e-05
344, 338, 2.99582e-05, 3.09033e-05
344, 339, 2.88615e-05, 5.9445e-05
344, 340, 6.64102e-05, 6.71419e-05
344, 341, 2.60636e-05, 7.28419e-05
344, 342, 9.74559e-06, 8.11435e-05
344, 343, 1.30161e-05, 1.61785e-05
346, 338, 3.99185e-05, 2.9906e-05
346, 339, 5.55597e-05, 5.89821e-05
346, 340, 8.10418e-05, 6.59748e-05
346, 341, 5.6731e-05, 7.34404e-05
346, 342, 5.70169e-05, 7.99745e-05
346, 343, 3.81345e-05, 1.41773e-05
346, 344, 3.00345e-05, 4.25417e-05
347, 338, 5.50417e-05, 2.92965e-05
347, 339, 4.51812e-05, 6.07318e-05
347, 340, 8.26101e-05, 6.59562e-05
347, 341, 3.86737e-05, 7.56947e-05
347, 342, 1.81624e-05, 7.55512e-05
347, 343, 4.32066e-05, 1.40568e-05
347, 344, 5.03188e-05, 4.12122e-05
347, 346, 1.0055e-05, 3.159e-05
349, 338, 7.79442e-05, 2.96794e-05
349, 339, 6.36886e-05, 5.81869e-05
349, 340, 5.60768e-05, 6.70752e-05
349, 341, 6.37391e-05, 7.47287e-05
349, 342, 6.93899e-05, 7.91525e-05
349, 343, 8.97569e-05, 1.67571e-05
349, 344, 0.000101361, 4.14335e-05
349, 346, 8.91369e-05, 3.06929e-05
349, 347, 8.46406e-05, 6.70582e-05
350, 339, 5.22444e-05, 6.03045e-05
350, 340, 5.11143e-05, 6.75375e-05
350, 341, 5.82934e-05, 7.60978e-05
350, 342, 8.24349e-05, 7.80231e-05
350, 343, 6.70747e-05, 1.31839e-05
350, 344, 6.9441e-05, 4.00789e-05
350, 346, 0.000108871, 3.12936e-05
350, 347, 5.00575e-05, 6.62031e-05
350, 349, 4.32527e-05, 4.95602e-05
351, 339, 4.67171e-05, 6.2518e-05
351, 340, 9.63286e-06, 6.76984e-05
351, 341, 4.72041e-05, 7.22565e-05
351, 342, 7.2286e-05, 7.58119e-05
351, 343, 7.50439e-05, 1.4542e-05
351, 344, 8.32547e-05, 4.35656e-05
351, 346, 9.18977e-05, 2.99488e-05
351, 347, 6.1791e-05, 6.68158e-05
351, 349, 4.20176e-05, 5.06291e-05
351, 350, 6.23071e-05, 5.96834e-05
353, 342, 6.81342e-05, 7.72011e-05
353, 343, 7.32116e-05, 1.6457e-05
353, 344, 8.44351e-05, 4.17431e-05
353, 346, 9.01261e-05, 3.21638e-05
353, 347, 6.27362e-05, 6.58775e-05
353, 349, 4.20364e-05, 5.22658e-05
353, 350, 6.46388e-05, 6.33017e-05
353, 351, 7.60503e-05, 4.45072e-05
354, 344, 5.66142e-06, 3.89566e-05
354, 346, 4.76959e-05, 2.90503e-05
354, 347, 1.60805e-05, 6.61038e-05
354, 349, 3.71235e-05, 4.70396e-05
354, 350, 1.3958e-05, 5.99606e-05
354, 351, 4.9622e-05, 4.30566e-05
354, 353, 7.68536e-05, 6.57877e-05
355, 346, 5.62315e-05, 3.13343e-05
355, 347, 1.58925e-05, 6.48728e-05
355, 349, 1.33077e-05, 4.82499e-05
355, 350, 1.81452e-05, 5.71422e-05
355, 351, 5.54322e-05, 4.7471e-05
355, 353, 6.0945e-05, 6.33198e-05
355, 354, 1.24638e-05, 2.69836e-05
356, 346, 4.84975e-05, 2.87461e-05
356, 347, 1.51825e-05, 6.68783e-05
356, 349, 1.28567e-05, 4.93535e-05
356, 350, 2.04573e-05, 5.80839e-05
356, 351, 5.14899e-05, 4.39817e-05
356, 353, 6.67737e-05, 6.07735e-05
356, 354, 1.90022e-05, 2.8705e-05
356, 355, 1.96912e-05, 4.17755e-05
357, 346, 5.00773e-05, 3.25643e-05
357, 347, 1.93677e-05, 6.5096e-05
357, 349, 1.03772e-05, 5.0582e-05
357, 350, 2.7957e-05, 6.39543e-05
357, 351, 5.02436e-05, 4.78221e-05
357, 353, 6.20164e-05, 6.73623e-05
357, 354, 1.37465e-05, 2.76029e-05
357, 355, 2.35023e-05, 4.05747e-05
357, 356, 1.95514e-05, 3.584e-05
358, 347, 3.69896e-05, 6.63975e-05
358, 349, 5.53927e-05, 4.75271e-05
358, 350, 3.66395e-05, 6.13154e-05
358, 351, 9.34017e-05, 4.43407e-05
358, 353, 6.68713e-05, 6.56412e-05
358, 354, 4.35189e-05, 2.57261e-05
358, 355, 6.52924e-05, 3.89022e-05
358, 356, 4.74941e-05, 3.64517e-05
358, 357, 5.2659e-05, 6.73212e-05
359, 349, 4.86854e-05, 4.90337e-05
359, 350, 2.30539e-05, 6.09611e-05
359, 351, 7.66301e-05, 4.71169e-05
359, 353, 8.14126e-05, 6.41674e-05
359, 354, 4.55392e-05, 2.44717e-05
359, 355, 6.77392e-05, 4.16687e-05
359, 356, 3.6166e-05, 4.22308e-05
359, 357, 4.95053e-05, 6.48195e-05
359, 358, 2.2538e-05, 3.06757e-05
360, 350, 2.56654e-05, 6.1945e-05
360, 351, 7.38656e-05, 4.64694e-05
360, 353, 7.27121e-05, 6.48435e-05
360, 354, 3.45763e-05, 2.91291e-05
360, 355, 6.57213e-05, 4.06229e-05
360, 356, 4.17936e-05, 4.38572e-05
360, 357, 5.16826e-05, 6.73219e-05
360, 358, 2.86846e-05, 3.52419e-05
360, 359, 6.51463e-05, 3.73556e-05
361, 353, 8.08528e-05, 6.70106e-05
361, 354, 5.22442e-05, 2.65236e-05
361, 355, 7.71807e-05, 4.36986e-05
361, 356, 5.20323e-05, 4.10774e-05
361, 357, 6.04438e-05, 6.42311e-05
361, 358, 3.85322e-05, 3.72959e-05
361, 359, 7.41443e-05, 3.76619e-05
361, 360, 8.59361e-05, 7.3194e-05
362, 353, 0.000114394, 6.44291e-05
362, 354, 6.47269e-05, 2.46848e-05
362, 355, 5.84309e-05, 3.95771e-05
362, 356, 3.87627e-05, 4.07641e-05
362, 357, 7.3448e-05, 6.57194e-05
362, 358, 4.16129e-05, 3.38469e-05
362, 359, 4.97613e-05, 3.30322e-05
362, 360, 3.32838e-05, 7.18898e-05
362, 361, 1.58173e-05, 8.4036e-05
363, 353, 0.000103896, 6.19807e-05
363, 354, 5.80804e-05, 2.49078e-05
363, 355, 5.49844e-05, 3.80177e-05
363, 356, 3.53863e-05, 4.23892e-05
363, 357, 7.06231e-05, 6.31524e-05
363, 358, 4.60989e-05, 4.18431e-05
363, 359, 4.25006e-05, 3.24702e-05
363, 360, 2.52135e-05, 6.97394e-05
363, 361, 2.6777e-05, 8.49896e-05
363, 362, 6.16459e-05, 1.66564e-05
364, 355, 3.34118e-05, 4.31552e-05
364, 356, 5.96726e-05, 4.08823e-05
364, 357, 1.85112e-05, 6.72655e-05
364, 358, 6.32639e-05, 3.73077e-05
364, 359, 4.57485e-05, 3.73032e-05
364, 360, 6.97626e-05, 6.89338e-05
364, 361, 0.000110058, 7.99025e-05
364, 362, 5.88651e-05, 2.11479e-05
364, 363, 6.03529e-05, 3.44214e-05
365, 357, 5.1539e-05, 6.70309e-05
365, 358, 9.29874e-05, 3.46786e-05
365, 359, 7.9874e-05, 3.80803e-05
365, 360, 0.000102624, 7.36155e-05
365, 361, 0.00013825, 7.99798e-05
365, 362, 7.71653e-05, 1.90862e-05
365, 363, 9.17027e-05, 3.03921e-05
365, 364, 0.000107409, 6.75738e-05
366, 357, 3.17165e-05, 6.47058e-05
366, 358, 7.45707e-05, 3.22228e-05
366, 359, 6.36206e-05, 3.57938e-05
366, 360, 8.13514e-05, 6.80831e-05
366, 361, 0.000118904, 8.39057e-05
366, 362, 5.56489e-05, 1.85604e-05
366, 363, 6.87983e-05, 3.14997e-05
366, 364, 7.89187e-05, 6.36172e-05
366, 365, 6.31858e-05, 2.8969e-05
367, 357, 3.31943e-05, 6.5818e-05
367, 358, 2.81912e-05, 3.39734e-05
367, 359, 4.68139e-05, 3.83108e-05
367, 360, 6.51312e-05, 6.99648e-05
367, 361, 8.0145e-05, 7.98901e-05
367, 362, 1.08132e-05, 1.77498e-05
367, 363, 2.8693e-05, 3.43352e-05
367, 364, 3.86608e-05, 6.3986e-05
367, 365, 4.33572e-05, 2.59549e-05
367, 366, 2.56556e-05, 1.10921e-05
368, 359, 5.17938e-05, 3.72127e-05
368, 360, 7.23496e-05, 7.2221e-05
368, 361, 0.000111845, 7.69832e-05
368, 362, 5.70186e-05, 1.76195e-05
368, 363, 7.43684e-05, 3.2359e-05
368, 364, 8.37003e-05, 7.01509e-05
368, 365, 7.69737e-05, 2.93982e-05
368, 366, 4.21974e-05, 9.67636e-06
368, 367, 8.97141e-05, 8.25772e-05
369, 360, 8.50848e-05, 7.07673e-05
369, 361, 0.000109125, 8.05286e-05
369, 362, 3.13377e-05, 1.89977e-05
369, 363, 4.66979e-05, 2.92805e-05
369, 364, 5.63248e-05, 6.46553e-05
369, 365, 1.28074e-05, 2.79067e-05
369, 366, 5.06146e-05, 1.41099e-05
369, 367, 4.83148e-05, 8.48902e-05
369, 368, 1.79637e-05, 0.000142508
371, 362, 5.94698e-05, 1.98815e-05
371, 363, 5.92721e-05, 3.57561e-05
371, 364, 6.71009e-05, 7.04048e-05
371, 365, 9.01796e-05, 2.84756e-05
371, 366, 3.39856e-05, 1.38599e-05
371, 367, 7.36929e-05, 8.48489e-05
371, 368, 5.23259e-05, 0.000140542
371, 369, 1.16345e-05, 6.02387e-05
372, 364, 9.28893e-05, 6.65151e-05
372, 365, 6.6897e-05, 2.62307e-05
372, 366, 5.76909e-05, 1.24931e-05
372, 367, 9.09053e-05, 8.68228e-05
372, 368, 5.30428e-05, 0.000143379
372, 369, 3.30295e-05, 6.3178e-05
372, 371, 5.60387e-05, 3.92507e-05
373, 367, 8.92405e-05, 8.65644e-05
373, 368, 6.06582e-05, 0.000143484
373, 369, 2.61812e-05, 6.20131e-05
373, 371, 2.15e-05, 4.33353e-05
373, 372, 6.68914e-05, 2.41952e-05
374, 368, 4.81032e-05, 0.00014627
374, 369, 1.86664e-05, 6.48441e-05
374, 371, 4.8015e-05, 4.09688e-05
374, 372, 5.81791e-05, 2.52276e-05
374, 373, 2.11963e-05, 0.000113866
375, 368, 8.89099e-06, 0.000143274
375, 369, 4.4771e-05, 6.20926e-05
375, 371, 7.9057e-05, 4.11873e-05
375, 372, 2.95593e-05, 2.49413e-05
375, 373, 5.6547e-05, 0.000115366
375, 374, 3.24707e-05, 2.60705e-05
376, 371, 5.28672e-05, 3.87428e-05
376, 372, 3.85354e-05, 2.43375e-05
376, 373, 3.68768e-05, 0.000115434
376, 374, 2.339e-05, 2.59168e-05
376, 375, 6.66936e-05, 6.60865e-05
377, 371, 8.62302e-05, 4.07281e-05
377, 372, 3.3776e-05, 3.18202e-05
377, 373, 7.85553e-05, 0.000114575
377, 374, 4.72895e-05, 2.75936e-05
377, 375, 8.73517e-05, 6.48705e-05
377, 376, 5.78254e-05, 5.87698e-05
379, 373, 1.81965e-05, 0.000115786
379, 374, 4.43466e-05, 3.07789e-05
379, 375, 5.73785e-05, 6.23488e-05
379, 376, 3.39272e-05, 5.64385e-05
379, 377, 4.0738e-05, 8.74792e-05
380, 373, 4.05025e-05, 0.000113296
380, 374, 1.03883e-05, 2.76864e-05
380, 375, 8.70424e-05, 6.67518e-05
380, 376, 4.0202e-05, 5.90103e-05
380, 377, 3.29596e-05, 8.25133e-05
380, 379, 5.52557e-05, 0.000106554
381, 373, 3.97454e-05, 0.00011007
381, 374, 4.76116e-05, 2.91729e-05
381, 375, 8.76488e-05, 6.82369e-05
381, 376, 4.95246e-05, 5.52907e-05
381, 377, 5.29786e-05, 8.58492e-05
381, 379, 7.27636e-05, 0.000110946
381, 380, 1.71901e-05, 0.000123869
382, 373, 4.4586e-05, 0.00011525
382, 374, 2.52529e-05, 3.07743e-05
382, 375, 5.96554e-05, 6.58266e-05
382, 376, 3.2966e-05, 5.44771e-05
382, 377, 1.51181e-05, 8.61759e-05
382, 379, 3.53095e-05, 0.000107248
382, 380, 7.30783e-05, 0.000119222
382, 381, 1.58935e-05, 5.72838e-05
383, 373, 4.93888e-05, 0.00011437
383, 374, 2.56362e-05, 2.66266e-05
383, 375, 7.34064e-05, 6.98117e-05
383, 376, 4.1859e-05, 5.49161e-05
383, 377, 2.37718e-05, 8.37366e-05
383, 379, 4.81955e-05, 0.000108316
383, 380, 7.14372e-05, 0.000118382
383, 381, 2.44196e-05, 5.54564e-05
383, 382, 8.77648e-05, 5.8862e-05
384, 373, 5.60417e-05, 0.000110031
384, 374, 6.53532e-05, 2.85933e-05
384, 375, 4.38712e-05, 6.79703e-05
384, 376, 4.50821e-05, 5.53201e-05
384, 377, 3.5454e-05, 8.46971e-05
384, 379, 1.95049e-05, 0.000109004
384, 380, 0.000100547, 0.000121444
384, 381, 4.84612e-05, 5.69245e-05
384, 382, 4.46276e-05, 5.85152e-05
384, 383, 3.89486e-05, 5.92787e-05
387, 373, 7.07165e-05, 0.000113298
387, 376, 6.05675e-05, 5.46607e-05
387, 377, 4.49303e-05, 8.55381e-05
387, 379, 6.15029e-05, 0.000110486
387, 380, 8.08833e-05, 0.000122096
387, 381, 4.50626e-05, 5.62049e-05
387, 382, 0.000105968, 5.97252e-05
387, 383, 2.82125e-05, 5.34392e-05
387, 384, 3.87173e-05, 2.07896e-05
388, 373, 2.82392e-05, 0.000113197
388, 376, 4.20871e-05, 5.70977e-05
388, 377, 4.72467e-05, 8.51447e-05
388, 379, 5.5702e-05, 0.000109321
388, 380, 2.09225e-05, 0.000120191
388, 381, 3.87426e-05, 5.40739e-05
388, 382, 0.000108135, 5.80588e-05
388, 383, 6.96656e-05, 5.45471e-05
388, 384, 6.98178e-05, 2.31549e-05
388, 387, 3.43699e-05, 3.37117e-05
389, 377, 2.30064e-05, 8.91821e-05
389, 379, 5.49463e-06, 0.000106844
389, 380, 7.40804e-05, 0.000122055
389, 381, 2.54385e-05, 5.71631e-05
389, 382, 5.43028e-05, 5.71218e-05
389, 383, 3.67873e-05, 5.62603e-05
389, 384, 2.70251e-05, 2.29242e-05
389, 387, 2.88287e-05, 3.5727e-05
389, 388, 5.73932e-05, 6.77859e-05
390, 377, 1.66959e-05, 8.57977e-05
390, 379, 1.04903e-05, 0.00011295
390, 380, 6.7265e-05, 0.000121461
390, 381, 2.08078e-05, 5.68424e-05
390, 382, 5.84684e-05, 5.61052e-05
390, 383, 3.37559e-05, 5.5944e-05
390, 384, 2.38483e-05, 2.11624e-05
390, 387, 2.50945e-05, 3.48853e-05
390, 388, 5.78098e-05, 6.63781e-05
390, 389, 6.81441e-05, 9.44326e-05
391, 380, 6.12599e-05, 0.000119139
391, 381, 2.58878e-05, 5.93346e-05
391, 382, 6.16792e-05, 5.58748e-05
391, 383, 4.6705e-05, 5.73335e-05
391, 384, 4.14465e-05, 2.27688e-05
391, 387, 1.98408e-05, 3.48194e-05
391, 388, 7.36406e-05, 6.81285e-05
391, 389, 7.36032e-05, 9.7421e-05
391, 390, 2.9486e-05, 7.83946e-05
392, 381, 5.31798e-05, 5.6206e-05
392, 382, 9.56128e-05, 5.82144e-05
392, 383, 1.792e-05, 5.50495e-05
392, 384, 2.71849e-05, 2.03356e-05
392, 387, 5.61165e-05, 3.41964e-05
392, 388, 5.77105e-05, 6.41367e-05
392, 389, 0.000102511, 9.74298e-05
392, 390, 5.53349e-05, 7.84708e-05
392, 391, 7.46371e-05, 0.000118689
393, 381, 5.93328e-05, 5.54585e-05
393, 382, 4.03995e-05, 5.74809e-05
393, 383, 4.39059e-05, 5.95704e-05
393, 384, 3.62045e-05, 2.37378e-05
393, 387, 6.44261e-05, 3.35655e-05
393, 388, 2.40516e-05, 6.75154e-05
393, 389, 4.21608e-05, 9.63087e-05
393, 390, 6.8099e-05, 8.07472e-05
393, 391, 9.43499e-05, 0.000120304
393, 392, 3.90118e-05, 0.000101209
395, 383, 3.82492e-05, 5.5584e-05
395, 384, 3.23857e-05, 2.19023e-05
395, 387, 1.59681e-05, 3.32276e-05
395, 388, 7.22321e-05, 6.73805e-05
395, 389, 7.68032e-05, 9.60891e-05
395, 390, 1.89541e-05, 7.19258e-05
395, 391, 3.80525e-05, 0.000119122
395, 392, 9.53147e-05, 9.83139e-05
395, 393, 4.67603e-05, 0.000104016
396, 383, 7.51657e-05, 5.47697e-05
396, 384, 6.89609e-05, 2.32635e-05
396, 387, 0.000100875, 3.41337e-05
396, 388, 2.80963e-05, 6.80334e-05
396, 389, 5.03264e-05, 9.70237e-05
396, 390, 0.000107181, 8.02382e-05
396, 391, 0.000135214, 0.000120388
396, 392, 1.4496e-05, 0.000100477
396, 393, 8.22744e-05, 0.000106589
396, 395, 0.000104243, 2.76235e-05
397, 387, 3.28766e-05, 3.44408e-05
397, 388, 0.000111064, 6.70252e-05
397, 389, 0.000117296, 9.79488e-05
397, 390, 3.21493e-05, 7.5249e-05
397, 391, 1.58075e-05, 0.000117092
397, 392, 0.000128132, 0.000101244
397, 393, 7.11284e-05, 0.000104982
397, 395, 8.35539e-05, 2.78321e-05
397, 396, 0.000104678, 3.16517e-05
398, 388, 8.17699e-05, 6.87312e-05
398, 389, 0.000117536, 9.45466e-05
398, 390, 3.15786e-05, 8.1755e-05
398, 391, 4.34404e-05, 0.000118228
398, 392, 0.000102957, 0.00010192
398, 393, 8.42132e-05, 0.000100936
398, 395, 2.60265e-05, 2.80658e-05
398, 396, 8.14614e-05, 2.94568e-05
398, 397, 5.40961e-05, 2.20813e-05
399, 390, 2.72292e-05, 7.76627e-05
399, 391, 1.14064e-05, 0.000116584
399, 392, 0.000130754, 9.8228e-05
399, 393, 7.44808e-05, 0.000107424
399, 395, 8.40774e-05, 3.16918e-05
399, 396, 0.00010159, 3.19234e-05
399, 397, 1.19024e-05, 2.20805e-05
399, 398, 0.000112117, 5.93033e-05
400, 392, 5.81654e-05, 9.89815e-05
400, 393, 8.32731e-05, 0.000108113
400, 395, 3.8138e-05, 2.72129e-05
400, 396, 4.71885e-05, 3.30951e-05
400, 397, 8.19175e-05, 2.22624e-05
400, 398, 6.56995e-05, 5.66785e-05
400, 399, 8.56613e-05, 0.000148902
401, 393, 0.00010342, 0.000105002
401, 395, 1.622e-05, 2.92895e-05
401, 396, 8.45982e-05, 3.22071e-05
401, 397, 8.99303e-05, 2.31686e-05
401, 398, 0.000100397, 5.86328e-05
401, 399, 0.000110498, 0.00014854
401, 400, 5.75392e-05, 2.9985e-05
402, 396, 6.84093e-05, 2.83128e-05
402, 397, 2.46917e-05, 2.35353e-05
402, 398, 8.38732e-05, 5.9947e-05
402, 399, 4.43818e-05, 0.000147518
402, 400, 6.0798e-05, 3.28968e-05
402, 401, 5.81337e-05, 4.29963e-05
403, 395, 0.000101241, 2.80055e-05
403, 396, 8.90371e-05, 3.44266e-05
403, 397, 3.03467e-05, 2.03669e-05
403, 398, 8.83991e-05, 5.64022e-05
403, 399, 2.8184e-05, 0.000150349
403, 400, 7.69902e-05, 3.3809e-05
403, 401, 9.5054e-05, 4.59701e-05
403, 402, 7.61032e-05, 2.34191e-05
404, 396, 7.07348e-05, 3.00132e-05
404, 397, 5.94113e-05, 2.19473e-05
404, 398, 7.96596e-05, 6.19427e-05
404, 399, 8.29065e-05, 0.000147631
404, 400, 4.38349e-05, 3.33413e-05
404, 401, 2.92491e-05, 4.29754e-05
404, 402, 8.67554e-06, 2.5252e-05
404, 403, 3.02035e-05, 7.83151e-05
406, 397, 8.5173e-05, 1.98451e-05
406, 399, 0.000101949, 0.00015142
406, 400, 6.27154e-05, 3.35226e-05
406, 401, 3.37001e-05, 4.22303e-05
406, 402, 3.2616e-05, 2.47047e-05
406, 403, 5.99861e-05, 8.0224e-05
406, 404, 4.63948e-05, 8.47037e-05
407, 398, 0.000103959, 5.53984e-05
407, 399, 6.52737e-05, 0.000146758
407, 400, 7.96631e-05, 3.70697e-05
407, 401, 6.91179e-05, 4.60425e-05
407, 402, 4.4802e-05, 2.52935e-05
407, 403, 5.3495e-05, 7.71743e-05
407, 404, 6.30337e-05, 7.90763e-05
407, 406, 7.22248e-05, 5.95108e-05
408, 399, 6.65941e-05, 0.000149895
408, 400, 5.51254e-05, 2.8801e-05
408, 401, 7.67629e-05, 4.16465e-05
408, 402, 9.15631e-05, 2.51407e-05
408, 403, 6.15958e-05, 7.82452e-05
408, 404, 5.69112e-05, 7.69721e-05
408, 406, 5.99368e-05, 5.90773e-05
408, 407, 8.68211e-05, 8.52873e-05
410, 404, 1.85439e-05, 8.52267e-05
410, 406, 8.12506e-05, 6.00867e-05
410, 407, 2.17336e-05, 8.02757e-05
410, 408, 6.12797e-05, 6.15641e-05
411, 406, 5.48592e-05, 6.11357e-05
411, 407, 5.3992e-05, 8.79588e-05
411, 408, 5.45914e-05, 6.15614e-05
411, 410, 1.59093e-05, 7.5285e-05
412, 406, 0.000100282, 6.3546e-05
412, 407, 1.02393e-05, 8.29709e-05
412, 408, 7.6371e-05, 6.09656e-05
412, 410, 7.22035e-05, 7.18763e-05
412, 411, 6.23235e-05, 1.64467e-05
413, 410, 5.63658e-05, 7.31485e-05
413, 411, 5.25708e-05, 1.49714e-05
413, 412, 9.0695e-05, 8.26631e-05
414, 412, 8.4164e-05, 7.68337e-05
414, 413, 2.08986e-05, 0.000136943
415, 412, 0.000103653, 7.54017e-05
415, 413, 7.03439e-05, 0.000131054
415, 414, 5.98543e-05, 0.000162335
416, 413, 6.70349e-05, 0.0001348
416, 414, 6.62944e-05, 0.000162576
416, 415, 2.20537e-05, 8.49351e-05
417, 413, 3.11161e-05, 0.000135952
417, 414, 9.99095e-05, 0.000162283
417, 415, 3.89356e-05, 7.73014e-05
417, 416, 2.27944e-05, 4.57495e-05
420, 413, 3.62996e-05, 0.000137233
420, 414, 8.37381e-05, 0.000162238
420, 415, 8.00949e-05, 7.73604e-05
420, 416, 6.57442e-05, 4.47693e-05
420, 417, 5.75417e-05, 3.25451e-05
421, 413, 2.49836e-05, 0.000136913
421, 414, 9.35112e-05, 0.000162285
421, 415, 3.43577e-05, 7.81044e-05
421, 416, 2.3154e-05, 4.52271e-05
421, 417, 1.83114e-05, 3.29618e-05
421, 420, 6.22484e-05, 6.27069e-05
422, 414, 2.42181e-05, 0.000160628
422, 415, 6.415e-05, 7.73978e-05
422, 416, 6.07735e-05, 4.56104e-05
422, 417, 8.13976e-05, 3.20868e-05
422, 420, 3.18362e-05, 6.16044e-05
422, 421, 6.90961e-05, 0.000124393
423, 414, 7.22152e-05, 0.000161722
423, 415, 3.34989e-05, 8.1099e-05
423, 416, 1.73541e-05, 4.69941e-05
423, 417, 3.02477e-05, 3.33463e-05
423, 420, 5.06945e-05, 6.21299e-05
423, 421, 5.01801e-05, 0.000125221
423, 422, 4.90672e-05, 4.43258e-05
424, 414, 8.39768e-05, 0.000159354
424, 415, 4.8274e-05, 8.09039e-05
424, 416, 2.30786e-05, 4.571e-05
424, 417, 1.93915e-05, 3.15566e-05
424, 420, 5.29169e-05, 6.02284e-05
424, 421, 3.92104e-05, 0.000126565
424, 422, 4.14618e-05, 4.64611e-05
424, 423, 2.71112e-05, 2.39461e-05
425, 414, 6.60344e-05, 0.000159343
425, 415, 1.04875e-05, 7.7985e-05
425, 416, 1.98164e-05, 4.64785e-05
425, 417, 5.44847e-05, 3.04006e-05
425, 420, 7.5094e-05, 5.99511e-05
425, 421, 7.86378e-05, 0.000124225
425, 422, 7.72808e-05, 4.64492e-05
425, 423, 3.43193e-05, 1.80795e-05
425, 424, 8.30637e-05, 4.26806e-05
426, 416, 5.68715e-05, 4.45748e-05
426, 417, 3.31601e-05, 3.48512e-05
426, 420, 5.52082e-05, 6.20392e-05
426, 421, 1.49951e-05, 0.000127533
426, 422, 1.29929e-05, 5.04399e-05
426, 423, 4.91534e-05, 3.0237e-05
426, 424, 3.12855e-05, 4.26418e-05
426, 425, 8.5391e-05, 0.000124272
427, 416, 8.43357e-05, 4.56515e-05
427, 417, 8.35051e-05, 3.20149e-05
427, 420, 2.28711e-05, 6.04636e-05
427, 421, 5.25034e-05, 0.000125302
427, 422, 5.96192e-05, 4.64641e-05
427, 423, 6.02232e-05, 2.33534e-05
427, 424, 3.21194e-05, 4.38544e-05
427, 425, 7.14816e-05, 0.000124954
427, 426, 3.81286e-05, 0.000120144
428, 416, 1.00813e-05, 4.73587e-05
428, 417, 4.60517e-05, 3.25412e-05
428, 420, 5.71744e-05, 6.14206e-05
428, 421, 7.143e-05, 0.000126172
428, 422, 6.24496e-05, 4.65465e-05
428, 423, 2.30262e-05, 2.17845e-05
428, 424, 6.37124e-05, 4.40662e-05
428, 425, 4.34345e-05, 0.000129179
428, 426, 4.31729e-05, 0.000120678
428, 427, 6.50512e-05, 4.28965e-05
430, 420, 7.57804e-05, 6.20209e-05
430, 421, 6.33236e-05, 0.000124776
430, 422, 6.22142e-05, 4.84746e-05
430, 423, 4.31732e-05, 2.44222e-05
430, 424, 7.18872e-05, 4.39111e-05
430, 425, 6.67084e-05, 0.000124375
430, 426, 6.28237e-05, 0.00012105
430, 427, 8.39411e-05, 4.72943e-05
430, 428, 3.03202e-05, 6.9053e-05
431, 422, 2.9575e-05, 4.66693e-05
431, 423, 5.84505e-05, 2.62145e-05
431, 424, 5.22636e-05, 4.24917e-05
431, 425, 0.000106044, 0.000126452
431, 426, 7.15054e-05, 0.000120302
431, 427, 7.70125e-05, 4.41045e-05
431, 428, 2.45949e-05, 7.09723e-05
431, 430, 6.41688e-05, 2.91277e-05
432, 424, 5.96227e-05, 4.25159e-05
432, 425, 0.000107695, 0.000127266
432, 426, 7.77261e-05, 0.000121674
432, 427, 8.44953e-05, 4.44978e-05
432, 428, 3.16072e-05, 7.33813e-05
432, 430, 6.55965e-05, 2.60304e-05
432, 431, 7.09345e-05, 4.36435e-05
433, 427, 7.32036e-05, 4.32977e-05
433, 428, 6.75495e-05, 7.23785e-05
433, 430, 0.000105596, 2.62668e-05
433, 431, 2.53326e-05, 4.45006e-05
433, 432, 8.36166e-05, 7.53019e-05
434, 427, 2.11788e-05, 4.36255e-05
434, 428, 0.000106316, 7.43864e-05
434, 430, 3.75399e-05, 2.6708e-05
434, 431, 6.92171e-05, 4.4406e-05
434, 432, 1.81672e-05, 7.23521e-05
434, 433, 0.000114395, 7.95039e-05
435, 430, 7.51629e-05, 2.92276e-05
435, 431, 2.24835e-05, 4.47529e-05
435, 432, 7.06282e-05, 7.22487e-05
435, 433, 6.17268e-05, 7.8805e-05
435, 434, 4.69001e-05, 5.16035e-05
436, 430, 4.50242e-05, 2.84266e-05
436, 431, 4.96207e-05, 4.49546e-05
436, 432, 6.03421e-05, 7.43325e-05
436, 433, 5.82227e-05, 8.05016e-05
436, 434, 3.49699e-05, 5.05595e-05
436, 435, 8.34501e-05, 1.38629e-05
437, 431, 3.21272e-05, 4.5666e-05
437, 432, 4.61591e-05, 7.61235e-05
437, 433, 7.21048e-05, 7.98564e-05
437, 434, 4.95761e-05, 5.1941e-05
437, 435, 7.47197e-05, 1.21448e-05
437, 436, 1.62318e-05, 1.75317e-05
438, 431, 4.23222e-05, 4.63446e-05
438, 433, 0.000105783, 7.89978e-05
438, 434, 8.66009e-05, 5.08801e-05
438, 435, 4.21883e-05, 1.07309e-05
438, 436, 3.80243e-05, 1.89322e-05
438, 437, 7.38702e-05, 3.30416e-05
439, 433, 0.000102495, 7.95357e-05
439, 434, 7.17436e-05, 5.04453e-05
439, 435, 5.87352e-05, 1.62267e-05
439, 436, 3.00122e-05, 1.68385e-05
439, 437, 6.29846e-05, 3.26315e-05
439, 438, 3.94633e-05, 5.46825e-05
440, 434, 6.8657e-05, 5.05361e-05
440, 435, 5.06118e-05, 1.85401e-05
440, 436, 2.29917e-05, 1.81731e-05
440, 437, 5.774e-05, 3.33161e-05
440, 438, 3.02731e-05, 5.7959e-05
440, 439, 4.19324e-05, 0.000107875
441, 435, 2.6147e-05, 1.2217e-05
441, 436, 5.28836e-05, 1.59073e-05
441, 437, 8.75694e-05, 3.4344e-05
441, 438, 5.4878e-05, 5.45927e-05
441, 439, 8.31807e-05, 0.00010778
441, 440, 0.000120588, 6.81012e-05
442, 435, 8.1903e-05, 1.59028e-05
442, 436, 6.95577e-05, 1.90461e-05
442, 437, 8.32762e-05, 3.20837e-05
442, 438, 6.67528e-05, 5.47973e-05
442, 439, 9.02119e-05, 0.000109037
442, 440, 9.29586e-05, 6.76154e-05
442, 441, 2.99037e-05, 6.02786e-05
443, 436, 4.06354e-05, 2.10723e-05
443, 437, 7.52189e-05, 3.34489e-05
443, 438, 4.36299e-05, 5.53534e-05
443, 439, 7.50035e-05, 0.000107977
443, 440, 0.000104375, 6.46738e-05
443, 441, 3.53335e-05, 5.71898e-05
443, 442, 6.48907e-05, 7.19998e-05
445, 436, 5.9868e-05, 1.54977e-05
445, 437, 2.56175e-05, 3.36581e-05
445, 438, 5.07419e-05, 5.64166e-05
445, 439, 4.59839e-05, 0.000108106
445, 440, 8.60338e-06, 6.65043e-05
445, 441, 6.63241e-05, 5.87655e-05
445, 442, 0.000108088, 7.32335e-05
445, 443, 3.3691e-05, 5.32085e-05
447, 437, 6.628e-05, 3.27305e-05
447, 438, 3.30662e-05, 5.56505e-05
447, 439, 6.03331e-05, 0.000108471
447, 440, 9.47298e-05, 6.55472e-05
447, 441, 3.30918e-05, 5.98882e-05
447, 442, 5.78517e-05, 7.08113e-05
447, 443, 5.37583e-05, 5.07452e-05
447, 445, 4.43016e-05, 0.000179676
448, 437, 6.29636e-05, 3.27614e-05
448, 438, 4.50883e-05, 5.49131e-05
448, 439, 6.97951e-05, 0.000108689
448, 440, 9.20334e-05, 6.7713e-05
448, 441, 2.78431e-05, 6.12435e-05
448, 442, 6.40632e-05, 7.46777e-05
448, 443, 5.18622e-05, 5.12492e-05
448, 445, 4.64768e-05, 0.000182081
448, 447, 5.43047e-05, 8.5074e-05
449, 438, 3.91695e-05, 5.68774e-05
449, 439, 2.51957e-05, 0.000105863
449, 440, 2.75241e-05, 6.71322e-05
449, 441, 5.67677e-05, 5.99493e-05
449, 442, 8.96317e-05, 7.21586e-05
449, 443, 4.03098e-05, 5.17121e-05
449, 445, 3.18824e-05, 0.000181168
449, 447, 4.53949e-05, 8.59018e-05
449, 448, 4.365e-05, 6.44275e-05
450, 438, 6.57215e-05, 5.54631e-05
450, 439, 8.98206e-05, 0.000107023
450, 440, 9.15777e-05, 6.6106e-05
450, 441, 3.29504e-05, 5.97465e-05
450, 442, 0.000102366, 7.37587e-05
450, 443, 5.11529e-05, 5.27679e-05
450, 445, 6.39509e-05, 0.000180688
450, 447, 7.98059e-05, 8.30266e-05
450, 448, 4.96283e-05, 6.34025e-05
450, 449, 4.72066e-05, 9.54961e-05
452, 439, 2.00492e-05, 0.000103533
452, 440, 3.11243e-05, 6.45052e-05
452, 441, 6.03059e-05, 5.70893e-05
452, 442, 8.40389e-05, 7.2114e-05
452, 443, 3.57634e-05, 5.3041e-05
452, 445, 2.88253e-05, 0.000181192
452, 447, 4.00666e-05, 8.81591e-05
452, 448, 3.40728e-05, 6.70363e-05
452, 449, 5.43197e-05, 9.57107e-05
452, 450, 1.67358e-05, 0.000108136
453, 441, 3.44061e-05, 5.91904e-05
453, 442, 9.06505e-05, 7.33207e-05
453, 443, 5.98562e-05, 5.68109e-05
453, 445, 6.59455e-05, 0.000177301
453, 447, 7.84434e-05, 8.66866e-05
453, 448, 4.85635e-05, 6.9968e-05
453, 449, 5.64279e-05, 9.42438e-05
453, 450, 7.16305e-05, 0.000104324
453, 452, 4.00637e-05, 4.94852e-05
454, 441, 6.47749e-05, 6.32318e-05
454, 442, 2.37357e-05, 7.1297e-05
454, 443, 7.7861e-05, 5.23549e-05
454, 445, 6.12032e-05, 0.000182022
454, 447, 3.89812e-05, 8.60329e-05
454, 448, 5.51621e-05, 6.62278e-05
454, 449, 9.37038e-05, 0.000100446
454, 450, 7.43377e-05, 0.000106797
454, 452, 4.30094e-05, 4.18248e-05
454, 453, 8.66302e-05, 4.06114e-05
456, 443, 3.23027e-05, 5.86759e-05
456, 445, 2.69871e-05, 0.000176659
456, 447, 2.7096e-05, 8.58771e-05
456, 448, 1.36237e-05, 6.6572e-05
456, 449, 5.69892e-05, 9.24172e-05
456, 450, 3.74414e-05, 9.77437e-05
456, 452, 1.99909e-05, 5.3356e-05
456, 453, 4.25248e-05, 4.24828e-05
456, 454, 6.53693e-05, 2.25152e-05
457, 447, 4.59438e-05, 8.76078e-05
457, 448, 4.2052e-05, 6.68415e-05
457, 449, 4.63272e-05, 9.7499e-05
457, 450, 1.80336e-05, 0.000105319
457, 452, 7.14402e-05, 5.01635e-05
457, 453, 2.61373e-05, 4.31453e-05
457, 454, 0.000115956, 2.39575e-05
457, 456, 0.000100469, 8.92645e-05
458, 447, 4.72588e-05, 8.79844e-05
458, 448, 2.47319e-05, 6.501e-05
458, 449, 1.96577e-05, 9.51784e-05
458, 450, 2.9791e-05, 0.000102188
458, 452, 4.12782e-05, 5.03016e-05
458, 453, 1.89926e-05, 4.4083e-05
458, 454, 8.35287e-05, 2.22092e-05
458, 456, 8.96386e-05, 9.22217e-05
458, 457, 4.40166e-05, 5.5714e-05
459, 450, 3.02784e-05, 0.000105797
459, 452, 3.61703e-05, 4.92934e-05
459, 453, 4.68214e-05, 4.37386e-05
459, 454, 7.61846e-05, 2.34929e-05
459, 456, 5.52131e-05, 8.54252e-05
459, 457, 3.31795e-05, 5.82814e-05
459, 458, 1.77947e-05, 8.6962e-05
460, 452, 4.95088e-05, 4.99076e-05
460, 453, 8.37865e-05, 4.41409e-05
460, 454, 7.66476e-05, 2.62267e-05
460, 456, 3.17399e-05, 9.19396e-05
460, 457, 5.82373e-05, 5.65406e-05
460, 458, 3.00934e-05, 8.94385e-05
460, 459, 2.41593e-05, 5.2373e-05
461, 452, 1.32254e-05, 5.00097e-05
461, 453, 4.21892e-05, 4.24269e-05
461, 454, 5.20989e-05, 2.3256e-05
461, 456, 5.53459e-05, 9.50154e-05
461, 457, 1.39883e-05, 5.62677e-05
461, 458, 3.29953e-05, 8.74695e-05
461, 459, 4.21835e-05, 5.23141e-05
461, 460, 3.6521e-05, 7.36384e-05
462, 452, 3.55857e-05, 4.66574e-05
462, 453, 9.29392e-05, 4.49266e-05
462, 454, 1.24908e-05, 2.39123e-05
462, 456, 4.59534e-05, 8.97437e-05
462, 457, 3.52155e-05, 5.85685e-05
462, 458, 5.54856e-05, 8.80823e-05
462, 459, 4.46471e-05, 5.07604e-05
462, 460, 7.88894e-05, 7.6556e-05
462, 461, 5.60047e-05, 7.53855e-05
463, 453, 3.49908e-05, 4.23853e-05
463, 454, 0.000122326, 2.20024e-05
463, 456, 0.00010042, 9.0927e-05
463, 457, 8.19819e-05, 5.72301e-05
463, 458, 6.93841e-05, 8.78342e-05
463, 459, 8.74475e-05, 4.78348e-05
463, 460, 6.96099e-05, 7.10756e-05
463, 461, 6.92296e-05, 7.48349e-05
463, 462, 4.93016e-05, 0.00010054
464, 456, 8.053e-05, 9.13661e-05
464, 457, 7.8304e-05, 5.87584e-05
464, 458, 5.02888e-05, 8.86896e-05
464, 459, 6.46184e-05, 5.46184e-05
464, 460, 8.38e-05, 7.34973e-05
464, 461, 6.67612e-05, 7.53968e-05
464, 462, 4.8452e-05, 0.000101178
464, 463, 8.44971e-05, 1.73279e-05
465, 456, 3.66603e-05, 8.91536e-05
465, 457, 2.14319e-05, 5.76747e-05
465, 458, 4.10297e-05, 8.82531e-05
465, 459, 3.30699e-05, 5.33259e-05
465, 460, 6.82203e-05, 7.64125e-05
465, 461, 4.65607e-05, 7.48595e-05
465, 462, 5.69589e-05, 0.00010126
465, 463, 2.3857e-05, 1.3914e-05
465, 464, 4.24085e-05, 4.57774e-05
466, 456, 6.49595e-05, 9.36847e-05
466, 457, 2.08863e-05, 5.63447e-05
466, 458, 5.42967e-05, 8.72757e-05
466, 459, 5.57846e-05, 5.35982e-05
466, 460, 4.67677e-05, 7.305e-05
466, 461, 3.18966e-05, 7.32078e-05
466, 462, 4.74657e-05, 0.000100814
466, 463, 5.43307e-05, 1.24856e-05
466, 464, 4.85304e-05, 4.53174e-05
466, 465, 1.77088e-05, 1.98647e-05
467, 457, 6.00748e-05, 5.78638e-05
467, 458, 5.37283e-05, 8.91236e-05
467, 459, 7.35048e-05, 5.05605e-05
467, 460, 4.4679e-05, 7.52948e-05
467, 461, 4.30873e-05, 7.47941e-05
467, 462, 2.2383e-05, 0.00010032
467, 463, 8.65923e-05, 1.86871e-05
467, 464, 4.29517e-05, 4.53209e-05
467, 465, 6.76737e-05, 2.01899e-05
467, 466, 3.85173e-05, 2.51379e-05
468, 457, 3.88279e-05, 5.71172e-05
468, 458, 2.00085e-05, 8.91152e-05
468, 459, 1.05978e-05, 5.09734e-05
468, 460, 7.82127e-05, 7.23872e-05
468, 461, 5.24566e-05, 7.53874e-05
468, 462, 4.5134e-05, 0.000100352
468, 463, 2.80849e-05, 1.31672e-05
468, 464, 2.56234e-05, 4.47821e-05
468, 465, 6.46865e-05, 2.47049e-05
468, 466, 5.27438e-05, 2.38907e-05
468, 467, 6.27402e-05, 0.000100857
469, 457, 3.74019e-05, 5.59516e-05
469, 458, 3.46857e-05, 8.76046e-05
469, 459, 1.58646e-05, 5.11777e-05
469, 460, 8.74256e-05, 7.78597e-05
469, 461, 6.20941e-05, 7.64569e-05
469, 462, 6.54624e-05, 0.000102427
469, 463, 1.1057e-05, 2.08869e-05
469, 464, 3.41136e-05, 4.42747e-05
469, 465, 6.98675e-05, 1.82825e-05
469, 466, 6.6199e-05, 2.50028e-05
469, 467, 7.21909e-05, 0.000100804
469, 468, 2.09378e-05, 2.88076e-05
470, 457, 6.46517e-05, 5.76051e-05
470, 458, 2.98884e-05, 8.77682e-05
470, 459, 5.1502e-05, 5.26483e-05
470, 460, 7.22764e-05, 7.79299e-05
470, 461, 5.30585e-05, 7.4837e-05
470, 462, 2.8563e-05, 0.00010025
470, 463, 7.12796e-05, 1.74988e-05
470, 464, 3.47297e-05, 4.51736e-05
470, 465, 8.47267e-05, 2.44755e-05
470, 466, 5.04224e-05, 2.49861e-05
470, 467, 6.26096e-05, 9.97773e-05
470, 468, 5.37295e-05, 3.19816e-05
470, 469, 5.83457e-05, 3.43e-05
471, 459, 4.79488e-05, 5.03476e-05
471, 460, 0.000117839, 7.71529e-05
471, 461, 9.52168e-05, 7.48269e-05
471, 462, 8.77163e-05, 0.000101204
471, 463, 6.97578e-05, 1.9969e-05
471, 464, 6.72804e-05, 4.45073e-05
471, 465, 0.00011597, 2.22508e-05
471, 466, 9.38268e-05, 2.43124e-05
471, 467, 0.000107236, 9.98271e-05
471, 468, 6.63741e-05, 3.19451e-05
471, 469, 4.82145e-05, 3.31079e-05
471, 470, 8.16483e-05, 1.77512e-05
472, 460, 6.34491e-05, 7.55258e-05
472, 461, 4.61347e-05, 7.67548e-05
472, 462, 2.8776e-05, 0.000101094
472, 463, 6.21582e-05, 1.99659e-05
472, 464, 2.27048e-05, 4.4446e-05
472, 465, 6.73834e-05, 2.28367e-05
472, 466, 4.18049e-05, 2.63633e-05
472, 467, 5.52042e-05, 0.000103179
472, 468, 4.20808e-05, 3.08364e-05
472, 469, 4.79602e-05, 3.27565e-05
472, 470, 2.70099e-05, 2.11117e-05
472, 471, 4.28882e-05, 2.08603e-05
473, 462, 3.6821e-05, 0.000101568
473, 463, 3.33478e-05, 1.3966e-05
473, 464, 1.7999e-05, 4.44578e-05
473, 465, 5.09079e-05, 1.94865e-05
473, 466, 4.21106e-05, 2.36164e-05
473, 467, 5.39939e-05, 0.000101412
473, 468, 1.66631e-05, 3.44522e-05
473, 469, 3.24947e-05, 3.43563e-05
473, 470, 3.92193e-05, 1.94111e-05
473, 471, 6.68238e-05, 2.16129e-05
473, 472, 4.28284e-05, 2.07356e-05
474, 463, 2.96396e-05, 1.73284e-05
474, 464, 2.59884e-05, 4.71925e-05
474, 465, 6.64205e-05, 1.87589e-05
474, 466, 5.01233e-05, 2.50294e-05
474, 467, 6.2872e-05, 0.000100829
474, 468, 1.49981e-05, 3.24538e-05
474, 469, 1.96057e-05, 3.36956e-05
474, 470, 4.60254e-05, 1.79512e-05
474, 471, 7.72251e-05, 1.95101e-05
474, 472, 5.99258e-05, 1.55137e-05
474, 473, 5.25634e-05, 5.11487e-05
475, 465, 3.77074e-05, 1.91263e-05
475, 466, 1.9098e-05, 2.49002e-05
475, 467, 2.9146e-05, 0.000102537
475, 468, 2.42842e-05, 2.93435e-05
475, 469, 4.40953e-05, 3.67961e-05
475, 470, 2.52696e-05, 1.90189e-05
475, 471, 6.24791e-05, 2.23445e-05
475, 472, 3.0607e-05, 2.46551e-05
475, 473, 3.76402e-05, 4.90673e-05
475, 474, 8.58459e-06, 0.000110308
476, 466, 5.49093e-05, 2.41486e-05
476, 467, 6.01373e-05, 0.000102812
476, 468, 5.76902e-05, 3.19712e-05
476, 469, 6.36716e-05, 3.45519e-05
476, 470, 4.49205e-05, 2.33722e-05
476, 471, 3.64522e-05, 2.05802e-05
476, 472, 8.32723e-05, 2.23895e-05
476, 473, 8.83065e-05, 5.08034e-05
476, 474, 5.12168e-05, 0.000106323
476, 475, 2.75429e-05, 8.87373e-05
477, 469, 0.000100434, 3.28815e-05
477, 470, 4.45161e-05, 2.05592e-05
477, 471, 1.15556e-05, 2.19948e-05
477, 472, 8.78462e-05, 2.25587e-05
477, 473, 0.000103325, 5.00835e-05
477, 474, 7.12646e-05, 0.000105649
477, 475, 2.42559e-05, 8.92274e-05
477, 476, 7.45058e-05, 5.13965e-05
478, 471, 4.06784e-05, 2.2099e-05
478, 472, 4.53782e-05, 1.93096e-05
478, 473, 5.40737e-05, 5.01617e-05
478, 474, 1.5758e-05, 0.000104179
478, 475, 5.84942e-05, 9.03111e-05
478, 476, 5.04568e-05, 4.93851e-05
478, 477, 6.22375e-05, 6.37271e-05
479, 471, 8.60358e-05, 2.27972e-05
479, 472, 6.49208e-05, 1.89097e-05
479, 473, 5.73164e-05, 5.11431e-05
479, 474, 3.95295e-05, 0.00010241
479, 475, 8.67546e-05, 8.91104e-05
479, 476, 2.86135e-05, 5.11947e-05
479, 477, 3.33838e-05, 6.41218e-05
479, 478, 2.99396e-05, 8.33957e-05
480, 474, 3.05243e-05, 0.000106007
480, 475, 6.75082e-05, 8.6779e-05
480, 476, 2.10883e-05, 5.24714e-05
480, 477, 5.16965e-05, 6.54364e-05
480, 478, 2.05281e-05, 8.41792e-05
480, 479, 7.76455e-05, 1.28604e-05
481, 475, 3.61026e-05, 8.84443e-05
481, 476, 3.54981e-05, 5.1008e-05
481, 477, 7.55065e-05, 6.51719e-05
481, 478, 4.05826e-05, 8.3167e-05
481, 479, 5.20837e-05, 1.11295e-05
481, 480, 4.26975e-05, 9.80938e-05
482, 475, 7.31229e-05, 9.21126e-05
482, 476, 6.03167e-05, 4.93479e-05
482, 477, 4.72681e-05, 6.54342e-05
482, 478, 5.71148e-05, 8.54409e-05
482, 479, 5.92497e-05, 1.24438e-05
482, 480, 1.38586e-05, 9.68132e-05
482, 481, 1.17515e-05, 0.000142422
483, 475, 4.47192e-05, 9.06933e-05
483, 477, 0.000100506, 6.42882e-05
483, 478, 8.29528e-05, 8.19838e-05
483, 479, 2.04581e-05, 1.45761e-05
483, 480, 3.78534e-05, 9.78563e-05
483, 481, 5.6361e-05, 0.000141923
483, 482, 4.17221e-05, 2.62447e-05
484, 477, 4.22582e-05, 6.52272e-05
484, 478, 6.80504e-05, 8.3668e-05
484, 479, 7.66593e-05, 1.2857e-05
484, 480, 2.4654e-05, 9.47481e-05
484, 481, 1.45346e-05, 0.000144073
484, 482, 2.32874e-05, 2.74852e-05
484, 483, 9.23855e-06, 2.07089e-05
485, 477, 0.000102856, 6.38952e-05
485, 478, 6.43095e-05, 8.48838e-05
485, 479, 3.76873e-05, 9.24991e-06
485, 480, 5.53853e-05, 9.77965e-05
485, 481, 6.89285e-05, 0.000143207
485, 482, 5.62227e-05, 2.79662e-05
485, 483, 8.04031e-05, 2.17012e-05
485, 484, 2.04843e-05, 2.67003e-05
486, 477, 7.16211e-05, 6.30386e-05
486, 478, 4.87895e-05, 8.5891e-05
486, 479, 4.28503e-05, 1.08937e-05
486, 480, 3.04746e-05, 9.69715e-05
486, 481, 3.57198e-05, 0.000141995
486, 482, 3.06086e-05, 2.62751e-05
486, 483, 5.30904e-05, 1.39657e-05
486, 484, 1.78274e-05, 3.08622e-05
486, 485, 8.29096e-05, 1.56578e-05
487, 480, 7.03564e-05, 9.83925e-05
487, 481, 8.07997e-05, 0.000142333
487, 482, 7.04886e-05, 2.72734e-05
487, 483, 9.684e-05, 1.74209e-05
487, 484, 2.73251e-05, 2.5273e-05
487, 485, 0.000126992, 1.47209e-05
487, 486, 6.50648e-05, 8.38659e-05
488, 480, 5.73884e-05, 9.68529e-05
488, 481, 5.50813e-05, 0.000143298
488, 482, 5.00735e-05, 2.79998e-05
488, 483, 6.11504e-05, 1.94833e-05
488, 484, 4.0812e-05, 3.00088e-05
488, 485, 5.70223e-05, 1.49779e-05
488, 486, 1.02894e-05, 8.32307e-05
488, 487, 6.11096e-05, 3.67781e-05
489, 481, 7.85232e-05, 0.000141501
489, 482, 7.12191e-05, 2.39968e-05
489, 483, 8.37031e-05, 1.39042e-05
489, 484, 3.80897e-05, 2.91289e-05
489, 485, 8.50548e-05, 1.7218e-05
489, 486, 4.45348e-05, 8.3582e-05
489, 487, 8.8699e-05, 3.76463e-05
489, 488, 4.0542e-05, 1.61153e-05
490, 482, 5.9317e-05, 2.79279e-05
490, 483, 8.34002e-05, 1.33981e-05
490, 484, 4.06936e-05, 2.9298e-05
490, 485, 0.000125094, 1.55087e-05
490, 486, 7.15593e-05, 8.41945e-05
490, 487, 8.29653e-05, 3.66177e-05
490, 488, 5.32496e-05, 1.28524e-05
490, 489, 0.00011307, 4.6588e-05
491, 484, 6.53151e-05, 3.30079e-05
491, 485, 2.83992e-05, 1.57245e-05
491, 486, 3.22543e-05, 8.19474e-05
491, 487, 4.81485e-05, 3.79235e-05
491, 488, 4.96844e-05, 1.38426e-05
491, 489, 2.30521e-05, 4.6556e-05
491, 490, 4.79019e-05, 8.21856e-05
492, 484, 4.47745e-05, 2.70494e-05
492, 485, 4.98194e-05, 1.82936e-05
492, 486, 2.24956e-05, 8.43095e-05
492, 487, 3.62984e-05, 3.67317e-05
492, 488, 2.66416e-05, 1.27398e-05
492, 489, 4.3269e-05, 4.85861e-05
492, 490, 1.79863e-05, 8.17562e-05
492, 491, 7.66523e-05, 6.05175e-05
493, 486, 1.80651e-05, 8.61779e-05
493, 487, 5.56322e-05, 3.76082e-05
493, 488, 3.7244e-05, 1.03412e-05
493, 489, 3.20991e-05, 4.66287e-05
493, 490, 4.15691e-05, 8.49869e-05
493, 491, 9.80214e-05, 5.99556e-05
493, 492, 4.65663e-05, 1.89473e-05
494, 486, 3.11155e-05, 8.33039e-05
494, 487, 4.52983e-05, 3.8817e-05
494, 488, 1.04745e-05, 1.45116e-05
494, 489, 7.11391e-05, 4.83085e-05
494, 490, 1.70136e-05, 8.19942e-05
494, 491, 5.09253e-05, 6.13883e-05
494, 492, 9.10014e-06, 1.81542e-05
494, 493, 2.41665e-05, 2.98012e-05
495, 487, 4.24703e-05, 3.66339e-05
495, 488, 2.13465e-05, 1.26112e-05
495, 489, 6.47742e-05, 4.84148e-05
495, 490, 1.00057e-05, 8.36026e-05
495, 491, 4.38786e-05, 5.95141e-05
495, 492, 1.03215e-05, 1.82174e-05
495, 493, 2.56633e-05, 2.7511e-05
495, 494, 4.1619e-05, 2.02319e-05
496, 488, 4.66564e-05, 1.37302e-05
496, 489, 9.05303e-05, 4.8838e-05
496, 490, 5.34704e-05, 8.34261e-05
496, 491, 7.34573e-05, 6.02376e-05
496, 492, 4.9779e-05, 1.86601e-05
496, 493, 3.17343e-05, 3.10945e-05
496, 494, 5.21581e-05, 1.91541e-05
496, 495, 4.44817e-05, 5.59705e-05
497, 488, 3.57896e-05, 1.12959e-05
497, 489, 8.35706e-05, 4.97339e-05
497, 490, 2.87686e-05, 8.1394e-05
497, 491, 2.48112e-05, 6.07943e-05
497, 492, 1.96011e-05, 2.08235e-05
497, 493, 2.28381e-05, 3.15565e-05
497, 494, 1.98923e-05, 2.05195e-05
497, 495, 3.58998e-05, 5.21157e-05
497, 496, 7.63168e-05, 4.38818e-05
498, 489, 7.96575e-05, 4.993e-05
498, 490, 7.81148e-05, 8.22872e-05
498, 491, 0.00010763, 5.9137e-05
498, 492, 7.10073e-05, 1.85999e-05
498, 493, 6.30666e-05, 2.74935e-05
498, 494, 8.83289e-05, 2.00411e-05
498, 495, 6.21815e-05, 5.48824e-05
498, 496, 8.30576e-05, 4.42954e-05
498, 497, 0.000102632, 4.83734e-05
499, 492, 5.27052e-05, 1.8498e-05
499, 493, 5.30477e-05, 2.87413e-05
499, 494, 8.49739e-05, 2.07225e-05
499, 495, 3.33051e-05, 5.31022e-05
499, 496, 4.54834e-05, 4.45747e-05
499, 497, 8.48409e-05, 4.7719e-05
499, 498, 5.63528e-05, 0.000107864
500, 493, 7.4347e-05, 3.0483e-05
500, 494, 8.91192e-05, 1.95123e-05
500, 495, 4.1496e-05, 5.29324e-05
500, 496, 1.45321e-05, 4.40891e-05
500, 497, 7.44363e-05, 4.97367e-05
500, 498, 4.05393e-05, 0.000106695
500, 499, 5.50418e-05, 3.03576e-05
501, 492, 4.78488e-05, 1.66148e-05
501, 493, 5.10127e-05, 3.29101e-05
501, 494, 7.49897e-05, 1.87671e-05
501, 495, 3.83554e-05, 5.48368e-05
501, 496, 6.25486e-05, 4.41915e-05
501, 497, 9.14965e-05, 5.04615e-05
501, 498, 6.5468e-05, 0.000105888
501, 499, 8.32494e-05, 2.61393e-05
501, 500, 5.78552e-05, 3.91771e-05
502, 495, 1.94431e-05, 5.3629e-05
502, 496, 5.04819e-05, 4.23022e-05
502, 497, 5.25604e-05, 4.87183e-05
502, 498, 3.83886e-05, 0.000109169
502, 499, 5.00797e-05, 2.65286e-05
502, 500, 2.98526e-05, 3.93173e-05
502, 501, 4.16298e-05, 1.83644e-05
503, 495, 2.18697e-05, 5.0268e-05
503, 496, 6.40526e-05, 4.35279e-05
503, 497, 3.50042e-05, 4.42818e-05
503, 498, 1.66648e-05, 0.000105026
503, 499, 2.57458e-05, 2.74289e-05
503, 500, 1.69666e-05, 3.81131e-05
503, 501, 3.88956e-05, 1.84194e-05
503, 502, 2.9234e-05, 2.24405e-05
504, 496, 6.50276e-05, 4.20176e-05
504, 497, 4.62971e-05, 4.7602e-05
504, 498, 2.94242e-05, 0.000108229
504, 499, 4.18595e-05, 2.64408e-05
504, 500, 2.28269e-05, 4.17073e-05
504, 501, 3.17407e-05, 1.97126e-05
504, 502, 1.3922e-05, 2.09971e-05
504, 503, 5.93303e-05, 2.54174e-05
505, 495, 3.18735e-05, 5.52879e-05
505, 496, 1.64609e-05, 4.28196e-05
505, 497, 7.64948e-05, 4.73546e-05
505, 498, 3.7646e-05, 0.000105861
505, 499, 5.48601e-05, 2.60379e-05
505, 500, 6.64845e-05, 3.98753e-05
505, 501, 8.26287e-05, 2.1547e-05
505, 502, 5.88285e-05, 2.15862e-05
505, 503, 3.18019e-05, 2.73626e-05
505, 504, 6.17809e-05, 6.27986e-05
506, 497, 5.11898e-05, 4.78125e-05
506, 499, 3.36216e-05, 2.65332e-05
506, 500, 5.05959e-05, 3.86253e-05
506, 501, 7.45071e-05, 1.68435e-05
506, 502, 5.55011e-05, 2.50866e-05
506, 503, 1.90566e-05, 2.59866e-05
506, 504, 4.30918e-05, 6.19542e-05
506, 505, 4.55743e-05, 4.50123e-05
508, 499, 4.00088e-05, 2.71874e-05
508, 500, 4.24584e-05, 3.93876e-05
508, 501, 5.9148e-05, 2.21964e-05
508, 502, 3.55607e-05, 2.27814e-05
508, 503, 3.77827e-05, 2.65748e-05
508, 504, 3.35325e-05, 6.24796e-05
508, 505, 3.99526e-05, 4.55259e-05
508, 506, 1.63751e-05, 1.77243e-05
509, 500, 7.36323e-05, 3.83179e-05
509, 501, 8.28597e-05, 1.55155e-05
509, 502, 6.01193e-05, 2.14702e-05
509, 503, 0.000103205, 2.90054e-05
509, 504, 9.10143e-05, 6.19893e-05
509, 505, 5.31035e-05, 4.39002e-05
509, 506, 5.63747e-05, 1.5804e-05
509, 508, 6.03574e-05, 1.25997e-05
510, 501, 7.05652e-05, 2.12097e-05
510, 502, 4.27535e-05, 2.38265e-05
510, 503, 5.2674e-05, 2.88858e-05
510, 504, 6.08205e-05, 6.01163e-05
510, 505, 1.53994e-05, 4.52706e-05
510, 506, 1.40827e-05, 1.43122e-05
510, 508, 5.5984e-05, 1.42659e-05
510, 509, 2.92027e-05, 6.19439e-05
511, 502, 2.78292e-05, 2.11753e-05
511, 503, 4.77715e-05, 2.65071e-05
511, 504, 3.90942e-05, 6.24859e-05
511, 505, 4.02213e-05, 4.8471e-05
511, 506, 1.75624e-05, 1.33817e-05
511, 508, 3.68663e-05, 9.38485e-06
511, 509, 4.48491e-05, 6.15441e-05
511, 510, 6.53013e-05, 9.73695e-06
512, 502, 1.21653e-05, 2.12586e-05
512, 503, 7.25419e-05, 2.88561e-05
512, 504, 4.32899e-05, 6.21755e-05
512, 505, 4.27154e-05, 4.6768e-05
512, 506, 3.03854e-05, 1.50101e-05
512, 508, 2.27814e-05, 1.67424e-05
512, 509, 3.74334e-05, 6.166e-05
512, 510, 5.63527e-05, 1.31938e-05
512, 511, 6.13402e-05, 9.51004e-06
513, 504, 1.54715e-05, 6.3469e-05
513, 505, 6.04645e-05, 4.74591e-05
513, 506, 3.98397e-05, 1.71512e-05
513, 508, 3.71217e-05, 1.71758e-05
513, 509, 6.6527e-05, 5.88235e-05
513, 510, 8.32005e-05, 1.18007e-05
513, 511, 8.85339e-05, 1.09342e-05
513, 512, 6.71549e-05, 3.80806e-05
514, 504, 6.77134e-05, 6.14298e-05
514, 505, 2.0909e-05, 4.49476e-05
514, 506, 2.58982e-05, 1.39035e-05
514, 508, 7.49382e-05, 1.45237e-05
514, 509, 5.23713e-05, 6.22546e-05
514, 510, 7.35664e-05, 1.02542e-05
514, 511, 8.23533e-05, 1.21151e-05
514, 512, 1.045e-05, 4.34516e-05
514, 513, 6.91042e-05, 1.9785e-05
515, 505, 7.19291e-05, 4.64198e-05
515, 506, 4.78412e-05, 1.26514e-05
515, 508, 3.11404e-05, 1.06349e-05
515, 509, 7.70712e-05, 6.16959e-05
515, 510, 8.91371e-05, 1.19707e-05
515, 511, 9.50301e-05, 9.00919e-06
515, 512, 8.29328e-05, 4.104e-05
515, 513, 8.36651e-06, 1.92086e-05
515, 514, 1.64413e-05, 2.6064e-05
516, 506, 4.91533e-05, 1.50114e-05
516, 508, 1.57361e-05, 1.2817e-05
516, 509, 5.46165e-05, 5.79251e-05
516, 510, 7.55743e-05, 8.25768e-06
516, 511, 7.53183e-05, 6.75199e-06
516, 512, 7.8103e-05, 4.24589e-05
516, 513, 2.47371e-05, 1.89439e-05
516, 514, 3.41878e-05, 2.63175e-05
516, 515, 3.40473e-05, 1.79899e-05
517, 508, 5.16249e-05, 1.45935e-05
517, 509, 2.69576e-05, 5.88955e-05
517, 510, 4.37839e-05, 1.01256e-05
517, 511, 5.41861e-05, 9.41281e-06
517, 512, 3.54593e-05, 4.18099e-05
517, 513, 5.7586e-05, 1.873e-05
517, 514, 6.19716e-05, 2.53081e-05
517, 515, 3.34812e-05, 1.81578e-05
517, 516, 6.05731e-05, 3.88594e-05
519, 508, 1.38861e-05, 1.29495e-05
519, 509, 4.97305e-05, 5.94768e-05
519, 510, 5.48128e-05, 1.25986e-05
519, 511, 5.6077e-05, 1.02873e-05
519, 512, 8.53343e-05, 4.18444e-05
519, 513, 4.45779e-05, 1.95195e-05
519, 514, 5.19205e-05, 2.63339e-05
519, 515, 1.91791e-05, 1.65381e-05
519, 516, 3.37098e-05, 4.02956e-05
519, 517, 7.82203e-05, 4.22112e-05
520, 509, 5.84315e-05, 6.06323e-05
520, 510, 8.96872e-05, 1.19445e-05
520, 511, 8.72726e-05, 8.46009e-06
520, 512, 3.46683e-05, 4.31612e-05
520, 513, 4.15179e-05, 1.81448e-05
520, 514, 3.91654e-05, 2.5706e-05
520, 515, 6.05994e-05, 1.91366e-05
520, 516, 5.48699e-05, 4.00832e-05
520, 517, 1.95232e-05, 4.28601e-05
520, 519, 8.07539e-05, 2.03432e-05
521, 511, 5.79966e-05, 8.66949e-06
521, 512, 3.47967e-05, 4.07405e-05
521, 513, 5.27663e-05, 1.98348e-05
521, 514, 5.80914e-05, 2.57507e-05
521, 515, 4.13258e-05, 2.12683e-05
521, 516, 6.1623e-05, 4.09257e-05
521, 517, 3.98935e-05, 4.48292e-05
521, 519, 8.2347e-05, 1.94048e-05
521, 520, 6.1262e-05, 2.93719e-05
522, 510, 0.000102949, 8.70535e-06
522, 511, 0.000104533, 7.46483e-06
522, 512, 7.92828e-05, 3.97668e-05
522, 513, 1.64784e-05, 1.99273e-05
522, 514, 1.33828e-05, 2.57968e-05
522, 515, 6.25167e-05, 1.83085e-05
522, 516, 2.00096e-05, 4.19693e-05
522, 517, 6.39255e-05, 4.48846e-05
522, 519, 3.99208e-05, 1.88061e-05
522, 520, 3.12124e-05, 3.00025e-05
522, 521, 2.32919e-05, 5.34807e-05
523, 512, 4.10463e-05, 4.31507e-05
523, 513, 2.9011e-05, 1.8491e-05
523, 514, 2.76219e-05, 2.49166e-05
523, 515, 4.56201e-05, 1.75954e-05
523, 516, 3.98433e-05, 3.95392e-05
523, 517, 3.2972e-05, 4.44378e-05
523, 519, 6.59625e-05, 1.84277e-05
523, 520, 2.58771e-05, 2.8306e-05
523, 521, 4.58127e-05, 5.75232e-05
523, 522, 6.65894e-05, 4.19294e-05
525, 513, 1.65481e-05, 2.06661e-05
525, 514, 2.39185e-05, 2.68216e-05
525, 515, 3.82614e-05, 2.0649e-05
525, 516, 2.02025e-05, 3.98143e-05
525, 517, 5.43251e-05, 4.14929e-05
525, 519, 4.21283e-05, 1.88934e-05
525, 520, 3.94311e-05, 2.93393e-05
525, 521, 2.77112e-05, 5.59981e-05
525, 522, 4.51203e-05, 4.3101e-05
525, 523, 5.8158e-05, 3.68747e-05
526, 513, 7.12549e-05, 2.04066e-05
526, 516, 7.34802e-05, 4.10191e-05
526, 517, 1.57059e-05, 4.20238e-05
526, 519, 9.99996e-05, 2.16842e-05
526, 520, 5.45031e-05, 2.87184e-05
526, 521, 8.52799e-05, 5.40534e-05
526, 522, 9.05893e-05, 4.27241e-05
526, 523, 6.97472e-05, 3.61467e-05
526, 525, 4.66734e-05, 5.79157e-05
527, 520, 5.24789e-05, 2.93134e-05
527, 521, 7.02201e-05, 5.43669e-05
527, 522, 7.37932e-05, 4.21912e-05
527, 523, 6.96698e-05, 3.69964e-05
527, 525, 2.7929e-05, 5.63202e-05
527, 526, 1.97316e-05, 2.84249e-05
528, 520, 5.79811e-05, 2.99246e-05
528, 521, 4.13638e-05, 5.53256e-05
528, 522, 3.13236e-05, 4.30886e-05
528, 523, 8.078e-05, 3.70164e-05
528, 525, 3.0681e-05, 5.84148e-05
528, 526, 4.71207e-05, 2.92175e-05
528, 527, 2.93189e-05, 2.1135e-05
529, 520, 7.03923e-05, 2.91492e-05
529, 521, 4.84176e-05, 5.50371e-05
529, 522, 1.69583e-05, 4.25959e-05
529, 523, 9.3476e-05, 3.76873e-05
529, 525, 4.12242e-05, 5.70823e-05
529, 526, 5.59274e-05, 2.8088e-05
529, 527, 4.10061e-05, 2.26208e-05
529, 528, 6.97702e-05, 6.33141e-05
530, 521, 1.67286e-05, 5.57563e-05
530, 522, 3.46253e-05, 4.26153e-05
530, 523, 7.04227e-05, 3.7762e-05
530, 525, 5.87729e-05, 5.84349e-05
530, 526, 7.50754e-05, 2.7516e-05
530, 527, 5.30145e-05, 2.08525e-05
530, 528, 8.86248e-05, 6.18528e-05
530, 529, 8.71417e-05, 9.44819e-06
531, 525, 3.57084e-05, 5.66677e-05
531, 526, 5.19392e-05, 2.77875e-05
531, 527, 5.30188e-05, 1.96412e-05
531, 528, 5.33816e-05, 6.23379e-05
531, 529, 8.24918e-05, 9.99952e-06
531, 530, 5.45985e-05, 1.77241e-05
532, 525, 4.52312e-05, 5.65846e-05
532, 526, 6.165e-05, 2.80602e-05
532, 527, 6.46176e-05, 2.028e-05
532, 528, 6.03282e-05, 6.257e-05
532, 529, 9.46337e-05, 9.05217e-06
532, 530, 6.03433e-05, 1.72029e-05
532, 531, 9.06404e-05, 3.27729e-05
533, 525, 6.52712e-05, 5.7817e-05
533, 526, 8.18004e-05, 2.81723e-05
533, 527, 6.87328e-05, 2.14076e-05
533, 528, 9.52738e-05, 6.33392e-05
533, 529, 0.00010238, 9.85976e-06
533, 530, 2.55828e-05, 1.70945e-05
533, 531, 5.63917e-05, 3.45457e-05
533, 532, 7.1316e-05, 8.88075e-06
535, 525, 4.97022e-05, 5.58699e-05
535, 526, 4.42151e-05, 3.00511e-05
535, 527, 3.23127e-05, 2.00691e-05
535, 528, 6.76749e-05, 6.18607e-05
535, 529, 4.43343e-05, 1.187e-05
535, 530, 4.65776e-05, 1.76349e-05
535, 531, 1.85661e-05, 3.45582e-05
535, 532, 1.64815e-05, 7.36589e-06
535, 533, 2.88992e-05, 7.19917e-06
537, 528, 3.50714e-05, 6.1917e-05
537, 529, 6.90872e-05, 1.10261e-05
537, 530, 6.13259e-05, 1.81715e-05
537, 531, 7.8418e-05, 3.42085e-05
537, 532, 9.59127e-05, 7.27503e-06
537, 533, 6.14695e-05, 8.97068e-06
537, 535, 9.75897e-05, 2.36573e-05
538, 529, 2.58379e-05, 9.3938e-06
538, 530, 7.20034e-05, 1.83196e-05
538, 531, 6.7365e-05, 3.5049e-05
538, 532, 7.27725e-05, 8.40762e-06
538, 533, 3.0005e-05, 8.90455e-06
538, 535, 6.15695e-05, 2.38743e-05
538, 537, 3.98697e-05, 9.23829e-06
539, 528, 6.06169e-05, 6.09019e-05
539, 529, 8.14852e-05, 1.17189e-05
539, 530, 2.39684e-05, 1.74351e-05
539, 531, 6.00258e-05, 3.42958e-05
539, 532, 6.89435e-05, 7.74867e-06
539, 533, 5.90659e-05, 7.56172e-06
539, 535, 8.86564e-05, 2.36253e-05
539, 537, 2.63792e-05, 1.11225e-05
539, 538, 4.67301e-05, 3.24837e-05
540, 530, 2.26715e-05, 1.7571e-05
540, 531, 6.03847e-05, 3.58263e-05
540, 532, 7.71895e-05, 6.81299e-06
540, 533, 7.4061e-05, 9.9116e-06
540, 535, 0.000100895, 2.24021e-05
540, 537, 4.33934e-05, 1.01825e-05
540, 538, 4.03319e-05, 3.18549e-05
540, 539, 3.19499e-05, 1.3404e-05
541, 531, 4.21561e-05, 3.58918e-05
541, 532, 5.55397e-05, 7.63974e-06
541, 533, 4.54239e-05, 7.33545e-06
541, 535, 7.45055e-05, 2.48204e-05
541, 537, 1.59007e-05, 9.6489e-06
541, 538, 4.19498e-05, 3.46234e-05
541, 539, 1.46219e-05, 1.12594e-05
541, 540, 1.70809e-05, 2.52536e-05
542, 531, 4.48952e-05, 3.48616e-05
542, 532, 3.03943e-05, 7.00424e-06
542, 533, 3.91142e-05, 8.43949e-06
542, 535, 7.15521e-06, 2.2256e-05
542, 537, 6.77199e-05, 1.14162e-05
542, 538, 8.85744e-05, 3.21726e-05
542, 539, 8.09926e-05, 1.28305e-05
542, 540, 7.47002e-05, 2.52577e-05
542, 541, 3.44515e-05, 6.07567e-05
543, 532, 2.61976e-05, 7.87695e-06
543, 533, 2.77055e-05, 8.43178e-06
543, 535, 1.59351e-05, 2.21983e-05
543, 537, 5.32771e-05, 1.02527e-05
543, 538, 7.56867e-05, 3.29e-05
543, 539, 6.60028e-05, 1.26095e-05
543, 540, 6.11179e-05, 2.28764e-05
543, 541, 2.71563e-05, 6.0162e-05
543, 542, 3.5668e-05, 6.43244e-05
544, 532, 4.94181e-05, 7.07499e-06
544, 533, 1.93832e-05, 7.389e-06
544, 535, 2.99898e-05, 2.52223e-05
544, 537, 4.69664e-05, 1.07083e-05
544, 538, 9.28827e-05, 3.46911e-05
544, 539, 6.41174e-05, 1.22754e-05
544, 540, 6.83375e-05, 2.33597e-05
544, 541, 4.60725e-05, 6.07011e-05
544, 542, 1.90596e-05, 6.54924e-05
544, 543, 9.16848e-05, 1.40468e-05
545, 533, 5.73213e-05, 8.7589e-06
545, 535, 5.85635e-05, 2.45177e-05
545, 537, 5.32865e-05, 1.3382e-05
545, 538, 3.2216e-05, 3.4394e-05
545, 539, 5.61572e-05, 1.35011e-05
545, 540, 2.728e-05, 2.30203e-05
545, 541, 2.43032e-05, 5.95217e-05
545, 542, 7.50972e-05, 6.53224e-05
545, 543, 6.73945e-05, 1.25573e-05
545, 544, 5.29103e-05, 3.0401e-05
546, 535, 4.6021e-05, 2.2565e-05
546, 537, 5.26911e-05, 1.08198e-05
546, 538, 4.61379e-05, 3.33222e-05
546, 539, 6.80612e-05, 1.27049e-05
546, 540, 4.58143e-05, 2.31679e-05
546, 541, 1.48101e-05, 6.01613e-05
546, 542, 7.10756e-05, 6.62789e-05
546, 543, 8.29651e-05, 1.3652e-05
546, 544, 6.48513e-05, 3.07725e-05
546, 545, 3.45948e-05, 2.14234e-05
547, 537, 4.8459e-05, 1.07558e-05
547, 538, 7.89065e-05, 3.32532e-05
547, 539, 6.77437e-05, 1.2617e-05
547, 540, 6.32845e-05, 2.39653e-05
547, 541, 3.15901e-05, 6.15805e-05
547, 542, 2.94518e-05, 6.56233e-05
547, 543, 9.45675e-05, 1.31197e-05
547, 544, 7.92318e-05, 3.12493e-05
547, 545, 1.84881e-05, 2.23338e-05
547, 546, 4.61477e-05, 2.58463e-05
548, 537, 5.65484e-05, 1.08312e-05
548, 538, 4.50245e-05, 3.31932e-05
548, 539, 7.28438e-05, 1.21534e-05
548, 540, 4.85719e-05, 2.46312e-05
548, 541, 2.0279e-05, 6.07275e-05
548, 542, 7.33434e-05, 6.67225e-05
548, 543, 8.29343e-05, 1.432e-05
548, 544, 7.08576e-05, 3.25632e-05
548, 545, 4.28077e-05, 2.20668e-05
548, 546, 2.41145e-05, 2.44595e-05
548, 547, 6.26013e-05, 3.56303e-05
549, 537, 4.45455e-05, 1.13631e-05
549, 538, 8.28296e-05, 3.3312e-05
549, 539, 3.28664e-05, 1.26103e-05
549, 540, 6.65703e-05, 2.31145e-05
549, 541, 9.35589e-05, 6.04302e-05
549, 542, 6.43125e-05, 6.5095e-05
549, 543, 4.28275e-05, 1.44688e-05
549, 544, 5.33516e-05, 3.03964e-05
549, 545, 9.4958e-05, 2.15439e-05
549, 546, 7.76267e-05, 2.86213e-05
549, 547, 9.10502e-05, 3.65483e-05
549, 548, 6.5776e-05, 4.93717e-05
550, 538, 4.58666e-05, 3.28568e-05
550, 539, 1.10543e-05, 1.34068e-05
550, 540, 2.01664e-05, 2.35354e-05
550, 541, 6.33416e-05, 6.05336e-05
550, 542, 6.30524e-05, 6.58775e-05
550, 543, 2.23119e-05, 1.26374e-05
550, 544, 1.85649e-05, 3.15718e-05
550, 545, 7.31804e-05, 2.12366e-05
550, 546, 4.27531e-05, 2.6311e-05
550, 547, 7.64905e-05, 3.59515e-05
550, 548, 3.71387e-05, 4.87691e-05
550, 549, 3.85786e-05, 3.82796e-05
551, 540, 3.36954e-05, 2.31738e-05
551, 541, 5.36203e-05, 6.25366e-05
551, 542, 4.74087e-05, 6.55941e-05
551, 543, 4.21155e-05, 1.207e-05
551, 544, 3.71576e-05, 3.08167e-05
551, 545, 6.27226e-05, 2.2052e-05
551, 546, 4.46056e-05, 2.6511e-05
551, 547, 6.16715e-05, 3.54811e-05
551, 548, 3.1954e-05, 4.89568e-05
551, 549, 4.59318e-05, 3.73429e-05
551, 550, 5.25881e-05, 3.78111e-05
552, 540, 6.41226e-05, 2.36184e-05
552, 541, 6.95692e-05, 6.03426e-05
552, 542, 3.24797e-05, 6.56454e-05
552, 543, 6.26479e-05, 1.33623e-05
552, 544, 6.61391e-05, 3.11887e-05
552, 545, 6.65202e-05, 2.25895e-05
552, 546, 6.13302e-05, 2.7508e-05
552, 547, 5.32128e-05, 3.57809e-05
552, 548, 5.18095e-05, 5.07096e-05
552, 549, 5.66641e-05, 3.73279e-05
552, 550, 3.44881e-05, 3.53838e-05
552, 551, 4.61005e-05, 4.55644e-05
553, 540, 8.48319e-05, 2.38902e-05
553, 541, 8.28787e-05, 5.91959e-05
553, 542, 3.2035e-05, 6.59159e-05
553, 543, 8.30308e-05, 1.41914e-05
553, 544, 9.06829e-05, 3.27743e-05
553, 545, 8.1436e-05, 2.2451e-05
553, 546, 7.67406e-05, 2.5486e-05
553, 547, 6.08796e-05, 3.57578e-05
553, 548, 7.59439e-05, 4.95812e-05
553, 549, 7.58722e-05, 3.91285e-05
553, 550, 2.44892e-05, 3.86546e-05
553, 551, 6.9155e-05, 4.54136e-05
553, 552, 3.6259e-05, 9.4211e-06
555, 542, 6.71309e-05, 6.59373e-05
555, 543, 9.85135e-05, 1.28738e-05
555, 544, 9.04558e-05, 3.19811e-05
555, 545, 2.04487e-05, 2.36382e-05
555, 546, 3.84475e-05, 2.52231e-05
555, 547, 5.23699e-05, 3.57508e-05
555, 548, 4.60502e-05, 4.88263e-05
555, 549, 0.000116753, 3.48168e-05
555, 550, 6.86191e-05, 3.94581e-05
555, 551, 7.80955e-05, 4.38304e-05
555, 552, 9.63392e-05, 1.01284e-05
555, 553, 0.000114858, 8.92929e-06
556, 545, 3.76561e-05, 2.36506e-05
556, 546, 5.55751e-05, 2.607e-05
556, 547, 1.53279e-05, 3.44354e-05
556, 548, 5.47372e-05, 5.02796e-05
556, 549, 9.10718e-05, 3.79138e-05
556, 550, 1.73631e-05, 3.71911e-05
556, 551, 7.01255e-05, 4.37468e-05
556, 552, 6.07803e-05, 9.10718e-06
556, 553, 8.56117e-05, 8.63423e-06
556, 555, 8.36425e-05, 4.10853e-05
557, 546, 6.8208e-05, 2.42828e-05
557, 547, 9.0112e-05, 3.51613e-05
557, 548, 6.03527e-05, 4.98995e-05
557, 549, 1.30526e-05, 3.72188e-05
557, 550, 7.57543e-05, 3.7891e-05
557, 551, 2.90898e-05, 4.55329e-05
557, 552, 3.35125e-05, 9.56212e-06
557, 553, 2.08938e-05, 9.81027e-06
557, 555, 6.7431e-05, 4.00344e-05
557, 556, 3.95484e-05, 1.67409e-05
558, 546, 2.97076e-05, 2.62861e-05
558, 547, 2.6226e-05, 3.57084e-05
558, 548, 2.90337e-05, 5.12253e-05
558, 549, 9.6162e-05, 3.70431e-05
558, 550, 4.47863e-05, 3.81155e-05
558, 551, 6.13335e-05, 4.38924e-05
558, 552, 7.3168e-05, 9.86371e-06
558, 553, 9.35865e-05, 9.55368e-06
558, 555, 5.97334e-05, 4.02011e-05
558, 556, 5.37944e-05, 1.67219e-05
558, 557, 8.48202e-05, 1.58343e-05
559, 546, 8.16407e-05, 2.67695e-05
559, 547, 4.01458e-05, 3.47268e-05
559, 548, 7.30216e-05, 4.8958e-05
559, 549, 9.65179e-05, 3.76041e-05
559, 550, 1.36773e-05, 3.91366e-05
559, 551, 8.06799e-05, 4.51529e-05
559, 552, 5.55333e-05, 6.92833e-06
559, 553, 7.84578e-05, 9.6775e-06
559, 555, 0.000107455, 4.24968e-05
559, 556, 4.57771e-05, 1.58823e-05
559, 557, 9.76732e-05, 1.61311e-05
559, 558, 4.60052e-05, 2.53198e-05
560, 547, 7.88672e-05, 3.63294e-05
560, 548, 2.96841e-05, 4.99019e-05
560, 549, 5.63753e-05, 3.61861e-05
560, 550, 8.63469e-05, 3.82898e-05
560, 551, 2.53043e-05, 4.61245e-05
560, 552, 7.31096e-05, 9.75094e-06
560, 553, 7.07426e-05, 8.39881e-06
560, 555, 1.64361e-05, 4.17307e-05
560, 556, 6.12386e-05, 1.56147e-05
560, 557, 4.22823e-05, 1.76375e-05
560, 558, 6.08126e-05, 2.73109e-05
560, 559, 6.3531e-05, 2.79415e-05
561, 547, 3.83755e-05, 3.48663e-05
561, 548, 1.72209e-05, 5.10961e-05
561, 549, 8.40631e-05, 3.56524e-05
561, 550, 5.65041e-05, 3.79915e-05
561, 551, 5.35165e-05, 4.61765e-05
561, 552, 7.79643e-05, 8.69314e-06
561, 553, 8.91376e-05, 1.10535e-05
561, 555, 4.01559e-05, 4.38996e-05
561, 556, 5.94388e-05, 1.65945e-05
561, 557, 7.59278e-05, 1.65227e-05
561, 558, 2.57175e-05, 2.40275e-05
561, 559, 3.15225e-05, 2.75849e-05
561, 560, 9.34176e-06, 2.7654e-05
562, 548, 6.27047e-05, 4.89666e-05
562, 549, 9.13693e-05, 3.65984e-05
562, 550, 1.19528e-05, 3.83218e-05
562, 551, 7.88207e-05, 4.44443e-05
562, 552, 5.5573e-05, 9.29492e-06
562, 553, 7.72339e-05, 1.0112e-05
562, 555, 9.6834e-05, 4.31261e-05
562, 556, 4.13558e-05, 1.68899e-05
562, 557, 9.37227e-05, 1.71926e-05
562, 558, 3.81766e-05, 2.62968e-05
562, 559, 3.88623e-05, 2.57661e-05
562, 560, 6.96896e-05, 2.65181e-05
562, 561, 8.96983e-05, 1.26118e-05
563, 549, 7.60425e-05, 3.75782e-05
563, 550, 2.02399e-05, 3.73964e-05
563, 551, 5.52052e-05, 4.52518e-05
563, 552, 4.50072e-05, 9.06322e-06
563, 553, 7.04913e-05, 1.0358e-05
563, 555, 6.71457e-05, 4.2498e-05
563, 556, 3.18404e-05, 1.65916e-05
563, 557, 7.43633e-05, 1.62022e-05
563, 558, 1.83582e-05, 2.59895e-05
563, 559, 1.69676e-05, 2.80371e-05
563, 560, 4.23946e-05, 2.67951e-05
563, 561, 6.42848e-05, 1.17533e-05
563, 562, 5.11014e-05, 1.7946e-05
565, 551, 3.66266e-05, 4.4356e-05
565, 552, 4.74095e-05, 1.00155e-05
565, 553, 6.3138e-05, 7.79249e-06
565, 555, 5.87561e-05, 4.24362e-05
565, 556, 2.88454e-05, 1.79966e-05
565, 557, 5.89215e-05, 1.67972e-05
565, 558, 2.81666e-05, 2.58648e-05
565, 559, 2.33273e-05, 2.85797e-05
565, 560, 4.06757e-05, 2.71294e-05
565, 561, 5.10331e-05, 1.13037e-05
565, 562, 3.77062e-05, 1.84603e-05
565, 563, 1.28541e-05, 1.31303e-05
566, 552, 9.63988e-05, 8.84945e-06
566, 553, 9.77985e-05, 8.30647e-06
566, 555, 1.70892e-05, 4.16175e-05
566, 556, 8.97017e-05, 1.59223e-05
566, 557, 6.93604e-05, 1.59312e-05
566, 558, 6.59361e-05, 2.63601e-05
566, 559, 7.154e-05, 2.68522e-05
566, 560, 4.81065e-05, 2.68467e-05
566, 561, 5.48689e-05, 1.34052e-05
566, 562, 4.34104e-05, 2.08388e-05
566, 563, 7.52271e-05, 1.24462e-05
566, 565, 1.36584e-05, 2.67293e-05
567, 553, 4.09072e-05, 9.4105e-06
567, 555, 5.57622e-05, 4.16579e-05
567, 556, 3.52102e-05, 1.6787e-05
567, 557, 2.01785e-05, 1.76603e-05
567, 558, 6.03655e-05, 2.5963e-05
567, 559, 6.27351e-05, 2.9565e-05
567, 560, 6.77983e-05, 2.63591e-05
567, 561, 1.86032e-05, 1.28171e-05
567, 562, 2.46993e-05, 2.00501e-05
567, 563, 4.96801e-05, 1.31553e-05
567, 565, 5.72126e-05, 2.80789e-05
567, 566, 4.61694e-05, 2.68525e-05
568, 556, 2.52599e-05, 1.80435e-05
568, 557, 6.53797e-05, 1.65986e-05
568, 558, 2.7123e-05, 2.574e-05
568, 559, 2.04288e-05, 2.7035e-05
568, 560, 4.39684e-05, 2.60155e-05
568, 561, 5.69076e-05, 1.11042e-05
568, 562, 4.14768e-05, 1.94123e-05
568, 563, 5.30842e-06, 1.37498e-05
568, 565, 7.25713e-05, 2.78345e-05
568, 566, 2.25248e-05, 2.68722e-05
568, 567, 6.03483e-05, 2.10734e-05
569, 556, 1.71682e-05, 1.64847e-05
569, 557, 5.44912e-05, 1.63862e-05
569, 558, 5.89933e-05, 2.5134e-05
569, 559, 6.20319e-05, 2.78593e-05
569, 560, 8.04949e-05, 2.66395e-05
569, 561, 5.5896e-05, 1.11146e-05
569, 562, 6.10442e-05, 1.88733e-05
569, 563, 4.48787e-05, 1.26079e-05
569, 565, 9.11941e-05, 2.80098e-05
569, 566, 2.64669e-05, 2.66946e-05
569, 567, 7.89538e-05, 2.04584e-05
569, 568, 6.44004e-05, 5.05581e-06
570, 559, 7.67334e-05, 2.60207e-05
570, 561, 1.17666e-05, 1.10092e-05
570, 562, 1.7826e-05, 1.97401e-05
570, 563, 6.64913e-05, 1.2278e-05
570, 565, 2.39307e-05, 2.68994e-05
570, 566, 7.29384e-05, 2.72035e-05
570, 567, 3.10533e-05, 2.23955e-05
570, 568, 7.15604e-05, 4.54303e-06
570, 569, 8.89124e-05, 8.74288e-06
572, 562, 4.4529e-05, 1.89287e-05
572, 563, 6.94733e-06, 1.25333e-05
572, 565, 7.31073e-05, 2.79715e-05
572, 566, 2.69186e-05, 2.77411e-05
572, 567, 5.79063e-05, 2.06571e-05
572, 568, 2.19622e-05, 4.87832e-06
572, 569, 2.3784e-05, 8.66316e-06
572, 570, 5.8139e-05, 5.9905e-06
573, 562, 5.59707e-05, 1.79532e-05
573, 565, 7.46724e-05, 2.82159e-05
573, 566, 4.45892e-05, 2.81385e-05
573, 567, 6.14833e-05, 2.19332e-05
573, 568, 7.33615e-06, 3.07641e-06
573, 569, 2.95374e-05, 8.43843e-06
573, 570, 3.89438e-05, 5.10351e-06
573, 572, 4.62573e-05, 1.6398e-05
574, 565, 8.10459e-05, 2.72478e-05
574, 566, 6.3026e-05, 2.56537e-05
574, 567, 6.81606e-05, 2.02031e-05
574, 568, 2.3528e-05, 4.39156e-06
574, 569, 4.41581e-05, 8.9998e-06
574, 570, 1.9826e-05, 6.50645e-06
574, 572, 6.0991e-05, 1.66818e-05
574, 573, 3.37354e-05, 1.14758e-05
575, 566, 2.48695e-05, 2.73889e-05
575, 567, 8.17701e-05, 2.08783e-05
575, 568, 3.42196e-05, 4.09532e-06
575, 569, 1.07557e-05, 9.18025e-06
575, 570, 7.51769e-05, 5.06241e-06
575, 572, 6.31588e-05, 1.65015e-05
575, 573, 2.24945e-05, 1.338e-05
575, 574, 5.60017e-05, 1.10273e-05
576, 567, 5.40935e-05, 2.11633e-05
576, 568, 7.87229e-05, 3.61701e-06
576, 569, 7.93868e-05, 8.89473e-06
576, 570, 0.000106327, 4.86814e-06
576, 572, 4.16124e-05, 1.65609e-05
576, 573, 7.83046e-05, 1.23986e-05
576, 574, 4.87689e-05, 1.12324e-05
576, 575, 4.57706e-05, 7.29864e-06
577, 568, 1.68943e-05, 5.50287e-06
577, 569, 2.79152e-05, 8.6269e-06
577, 570, 4.90045e-05, 5.05889e-06
577, 572, 6.04171e-05, 1.64563e-05
577, 573, 1.47783e-05, 1.22909e-05
577, 574, 5.3454e-05, 1.04712e-05
577, 575, 4.6476e-05, 7.3856e-06
577, 576, 5.95404e-05, 1.31623e-05
579, 569, 6.89097e-05, 8.40394e-06
579, 570, 0.000102616, 5.89776e-06
579, 572, 3.78567e-05, 1.59124e-05
579, 573, 6.82005e-05, 1.34495e-05
579, 574, 4.48185e-05, 1.16952e-05
579, 575, 3.70638e-05, 8.84264e-06
579, 576, 3.72073e-05, 1.27087e-05
579, 577, 7.9984e-05, 1.67243e-05
580, 570, 6.00794e-05, 5.38539e-06
580, 572, 1.93866e-05, 1.62004e-05
580, 573, 3.11038e-05, 1.33369e-05
580, 574, 1.07435e-05, 1.04405e-05
580, 575, 5.66163e-06, 7.93974e-06
580, 576, 1.33022e-05, 1.333e-05
580, 577, 4.34495e-05, 1.60434e-05
580, 579, 2.0795e-05, 3.56425e-05
581, 572, 5.82814e-05, 1.58001e-05
581, 573, 5.72325e-05, 1.26413e-05
581, 574, 5.09218e-05, 1.17257e-05
581, 575, 6.43317e-05, 8.17001e-06
581, 576, 5.85655e-05, 1.2458e-05
581, 577, 1.45385e-05, 1.55529e-05
581, 579, 7.54915e-05, 3.5051e-05
581, 580, 8.86246e-05, 6.50306e-06
582, 572, 6.51909e-05, 1.72596e-05
582, 573, 8.66484e-05, 1.32929e-05
582, 574, 7.02571e-05, 1.0891e-05
582, 575, 6.09055e-05, 8.00898e-06
582, 576, 6.44162e-05, 1.27568e-05
582, 577, 0.000108953, 1.64583e-05
582, 579, 5.41981e-05, 3.42912e-05
582, 580, 5.25089e-05, 7.98715e-06
582, 581, 8.45962e-05, 2.44865e-05
583, 574, 1.90925e-05, 1.14946e-05
583, 575, 1.34813e-05, 7.80053e-06
583, 576, 2.37397e-05, 1.32559e-05
583, 577, 2.90673e-05, 1.62303e-05
583, 579, 2.73675e-05, 3.25996e-05
583, 580, 4.07903e-05, 6.86725e-06
583, 581, 2.84845e-05, 2.59623e-05
583, 582, 3.6241e-05, 3.43136e-05
584, 575, 4.70812e-05, 8.4944e-06
584, 576, 5.7982e-05, 1.32684e-05
584, 577, 3.98502e-05, 1.56771e-05
584, 579, 4.81017e-05, 3.39967e-05
584, 580, 5.15131e-05, 7.80383e-06
584, 581, 1.99825e-05, 2.48073e-05
584, 582, 6.85034e-05, 3.46558e-05
584, 583, 1.92283e-05, 1.38875e-05
585, 575, 2.65118e-05, 7.18756e-06
585, 576, 1.62796e-05, 1.39617e-05
585, 577, 6.03235e-05, 1.71344e-05
585, 579, 3.59044e-05, 3.45657e-05
585, 580, 5.04316e-05, 7.24891e-06
585, 581, 6.27781e-05, 2.74507e-05
585, 582, 5.86125e-06, 3.4547e-05
585, 583, 5.51889e-05, 1.43388e-05
585, 584, 1.58527e-05, 3.66402e-05
586, 577, 3.73666e-05, 1.70643e-05
586, 579, 2.37152e-05, 3.44718e-05
586, 580, 3.43732e-05, 8.28259e-06
586, 581, 2.22072e-05, 2.66812e-05
586, 582, 3.87591e-05, 3.51903e-05
586, 583, 1.80755e-05, 1.4411e-05
586, 584, 2.70215e-05, 3.81826e-05
586, 585, 2.514e-05, 1.98374e-05
587, 579, 4.19868e-05, 3.27002e-05
587, 580, 5.70703e-05, 7.53278e-06
587, 581, 7.24719e-05, 2.64407e-05
587, 582, 1.11852e-05, 3.45013e-05
587, 583, 6.41614e-05, 1.43547e-05
587, 584, 2.44916e-05, 3.55363e-05
587, 585, 3.52446e-05, 2.06554e-05
587, 586, 7.38289e-05, 1.4208e-05
589, 580, 4.59886e-05, 8.36047e-06
589, 581, 4.5866e-05, 2.54232e-05
589, 582, 1.28057e-05, 3.34407e-05
589, 583, 3.94587e-05, 1.49874e-05
589, 584, 3.88939e-06, 3.81845e-05
589, 585, 2.20812e-05, 2.03115e-05
589, 586, 4.88302e-05, 1.35383e-05
589, 587, 3.88456e-05, 1.17202e-05
590, 581, 5.05074e-05, 2.55846e-05
590, 582, 1.37711e-05, 3.2813e-05
590, 583, 4.14085e-05, 1.43383e-05
590, 584, 5.44401e-06, 3.82923e-05
590, 585, 1.74519e-05, 2.21008e-05
590, 586, 5.00019e-05, 1.27004e-05
590, 587, 3.92098e-05, 1.11521e-05
590, 589, 2.87468e-05, 2.05309e-05
591, 581, 4.71182e-05, 2.55582e-05
591, 582, 1.60597e-05, 3.38233e-05
591, 583, 3.87111e-05, 1.45266e-05
591, 584, 6.50998e-06, 3.83698e-05
591, 585, 2.35334e-05, 1.94762e-05
591, 586, 5.07186e-05, 1.29264e-05
591, 587, 3.83194e-05, 1.18827e-05
591, 589, 2.88627e-05, 2.00726e-05
591, 590, 1.64266e-05, 1.22556e-05
592, 581, 2.66143e-05, 2.64545e-05
592, 582, 3.70271e-05, 3.40874e-05
592, 583, 1.8451e-05, 1.43905e-05
592, 584, 2.7469e-05, 3.74113e-05
592, 585, 3.02337e-05, 1.96425e-05
592, 586, 2.47317e-05, 1.30886e-05
592, 587, 6.41288e-05, 1.15517e-05
592, 589, 5.8011e-06, 2.07183e-05
592, 590, 1.3245e-05, 1.28238e-05
592, 591, 6.54829e-05, 1.29644e-05
593, 581, 1.28653e-05, 2.51431e-05
593, 583, 1.46185e-05, 1.32718e-05
593, 584, 4.77193e-05, 3.80678e-05
593, 585, 4.448e-05, 2.05288e-05
593, 586, 4.45729e-06, 1.22854e-05
593, 587, 8.57e-05, 1.11155e-05
593, 589, 1.83777e-05, 1.96469e-05
593, 590, 3.25999e-05, 1.29243e-05
593, 591, 8.67078e-05, 1.28163e-05
593, 592, 3.83971e-05, 4.07757e-05
594, 583, 7.0614e-05, 1.49325e-05
594, 584, 3.21243e-05, 3.76776e-05
594, 585, 3.88539e-05, 2.02092e-05
594, 586, 8.09858e-05, 1.27011e-05
594, 587, 6.96701e-06, 1.14077e-05
594, 589, 6.02741e-05, 2.03848e-05
594, 590, 4.73351e-05, 1.20746e-05
594, 591, 8.45422e-06, 1.18105e-05
594, 592, 4.07543e-05, 4.03683e-05
594, 593, 3.64578e-06, 2.68168e-05
595, 584, 1.9982e-05, 3.75188e-05
595, 585, 2.36617e-05, 2.00017e-05
595, 586, 6.48002e-05, 1.30047e-05
595, 587, 2.26136e-05, 1.0811e-05
595, 589, 4.47576e-05, 1.95037e-05
595, 590, 3.00689e-05, 1.20118e-05
595, 591, 2.36469e-05, 1.36605e-05
595, 592, 2.65112e-05, 4.03108e-05
595, 593, 1.57744e-05, 2.66185e-05
595, 594, 2.5332e-05, 1.32326e-05
596, 585, 5.07806e-05, 2.05559e-05
596, 586, 8.68456e-06, 1.3352e-05
596, 587, 9.02549e-05, 1.13432e-05
596, 589, 2.38292e-05, 2.02344e-05
596, 590, 3.76418e-05, 1.19065e-05
596, 591, 9.17176e-05, 1.298e-05
596, 592, 4.27705e-05, 4.11593e-05
596, 593, 8.15116e-05, 2.70775e-05
596, 594, 4.35193e-05, 1.33184e-05
596, 595, 6.2201e-05, 1.53589e-05
597, 586, 3.24145e-05, 1.26995e-05
597, 587, 5.60313e-05, 1.09915e-05
597, 589, 1.3407e-05, 1.91823e-05
597, 590, 4.8258e-06, 1.26826e-05
597, 591, 5.6412e-05, 1.33259e-05
597, 592, 9.00689e-06, 4.06456e-05
597, 593, 4.72182e-05, 2.64693e-05
597, 594, 9.06289e-06, 1.34808e-05
597, 595, 2.75408e-05, 1.53854e-05
597, 596, 8.91177e-06, 1.18489e-05
599, 589, 5.18215e-06, 2.04345e-05
599, 590, 1.26924e-05, 1.17659e-05
599, 591, 6.65722e-05, 1.25024e-05
599, 592, 1.93381e-05, 4.10474e-05
599, 593, 5.72602e-05, 2.69868e-05
599, 594, 1.98148e-05, 1.40042e-05
599, 595, 3.70543e-05, 1.57303e-05
599, 596, 2.06175e-05, 1.09505e-05
599, 597, 5.28443e-06, 1.22375e-05
601, 594, 3.61883e-05, 1.33696e-05
601, 595, 2.19499e-05, 1.54732e-05
601, 596, 3.62669e-05, 1.16054e-05
601, 597, 5.32098e-05, 1.26695e-05
601, 599, 4.81901e-05, 1.90787e-05
602, 595, 6.26682e-05, 1.5318e-05
602, 596, 4.28883e-05, 1.09622e-05
602, 597, 2.72832e-05, 1.26885e-05
602, 599, 3.10792e-05, 1.96978e-05
602, 601, 8.71683e-05, 5.23415e-06
604, 597, 3.02869e-05, 1.32975e-05
604, 599, 2.60945e-05, 1.85677e-05
604, 601, 3.24081e-05, 5.5815e-06
604, 602, 4.39128e-05, 3.41031e-06
605, 599, 5.17904e-06, 1.93884e-05
605, 601, 5.54741e-05, 5.55254e-06
605, 602, 2.18754e-05, 3.47566e-06
605, 604, 4.10684e-05, 1.41984e-05
606, 601, 1.96343e-05, 6.03802e-06
606, 602, 6.58065e-05, 4.31363e-06
606, 604, 9.685e-06, 1.38973e-05
606, 605, 1.60859e-05, 2.43106e-05
607, 601, 1.23017e-05, 5.4492e-06
607, 602, 8.34275e-05, 4.05241e-06
607, 604, 2.23913e-05, 1.37284e-05
607, 605, 6.12814e-06, 2.45898e-05
607, 606, 5.47042e-05, 5.51291e-06
609, 602, 6.11459e-05, 3.81861e-06
609, 604, 4.50167e-06, 1.41881e-05
609, 605, 2.08334e-05, 2.41768e-05
609, 606, 3.26341e-05, 5.89853e-06
609, 607, 9.85088e-06, 2.18184e-05
610, 602, 6.34563e-05, 3.75905e-06
610, 604, 9.12157e-06, 1.37197e-05
610, 605, 1.90472e-05, 2.49093e-05
610, 606, 3.54412e-05, 5.00451e-06
610, 607, 7.33804e-06, 2.15067e-05
610, 609, 7.44824e-05, 5.84462e-06
611, 602, 2.51669e-05, 4.23081e-06
611, 604, 3.77961e-05, 1.35912e-05
611, 605, 5.68858e-05, 2.43549e-05
611, 606, 6.36759e-06, 5.46215e-06
611, 607, 4.51086e-05, 2.16181e-05
611, 609, 3.53942e-05, 6.05241e-06
611, 610, 3.84841e-05, 1.87303e-05
612, 602, 8.02399e-05, 3.73785e-06
612, 604, 1.922e-05, 1.39872e-05
612, 605, 5.17559e-06, 2.40695e-05
612, 606, 5.29079e-05, 5.29731e-06
612, 607, 1.29322e-05, 2.18327e-05
612, 609, 9.07568e-05, 5.55798e-06
612, 610, 9.39341e-05, 1.87478e-05
612, 611, 8.03879e-05, 1.41465e-05
613, 604, 1.04944e-05, 1.40409e-05
613, 605, 2.97552e-05, 2.45182e-05
613, 606, 2.40525e-05, 6.46147e-06
613, 607, 1.8844e-05, 2.17782e-05
613, 609, 6.19125e-05, 5.88384e-06
613, 610, 6.52136e-05, 1.85962e-05
613, 611, 5.15624e-05, 1.40688e-05
613, 612, 1.82132e-05, 6.44088e-06
615, 606, 7.74592e-06, 4.96747e-06
615, 607, 3.93878e-05, 2.17226e-05
615, 609, 4.09896e-05, 6.69752e-06
615, 610, 4.45639e-05, 1.84177e-05
615, 611, 3.07626e-05, 1.39382e-05
615, 612, 3.85949e-05, 6.52993e-06
615, 613, 8.03723e-06, 1.93636e-05
616, 606, 4.68638e-05, 5.14458e-06
616, 607, 6.87499e-06, 2.1871e-05
616, 609, 8.58286e-05, 5.39487e-06
616, 610, 8.91412e-05, 1.84177e-05
616, 611, 7.57734e-05, 1.37932e-05
616, 612, 9.41763e-06, 6.42284e-06
616, 613, 5.16765e-05, 1.94494e-05
616, 615, 2.36039e-05, 1.2944e-05
617, 609, 2.99076e-05, 5.86609e-06
617, 610, 3.4034e-05, 1.8209e-05
617, 611, 2.03402e-05, 1.41e-05
617, 612, 5.07581e-05, 6.63357e-06
617, 613, 9.45763e-06, 1.9351e-05
617, 615, 3.40306e-05, 1.26332e-05
617, 616, 5.84952e-05, 7.92875e-06
618, 609, 5.50694e-06, 5.13672e-06
618, 610, 5.84245e-06, 1.86895e-05
618, 611, 8.98167e-06, 1.39352e-05
618, 612, 7.74506e-05, 5.95029e-06
618, 613, 3.31649e-05, 1.93475e-05
618, 615, 6.07154e-05, 1.24872e-05
618, 616, 8.53373e-05, 8.06662e-06
618, 617, 4.57061e-05, 1.14049e-05
619, 609, 1.70341e-05, 5.86715e-06
619, 610, 2.20238e-05, 1.87162e-05
619, 611, 8.13594e-06, 1.3685e-05
619, 612, 6.54914e-05, 6.66392e-06
619, 613, 2.16011e-05, 1.92943e-05
619, 615, 4.81701e-05, 1.30221e-05
619, 616, 7.269e-05, 7.82822e-06
619, 617, 3.32159e-05, 1.16423e-05
619, 618, 7.74797e-06, 3.11236e-05
620, 610, 5.7499e-05, 1.89492e-05
620, 611, 4.26148e-05, 1.40236e-05
620, 612, 2.66484e-05, 6.47962e-06
620, 613, 1.91643e-05, 1.90548e-05
620, 615, 1.01691e-05, 1.26176e-05
620, 616, 3.3346e-05, 7.8094e-06
620, 617, 6.89493e-06, 1.09864e-05
620, 618, 4.42926e-05, 3.07325e-05
620, 619, 1.46889e-05, 1.20608e-05
621, 611, 5.41618e-05, 1.39514e-05
621, 612, 1.54142e-05, 5.96285e-06
621, 613, 3.02489e-05, 1.90884e-05
621, 615, 4.01152e-06, 1.2771e-05
621, 616, 2.24298e-05, 8.14015e-06
621, 617, 1.77929e-05, 1.14205e-05
621, 618, 5.56702e-05, 3.09274e-05
621, 619, 2.62222e-05, 1.16032e-05
621, 620, 8.4481e-06, 2.02296e-05
622, 612, 7.43769e-05, 6.33946e-06
622, 613, 3.0181e-05, 1.93021e-05
622, 615, 6.08458e-05, 1.28264e-05
622, 616, 8.3034e-05, 7.96838e-06
622, 617, 4.58017e-05, 1.19697e-05
622, 618, 1.17316e-05, 3.1188e-05
622, 619, 3.67758e-05, 1.20059e-05
622, 620, 5.32838e-05, 1.99249e-05
622, 621, 8.6005e-05, 1.56795e-05
623, 613, 1.776e-05, 1.98135e-05
623, 615, 4.32438e-05, 1.31007e-05
623, 616, 6.85888e-05, 7.683e-06
623, 617, 3.07597e-05, 1.16026e-05
623, 618, 1.11435e-05, 3.1302e-05
623, 619, 2.3496e-05, 1.23554e-05
623, 620, 4.01332e-05, 2.00559e-05
623, 621, 7.20313e-05, 1.55448e-05
623, 622, 5.87343e-05, 9.20374e-06
624, 617, 3.00729e-05, 1.09922e-05
624, 618, 6.90948e-05, 3.14298e-05
624, 619, 3.81286e-05, 1.18742e-05
624, 620, 2.03998e-05, 1.99137e-05
624, 621, 1.37198e-05, 1.66037e-05
624, 622, 1.26666e-05, 8.69106e-06
624, 623, 1.37245e-05, 2.71709e-05
625, 619, 1.0751e-05, 1.27775e-05
625, 620, 9.33757e-06, 1.99616e-05
625, 621, 3.91638e-05, 1.54653e-05
625, 622, 3.1958e-05, 9.29172e-06
625, 623, 1.54089e-05, 2.71111e-05
625, 624, 5.47139e-05, 9.82072e-06
626, 621, 7.29688e-05, 1.59769e-05
626, 622, 6.2622e-05, 9.14654e-06
626, 623, 4.92014e-05, 2.66985e-05
626, 624, 2.54054e-05, 1.02318e-05
626, 625, 2.29015e-05, 2.9967e-05
627, 624, 4.12452e-05, 9.2539e-06
627, 625, 6.21463e-06, 3.07299e-05
627, 626, 2.554e-05, 3.13238e-05
628, 625, 3.27938e-05, 3.09687e-05
628, 626, 1.11065e-05, 3.13715e-05
628, 627, 3.79139e-05, 3.66434e-05
630, 626, 3.09668e-05, 3.10574e-05
630, 627, 1.30506e-05, 3.65625e-05
630, 628, 1.53825e-05, 1.2616e-05
631, 626, 7.67466e-06, 3.15071e-05
631, 627, 3.90992e-05, 3.57715e-05
631, 628, 2.88351e-05, 1.24113e-05
631, 630, 5.73846e-05, 2.29381e-05
632, 627, 1.20169e-05, 3.68395e-05
632, 628, 2.28893e-05, 1.09145e-05
632, 630, 1.5537e-05, 2.28002e-05
632, 631, 2.92533e-05, 9.66854e-06
633, 627, 4.95016e-05, 3.58985e-05
633, 628, 6.02407e-05, 1.21267e-05
633, 630, 2.56509e-05, 2.15239e-05
633, 631, 4.91651e-06, 9.55922e-06
633, 632, 3.19755e-05, 2.06453e-05
634, 627, 3.03896e-05, 3.64602e-05
634, 628, 3.69245e-05, 1.27235e-05
634, 630, 5.05189e-06, 2.12824e-05
634, 631, 1.60805e-05, 9.50528e-06
634, 632, 1.88192e-05, 2.00443e-05
634, 633, 1.48517e-05, 2.45469e-05
635, 628, 1.35473e-05, 1.22218e-05
635, 630, 2.81367e-05, 2.42535e-05
635, 631, 4.46109e-05, 1.01468e-05
635, 632, 1.77046e-05, 2.00716e-05
635, 633, 2.36211e-05, 2.60334e-05
635, 634, 4.76859e-05, 2.11409e-05
636, 630, 8.07782e-06, 2.28441e-05
636, 631, 2.71701e-05, 1.01715e-05
636, 632, 5.54079e-06, 2.00687e-05
636, 633, 5.27289e-06, 2.55671e-05
636, 634, 6.48717e-05, 2.16252e-05
636, 635, 3.31481e-05, 1.00102e-05
637, 631, 1.62801e-05, 1.01719e-05
637, 632, 1.59562e-05, 2.01449e-05
637, 633, 1.16681e-05, 2.53459e-05
637, 634, 7.57423e-05, 2.1324e-05
637, 635, 2.92726e-05, 8.87702e-06
637, 636, 1.23387e-05, 5.70789e-06
638, 631, 4.61482e-05, 9.85369e-06
638, 632, 1.28965e-05, 2.13163e-05
638, 633, 1.55451e-05, 2.57728e-05
638, 634, 4.9509e-05, 2.10065e-05
638, 635, 4.73895e-05, 1.16346e-05
638, 636, 3.31983e-05, 7.62342e-06
638, 637, 6.60163e-06, 1.3932e-05
639, 633, 5.8363e-05, 2.50347e-05
639, 634, 5.67011e-06, 2.11993e-05
639, 635, 8.62382e-05, 9.87552e-06
639, 636, 7.89902e-05, 6.38155e-06
639, 637, 3.83022e-05, 1.36189e-05
639, 638, 3.98832e-06, 1.72556e-05
640, 635, 4.2648e-05, 1.02703e-05
640, 636, 3.03609e-05, 5.7033e-06
640, 637, 9.12196e-06, 1.40983e-05
640, 638, 4.69945e-05, 1.80363e-05
640, 639, 2.92663e-05, 1.78497e-05
641, 635, 6.34831e-05, 1.06053e-05
641, 636, 4.8176e-05, 5.52988e-06
641, 637, 1.74349e-05, 1.33758e-05
641, 638, 2.56373e-05, 1.84176e-05
641, 639, 9.70387e-06, 1.8126e-05
641, 640, 1.99711e-05, 3.29618e-05
642, 636, 1.83806e-05, 5.88358e-06
642, 637, 4.07803e-05, 1.40714e-05
642, 638, 8.81872e-05, 1.8255e-05
642, 639, 6.35604e-05, 1.7938e-05
642, 640, 7.55914e-05, 3.47155e-05
642, 641, 3.04422e-05, 1.99852e-05
643, 637, 4.67292e-05, 1.36899e-05
643, 638, 6.77735e-06, 1.85922e-05
643, 639, 1.81733e-05, 1.81804e-05
643, 640, 1.66335e-05, 3.19329e-05
643, 641, 5.641e-05, 1.9993e-05
643, 642, 6.4989e-05, 6.81944e-06
644, 638, 8.34192e-05, 1.84329e-05
644, 639, 5.78994e-05, 1.77271e-05
644, 640, 7.00929e-05, 3.4095e-05
644, 641, 2.59482e-05, 1.90058e-05
644, 642, 2.06589e-05, 5.74816e-06
644, 643, 1.33604e-05, 2.50816e-05
645, 640, 5.60481e-06, 3.19373e-05
645, 641, 4.30124e-05, 1.98496e-05
645, 642, 5.06477e-05, 5.2085e-06
645, 643, 7.13216e-05, 2.51709e-05
645, 644, 5.6854e-05, 1.23322e-05
646, 641, 6.88958e-06, 1.94626e-05
646, 642, 1.59529e-05, 5.97178e-06
646, 643, 3.74874e-05, 2.51947e-05
646, 644, 2.24783e-05, 1.17218e-05
646, 645, 7.43149e-06, 2.19073e-05
647, 641, 8.93646e-06, 1.91503e-05
647, 642, 1.22246e-05, 4.8081e-06
647, 643, 2.49433e-05, 2.48052e-05
647, 644, 1.1234e-05, 1.117e-05
647, 645, 1.68398e-05, 2.25799e-05
647, 646, 3.42496e-05, 1.70286e-05
648, 642, 6.3583e-05, 7.35259e-06
648, 643, 8.97255e-05, 2.49375e-05
648, 644, 6.98287e-05, 1.16538e-05
648, 645, 4.54197e-05, 2.18583e-05
648, 646, 9.41742e-05, 1.62299e-05
648, 647, 3.84442e-05, 2.85665e-05
649, 642, 5.52878e-05, 6.72512e-06
649, 643, 7.56503e-05, 2.51908e-05
649, 644, 5.73163e-05, 1.28036e-05
649, 645, 3.36674e-05, 2.22325e-05
649, 646, 8.34723e-05, 1.64147e-05
649, 647, 2.81751e-05, 2.91677e-05
649, 648, 1.76623e-05, 3.15438e-05
650, 642, 5.60705e-05, 4.92135e-06
650, 643, 7.23404e-05, 2.49009e-05
650, 644, 6.50322e-05, 1.18646e-05
650, 645, 4.13165e-05, 2.26692e-05
650, 646, 8.43407e-05, 1.61837e-05
650, 647, 2.9844e-05, 3.01109e-05
650, 648, 1.80904e-05, 3.25689e-05
650, 649, 7.94332e-05, 6.10839e-05
651, 642, 5.34261e-06, 6.5062e-06
651, 643, 1.33352e-05, 2.64463e-05
651, 644, 9.2349e-06, 1.05073e-05
651, 645, 2.34954e-05, 2.18568e-05
651, 646, 2.34787e-05, 1.74109e-05
651, 647, 3.4688e-05, 3.02515e-05
651, 648, 7.50495e-05, 3.2148e-05
651, 649, 2.0351e-05, 6.14151e-05
651, 650, 4.61479e-05, 3.83122e-05
652, 646, 3.90913e-05, 1.7588e-05
652, 647, 2.24538e-05, 2.97111e-05
652, 648, 6.59969e-05, 3.35254e-05
652, 649, 3.60219e-05, 6.19015e-05
652, 650, 3.56152e-05, 3.66663e-05
652, 651, 5.11632e-05, 6.92392e-05
654, 650, 6.23412e-05, 3.61071e-05
654, 651, 2.49265e-05, 6.91408e-05
654, 652, 6.28182e-05, 4.27088e-05
655, 651, 0.000101751, 6.87043e-05
655, 652, 5.46543e-05, 4.22595e-05
655, 654, 6.50679e-05, 2.86782e-05
656, 652, 3.52307e-05, 3.97424e-05
656, 654, 2.63417e-05, 2.70878e-05
656, 655, 1.94049e-05, 1.14097e-05
657, 654, 3.58095e-05, 2.77053e-05
657, 655, 3.01407e-05, 1.17257e-05
657, 656, 8.62179e-06, 1.29329e-05
658, 654, 1.21964e-05, 2.9491e-05
658, 655, 1.7453e-05, 1.15329e-05
658, 656, 3.78263e-05, 1.37502e-05
658, 657, 6.22226e-05, 2.34647e-05
659, 654, 9.4791e-06, 3.03378e-05
659, 655, 4.54687e-06, 1.27119e-05
659, 656, 2.10895e-05, 1.38714e-05
659, 657, 4.58378e-05, 2.427e-05
659, 658, 5.36399e-06, 1.46557e-05
660, 654, 1.88071e-05, 2.84225e-05
660, 655, 1.28281e-05, 1.18312e-05
660, 656, 9.62557e-06, 1.29389e-05
660, 657, 3.33134e-05, 2.4991e-05
660, 658, 1.37661e-05, 1.50933e-05
660, 659, 4.98515e-05, 3.697e-05
661, 655, 1.28466e-05, 1.20007e-05
661, 656, 1.18286e-05, 1.35391e-05
661, 657, 3.60318e-05, 2.37808e-05
661, 658, 1.10241e-05, 1.50899e-05
661, 659, 5.18909e-05, 3.81437e-05
661, 660, 9.27224e-06, 1.52227e-05
662, 655, 2.79812e-05, 1.15e-05
662, 656, 8.05048e-06, 1.37311e-05
662, 657, 1.69131e-05, 2.38147e-05
662, 658, 2.82032e-05, 1.46908e-05
662, 659, 3.37835e-05, 3.91679e-05
662, 660, 2.5224e-05, 1.55068e-05
662, 661, 1.15312e-05, 2.0099e-05
663, 656, 1.45646e-05, 1.31996e-05
663, 657, 3.85272e-05, 2.29755e-05
663, 658, 9.85423e-06, 1.48551e-05
663, 659, 5.39659e-05, 3.81854e-05
663, 660, 1.76667e-05, 1.54552e-05
663, 661, 2.96576e-05, 2.13851e-05
663, 662, 3.04663e-05, 1.23058e-05
664, 657, 5.42636e-05, 2.40522e-05
664, 658, 9.69767e-06, 1.49812e-05
664, 659, 7.08587e-05, 3.74454e-05
664, 660, 2.17438e-05, 1.55822e-05
664, 661, 4.4479e-05, 2.08101e-05
664, 662, 1.42207e-05, 1.262e-05
664, 663, 1.91918e-05, 9.51552e-06
665, 657, 2.67675e-05, 2.51811e-05
665, 658, 2.1581e-05, 1.4444e-05
665, 659, 4.30606e-05, 3.63036e-05
665, 660, 2.51516e-05, 1.50136e-05
665, 661, 1.72184e-05, 2.13642e-05
665, 662, 4.28936e-05, 1.21854e-05
665, 663, 4.82595e-05, 8.83748e-06
665, 664, 4.81793e-05, 2.35711e-05
666, 659, 9.14148e-06, 4.08707e-05
666, 661, 2.11789e-05, 2.08009e-05
666, 662, 7.60489e-05, 1.23522e-05
666, 663, 8.09517e-05, 9.97653e-06
666, 664, 1.74664e-05, 2.20017e-05
666, 665, 8.66447e-06, 2.15612e-05
667, 659, 4.07117e-05, 3.80989e-05
667, 661, 1.98962e-05, 2.07688e-05
667, 662, 4.36438e-05, 1.26066e-05
667, 663, 4.87176e-05, 1.05042e-05
667, 664, 4.42214e-05, 2.14605e-05
667, 665, 3.43023e-05, 2.11212e-05
667, 666, 3.99268e-05, 5.84139e-05
668, 661, 1.01105e-05, 2.13445e-05
668, 662, 5.13777e-05, 1.28111e-05
668, 663, 5.70186e-05, 8.81427e-06
668, 664, 3.8386e-05, 2.26478e-05
668, 665, 2.39929e-05, 2.04931e-05
668, 666, 4.74902e-05, 5.77659e-05
668, 667, 1.8975e-05, 1.15284e-05
669, 664, 2.68743e-05, 2.12692e-05
669, 665, 1.5995e-05, 2.08408e-05
669, 666, 5.69442e-05, 5.73607e-05
669, 667, 2.86432e-05, 1.1322e-05
669, 668, 4.4427e-05, 1.79937e-05
670, 665, 7.52191e-05, 2.06372e-05
670, 666, 8.20248e-06, 5.76439e-05
670, 667, 3.5504e-05, 1.16911e-05
670, 668, 1.96702e-05, 1.84637e-05
670, 669, 8.57071e-05, 1.8919e-05
672, 666, 7.28158e-05, 5.82471e-05
672, 667, 4.38096e-05, 1.09886e-05
672, 668, 5.92562e-05, 1.82057e-05
672, 669, 8.19531e-06, 1.7968e-05
672, 670, 4.42814e-05, 4.93899e-05
673, 668, 3.47969e-05, 1.75602e-05
673, 669, 3.53847e-05, 1.82487e-05
673, 670, 2.3518e-05, 5.13449e-05
673, 672, 4.99789e-05, 3.00073e-05
674, 669, 8.95265e-05, 1.95955e-05
674, 670, 3.60252e-05, 5.11304e-05
674, 672, 5.60984e-05, 2.92345e-05
674, 673, 1.76089e-05, 3.0743e-05
675, 670, 3.29022e-05, 5.09355e-05
675, 672, 3.96047e-05, 3.08375e-05
675, 673, 6.16757e-05, 3.04787e-05
675, 674, 4.82118e-05, 1.64285e-05
676, 670, 5.9125e-05, 4.90029e-05
676, 672, 4.53404e-05, 2.84461e-05
676, 673, 9.04665e-05, 3.03641e-05
676, 674, 5.36682e-05, 1.65961e-05
676, 675, 6.68077e-05, 3.87445e-05
677, 670, 3.58657e-05, 5.11612e-05
677, 672, 2.39514e-05, 2.8807e-05
677, 673, 5.35051e-05, 2.90624e-05
677, 674, 0.000102764, 1.61547e-05
677, 675, 2.68091e-05, 3.92982e-05
677, 676, 6.8554e-05, 3.68508e-05
678, 672, 5.46083e-05, 2.90241e-05
678, 673, 2.51839e-05, 2.9091e-05
678, 674, 0.000116287, 1.80473e-05
678, 675, 2.8042e-05, 4.07145e-05
678, 676, 7.95979e-05, 3.67997e-05
678, 677, 8.13642e-05, 3.248e-05
679, 672, 4.84622e-05, 2.87305e-05
679, 673, 4.47473e-05, 3.09352e-05
679, 674, 0.000125063, 1.71911e-05
679, 675, 3.40416e-05, 3.84513e-05
679, 676, 8.57479e-05, 3.61234e-05
679, 677, 9.70003e-05, 3.07354e-05
679, 678, 8.89958e-05, 1.85286e-05
680, 672, 7.71283e-05, 2.94708e-05
680, 673, 8.33943e-05, 2.98621e-05
680, 674, 2.62247e-05, 1.72616e-05
680, 675, 7.87114e-05, 3.83265e-05
680, 676, 3.2486e-05, 3.65529e-05
680, 677, 2.98143e-05, 3.08793e-05
680, 678, 5.73789e-05, 1.83915e-05
680, 679, 6.69486e-05, 3.14799e-05
681, 673, 3.06596e-05, 3.05541e-05
681, 674, 7.2124e-05, 1.63284e-05
681, 675, 2.76917e-05, 3.78178e-05
681, 676, 3.83663e-05, 3.47715e-05
681, 677, 3.77153e-05, 3.07197e-05
681, 678, 3.5003e-05, 1.8919e-05
681, 679, 3.70515e-05, 3.37636e-05
681, 680, 4.62788e-05, 3.66376e-05
682, 673, 5.93211e-05, 3.01001e-05
682, 674, 4.64029e-05, 1.64757e-05
682, 675, 5.05589e-05, 3.92694e-05
682, 676, 1.17172e-05, 3.7097e-05
682, 677, 3.28584e-05, 3.17245e-05
682, 678, 5.39872e-05, 1.84534e-05
682, 679, 4.07857e-05, 2.95554e-05
682, 680, 5.41101e-05, 3.47951e-05
682, 681, 7.86566e-06, 5.35475e-05
683, 677, 3.99152e-05, 3.19484e-05
683, 678, 3.00618e-05, 1.90072e-05
683, 679, 5.60329e-05, 3.15317e-05
683, 680, 3.26813e-05, 3.31774e-05
683, 681, 4.23333e-05, 5.20533e-05
683, 682, 8.00623e-05, 4.2941e-05
684, 678, 8.78021e-05, 1.81809e-05
684, 679, 1.31707e-05, 3.20186e-05
684, 680, 9.89291e-05, 3.42747e-05
684, 681, 5.30991e-05, 5.48853e-05
684, 682, 1.77337e-05, 4.40476e-05
684, 683, 9.28752e-05, 1.70218e-05
685, 678, 5.27629e-05, 1.88065e-05
685, 679, 5.11091e-05, 3.32873e-05
685, 680, 6.97548e-05, 3.43923e-05
685, 681, 6.25993e-05, 5.37215e-05
685, 682, 7.68683e-05, 4.29445e-05
685, 683, 5.91396e-05, 1.88945e-05
685, 684, 2.8237e-05, 3.94653e-05
686, 678, 1.43465e-05, 1.78716e-05
686, 679, 8.52834e-05, 3.10193e-05
686, 680, 1.37394e-05, 3.34426e-05
686, 681, 4.68344e-05, 5.48023e-05
686, 682, 0.000101817, 4.18308e-05
686, 683, 1.10564e-05, 1.67283e-05
686, 684, 7.49523e-05, 3.78766e-05
686, 685, 8.85757e-05, 3.43709e-05
687, 677, 9.11605e-05, 3.09129e-05
687, 680, 9.42073e-05, 3.55077e-05
687, 681, 7.35554e-05, 5.3856e-05
687, 682, 7.06676e-05, 4.13087e-05
687, 683, 8.9572e-05, 1.76227e-05
687, 684, 2.49451e-05, 3.69157e-05
687, 685, 6.99757e-05, 3.35205e-05
687, 686, 3.33646e-05, 5.84843e-05
688, 680, 4.07361e-05, 3.37648e-05
688, 681, 1.23574e-05, 5.55037e-05
688, 682, 7.01249e-05, 4.212e-05
688, 683, 3.77333e-05, 1.71561e-05
688, 684, 5.43341e-05, 3.83162e-05
688, 685, 5.51576e-05, 3.43518e-05
688, 686, 5.42657e-05, 5.78591e-05
688, 687, 6.078e-05, 8.82289e-05
690, 683, 4.88516e-05, 1.65505e-05
690, 685, 4.81995e-05, 3.26337e-05
690, 686, 2.46563e-05, 5.92656e-05
690, 687, 7.32374e-05, 9.09806e-05
690, 688, 3.57021e-05, 4.16147e-05
691, 680, 7.44343e-05, 3.59567e-05
691, 682, 4.65276e-05, 4.2081e-05
691, 683, 7.30529e-05, 1.64656e-05
691, 685, 3.83406e-05, 3.28464e-05
691, 686, 6.07475e-05, 5.78562e-05
691, 687, 2.26247e-05, 8.81321e-05
691, 688, 1.69824e-05, 4.01827e-05
691, 690, 7.68719e-05, 5.23777e-05
692, 686, 7.33441e-05, 5.86239e-05
692, 687, 0.000109791, 8.64276e-05
692, 688, 7.3312e-05, 4.0444e-05
692, 690, 1.67708e-05, 4.98826e-05
692, 691, 9.47753e-05, 6.1321e-05
693, 687, 3.45173e-05, 9.03756e-05
693, 688, 1.04894e-05, 4.35258e-05
693, 690, 6.83077e-05, 5.09197e-05
693, 691, 5.82056e-05, 5.67865e-05
693, 692, 2.75984e-05, 1.69241e-05
694, 687, 3.75199e-05, 8.46666e-05
694, 688, 4.88902e-05, 4.27931e-05
694, 690, 9.69966e-05, 5.10745e-05
694, 691, 9.76986e-05, 5.90468e-05
694, 692, 6.60711e-05, 1.5357e-05
694, 693, 5.3615e-05, 1.31506e-05
695, 687, 9.99522e-06, 8.479e-05
695, 688, 3.10452e-05, 3.84262e-05
695, 690, 9.20096e-05, 5.02291e-05
695, 691, 6.42428e-05, 6.0313e-05
695, 692, 4.78696e-05, 1.41736e-05
695, 693, 5.84212e-05, 1.28682e-05
695, 694, 4.62854e-05, 1.06701e-05
696, 688, 5.81333e-05, 3.86861e-05
696, 690, 0.000107117, 5.30929e-05
696, 691, 9.79597e-05, 6.10327e-05
696, 692, 6.94605e-05, 1.30041e-05
696, 693, 6.63098e-05, 1.17821e-05
696, 694, 7.9426e-05, 9.693e-06
696, 695, 4.30393e-05, 3.22552e-05
698, 692, 4.1015e-05, 1.3004e-05
698, 693, 1.95318e-05, 1.11836e-05
698, 694, 9.33469e-05, 8.95656e-06
698, 695, 8.1034e-05, 3.16287e-05
698, 696, 4.44115e-05, 7.36566e-05
699, 692, 3.60172e-05, 1.39324e-05
699, 693, 7.00656e-05, 1.34052e-05
699, 694, 3.60841e-05, 9.33621e-06
699, 695, 5.45025e-05, 3.12617e-05
699, 696, 3.2031e-05, 6.88544e-05
699, 698, 5.16862e-05, 1.94282e-05
701, 692, 3.98741e-05, 1.1697e-05
701, 694, 1.87782e-05, 1.03244e-05
701, 695, 1.59903e-05, 3.12232e-05
701, 696, 3.26921e-05, 7.05665e-05
701, 698, 7.36247e-05, 1.70255e-05
701, 699, 5.68392e-05, 1.22917e-05
702, 694, 7.90052e-05, 9.15395e-06
702, 695, 4.24409e-05, 3.19044e-05
702, 696, 5.59631e-05, 7.33711e-05
702, 698, 8.21578e-05, 1.71478e-05
702, 699, 3.38729e-05, 8.39477e-06
702, 701, 6.62747e-05, 2.74639e-05
703, 696, 4.74065e-05, 7.10782e-05
703, 698, 7.11563e-05, 1.81856e-05
703, 699, 7.92106e-05, 1.06162e-05
703, 701, 2.93368e-05, 2.75213e-05
703, 702, 7.54454e-05, 3.09276e-05
704, 696, 2.69585e-05, 7.30773e-05
704, 698, 5.52933e-05, 1.80667e-05
704, 699, 8.98382e-06, 1.11995e-05
704, 701, 4.01677e-05, 2.47161e-05
704, 702, 5.74394e-05, 3.24207e-05
704, 703, 6.34548e-05, 5.98929e-05
705, 696, 3.94171e-05, 7.30639e-05
705, 698, 2.45133e-05, 1.77345e-05
705, 699, 3.52427e-05, 1.02135e-05
705, 701, 5.67424e-05, 2.65093e-05
705, 702, 2.54101e-05, 3.29853e-05
705, 703, 6.7984e-05, 5.85025e-05
705, 704, 3.71682e-05, 3.47979e-05
706, 696, 4.45852e-05, 7.05031e-05
706, 698, 6.50132e-05, 1.83258e-05
706, 699, 9.83232e-06, 1.0888e-05
706, 701, 5.83669e-05, 2.6598e-05
706, 702, 6.64929e-05, 3.29139e-05
706, 703, 7.97861e-05, 6.09743e-05
706, 704, 1.90826e-05, 3.30683e-05
706, 705, 1.03184e-05, 8.70588e-05
707, 698, 6.60632e-06, 1.84646e-05
707, 699, 5.60365e-05, 1.16178e-05
707, 701, 4.95754e-05, 2.77171e-05
707, 702, 7.44104e-06, 3.06477e-05
707, 703, 5.39156e-05, 6.11984e-05
707, 704, 5.91596e-05, 3.3028e-05
707, 705, 5.52072e-05, 8.62506e-05
707, 706, 6.82316e-05, 5.89619e-05
708, 698, 8.04263e-05, 1.81597e-05
708, 699, 2.44622e-05, 9.575e-06
708, 701, 6.64765e-05, 2.77669e-05
708, 702, 7.73734e-05, 3.44395e-05
708, 703, 8.13938e-05, 5.86477e-05
708, 704, 3.38376e-05, 3.20313e-05
708, 705, 2.38847e-05, 8.47368e-05
708, 706, 5.44306e-05, 5.61405e-05
708, 707, 7.38122e-05, 3.53851e-05
709, 698, 7.97019e-05, 1.68981e-05
709, 699, 3.13446e-05, 8.81806e-06
709, 701, 4.7755e-05, 2.88069e-05
709, 702, 8.03381e-05, 3.24518e-05
709, 703, 6.66115e-05, 5.97694e-05
709, 704, 4.49749e-05, 3.12487e-05
709, 705, 3.45818e-05, 8.37283e-05
709, 706, 6.84198e-05, 5.86041e-05
709, 707, 7.65828e-05, 3.51137e-05
709, 708, 4.67963e-05, 2.93015e-05
710, 698, 5.30652e-05, 1.76102e-05
710, 699, 9.03762e-06, 1.08213e-05
710, 701, 5.04432e-05, 2.89864e-05
710, 702, 5.24561e-05, 3.37372e-05
710, 703, 7.12509e-05, 5.95372e-05
710, 704, 1.8812e-05, 3.24031e-05
710, 705, 1.24258e-05, 8.46174e-05
710, 706, 4.08278e-05, 5.83259e-05
710, 707, 4.52694e-05, 3.53136e-05
710, 708, 2.52086e-05, 2.96355e-05
710, 709, 1.79614e-05, 2.96345e-05
711, 699, 5.20013e-05, 1.16579e-05
711, 701, 0.000104282, 2.77739e-05
711, 702, 8.03622e-05, 3.07229e-05
711, 703, 0.000117115, 6.23243e-05
711, 704, 3.2822e-05, 3.35557e-05
711, 705, 4.52367e-05, 8.59491e-05
711, 706, 1.10558e-05, 5.86533e-05
711, 707, 5.93245e-05, 3.57264e-05
711, 708, 6.71583e-05, 2.90233e-05
711, 709, 6.04002e-05, 3.22705e-05
711, 710, 5.40173e-05, 5.95012e-05
712, 701, 6.77969e-05, 2.9504e-05
712, 702, 9.74261e-05, 3.3819e-05
712, 703, 8.35351e-05, 6.06337e-05
712, 704, 5.43415e-05, 3.32797e-05
712, 705, 4.57195e-05, 8.5645e-05
712, 706, 7.18382e-05, 5.95223e-05
712, 707, 8.79902e-05, 3.61687e-05
712, 708, 5.75951e-05, 3.18526e-05
712, 709, 6.4421e-05, 3.2693e-05
712, 710, 6.76749e-05, 6.13748e-05
712, 711, 9.2838e-05, 1.12979e-05
713, 701, 4.80538e-05, 2.68383e-05
713, 702, 8.57903e-05, 3.45661e-05
713, 703, 6.89376e-05, 6.12036e-05
713, 704, 5.85844e-05, 3.11805e-05
713, 705, 5.31233e-05, 8.44869e-05
713, 706, 8.62277e-05, 5.82056e-05
713, 707, 8.39619e-05, 3.4667e-05
713, 708, 4.56702e-05, 3.12866e-05
713, 709, 5.44264e-05, 3.06358e-05
713, 710, 5.38084e-05, 5.96269e-05
713, 711, 0.00010544, 1.50877e-05
713, 712, 2.67626e-05, 1.07807e-05
714, 704, 2.67152e-05, 3.11642e-05
714, 705, 3.17183e-05, 8.46461e-05
714, 706, 2.11165e-05, 5.97402e-05
714, 707, 3.23215e-05, 3.63512e-05
714, 708, 4.36681e-05, 3.04055e-05
714, 709, 2.8452e-05, 3.22472e-05
714, 710, 3.73949e-05, 6.02732e-05
714, 711, 3.34956e-05, 1.52211e-05
714, 712, 0.000102631, 1.4969e-05
714, 713, 8.02686e-05, 3.40977e-05
715, 706, 3.32832e-05, 5.84617e-05
715, 707, 4.54405e-05, 3.42904e-05
715, 708, 3.34191e-05, 2.99681e-05
715, 709, 3.0728e-05, 3.10785e-05
715, 710, 2.7416e-05, 5.75989e-05
715, 711, 4.90586e-05, 1.20287e-05
715, 712, 7.32796e-05, 1.37864e-05
715, 713, 6.79626e-05, 3.27764e-05
715, 714, 1.85711e-05, 3.78879e-05
716, 706, 0.000109915, 5.38527e-05
716, 707, 8.55103e-05, 3.54021e-05
716, 708, 5.96153e-05, 3.17227e-05
716, 709, 6.91442e-05, 3.40099e-05
716, 710, 6.90956e-05, 6.07148e-05
716, 711, 0.000123047, 1.42406e-05
716, 712, 2.55046e-05, 1.47685e-05
716, 713, 4.3474e-05, 3.57278e-05
716, 714, 8.08142e-05, 3.92694e-05
716, 715, 5.92828e-05, 4.5098e-05
717, 708, 1.16167e-05, 2.74402e-05
717, 709, 2.25275e-05, 3.03596e-05
717, 710, 2.38408e-05, 6.23549e-05
717, 711, 8.025e-05, 1.57355e-05
717, 712, 5.74593e-05, 1.11012e-05
717, 713, 4.17486e-05, 3.26667e-05
717, 714, 4.51347e-05, 3.72788e-05
717, 715, 1.71565e-05, 4.51021e-05
717, 716, 4.08345e-05, 5.80332e-05
718, 709, 4.24552e-05, 3.30808e-05
718, 710, 3.76095e-05, 6.03075e-05
718, 711, 2.23208e-05, 1.44658e-05
718, 712, 0.000100343, 1.46282e-05
718, 713, 9.92163e-05, 3.51895e-05
718, 714, 2.90554e-05, 3.88068e-05
718, 715, 5.73356e-05, 4.52929e-05
718, 716, 1.69146e-05, 5.45235e-05
718, 717, 3.67791e-05, 6.0249e-05
719, 710, 5.53179e-05, 5.97033e-05
719, 711, 0.000104219, 1.3983e-05
719, 712, 4.00029e-05, 1.48269e-05
719, 713, 2.50607e-05, 3.44582e-05
719, 714, 7.96348e-05, 4.23244e-05
719, 715, 3.66516e-05, 4.3202e-05
719, 716, 6.95591e-05, 5.69247e-05
719, 717, 5.87234e-05, 6.03801e-05
719, 718, 4.89199e-05, 1.78852e-05
720, 712, 9.83551e-05, 1.37986e-05
720, 713, 5.21418e-05, 3.30702e-05
720, 714, 7.95626e-05, 4.19254e-05
720, 715, 2.97604e-05, 4.45923e-05
720, 716, 5.21781e-05, 5.73174e-05
720, 717, 5.09449e-05, 6.37448e-05
720, 718, 2.81376e-05, 1.7156e-05
720, 719, 8.82556e-05, 1.10381e-05
721, 714, 3.92169e-05, 4.13317e-05
721, 715, 3.83383e-05, 4.30001e-05
721, 716, 4.90872e-05, 5.53072e-05
721, 717, 2.81063e-05, 6.28673e-05
721, 718, 3.77755e-05, 1.72346e-05
721, 719, 5.99358e-05, 1.47104e-05
721, 720, 4.97861e-05, 2.37808e-05
722, 714, 4.91433e-05, 4.03142e-05
722, 715, 1.60767e-05, 4.6147e-05
722, 716, 3.39342e-05, 5.46816e-05
722, 717, 3.23799e-05, 6.05873e-05
722, 718, 1.35216e-05, 1.47953e-05
722, 719, 7.41828e-05, 1.4038e-05
722, 720, 4.15986e-05, 2.1744e-05
722, 721, 4.96731e-05, 6.71189e-05
723, 717, 7.68658e-05, 6.38201e-05
723, 718, 6.95129e-05, 1.77318e-05
723, 719, 1.21741e-05, 1.19046e-05
723, 720, 9.15509e-05, 2.35339e-05
723, 721, 0.000109748, 6.30012e-05
723, 722, 9.01622e-05, 7.62189e-05
724, 715, 4.08743e-05, 4.40198e-05
724, 716, 3.31081e-05, 5.90999e-05
724, 717, 4.87856e-05, 6.07567e-05
724, 718, 2.31242e-05, 1.28552e-05
724, 719, 9.72948e-05, 1.37904e-05
724, 720, 5.48147e-05, 1.93249e-05
724, 721, 3.95461e-05, 6.65624e-05
724, 722, 4.73264e-05, 8.20171e-05
724, 723, 2.03016e-05, 0.000115818
725, 718, 5.60918e-05, 1.51277e-05
725, 719, 8.85937e-05, 1.09046e-05
725, 720, 4.34339e-05, 2.14655e-05
725, 721, 7.20343e-05, 6.80589e-05
725, 722, 3.98904e-05, 7.77983e-05
725, 723, 6.05261e-05, 0.000113837
725, 724, 5.93193e-05, 8.05921e-05
726, 721, 5.67937e-05, 6.55391e-05
726, 722, 7.2202e-05, 7.8899e-05
726, 723, 3.56478e-05, 0.000113634
726, 724, 9.92074e-05, 8.02775e-05
726, 725, 7.31177e-05, 4.06007e-05
727, 721, 7.75196e-05, 6.73542e-05
727, 723, 6.01398e-05, 0.000111288
727, 724, 8.99699e-05, 7.72784e-05
727, 725, 9.26718e-05, 3.67285e-05
727, 726, 9.1606e-05, 5.17729e-05
728, 723, 7.30664e-05, 0.000111011
728, 724, 4.47077e-05, 8.2525e-05
728, 725, 8.85084e-05, 2.9532e-05
728, 726, 6.32871e-05, 5.18319e-05
728, 727, 7.57261e-05, 5.70364e-05
729, 724, 8.03789e-05, 8.42339e-05
729, 725, 2.14219e-05, 3.12071e-05
729, 726, 5.06863e-05, 5.34378e-05
729, 727, 1.25158e-05, 5.78115e-05
729, 728, 6.31665e-05, 1.37258e-05
730, 726, 2.40184e-05, 5.41641e-05
730, 727, 3.74462e-05, 5.82995e-05
730, 728, 7.24243e-05, 1.56252e-05
730, 729, 2.7097e-05, 3.08445e-05
731, 725, 9.58252e-05, 3.57786e-05
731, 726, 6.8482e-05, 5.19951e-05
731, 727, 7.12735e-05, 6.12598e-05
731, 728, 3.31718e-05, 1.24799e-05
731, 729, 6.95474e-05, 3.59462e-05
731, 730, 7.21621e-05, 4.10602e-05
732, 726, 7.62684e-05, 5.32705e-05
732, 727, 5.45075e-05, 5.77464e-05
732, 728, 9.11484e-06, 1.18111e-05
732, 729, 5.10539e-05, 2.8348e-05
732, 730, 6.39644e-05, 4.12411e-05
732, 731, 1.04807e-05, 2.35987e-05
733, 728, 6.72853e-05, 1.41809e-05
733, 729, 6.99904e-05, 3.41792e-05
733, 730, 7.25908e-05, 4.3358e-05
733, 731, 7.28493e-05, 1.93488e-05
733, 732, 6.2841e-05, 4.01068e-05
734, 728, 1.6992e-05, 1.55293e-05
734, 729, 5.02648e-05, 3.07511e-05
734, 730, 5.33054e-05, 3.62157e-05
734, 731, 2.62862e-05, 1.92143e-05
734, 732, 3.35948e-05, 4.49563e-05
734, 733, 4.85594e-05, 0.000113014
735, 732, 2.93478e-05, 4.56179e-05
735, 733, 6.34166e-05, 0.000113029
735, 734, 8.5193e-06, 4.84074e-05
736, 733, 6.65337e-05, 0.000109907
736, 734, 3.99592e-05, 5.10207e-05
736, 735, 2.95068e-05, 9.43029e-05
737, 733, 2.35978e-05, 0.000112017
737, 734, 5.17097e-05, 4.64085e-05
737, 735, 4.63907e-05, 9.41121e-05
737, 736, 8.70692e-05, 4.13969e-05
738, 733, 5.9183e-05, 0.00011296
738, 734, 2.49071e-05, 4.62104e-05
738, 735, 4.01648e-05, 9.5847e-05
738, 736, 5.63789e-05, 4.0801e-05
738, 737, 1.87769e-05, 2.06954e-05
739, 735, 1.02243e-05, 9.61306e-05
739, 736, 9.74075e-05, 4.18781e-05
739, 737, 5.17208e-05, 2.03148e-05
739, 738, 6.67034e-05, 4.81372e-05
740, 735, 1.16744e-05, 9.46495e-05
740, 736, 9.53895e-05, 4.27918e-05
740, 737, 5.19187e-05, 1.729e-05
740, 738, 5.70577e-05, 4.93818e-05
740, 739, 4.05464e-05, 2.01496e-05
741, 734, 5.99963e-05, 4.90992e-05
741, 735, 9.16817e-05, 9.60562e-05
741, 736, 9.27318e-05, 4.0558e-05
741, 737, 7.20032e-05, 2.3057e-05
741, 738, 3.04071e-05, 4.95031e-05
741, 739, 5.33102e-05, 2.40162e-05
741, 740, 6.70614e-05, 6.01216e-05
742, 734, 2.24185e-05, 4.89889e-05
742, 735, 5.24946e-05, 9.60524e-05
742, 736, 6.28933e-05, 3.9505e-05
742, 737, 2.43048e-05, 2.46937e-05
742, 738, 3.53569e-05, 4.6168e-05
742, 739, 4.45196e-05, 1.83876e-05
742, 740, 2.74637e-05, 6.51129e-05
742, 741, 7.33159e-05, 4.29319e-05
