13, 0, 5.25116e-05, 5.27526e-05
18, 0, 5.24241e-05, 5.22415e-05
18, 13, 5.22291e-05, 5.23232e-05
30, 0, 5.24582e-05, 5.25347e-05
30, 13, 5.26204e-05, 5.28319e-05
30, 18, 5.22981e-05, 5.2544e-05
40, 0, 5.21309e-05, 5.18587e-05
40, 13, 5.22081e-05, 5.18975e-05
40, 18, 5.22979e-05, 5.20353e-05
40, 30, 5.20984e-05, 5.1948e-05
48, 0, 5.19885e-05, 5.28047e-05
48, 13, 5.19986e-05, 5.29012e-05
48, 18, 5.22153e-05, 5.28145e-05
48, 30, 5.19847e-05, 5.28375e-05
48, 40, 5.20341e-05, 5.28754e-05
55, 0, 5.24498e-05, 5.20301e-05
55, 13, 5.21771e-05, 5.21475e-05
55, 18, 5.23924e-05, 5.22585e-05
55, 30, 5.23869e-05, 5.21727e-05
55, 40, 5.25246e-05, 5.20866e-05
55, 48, 5.21861e-05, 5.24285e-05
62, 0, 5.19931e-05, 5.29049e-05
62, 13, 5.20794e-05, 5.29236e-05
62, 18, 5.20896e-05, 5.273e-05
62, 30, 5.28778e-05, 5.29727e-05
62, 40, 5.19889e-05, 5.29534e-05
62, 48, 5.19952e-05, 5.29427e-05
62, 55, 5.20528e-05, 5.28539e-05
68, 0, 5.20569e-05, 5.26088e-05
68, 13, 5.1422e-05, 5.25993e-05
68, 18, 5.28367e-05, 5.24961e-05
68, 30, 5.20712e-05, 5.26651e-05
68, 40, 5.20313e-05, 5.26798e-05
68, 48, 5.2302e-05, 5.21067e-05
68, 55, 5.2836e-05, 5.26341e-05
68, 62, 5.21606e-05, 5.26283e-05
74, 0, 5.20079e-05, 5.22108e-05
74, 13, 5.22097e-05, 5.21712e-05
74, 18, 5.2017e-05, 5.22355e-05
74, 30, 5.20078e-05, 5.21987e-05
74, 40, 5.20507e-05, 5.20981e-05
74, 48, 5.22571e-05, 5.22202e-05
74, 55, 5.22248e-05, 5.22508e-05
74, 62, 5.21827e-05, 5.21477e-05
74, 68, 5.20975e-05, 5.21946e-05
75, 0, 5.23592e-05, 5.29711e-05
75, 13, 5.29696e-05, 5.28981e-05
75, 18, 5.25174e-05, 5.29903e-05
75, 30, 5.2362e-05, 5.3e-05
75, 40, 5.24335e-05, 5.30509e-05
75, 48, 5.24206e-05, 5.30277e-05
75, 55, 5.23755e-05, 5.29667e-05
75, 62, 5.25694e-05, 5.29996e-05
75, 68, 5.23553e-05, 5.30571e-05
75, 74, 5.23697e-05, 5.29473e-05
81, 0, 5.24881e-05, 5.16041e-05
81, 13, 5.24978e-05, 5.23129e-05
81, 18, 5.26172e-05, 5.25251e-05
81, 30, 5.25369e-05, 5.16304e-05
81, 40, 5.24807e-05, 5.1669e-05
81, 48, 5.24914e-05, 5.23859e-05
81, 55, 5.25362e-05, 5.23601e-05
81, 62, 5.24792e-05, 5.17204e-05
81, 68, 5.2451e-05, 5.19089e-05
81, 74, 5.24462e-05, 5.23283e-05
81, 75, 5.25462e-05, 5.23328e-05
84, 0, 5.21273e-05, 5.2116e-05
84, 13, 5.23543e-05, 5.22027e-05
84, 18, 5.21419e-05, 5.22085e-05
84, 30, 5.22249e-05, 5.22553e-05
84, 40, 5.25161e-05, 5.21682e-05
84, 48, 5.22215e-05, 5.22455e-05
84, 55, 5.2156e-05, 5.22731e-05
84, 62, 5.22287e-05, 5.20981e-05
84, 68, 5.24498e-05, 5.22537e-05
84, 74, 5.2307e-05, 5.19008e-05
84, 75, 5.2132e-05, 5.21863e-05
84, 81, 5.21829e-05, 5.21183e-05
90, 0, 5.24605e-05, 5.21028e-05
90, 13, 5.2429e-05, 5.23562e-05
90, 18, 5.2202e-05, 5.22821e-05
90, 30, 5.23126e-05, 5.20387e-05
90, 40, 5.25337e-05, 5.21993e-05
90, 48, 5.2326e-05, 5.23269e-05
90, 55, 5.22144e-05, 5.23194e-05
90, 62, 5.22897e-05, 5.2092e-05
90, 68, 5.21452e-05, 5.22397e-05
90, 74, 5.23062e-05, 5.19246e-05
90, 75, 5.22403e-05, 5.2207e-05
90, 81, 5.22357e-05, 5.2174e-05
90, 84, 5.25725e-05, 5.21912e-05
95, 0, 5.21182e-05, 5.22011e-05
95, 13, 5.21805e-05, 5.2241e-05
95, 18, 5.26658e-05, 5.21447e-05
95, 30, 5.21311e-05, 5.21697e-05
95, 40, 5.21297e-05, 5.21208e-05
95, 48, 5.20997e-05, 5.23569e-05
95, 55, 5.22632e-05, 5.22932e-05
95, 62, 5.21284e-05, 5.20976e-05
95, 68, 5.21215e-05, 5.21138e-05
95, 74, 5.2119e-05, 5.21319e-05
95, 75, 5.21322e-05, 5.22638e-05
95, 81, 5.23327e-05, 5.21216e-05
95, 84, 5.21113e-05, 5.21329e-05
95, 90, 5.21922e-05, 5.22233e-05
100, 0, 5.17604e-05, 5.22607e-05
100, 13, 5.23187e-05, 5.21751e-05
100, 18, 5.18578e-05, 5.22743e-05
100, 30, 5.18042e-05, 5.22428e-05
100, 40, 5.17651e-05, 5.22841e-05
100, 48, 5.17631e-05, 5.19506e-05
100, 55, 5.18659e-05, 5.23332e-05
100, 62, 5.1755e-05, 5.22262e-05
100, 68, 5.17487e-05, 5.23721e-05
100, 74, 5.17691e-05, 5.20096e-05
100, 75, 5.17659e-05, 5.18602e-05
100, 81, 5.17607e-05, 5.19795e-05
100, 84, 5.18175e-05, 5.23255e-05
100, 90, 5.19177e-05, 5.22038e-05
100, 95, 5.18302e-05, 5.20965e-05
106, 0, 5.25531e-05, 5.25628e-05
106, 13, 5.24976e-05, 5.25925e-05
106, 18, 5.28997e-05, 5.2618e-05
106, 30, 5.25947e-05, 5.25577e-05
106, 40, 5.25049e-05, 5.25889e-05
106, 48, 5.25519e-05, 5.25e-05
106, 55, 5.27266e-05, 5.25178e-05
106, 62, 5.25972e-05, 5.26094e-05
106, 68, 5.25047e-05, 5.26065e-05
106, 74, 5.27064e-05, 5.23803e-05
106, 75, 5.28219e-05, 5.24477e-05
106, 81, 5.25872e-05, 5.25346e-05
106, 84, 5.24632e-05, 5.26118e-05
106, 90, 5.26442e-05, 5.2522e-05
106, 95, 5.29451e-05, 5.24095e-05
106, 100, 5.27371e-05, 5.25826e-05
114, 0, 5.21105e-05, 5.24574e-05
114, 13, 5.2519e-05, 5.2053e-05
114, 18, 5.24293e-05, 5.25227e-05
114, 30, 5.19969e-05, 5.2017e-05
114, 40, 5.19775e-05, 5.20364e-05
114, 48, 5.20302e-05, 5.2176e-05
114, 55, 5.21884e-05, 5.24034e-05
114, 62, 5.20518e-05, 5.24692e-05
114, 68, 5.21736e-05, 5.25398e-05
114, 74, 5.19892e-05, 5.21292e-05
114, 75, 5.19913e-05, 5.21243e-05
114, 81, 5.20603e-05, 5.19174e-05
114, 84, 5.20543e-05, 5.20878e-05
114, 90, 5.19298e-05, 5.21918e-05
114, 95, 5.19893e-05, 5.21301e-05
114, 100, 5.19903e-05, 5.24089e-05
114, 106, 5.21619e-05, 5.21769e-05
123, 0, 5.24725e-05, 5.202e-05
123, 13, 5.25348e-05, 5.20468e-05
123, 18, 5.25458e-05, 5.19552e-05
123, 30, 5.25125e-05, 5.20317e-05
123, 40, 5.24771e-05, 5.19966e-05
123, 48, 5.2583e-05, 5.23274e-05
123, 55, 5.25846e-05, 5.2044e-05
123, 62, 5.25186e-05, 5.20059e-05
123, 68, 5.2578e-05, 5.19862e-05
123, 74, 5.25151e-05, 5.20466e-05
123, 75, 5.24952e-05, 5.22561e-05
123, 81, 5.25145e-05, 5.19526e-05
123, 84, 5.24898e-05, 5.20417e-05
123, 90, 5.28263e-05, 5.19119e-05
123, 95, 5.24541e-05, 5.20338e-05
123, 100, 5.25002e-05, 5.19522e-05
123, 106, 5.27212e-05, 5.23035e-05
123, 114, 5.24799e-05, 5.2108e-05
127, 0, 5.20842e-05, 5.20708e-05
127, 13, 5.20913e-05, 5.2244e-05
127, 18, 5.21728e-05, 5.21708e-05
127, 30, 5.19906e-05, 5.2021e-05
127, 40, 5.20724e-05, 5.21034e-05
127, 48, 5.20709e-05, 5.22362e-05
127, 55, 5.23173e-05, 5.22483e-05
127, 62, 5.20658e-05, 5.20854e-05
127, 68, 5.22906e-05, 5.20904e-05
127, 74, 5.20721e-05, 5.2028e-05
127, 75, 5.20273e-05, 5.21939e-05
127, 81, 5.20663e-05, 5.21493e-05
127, 84, 5.21737e-05, 5.21575e-05
127, 90, 5.21544e-05, 5.21345e-05
127, 95, 5.19769e-05, 5.21436e-05
127, 100, 5.20696e-05, 5.20551e-05
127, 106, 5.20814e-05, 5.21655e-05
127, 114, 5.20656e-05, 5.20681e-05
127, 123, 5.20979e-05, 5.20698e-05
134, 0, 5.19849e-05, 5.21402e-05
134, 13, 5.19981e-05, 5.22142e-05
134, 18, 5.20868e-05, 5.2095e-05
134, 30, 5.22267e-05, 5.2271e-05
134, 40, 5.1983e-05, 5.21033e-05
134, 48, 5.19944e-05, 5.21953e-05
134, 55, 5.20556e-05, 5.21408e-05
134, 62, 5.19866e-05, 5.20976e-05
134, 68, 5.20012e-05, 5.2207e-05
134, 74, 5.20218e-05, 5.23165e-05
134, 75, 5.2008e-05, 5.22019e-05
134, 81, 5.19859e-05, 5.21467e-05
134, 84, 5.19676e-05, 5.21968e-05
134, 90, 5.19836e-05, 5.21146e-05
134, 95, 5.19647e-05, 5.22556e-05
134, 100, 5.19811e-05, 5.21447e-05
134, 106, 5.20183e-05, 5.21217e-05
134, 114, 5.1966e-05, 5.22799e-05
134, 123, 5.19834e-05, 5.22616e-05
134, 127, 5.1994e-05, 5.20809e-05
139, 0, 5.23119e-05, 5.23623e-05
139, 13, 5.29152e-05, 5.24033e-05
139, 18, 5.26635e-05, 5.24208e-05
139, 30, 5.23125e-05, 5.23507e-05
139, 40, 5.23086e-05, 5.24559e-05
139, 48, 5.25462e-05, 5.25347e-05
139, 55, 5.29144e-05, 5.24399e-05
139, 62, 5.27015e-05, 5.23932e-05
139, 68, 5.25344e-05, 5.25077e-05
139, 74, 5.23134e-05, 5.24406e-05
139, 75, 5.23143e-05, 5.22021e-05
139, 81, 5.25458e-05, 5.23177e-05
139, 84, 5.24961e-05, 5.22999e-05
139, 90, 5.27426e-05, 5.24995e-05
139, 95, 5.23075e-05, 5.22593e-05
139, 100, 5.23023e-05, 5.23677e-05
139, 106, 5.23484e-05, 5.22543e-05
139, 114, 5.23121e-05, 5.24284e-05
139, 123, 5.23025e-05, 5.24432e-05
139, 127, 5.24634e-05, 5.23296e-05
139, 134, 5.22785e-05, 5.23824e-05
145, 0, 5.19079e-05, 5.19765e-05
145, 13, 5.19174e-05, 5.20388e-05
145, 18, 5.2083e-05, 5.19937e-05
145, 30, 5.18916e-05, 5.19612e-05
145, 40, 5.18913e-05, 5.20078e-05
145, 48, 5.19405e-05, 5.24654e-05
145, 55, 5.24198e-05, 5.18768e-05
145, 62, 5.18917e-05, 5.19502e-05
145, 68, 5.18947e-05, 5.21254e-05
145, 74, 5.19782e-05, 5.20447e-05
145, 75, 5.19108e-05, 5.20106e-05
145, 81, 5.19038e-05, 5.18267e-05
145, 84, 5.2499e-05, 5.20075e-05
145, 90, 5.20424e-05, 5.19494e-05
145, 95, 5.19002e-05, 5.20127e-05
145, 100, 5.1975e-05, 5.1948e-05
145, 106, 5.19456e-05, 5.19924e-05
145, 114, 5.19018e-05, 5.18973e-05
145, 123, 5.19776e-05, 5.19058e-05
145, 127, 5.18938e-05, 5.1939e-05
145, 134, 5.18996e-05, 5.18143e-05
145, 139, 5.1882e-05, 5.2116e-05
150, 0, 5.22283e-05, 5.21543e-05
150, 13, 5.22702e-05, 5.21685e-05
150, 18, 5.23691e-05, 5.24351e-05
150, 30, 5.22829e-05, 5.15273e-05
150, 40, 5.22318e-05, 5.2194e-05
150, 48, 5.221e-05, 5.19512e-05
150, 55, 5.22509e-05, 5.21224e-05
150, 62, 5.2235e-05, 5.21349e-05
150, 68, 5.22932e-05, 5.18702e-05
150, 74, 5.22786e-05, 5.18974e-05
150, 75, 5.22501e-05, 5.18977e-05
150, 81, 5.22171e-05, 5.21418e-05
150, 84, 5.22336e-05, 5.22244e-05
150, 90, 5.24229e-05, 5.20881e-05
150, 95, 5.22741e-05, 5.18486e-05
150, 100, 5.22281e-05, 5.21476e-05
150, 106, 5.22202e-05, 5.19442e-05
150, 114, 5.23015e-05, 5.21798e-05
150, 123, 5.22421e-05, 5.21963e-05
150, 127, 5.22105e-05, 5.14868e-05
150, 134, 5.22294e-05, 5.21412e-05
150, 145, 5.22375e-05, 5.23435e-05
151, 0, 5.23025e-05, 5.25048e-05
151, 13, 5.18342e-05, 5.24583e-05
151, 18, 5.2431e-05, 5.25712e-05
151, 30, 5.2708e-05, 5.25603e-05
151, 40, 5.23114e-05, 5.25077e-05
151, 48, 5.27065e-05, 5.29501e-05
151, 55, 5.23295e-05, 5.2484e-05
151, 62, 5.17009e-05, 5.25111e-05
151, 68, 5.26857e-05, 5.31074e-05
151, 74, 5.2333e-05, 5.28917e-05
151, 75, 5.22751e-05, 5.29205e-05
151, 81, 5.27109e-05, 5.24843e-05
151, 84, 5.23741e-05, 5.26371e-05
151, 90, 5.17804e-05, 5.25234e-05
151, 95, 5.22922e-05, 5.29727e-05
151, 100, 5.23066e-05, 5.25268e-05
151, 106, 5.17349e-05, 5.29472e-05
151, 114, 5.23303e-05, 5.29041e-05
151, 123, 5.23073e-05, 5.24914e-05
151, 127, 5.20791e-05, 5.23842e-05
151, 134, 5.23041e-05, 5.24754e-05
151, 139, 5.23069e-05, 5.2354e-05
151, 145, 5.23003e-05, 5.25026e-05
151, 150, 5.23082e-05, 5.25029e-05
157, 0, 5.21885e-05, 5.20272e-05
157, 13, 5.22323e-05, 5.20532e-05
157, 18, 5.26297e-05, 5.22597e-05
157, 30, 5.22131e-05, 5.20733e-05
157, 40, 5.21863e-05, 5.2078e-05
157, 48, 5.21664e-05, 5.20789e-05
157, 55, 5.21896e-05, 5.20245e-05
157, 62, 5.21346e-05, 5.19985e-05
157, 68, 5.26855e-05, 5.22909e-05
157, 74, 5.21448e-05, 5.20091e-05
157, 75, 5.22234e-05, 5.21133e-05
157, 81, 5.21088e-05, 5.19752e-05
157, 84, 5.21805e-05, 5.21696e-05
157, 90, 5.22663e-05, 5.199e-05
157, 95, 5.21554e-05, 5.20661e-05
157, 100, 5.21778e-05, 5.20546e-05
157, 106, 5.2137e-05, 5.21261e-05
157, 114, 5.21325e-05, 5.20733e-05
157, 123, 5.21829e-05, 5.20528e-05
157, 127, 5.21725e-05, 5.22347e-05
157, 134, 5.2189e-05, 5.20741e-05
157, 139, 5.21832e-05, 5.20974e-05
157, 145, 5.2184e-05, 5.16529e-05
157, 150, 5.21845e-05, 5.20431e-05
157, 151, 5.21823e-05, 5.19853e-05
160, 0, 5.24388e-05, 5.1711e-05
160, 13, 5.31209e-05, 5.17059e-05
160, 18, 5.3199e-05, 5.22803e-05
160, 30, 5.24439e-05, 5.2418e-05
160, 40, 5.24275e-05, 5.17491e-05
160, 48, 5.30874e-05, 5.24418e-05
160, 55, 5.35264e-05, 5.30613e-05
160, 62, 5.24274e-05, 5.23826e-05
160, 68, 5.24562e-05, 5.20151e-05
160, 74, 5.24681e-05, 5.23417e-05
160, 75, 5.24315e-05, 5.23689e-05
160, 81, 5.24373e-05, 5.23572e-05
160, 84, 5.31666e-05, 5.17692e-05
160, 90, 5.33983e-05, 5.30364e-05
160, 95, 5.24523e-05, 5.24153e-05
160, 100, 5.24426e-05, 5.2614e-05
160, 106, 5.24184e-05, 5.24919e-05
160, 114, 5.24534e-05, 5.23189e-05
160, 123, 5.24447e-05, 5.2411e-05
160, 127, 5.30742e-05, 5.19681e-05
160, 134, 5.24261e-05, 5.17004e-05
160, 139, 5.30843e-05, 5.24069e-05
160, 145, 5.24334e-05, 5.22687e-05
160, 150, 5.24375e-05, 5.17597e-05
160, 151, 5.24415e-05, 5.23427e-05
160, 157, 5.24421e-05, 5.23752e-05
161, 0, 5.17695e-05, 5.26439e-05
161, 13, 5.1811e-05, 5.26262e-05
161, 18, 5.19338e-05, 5.19872e-05
161, 30, 5.21026e-05, 5.27159e-05
161, 40, 5.17865e-05, 5.26671e-05
161, 48, 5.1768e-05, 5.20741e-05
161, 55, 5.1953e-05, 5.26467e-05
161, 62, 5.17745e-05, 5.26399e-05
161, 68, 5.18984e-05, 5.20678e-05
161, 74, 5.20462e-05, 5.22879e-05
161, 75, 5.17638e-05, 5.20003e-05
161, 81, 5.17722e-05, 5.25928e-05
161, 84, 5.18794e-05, 5.26989e-05
161, 90, 5.18177e-05, 5.2222e-05
161, 95, 5.21172e-05, 5.23448e-05
161, 100, 5.17602e-05, 5.26733e-05
161, 106, 5.17674e-05, 5.20121e-05
161, 114, 5.18129e-05, 5.2331e-05
161, 123, 5.17589e-05, 5.23298e-05
161, 127, 5.17573e-05, 5.26344e-05
161, 134, 5.17911e-05, 5.26462e-05
161, 139, 5.1761e-05, 5.20915e-05
161, 145, 5.17717e-05, 5.2667e-05
161, 150, 5.17918e-05, 5.26114e-05
161, 151, 5.17942e-05, 5.23099e-05
161, 157, 5.17709e-05, 5.23194e-05
161, 160, 5.17882e-05, 5.26168e-05
162, 0, 5.20819e-05, 5.21994e-05
162, 13, 5.21074e-05, 5.22616e-05
162, 18, 5.22421e-05, 5.16112e-05
162, 30, 5.21166e-05, 5.15852e-05
162, 40, 5.20817e-05, 5.22189e-05
162, 48, 5.20899e-05, 5.28286e-05
162, 55, 5.21592e-05, 5.21822e-05
162, 62, 5.20775e-05, 5.16077e-05
162, 68, 5.22673e-05, 5.16941e-05
162, 74, 5.21263e-05, 5.27701e-05
162, 75, 5.21911e-05, 5.2762e-05
162, 81, 5.20763e-05, 5.21883e-05
162, 84, 5.21811e-05, 5.22648e-05
162, 90, 5.21053e-05, 5.22099e-05
162, 95, 5.20865e-05, 5.27832e-05
162, 100, 5.22301e-05, 5.16288e-05
162, 106, 5.20836e-05, 5.28502e-05
162, 123, 5.22656e-05, 5.28106e-05
162, 127, 5.20989e-05, 5.16457e-05
162, 134, 5.20849e-05, 5.22009e-05
162, 139, 5.23764e-05, 5.24276e-05
162, 145, 5.20769e-05, 5.16283e-05
162, 150, 5.20851e-05, 5.16466e-05
162, 151, 5.20814e-05, 5.27714e-05
162, 157, 5.20799e-05, 5.274e-05
162, 160, 5.20808e-05, 5.21831e-05
162, 161, 5.20784e-05, 5.22216e-05
163, 0, 5.23051e-05, 5.21663e-05
163, 13, 5.23431e-05, 5.22369e-05
163, 18, 5.23616e-05, 5.21863e-05
163, 40, 5.2273e-05, 5.22436e-05
163, 48, 5.22867e-05, 5.23178e-05
163, 55, 5.2291e-05, 5.22589e-05
163, 62, 5.22924e-05, 5.26932e-05
163, 68, 5.22962e-05, 5.22884e-05
163, 74, 5.23776e-05, 5.21266e-05
163, 75, 5.24391e-05, 5.23513e-05
163, 81, 5.22813e-05, 5.2206e-05
163, 84, 5.24639e-05, 5.22752e-05
163, 90, 5.22861e-05, 5.21926e-05
163, 95, 5.22965e-05, 5.23004e-05
163, 100, 5.23943e-05, 5.27263e-05
163, 106, 5.22784e-05, 5.23108e-05
163, 123, 5.2304e-05, 5.22852e-05
163, 127, 5.22656e-05, 5.21534e-05
163, 134, 5.23052e-05, 5.21846e-05
163, 139, 5.23143e-05, 5.23099e-05
163, 145, 5.22875e-05, 5.21647e-05
163, 150, 5.22669e-05, 5.21634e-05
163, 151, 5.23236e-05, 5.2259e-05
163, 157, 5.23859e-05, 5.22366e-05
163, 160, 5.23181e-05, 5.27197e-05
163, 161, 5.2288e-05, 5.21978e-05
163, 162, 5.22974e-05, 5.22737e-05
164, 0, 5.20325e-05, 5.19448e-05
164, 13, 5.21671e-05, 5.19902e-05
164, 18, 5.20616e-05, 5.19591e-05
164, 40, 5.23112e-05, 5.19693e-05
164, 48, 5.21193e-05, 5.16194e-05
164, 55, 5.20207e-05, 5.19691e-05
164, 62, 5.20271e-05, 5.19648e-05
164, 68, 5.21768e-05, 5.19644e-05
164, 74, 5.21136e-05, 5.19786e-05
164, 75, 5.21192e-05, 5.15581e-05
164, 81, 5.20446e-05, 5.18733e-05
164, 84, 5.2301e-05, 5.20068e-05
164, 90, 5.20243e-05, 5.18755e-05
164, 95, 5.24503e-05, 5.19407e-05
164, 100, 5.19586e-05, 5.1926e-05
164, 106, 5.20371e-05, 5.12557e-05
164, 123, 5.20328e-05, 5.20485e-05
164, 127, 5.20496e-05, 5.20664e-05
164, 134, 5.23784e-05, 5.19601e-05
164, 139, 5.21093e-05, 5.12905e-05
164, 145, 5.23184e-05, 5.19829e-05
164, 150, 5.20178e-05, 5.18509e-05
164, 151, 5.21391e-05, 5.19814e-05
164, 157, 5.20283e-05, 5.20232e-05
164, 160, 5.20372e-05, 5.19116e-05
164, 161, 5.2016e-05, 5.19945e-05
164, 162, 5.20246e-05, 5.19775e-05
164, 163, 5.20449e-05, 5.19814e-05
166, 0, 5.28891e-05, 5.26157e-05
166, 13, 5.2173e-05, 5.24662e-05
166, 18, 5.28066e-05, 5.26682e-05
166, 40, 5.23329e-05, 5.24495e-05
166, 48, 5.238e-05, 5.24641e-05
166, 55, 5.25965e-05, 5.24577e-05
166, 62, 5.24888e-05, 5.24201e-05
166, 68, 5.30337e-05, 5.2743e-05
166, 74, 5.2263e-05, 5.24866e-05
166, 75, 5.32903e-05, 5.25223e-05
166, 81, 5.24528e-05, 5.23573e-05
166, 84, 5.21712e-05, 5.24861e-05
166, 90, 5.24029e-05, 5.26566e-05
166, 95, 5.2414e-05, 5.24276e-05
166, 100, 5.25136e-05, 5.2669e-05
166, 106, 5.24155e-05, 5.24684e-05
166, 123, 5.2977e-05, 5.25172e-05
166, 127, 5.2342e-05, 5.26464e-05
166, 134, 5.25198e-05, 5.2675e-05
166, 139, 5.24908e-05, 5.25323e-05
166, 145, 5.33545e-05, 5.26774e-05
166, 150, 5.23594e-05, 5.24117e-05
166, 151, 5.25926e-05, 5.23911e-05
166, 157, 5.28958e-05, 5.23952e-05
166, 160, 5.26698e-05, 5.23963e-05
166, 161, 5.26005e-05, 5.2386e-05
166, 162, 5.23369e-05, 5.24472e-05
166, 163, 5.23303e-05, 5.27048e-05
166, 164, 5.2639e-05, 5.24285e-05
168, 0, 5.27272e-05, 5.19227e-05
168, 13, 5.1845e-05, 5.19193e-05
168, 18, 5.21639e-05, 5.18605e-05
168, 40, 5.22347e-05, 5.19629e-05
168, 48, 5.1825e-05, 5.19755e-05
168, 55, 5.19232e-05, 5.18691e-05
168, 62, 5.23111e-05, 5.18261e-05
168, 75, 5.19628e-05, 5.18221e-05
168, 81, 5.19888e-05, 5.18405e-05
168, 84, 5.18052e-05, 5.19633e-05
168, 90, 5.18857e-05, 5.18563e-05
168, 95, 5.21602e-05, 5.19415e-05
168, 100, 5.18834e-05, 5.17493e-05
168, 106, 5.19079e-05, 5.14946e-05
168, 123, 5.18343e-05, 5.18442e-05
168, 127, 5.21794e-05, 5.18994e-05
168, 134, 5.18278e-05, 5.19004e-05
168, 139, 5.19326e-05, 5.24133e-05
168, 145, 5.18329e-05, 5.19033e-05
168, 150, 5.22579e-05, 5.19767e-05
168, 160, 5.18583e-05, 5.18518e-05
168, 161, 5.19117e-05, 5.19177e-05
168, 162, 5.18275e-05, 5.1936e-05
168, 163, 5.1876e-05, 5.19e-05
168, 164, 5.18665e-05, 5.1899e-05
168, 166, 5.22243e-05, 5.13328e-05
170, 13, 5.19676e-05, 5.25725e-05
170, 18, 5.23021e-05, 5.29286e-05
170, 55, 5.20311e-05, 5.27527e-05
170, 62, 5.23155e-05, 5.27341e-05
170, 81, 5.25186e-05, 5.26386e-05
170, 90, 5.19754e-05, 5.25404e-05
170, 106, 5.23723e-05, 5.26135e-05
170, 134, 5.22314e-05, 5.2896e-05
170, 161, 5.22667e-05, 5.25445e-05
170, 162, 5.22627e-05, 5.28246e-05
170, 163, 5.20194e-05, 5.30287e-05
170, 164, 5.20334e-05, 5.27207e-05
170, 166, 5.23626e-05, 5.25499e-05
170, 168, 5.20909e-05, 5.26423e-05
171, 13, 5.5486e-05, 5.20766e-05
171, 55, 5.40502e-05, 5.21538e-05
171, 90, 5.42675e-05, 5.21145e-05
171, 106, 5.36204e-05, 5.20182e-05
171, 163, 5.4173e-05, 5.21746e-05
171, 164, 5.33515e-05, 5.21955e-05
171, 166, 5.50052e-05, 5.25318e-05
171, 168, 5.28192e-05, 5.22263e-05
171, 170, 5.4028e-05, 5.21671e-05
172, 55, 5.30475e-05, 5.23643e-05
172, 90, 5.29436e-05, 5.22939e-05
172, 164, 5.27116e-05, 5.23818e-05
172, 166, 5.36065e-05, 5.19958e-05
172, 168, 5.24757e-05, 5.17307e-05
172, 170, 5.27055e-05, 5.22906e-05
172, 171, 5.25085e-05, 5.22552e-05
173, 55, 5.30623e-05, 5.21662e-05
173, 166, 5.50495e-05, 5.21681e-05
173, 168, 5.23193e-05, 5.22945e-05
173, 170, 5.31688e-05, 5.22889e-05
173, 171, 5.22386e-05, 5.24286e-05
173, 172, 5.25353e-05, 5.24571e-05
174, 168, 5.37642e-05, 5.20967e-05
174, 170, 5.52272e-05, 5.20933e-05
174, 171, 5.3771e-05, 5.23962e-05
174, 172, 5.24069e-05, 5.24633e-05
174, 173, 5.23373e-05, 5.21444e-05
175, 168, 5.35468e-05, 5.23165e-05
175, 170, 5.5227e-05, 5.22581e-05
175, 171, 5.3558e-05, 5.23792e-05
175, 172, 5.29576e-05, 5.2392e-05
175, 173, 5.24934e-05, 5.22108e-05
175, 174, 5.31556e-05, 5.16261e-05
176, 168, 5.3744e-05, 5.21947e-05
176, 170, 5.56417e-05, 5.21847e-05
176, 171, 5.42762e-05, 5.2335e-05
176, 172, 5.30062e-05, 5.24982e-05
176, 173, 5.29215e-05, 5.22232e-05
176, 174, 5.2734e-05, 5.13271e-05
176, 175, 5.27438e-05, 5.20602e-05
177, 168, 5.31135e-05, 5.2995e-05
177, 170, 5.50152e-05, 5.27964e-05
177, 171, 5.36298e-05, 5.27917e-05
177, 172, 5.30858e-05, 5.31475e-05
177, 173, 5.29132e-05, 5.28848e-05
177, 174, 5.32691e-05, 5.24073e-05
177, 175, 5.28411e-05, 5.31606e-05
177, 176, 5.28463e-05, 5.28297e-05
178, 171, 5.68201e-05, 5.21082e-05
178, 172, 5.47897e-05, 5.24667e-05
178, 173, 5.47974e-05, 5.23299e-05
178, 174, 5.36005e-05, 5.19003e-05
178, 175, 5.44922e-05, 5.18078e-05
178, 176, 5.37398e-05, 5.2484e-05
178, 177, 5.41936e-05, 5.24615e-05
179, 171, 5.8434e-05, 5.25242e-05
179, 172, 5.55139e-05, 5.2225e-05
179, 173, 5.57557e-05, 5.21878e-05
179, 174, 5.40944e-05, 5.15786e-05
179, 175, 5.52942e-05, 5.23198e-05
179, 176, 5.46241e-05, 5.2526e-05
179, 177, 5.46243e-05, 5.21076e-05
179, 178, 5.32873e-05, 5.26292e-05
180, 171, 5.77066e-05, 5.2839e-05
180, 172, 5.5191e-05, 5.24845e-05
180, 173, 5.53617e-05, 5.30236e-05
180, 174, 5.38633e-05, 5.16391e-05
180, 175, 5.47544e-05, 5.20929e-05
180, 176, 5.42169e-05, 5.281e-05
180, 177, 5.45391e-05, 5.30949e-05
180, 178, 5.30253e-05, 5.27989e-05
180, 179, 5.2678e-05, 5.27323e-05
181, 174, 5.32309e-05, 5.20169e-05
181, 175, 5.42321e-05, 5.24361e-05
181, 176, 5.36782e-05, 5.32891e-05
181, 177, 5.39319e-05, 5.32863e-05
181, 178, 5.28154e-05, 5.3274e-05
181, 179, 5.26173e-05, 5.27035e-05
181, 180, 5.26235e-05, 5.23768e-05
182, 177, 5.74672e-05, 5.33249e-05
182, 178, 5.38896e-05, 5.25727e-05
182, 179, 5.22312e-05, 5.31913e-05
182, 180, 5.2216e-05, 5.26839e-05
182, 181, 5.21623e-05, 5.31486e-05
183, 178, 5.35616e-05, 5.25057e-05
183, 179, 5.24412e-05, 5.23783e-05
183, 180, 5.24437e-05, 5.25209e-05
183, 181, 5.25528e-05, 5.23948e-05
183, 182, 5.25469e-05, 5.24852e-05
184, 178, 5.51823e-05, 5.31647e-05
184, 179, 5.27022e-05, 5.27022e-05
184, 180, 5.27323e-05, 5.24145e-05
184, 181, 5.23863e-05, 5.26946e-05
184, 182, 5.31789e-05, 5.26456e-05
184, 183, 5.22461e-05, 5.25785e-05
185, 179, 5.36684e-05, 5.26849e-05
185, 180, 5.34437e-05, 5.24014e-05
185, 181, 5.33155e-05, 5.26289e-05
185, 182, 5.4436e-05, 5.27276e-05
185, 183, 5.26354e-05, 5.25921e-05
185, 184, 5.29436e-05, 5.24608e-05
186, 179, 5.34508e-05, 5.27185e-05
186, 180, 5.3482e-05, 5.26151e-05
186, 181, 5.2989e-05, 5.30824e-05
186, 182, 5.4258e-05, 5.33084e-05
186, 183, 5.22083e-05, 5.28171e-05
186, 184, 5.25123e-05, 5.26548e-05
186, 185, 5.1854e-05, 5.32351e-05
188, 179, 5.31523e-05, 5.22541e-05
188, 180, 5.27733e-05, 5.16664e-05
188, 181, 5.28671e-05, 5.19778e-05
188, 182, 5.34913e-05, 5.26693e-05
188, 183, 5.274e-05, 5.19253e-05
188, 184, 5.25952e-05, 5.23238e-05
188, 185, 5.29187e-05, 5.30526e-05
188, 186, 5.25435e-05, 5.24346e-05
189, 179, 5.23318e-05, 5.23317e-05
189, 180, 5.25868e-05, 5.24408e-05
189, 181, 5.26075e-05, 5.27822e-05
189, 182, 5.3076e-05, 5.26433e-05
189, 183, 5.24372e-05, 5.26585e-05
189, 184, 5.24302e-05, 5.25253e-05
189, 185, 5.26443e-05, 5.32106e-05
189, 186, 5.22605e-05, 5.26017e-05
189, 188, 5.2497e-05, 5.25088e-05
190, 179, 5.40405e-05, 5.27692e-05
190, 180, 5.37046e-05, 5.23862e-05
190, 181, 5.33032e-05, 5.31676e-05
190, 182, 5.44677e-05, 5.32171e-05
190, 183, 5.21948e-05, 5.3056e-05
190, 184, 5.28217e-05, 5.26095e-05
190, 185, 5.18431e-05, 5.26568e-05
190, 186, 5.21623e-05, 5.22119e-05
190, 188, 5.18258e-05, 5.19353e-05
190, 189, 5.1878e-05, 5.24572e-05
191, 179, 5.36277e-05, 5.30317e-05
191, 180, 5.32671e-05, 5.22487e-05
191, 181, 5.3194e-05, 5.27061e-05
191, 182, 5.44235e-05, 5.19355e-05
191, 183, 5.2073e-05, 5.2571e-05
191, 184, 5.28608e-05, 5.15569e-05
191, 185, 5.1803e-05, 5.21533e-05
191, 186, 5.19812e-05, 5.17587e-05
191, 188, 5.17055e-05, 5.14762e-05
191, 189, 5.17534e-05, 5.14628e-05
191, 190, 5.20744e-05, 5.19386e-05
192, 180, 5.33743e-05, 5.20364e-05
192, 181, 5.27614e-05, 5.31371e-05
192, 182, 5.33557e-05, 5.3163e-05
192, 183, 5.32882e-05, 5.20711e-05
192, 184, 5.29356e-05, 5.25524e-05
192, 185, 5.34751e-05, 5.27947e-05
192, 186, 5.30808e-05, 5.28156e-05
192, 188, 5.32296e-05, 5.25959e-05
192, 189, 5.32177e-05, 5.23947e-05
192, 190, 5.32397e-05, 5.2921e-05
192, 191, 5.32232e-05, 5.19916e-05
195, 184, 5.54982e-05, 5.22173e-05
195, 185, 5.26206e-05, 5.29676e-05
195, 186, 5.36461e-05, 5.25365e-05
195, 188, 5.27152e-05, 5.23819e-05
195, 189, 5.30629e-05, 5.2196e-05
195, 190, 5.30748e-05, 5.27208e-05
195, 191, 5.30551e-05, 5.24534e-05
195, 192, 5.29826e-05, 5.32363e-05
196, 184, 5.24538e-05, 5.1103e-05
196, 185, 5.15069e-05, 5.1942e-05
196, 186, 5.19353e-05, 5.12404e-05
196, 188, 5.17033e-05, 5.12664e-05
196, 189, 5.17556e-05, 5.11357e-05
196, 190, 5.17739e-05, 5.16998e-05
196, 191, 5.17562e-05, 5.12813e-05
196, 192, 5.15496e-05, 5.21161e-05
196, 195, 5.16652e-05, 5.18995e-05
198, 184, 5.38937e-05, 5.1566e-05
198, 185, 5.22719e-05, 5.20979e-05
198, 186, 5.26745e-05, 5.16211e-05
198, 188, 5.22484e-05, 5.16441e-05
198, 189, 5.29547e-05, 5.13421e-05
198, 190, 5.26275e-05, 5.19721e-05
198, 191, 5.24351e-05, 5.16789e-05
198, 192, 5.2315e-05, 5.22929e-05
198, 195, 5.22095e-05, 5.21171e-05
198, 196, 5.273e-05, 5.26118e-05
199, 184, 5.45053e-05, 5.2259e-05
199, 185, 5.26803e-05, 5.29058e-05
199, 186, 5.33894e-05, 5.25298e-05
199, 188, 5.30963e-05, 5.23208e-05
199, 189, 5.27431e-05, 5.20989e-05
199, 190, 5.39394e-05, 5.27354e-05
199, 191, 5.26844e-05, 5.25108e-05
199, 192, 5.26082e-05, 5.22138e-05
199, 195, 5.25141e-05, 5.23667e-05
199, 196, 5.24472e-05, 5.32906e-05
199, 198, 5.24853e-05, 5.22404e-05
201, 185, 5.37665e-05, 5.2727e-05
201, 188, 5.45005e-05, 5.21099e-05
201, 189, 5.42637e-05, 5.18712e-05
201, 190, 5.50449e-05, 5.26001e-05
201, 191, 5.4241e-05, 5.20733e-05
201, 192, 5.41615e-05, 5.28251e-05
201, 195, 5.35883e-05, 5.18959e-05
201, 196, 5.42298e-05, 5.31292e-05
201, 198, 5.36347e-05, 5.1993e-05
201, 199, 5.31842e-05, 5.2573e-05
203, 188, 5.25835e-05, 5.18639e-05
203, 189, 5.28109e-05, 5.19415e-05
203, 190, 5.27502e-05, 5.25897e-05
203, 191, 5.32951e-05, 5.21628e-05
203, 192, 5.34715e-05, 5.23157e-05
203, 195, 5.25546e-05, 5.23412e-05
203, 196, 5.27234e-05, 5.26109e-05
203, 198, 5.23425e-05, 5.20409e-05
203, 199, 5.30545e-05, 5.31885e-05
203, 201, 5.24549e-05, 5.28471e-05
204, 188, 5.30307e-05, 5.20838e-05
204, 189, 5.34458e-05, 5.19818e-05
204, 190, 5.3678e-05, 5.25936e-05
204, 191, 5.32807e-05, 5.21048e-05
204, 192, 5.36332e-05, 5.22548e-05
204, 195, 5.28794e-05, 5.23305e-05
204, 196, 5.42255e-05, 5.28479e-05
204, 198, 5.27388e-05, 5.22594e-05
204, 199, 5.29732e-05, 5.30196e-05
204, 201, 5.27434e-05, 5.29453e-05
204, 203, 5.2649e-05, 5.24001e-05
205, 189, 5.30112e-05, 5.1854e-05
205, 190, 5.41239e-05, 5.2567e-05
205, 191, 5.31286e-05, 5.22598e-05
205, 192, 5.3039e-05, 5.2278e-05
205, 195, 5.2265e-05, 5.21942e-05
205, 196, 5.26557e-05, 5.28259e-05
205, 198, 5.24099e-05, 5.22681e-05
205, 199, 5.24227e-05, 5.27992e-05
205, 201, 5.17758e-05, 5.28012e-05
205, 203, 5.21025e-05, 5.23164e-05
205, 204, 5.17986e-05, 5.25136e-05
206, 190, 5.61875e-05, 5.24072e-05
206, 191, 5.59244e-05, 5.23046e-05
206, 192, 5.50046e-05, 5.22858e-05
206, 195, 5.40251e-05, 5.21047e-05
206, 196, 5.43818e-05, 5.26909e-05
206, 198, 5.4018e-05, 5.22742e-05
206, 199, 5.31806e-05, 5.31724e-05
206, 201, 5.29969e-05, 5.29504e-05
206, 203, 5.34615e-05, 5.24681e-05
206, 204, 5.25902e-05, 5.25423e-05
206, 205, 5.23932e-05, 5.32534e-05
207, 190, 5.56716e-05, 5.2481e-05
207, 191, 5.52665e-05, 5.22336e-05
207, 192, 5.5894e-05, 5.26987e-05
207, 195, 5.38768e-05, 5.22567e-05
207, 196, 5.4835e-05, 5.28592e-05
207, 198, 5.36772e-05, 5.21607e-05
207, 199, 5.41666e-05, 5.31761e-05
207, 201, 5.29858e-05, 5.28901e-05
207, 203, 5.34739e-05, 5.23187e-05
207, 204, 5.28144e-05, 5.23535e-05
207, 205, 5.28489e-05, 5.31053e-05
207, 206, 5.37192e-05, 5.29438e-05
209, 192, 5.28369e-05, 5.26547e-05
209, 195, 5.26855e-05, 5.24458e-05
209, 196, 5.30561e-05, 5.26421e-05
209, 198, 5.23327e-05, 5.23609e-05
209, 199, 5.20341e-05, 5.29425e-05
209, 201, 5.20613e-05, 5.25432e-05
209, 203, 5.20871e-05, 5.25534e-05
209, 204, 5.24393e-05, 5.2526e-05
209, 205, 5.27167e-05, 5.34115e-05
209, 206, 5.20361e-05, 5.29988e-05
209, 207, 5.23726e-05, 5.25606e-05
210, 195, 5.37242e-05, 5.23702e-05
210, 198, 5.38176e-05, 5.21246e-05
210, 199, 5.27736e-05, 5.28593e-05
210, 201, 5.22286e-05, 5.26098e-05
210, 203, 5.27022e-05, 5.24611e-05
210, 204, 5.1807e-05, 5.24136e-05
210, 205, 5.16306e-05, 5.28403e-05
210, 206, 5.28915e-05, 5.27344e-05
210, 207, 5.18182e-05, 5.22484e-05
210, 209, 5.22397e-05, 5.29014e-05
211, 195, 5.47433e-05, 5.21639e-05
211, 198, 5.45971e-05, 5.18309e-05
211, 199, 5.31395e-05, 5.28159e-05
211, 201, 5.2869e-05, 5.29394e-05
211, 203, 5.36128e-05, 5.22707e-05
211, 204, 5.23496e-05, 5.23179e-05
211, 205, 5.21524e-05, 5.3043e-05
211, 206, 5.39841e-05, 5.26829e-05
211, 207, 5.24833e-05, 5.26717e-05
211, 209, 5.32103e-05, 5.27608e-05
211, 210, 5.18806e-05, 5.21478e-05
212, 198, 5.54843e-05, 5.20062e-05
212, 199, 5.5062e-05, 5.29566e-05
212, 201, 5.38598e-05, 5.27868e-05
212, 203, 5.4526e-05, 5.24277e-05
212, 204, 5.32697e-05, 5.23431e-05
212, 205, 5.24343e-05, 5.28139e-05
212, 206, 5.51319e-05, 5.26114e-05
212, 207, 5.27969e-05, 5.25406e-05
212, 209, 5.35753e-05, 5.2989e-05
212, 210, 5.22758e-05, 5.18444e-05
212, 211, 5.25154e-05, 5.39897e-05
213, 199, 5.502e-05, 5.32538e-05
213, 201, 5.49725e-05, 5.23967e-05
213, 203, 5.57582e-05, 5.20876e-05
213, 204, 5.33199e-05, 5.23254e-05
213, 205, 5.30384e-05, 5.29459e-05
213, 206, 5.56084e-05, 5.25514e-05
213, 207, 5.25194e-05, 5.22177e-05
213, 209, 5.39242e-05, 5.2736e-05
213, 210, 5.21076e-05, 5.23017e-05
213, 211, 5.23088e-05, 5.39091e-05
213, 212, 5.23211e-05, 5.26843e-05
214, 203, 5.61058e-05, 5.22447e-05
214, 204, 5.39345e-05, 5.23069e-05
214, 205, 5.32728e-05, 5.28248e-05
214, 206, 5.65223e-05, 5.2673e-05
214, 207, 5.4573e-05, 5.23577e-05
214, 209, 5.48934e-05, 5.2728e-05
214, 210, 5.28591e-05, 5.2377e-05
214, 211, 5.33083e-05, 5.36586e-05
214, 212, 5.31848e-05, 5.31092e-05
214, 213, 5.31062e-05, 5.17743e-05
215, 205, 5.48366e-05, 5.26971e-05
215, 206, 5.83449e-05, 5.25831e-05
215, 207, 5.48543e-05, 5.20776e-05
215, 209, 5.63873e-05, 5.31059e-05
215, 210, 5.49463e-05, 5.20447e-05
215, 211, 5.45392e-05, 5.33195e-05
215, 212, 5.44551e-05, 5.31584e-05
215, 213, 5.23118e-05, 5.16259e-05
215, 214, 5.21423e-05, 5.24882e-05
216, 207, 5.44567e-05, 5.23807e-05
216, 209, 5.58382e-05, 5.26986e-05
216, 210, 5.37428e-05, 5.21402e-05
216, 211, 5.41217e-05, 5.38523e-05
216, 212, 5.40617e-05, 5.30844e-05
216, 213, 5.2981e-05, 5.19597e-05
216, 214, 5.27845e-05, 5.21637e-05
216, 215, 5.2789e-05, 5.23874e-05
217, 209, 5.83713e-05, 5.25347e-05
217, 210, 5.50504e-05, 5.26856e-05
217, 211, 5.55661e-05, 5.38561e-05
217, 212, 5.62414e-05, 5.33102e-05
217, 213, 5.43922e-05, 5.17281e-05
217, 214, 5.38304e-05, 5.22554e-05
217, 215, 5.36298e-05, 5.23478e-05
217, 216, 5.34043e-05, 5.41746e-05
219, 210, 5.602e-05, 5.2464e-05
219, 211, 5.59432e-05, 5.36307e-05
219, 212, 5.55821e-05, 5.24931e-05
219, 213, 5.3945e-05, 5.15e-05
219, 214, 5.35297e-05, 5.17593e-05
219, 215, 5.32639e-05, 5.14051e-05
219, 216, 5.30528e-05, 5.42086e-05
219, 217, 5.32283e-05, 5.19264e-05
220, 210, 5.45182e-05, 5.18441e-05
220, 211, 5.55777e-05, 5.24125e-05
220, 212, 5.49763e-05, 5.26847e-05
220, 213, 5.25546e-05, 5.19323e-05
220, 214, 5.30906e-05, 5.21479e-05
220, 215, 5.21857e-05, 5.1505e-05
220, 216, 5.1628e-05, 5.39697e-05
220, 217, 5.12561e-05, 5.16444e-05
220, 219, 5.18061e-05, 5.31699e-05
221, 210, 5.57671e-05, 5.18961e-05
221, 211, 5.62715e-05, 5.34732e-05
221, 212, 5.60324e-05, 5.30348e-05
221, 213, 5.49985e-05, 5.16251e-05
221, 214, 5.41808e-05, 5.20097e-05
221, 215, 5.40035e-05, 5.21905e-05
221, 216, 5.27332e-05, 5.38215e-05
221, 217, 5.20552e-05, 5.20352e-05
221, 219, 5.28058e-05, 5.40392e-05
221, 220, 5.18821e-05, 5.09095e-05
222, 212, 5.84779e-05, 5.28881e-05
222, 213, 5.53858e-05, 5.12813e-05
222, 214, 5.51114e-05, 5.20652e-05
222, 215, 5.41841e-05, 5.21778e-05
222, 216, 5.34447e-05, 5.3967e-05
222, 217, 5.2448e-05, 5.20542e-05
222, 219, 5.32427e-05, 5.38901e-05
222, 220, 5.28428e-05, 5.12545e-05
222, 221, 5.26174e-05, 5.17691e-05
223, 213, 5.40168e-05, 5.14038e-05
223, 214, 5.43855e-05, 5.20533e-05
223, 215, 5.41076e-05, 5.19945e-05
223, 216, 5.28164e-05, 5.39211e-05
223, 217, 5.22569e-05, 5.17046e-05
223, 219, 5.2887e-05, 5.40131e-05
223, 220, 5.25783e-05, 5.09974e-05
223, 221, 5.23136e-05, 5.14592e-05
223, 222, 5.24954e-05, 5.17969e-05
224, 213, 5.61706e-05, 5.15243e-05
224, 214, 5.53366e-05, 5.23233e-05
224, 215, 5.48918e-05, 5.237e-05
224, 216, 5.28717e-05, 5.41016e-05
224, 217, 5.24441e-05, 5.19919e-05
224, 219, 5.32186e-05, 5.3824e-05
224, 220, 5.25842e-05, 5.07104e-05
224, 221, 5.24469e-05, 5.17103e-05
224, 222, 5.2178e-05, 5.1783e-05
224, 223, 5.22948e-05, 5.25825e-05
225, 215, 5.6037e-05, 5.22356e-05
225, 216, 5.42163e-05, 5.40597e-05
225, 217, 5.31706e-05, 5.18343e-05
225, 219, 5.35544e-05, 5.36524e-05
225, 220, 5.41597e-05, 5.11593e-05
225, 221, 5.30068e-05, 5.16922e-05
225, 222, 5.32309e-05, 5.24409e-05
225, 223, 5.25884e-05, 5.29533e-05
225, 224, 5.22395e-05, 5.27154e-05
226, 216, 5.2338e-05, 5.41455e-05
226, 217, 5.16694e-05, 5.2182e-05
226, 219, 5.19604e-05, 5.37728e-05
226, 220, 5.21223e-05, 5.11872e-05
226, 221, 5.18315e-05, 5.15316e-05
226, 222, 5.13215e-05, 5.18561e-05
226, 223, 5.09979e-05, 5.26869e-05
226, 224, 5.10051e-05, 5.26814e-05
226, 225, 5.11022e-05, 5.27229e-05
227, 216, 5.65404e-05, 5.40396e-05
227, 217, 5.36828e-05, 5.20524e-05
227, 219, 5.53116e-05, 5.37608e-05
227, 220, 5.46583e-05, 5.07439e-05
227, 221, 5.37261e-05, 5.14828e-05
227, 222, 5.31161e-05, 5.23927e-05
227, 223, 5.21935e-05, 5.24457e-05
227, 224, 5.24627e-05, 5.20238e-05
227, 225, 5.2084e-05, 5.30287e-05
227, 226, 5.20116e-05, 5.26905e-05
228, 217, 5.23883e-05, 5.1899e-05
228, 219, 5.25049e-05, 5.368e-05
228, 220, 5.33462e-05, 5.07298e-05
228, 221, 5.23546e-05, 5.20023e-05
228, 222, 5.28353e-05, 5.15679e-05
228, 223, 5.25043e-05, 5.27072e-05
228, 224, 5.19799e-05, 5.30276e-05
228, 225, 5.2099e-05, 5.32304e-05
228, 226, 5.22776e-05, 5.25984e-05
228, 227, 5.21962e-05, 5.30857e-05
229, 219, 5.69891e-05, 5.30731e-05
229, 220, 5.65151e-05, 5.06839e-05
229, 221, 5.71969e-05, 5.13588e-05
229, 222, 5.49111e-05, 5.16852e-05
229, 223, 5.34155e-05, 5.18692e-05
229, 224, 5.43208e-05, 5.17207e-05
229, 225, 5.32834e-05, 5.21616e-05
229, 226, 5.29222e-05, 5.20382e-05
229, 227, 5.3173e-05, 5.11939e-05
229, 228, 5.30485e-05, 5.21687e-05
230, 219, 5.45792e-05, 5.37846e-05
230, 220, 5.45368e-05, 5.05186e-05
230, 221, 5.37644e-05, 5.14195e-05
230, 222, 5.32382e-05, 5.19953e-05
230, 223, 5.18073e-05, 5.2401e-05
230, 224, 5.22776e-05, 5.2488e-05
230, 225, 5.14883e-05, 5.28414e-05
230, 226, 5.13497e-05, 5.2238e-05
230, 227, 5.16455e-05, 5.2166e-05
230, 228, 5.1376e-05, 5.24644e-05
230, 229, 5.19234e-05, 5.48438e-05
231, 219, 5.6434e-05, 5.39057e-05
231, 220, 5.70255e-05, 5.07239e-05
231, 221, 5.59566e-05, 5.16287e-05
231, 222, 5.52725e-05, 5.21493e-05
231, 223, 5.30981e-05, 5.24402e-05
231, 224, 5.37288e-05, 5.262e-05
231, 225, 5.26393e-05, 5.26848e-05
231, 226, 5.22432e-05, 5.21903e-05
231, 227, 5.28874e-05, 5.21013e-05
231, 228, 5.23739e-05, 5.27264e-05
231, 229, 5.31271e-05, 5.39967e-05
231, 230, 5.28966e-05, 5.35187e-05
232, 220, 6.02499e-05, 5.0949e-05
232, 221, 5.90563e-05, 5.16838e-05
232, 222, 5.79526e-05, 5.17662e-05
232, 223, 5.58842e-05, 5.24637e-05
232, 224, 5.66574e-05, 5.21963e-05
232, 225, 5.48238e-05, 5.28583e-05
232, 226, 5.46219e-05, 5.21443e-05
232, 227, 5.54799e-05, 5.2069e-05
232, 228, 5.48819e-05, 5.28979e-05
232, 229, 5.58798e-05, 5.44626e-05
232, 230, 5.52285e-05, 5.25311e-05
232, 231, 5.3676e-05, 5.20439e-05
233, 221, 5.50487e-05, 5.12518e-05
233, 222, 5.518e-05, 5.22445e-05
233, 223, 5.28649e-05, 5.27655e-05
233, 224, 5.34385e-05, 5.21567e-05
233, 225, 5.2245e-05, 5.27076e-05
233, 226, 5.20245e-05, 5.26332e-05
233, 227, 5.25356e-05, 5.1554e-05
233, 228, 5.22625e-05, 5.26354e-05
233, 229, 5.29392e-05, 5.43795e-05
233, 230, 5.28713e-05, 5.32872e-05
233, 231, 5.16833e-05, 5.26616e-05
233, 232, 5.17714e-05, 5.48581e-05
235, 224, 5.37691e-05, 5.22778e-05
235, 225, 5.15843e-05, 5.26043e-05
235, 226, 5.12531e-05, 5.2173e-05
235, 227, 5.20608e-05, 5.17639e-05
235, 228, 5.16439e-05, 5.26154e-05
235, 229, 5.3661e-05, 5.45543e-05
235, 230, 5.20902e-05, 5.32706e-05
235, 231, 5.09985e-05, 5.20955e-05
235, 232, 5.04126e-05, 5.47953e-05
235, 233, 5.0395e-05, 5.53471e-05
236, 225, 5.33931e-05, 5.27853e-05
236, 226, 5.3704e-05, 5.15731e-05
236, 227, 5.44204e-05, 5.18594e-05
236, 228, 5.38074e-05, 5.26344e-05
236, 229, 5.4802e-05, 5.49627e-05
236, 230, 5.38506e-05, 5.39201e-05
236, 231, 5.15521e-05, 5.27615e-05
236, 232, 5.18e-05, 5.4858e-05
236, 233, 5.12523e-05, 5.54333e-05
236, 235, 5.08828e-05, 5.25806e-05
237, 227, 5.67822e-05, 5.16881e-05
237, 228, 5.6026e-05, 5.28535e-05
237, 229, 5.83375e-05, 5.40513e-05
237, 230, 5.65706e-05, 5.33484e-05
237, 231, 5.37698e-05, 5.20456e-05
237, 232, 5.37279e-05, 5.48609e-05
237, 233, 5.21457e-05, 5.55426e-05
237, 235, 5.24364e-05, 5.24247e-05
237, 236, 5.15738e-05, 5.29174e-05
238, 229, 6.317e-05, 5.38522e-05
238, 230, 6.16503e-05, 5.31572e-05
238, 231, 5.72449e-05, 5.13212e-05
238, 232, 5.72697e-05, 5.46607e-05
238, 233, 5.48266e-05, 5.52881e-05
238, 235, 5.4123e-05, 5.11701e-05
238, 236, 5.20386e-05, 5.16695e-05
238, 237, 5.18034e-05, 5.7643e-05
239, 230, 7.09414e-05, 5.33624e-05
239, 231, 7.02806e-05, 5.13629e-05
239, 232, 6.6081e-05, 5.41004e-05
239, 233, 6.29162e-05, 5.55194e-05
239, 235, 6.50563e-05, 5.1209e-05
239, 236, 6.02794e-05, 5.27498e-05
239, 237, 6.21698e-05, 5.73463e-05
239, 238, 6.04329e-05, 5.19498e-05
240, 232, 5.91625e-05, 5.45697e-05
240, 233, 5.66089e-05, 5.47394e-05
240, 235, 5.59808e-05, 5.11896e-05
240, 236, 5.23686e-05, 5.25166e-05
240, 237, 5.26809e-05, 5.74228e-05
240, 238, 5.15026e-05, 5.16204e-05
240, 239, 7.72636e-05, 5.25345e-05
241, 232, 6.94811e-05, 5.39002e-05
241, 233, 6.8654e-05, 5.52016e-05
241, 235, 6.75538e-05, 5.18806e-05
241, 236, 6.57743e-05, 5.11381e-05
241, 237, 6.32841e-05, 5.78993e-05
241, 238, 6.2698e-05, 5.20685e-05
241, 239, 5.49262e-05, 5.19295e-05
241, 240, 6.35092e-05, 5.05286e-05
242, 233, 7.60291e-05, 5.46253e-05
242, 235, 7.42815e-05, 5.14062e-05
242, 236, 7.0201e-05, 5.21367e-05
242, 237, 6.91855e-05, 5.7332e-05
242, 238, 6.78188e-05, 5.20015e-05
242, 239, 5.45809e-05, 5.23446e-05
242, 240, 6.86793e-05, 5.0635e-05
242, 241, 6.07838e-05, 5.08261e-05
243, 235, 6.9508e-05, 5.14264e-05
243, 236, 6.46311e-05, 5.172e-05
243, 237, 6.38771e-05, 5.63062e-05
243, 238, 6.17589e-05, 5.01879e-05
243, 239, 6.25197e-05, 5.17872e-05
243, 240, 6.10651e-05, 4.925e-05
243, 241, 5.66713e-05, 5.05439e-05
243, 242, 5.25963e-05, 5.02534e-05
244, 236, 6.12501e-05, 5.17895e-05
244, 237, 6.02647e-05, 5.77714e-05
244, 238, 5.79746e-05, 5.19567e-05
244, 239, 6.76261e-05, 5.25178e-05
244, 240, 5.66354e-05, 5.06538e-05
244, 241, 5.49206e-05, 5.05167e-05
244, 242, 5.07189e-05, 4.96232e-05
244, 243, 5.61204e-05, 5.2404e-05
245, 237, 8.20783e-05, 5.75092e-05
245, 238, 7.67732e-05, 5.13576e-05
245, 239, 0.000119512, 5.30483e-05
245, 240, 7.64436e-05, 4.98655e-05
245, 241, 8.76853e-05, 5.17535e-05
245, 242, 8.94436e-05, 5.0213e-05
245, 243, 0.000104509, 5.23901e-05
245, 244, 9.3915e-05, 5.28285e-05
246, 237, 6.18964e-05, 5.78257e-05
246, 238, 5.84051e-05, 5.1916e-05
246, 239, 7.86506e-05, 5.24917e-05
246, 240, 5.65115e-05, 5.06029e-05
246, 241, 5.7128e-05, 5.10294e-05
246, 242, 5.28922e-05, 5.00975e-05
246, 243, 6.16529e-05, 5.17551e-05
246, 244, 5.46058e-05, 5.27458e-05
246, 245, 7.02591e-05, 5.16469e-05
247, 238, 6.6035e-05, 5.19264e-05
247, 239, 6.18225e-05, 5.25112e-05
247, 240, 6.54816e-05, 5.0581e-05
247, 241, 5.88201e-05, 5.04849e-05
247, 242, 5.27477e-05, 5.01911e-05
247, 243, 5.35394e-05, 5.24339e-05
247, 244, 5.19805e-05, 5.35257e-05
247, 245, 9.09558e-05, 5.23327e-05
247, 246, 9.77099e-05, 5.09024e-05
248, 240, 8.2419e-05, 4.97005e-05
248, 241, 9.26375e-05, 5.08902e-05
248, 242, 9.28815e-05, 4.99618e-05
248, 243, 0.000112037, 5.15588e-05
248, 244, 9.98036e-05, 5.26859e-05
248, 245, 5.69533e-05, 5.26992e-05
248, 246, 5.35203e-05, 5.00333e-05
248, 247, 0.000101471, 5.05052e-05
249, 242, 7.11267e-05, 4.91825e-05
249, 243, 8.88466e-05, 5.14287e-05
249, 244, 7.47527e-05, 5.26171e-05
249, 245, 7.73939e-05, 5.25645e-05
249, 246, 7.78745e-05, 5.0443e-05
249, 247, 7.4313e-05, 5.0552e-05
249, 248, 5.80749e-05, 5.38945e-05
250, 242, 8.79176e-05, 4.99781e-05
250, 243, 0.000107627, 5.23234e-05
250, 244, 9.58588e-05, 5.28144e-05
250, 245, 6.55602e-05, 5.14399e-05
250, 246, 6.17265e-05, 4.99528e-05
250, 247, 9.46598e-05, 5.03928e-05
250, 248, 7.22161e-05, 5.39661e-05
250, 249, 9.32903e-05, 5.48462e-05
251, 244, 8.56583e-05, 5.32937e-05
251, 245, 9.35786e-05, 5.14609e-05
251, 246, 9.65503e-05, 4.98955e-05
251, 247, 8.44973e-05, 4.9704e-05
251, 248, 6.85197e-05, 5.29667e-05
251, 249, 6.57114e-05, 5.41111e-05
251, 250, 5.67861e-05, 5.17909e-05
252, 248, 0.000128074, 5.20689e-05
252, 249, 0.0001185, 5.3795e-05
252, 250, 0.000109536, 5.14948e-05
252, 251, 9.71835e-05, 5.0209e-05
253, 249, 0.000198834, 5.27055e-05
253, 250, 0.000183179, 5.06663e-05
253, 251, 0.000138159, 5.00344e-05
253, 252, 0.000115068, 5.04947e-05
254, 251, 0.000182265, 4.95115e-05
254, 252, 0.000128978, 4.89161e-05
254, 253, 7.96419e-05, 5.60987e-05
255, 252, 0.000229405, 4.70419e-05
255, 253, 0.000173444, 5.45605e-05
255, 254, 0.000102414, 4.67641e-05
256, 253, 0.000327409, 5.26176e-05
256, 254, 0.000268992, 4.52381e-05
256, 255, 0.000185046, 4.754e-05
257, 255, 0.000277565, 4.50805e-05
257, 256, 0.000122395, 4.72394e-05
258, 256, 0.000191921, 4.66123e-05
258, 257, 0.000105428, 4.36105e-05
259, 256, 0.000239711, 4.5437e-05
259, 257, 0.00014946, 4.2509e-05
259, 258, 7.07193e-05, 4.6295e-05
260, 256, 0.000246382, 4.48737e-05
260, 257, 0.000158656, 4.20776e-05
260, 258, 7.22937e-05, 4.64528e-05
260, 259, 5.85279e-05, 4.51358e-05
261, 258, 0.00017955, 4.35408e-05
261, 259, 0.000130806, 4.38821e-05
261, 260, 0.000129924, 4.36357e-05
262, 259, 0.000180585, 4.29572e-05
262, 260, 0.000181217, 4.22831e-05
262, 261, 7.83976e-05, 4.13776e-05
263, 259, 0.000163366, 4.35412e-05
263, 260, 0.000172044, 4.34267e-05
263, 261, 6.16811e-05, 4.15117e-05
263, 262, 7.3309e-05, 3.8532e-05
264, 261, 9.48703e-05, 4.07753e-05
264, 262, 8.79555e-05, 3.87821e-05
264, 263, 7.5669e-05, 4.56847e-05
265, 261, 0.000110209, 3.99617e-05
265, 262, 7.92499e-05, 3.88294e-05
265, 263, 7.21462e-05, 4.49678e-05
265, 264, 7.15329e-05, 3.49106e-05
266, 261, 0.000113642, 3.98688e-05
266, 262, 6.89588e-05, 3.69279e-05
266, 263, 6.64569e-05, 4.55539e-05
266, 264, 5.59827e-05, 3.50265e-05
266, 265, 4.62337e-05, 3.64404e-05
267, 262, 9.10586e-05, 3.81759e-05
267, 263, 8.60239e-05, 4.54888e-05
267, 264, 8.5106e-05, 3.61479e-05
267, 265, 4.00519e-05, 3.51832e-05
267, 266, 4.32699e-05, 3.80509e-05
268, 262, 0.000100349, 3.72752e-05
268, 263, 9.66179e-05, 4.47421e-05
268, 264, 7.72885e-05, 3.59468e-05
268, 265, 5.61634e-05, 3.62986e-05
268, 266, 6.22479e-05, 3.79872e-05
268, 267, 4.49008e-05, 5.18046e-05
269, 262, 0.000110402, 3.7983e-05
269, 263, 0.000106888, 4.50428e-05
269, 264, 8.18991e-05, 3.56824e-05
269, 265, 5.874e-05, 3.48189e-05
269, 266, 6.33048e-05, 3.70954e-05
269, 267, 4.06934e-05, 5.28271e-05
269, 268, 3.43029e-05, 4.03967e-05
271, 265, 0.000135292, 3.53642e-05
271, 266, 0.000141208, 3.75554e-05
271, 267, 0.000113396, 5.31602e-05
271, 268, 8.82327e-05, 3.90984e-05
271, 269, 6.15704e-05, 4.62954e-05
272, 267, 0.000114224, 4.94931e-05
272, 268, 9.87713e-05, 3.82758e-05
272, 269, 0.000104289, 4.55416e-05
272, 271, 5.298e-05, 5.22178e-05
273, 268, 0.000144599, 3.82015e-05
273, 269, 0.000153781, 4.57371e-05
273, 271, 9.34318e-05, 5.01874e-05
273, 272, 9.84591e-05, 4.57803e-05
274, 269, 0.000170854, 4.54249e-05
274, 271, 0.000149783, 4.97282e-05
274, 272, 8.7897e-05, 4.69594e-05
274, 273, 6.45925e-05, 3.35058e-05
275, 271, 0.000181438, 4.97943e-05
275, 272, 0.000121338, 4.50547e-05
275, 273, 9.22642e-05, 3.3272e-05
275, 274, 7.81308e-05, 3.27285e-05
276, 272, 0.000136888, 4.49654e-05
276, 273, 8.82006e-05, 3.25558e-05
276, 274, 6.43838e-05, 3.21193e-05
276, 275, 3.62554e-05, 5.88212e-05
277, 273, 0.000122996, 3.16092e-05
277, 274, 9.34841e-05, 3.20746e-05
277, 275, 6.58351e-05, 5.78765e-05
277, 276, 8.01836e-05, 4.32616e-05
278, 273, 0.00013083, 3.12422e-05
278, 274, 0.000105493, 3.06534e-05
278, 275, 6.41999e-05, 5.79482e-05
278, 276, 5.91148e-05, 4.3626e-05
278, 277, 4.13157e-05, 3.04874e-05
279, 274, 0.000129246, 3.09347e-05
279, 275, 8.65777e-05, 5.74354e-05
279, 276, 6.64379e-05, 4.2888e-05
279, 277, 4.16625e-05, 2.87743e-05
279, 278, 4.63534e-05, 5.73954e-05
280, 275, 0.00010668, 5.70946e-05
280, 276, 7.13201e-05, 4.31323e-05
280, 277, 5.2879e-05, 2.92245e-05
280, 278, 3.85484e-05, 5.72868e-05
280, 279, 5.64583e-05, 2.94883e-05
281, 275, 8.75192e-05, 5.77852e-05
281, 276, 7.74758e-05, 4.27631e-05
281, 277, 5.10392e-05, 2.7834e-05
281, 278, 6.09339e-05, 5.64107e-05
281, 279, 3.42446e-05, 2.93881e-05
281, 280, 3.45451e-05, 3.81153e-05
282, 277, 5.70781e-05, 2.72476e-05
282, 278, 5.04544e-05, 5.67574e-05
282, 279, 5.34081e-05, 2.82207e-05
282, 280, 6.20029e-05, 3.76549e-05
282, 281, 3.34677e-05, 5.29734e-05
283, 277, 6.64937e-05, 2.83353e-05
283, 278, 5.40101e-05, 5.67692e-05
283, 279, 6.56914e-05, 2.97787e-05
283, 280, 8.20747e-05, 3.801e-05
283, 281, 4.49377e-05, 5.23387e-05
283, 282, 5.75016e-05, 5.55781e-05
284, 277, 6.24215e-05, 2.75794e-05
284, 278, 5.85037e-05, 5.71137e-05
284, 279, 5.3785e-05, 2.93683e-05
284, 280, 5.81406e-05, 3.72381e-05
284, 281, 3.48064e-05, 5.24776e-05
284, 282, 3.73479e-05, 5.42254e-05
284, 283, 6.05347e-05, 3.57618e-05
285, 278, 6.26495e-05, 5.56405e-05
285, 279, 6.34225e-05, 2.75664e-05
285, 280, 6.9296e-05, 3.54037e-05
285, 281, 4.11093e-05, 5.29784e-05
285, 282, 4.47631e-05, 5.43269e-05
285, 283, 6.77452e-05, 3.38877e-05
285, 284, 3.70309e-05, 3.85331e-05
286, 277, 7.6335e-05, 2.64831e-05
286, 278, 7.67417e-05, 5.57523e-05
286, 279, 5.76384e-05, 3.00309e-05
286, 280, 4.34199e-05, 3.79476e-05
286, 281, 4.90641e-05, 5.28989e-05
286, 282, 3.77513e-05, 5.49531e-05
286, 283, 3.99912e-05, 3.47304e-05
286, 284, 3.1919e-05, 3.78062e-05
286, 285, 3.88127e-05, 5.07504e-05
287, 279, 8.69375e-05, 2.71305e-05
287, 280, 8.71776e-05, 3.71772e-05
287, 281, 6.41598e-05, 5.45769e-05
287, 282, 6.8919e-05, 5.51529e-05
287, 283, 9.07464e-05, 3.45474e-05
287, 284, 5.60266e-05, 3.73305e-05
287, 285, 4.77583e-05, 5.13401e-05
287, 286, 0.000101914, 3.25688e-05
288, 280, 0.000116974, 3.59289e-05
288, 281, 9.3187e-05, 5.1169e-05
288, 282, 9.81173e-05, 5.4316e-05
288, 283, 0.000114153, 3.2282e-05
288, 284, 7.92919e-05, 3.82214e-05
288, 285, 7.86676e-05, 5.07817e-05
288, 286, 0.000125523, 3.41478e-05
288, 287, 3.65709e-05, 2.95217e-05
289, 284, 0.000113607, 3.4554e-05
289, 285, 0.000108874, 4.83871e-05
289, 286, 0.000153135, 3.14179e-05
289, 287, 7.03017e-05, 3.13679e-05
289, 288, 4.03736e-05, 3.40809e-05
290, 285, 0.000132994, 4.88034e-05
290, 286, 0.00015518, 3.21804e-05
290, 287, 9.8913e-05, 2.76964e-05
290, 288, 6.41861e-05, 3.24787e-05
290, 289, 4.80053e-05, 5.39455e-05
291, 287, 0.000158906, 2.83317e-05
291, 288, 0.000115442, 3.13821e-05
291, 289, 0.000100601, 5.23303e-05
291, 290, 5.32021e-05, 4.55611e-05
292, 288, 0.000166941, 3.08423e-05
292, 289, 0.000153607, 5.22395e-05
292, 290, 0.000102022, 4.41618e-05
292, 291, 9.00132e-05, 2.9766e-05
293, 289, 0.000161668, 5.25225e-05
293, 290, 0.000111806, 4.38109e-05
293, 291, 7.0239e-05, 3.03259e-05
293, 292, 3.33431e-05, 3.25581e-05
294, 290, 0.000143697, 4.31556e-05
294, 291, 0.000106675, 3.0068e-05
294, 292, 6.55228e-05, 3.3418e-05
294, 293, 4.96485e-05, 2.97414e-05
295, 291, 0.000102438, 2.93156e-05
295, 292, 8.07955e-05, 3.52231e-05
295, 293, 7.48852e-05, 2.95991e-05
295, 294, 4.46937e-05, 3.56998e-05
296, 291, 0.000102655, 3.14756e-05
296, 292, 7.96872e-05, 3.47619e-05
296, 293, 7.12725e-05, 2.78766e-05
296, 294, 4.49063e-05, 3.54548e-05
296, 295, 2.25364e-05, 6.36353e-05
298, 292, 9.67469e-05, 3.46332e-05
298, 293, 8.59301e-05, 2.90552e-05
298, 294, 5.02958e-05, 3.55068e-05
298, 295, 4.2135e-05, 6.2217e-05
298, 296, 2.25521e-05, 3.94692e-05
299, 292, 9.57074e-05, 3.52092e-05
299, 293, 8.49672e-05, 2.81886e-05
299, 294, 5.83119e-05, 3.62768e-05
299, 295, 2.50766e-05, 6.2375e-05
299, 296, 5.15234e-05, 4.01152e-05
299, 298, 6.88863e-05, 3.24406e-05
300, 292, 0.000111123, 3.18441e-05
300, 293, 0.000101677, 2.91786e-05
300, 294, 6.30591e-05, 3.54058e-05
300, 295, 7.24168e-05, 6.25855e-05
300, 296, 3.84335e-05, 4.07822e-05
300, 298, 2.48865e-05, 3.2416e-05
300, 299, 6.87393e-05, 6.90516e-05
301, 294, 7.96214e-05, 3.52982e-05
301, 295, 4.2495e-05, 6.20152e-05
301, 296, 5.663e-05, 4.17762e-05
301, 298, 7.14277e-05, 3.15907e-05
301, 299, 3.40359e-05, 6.90169e-05
301, 300, 3.76725e-05, 2.10629e-05
302, 294, 8.3033e-05, 3.58806e-05
302, 295, 4.33045e-05, 6.29847e-05
302, 296, 6.24193e-05, 4.15281e-05
302, 298, 7.62702e-05, 3.05829e-05
302, 299, 3.89713e-05, 6.90211e-05
302, 300, 4.42061e-05, 1.95621e-05
302, 301, 0.000100711, 2.36742e-05
303, 294, 7.91538e-05, 3.60563e-05
303, 295, 5.10972e-05, 6.23381e-05
303, 296, 4.8903e-05, 4.04716e-05
303, 298, 5.35713e-05, 3.16185e-05
303, 299, 4.43912e-05, 6.8921e-05
303, 300, 3.46296e-05, 1.94175e-05
303, 301, 7.07178e-05, 2.28237e-05
303, 302, 2.68054e-05, 6.35163e-05
304, 295, 7.53404e-05, 6.25652e-05
304, 296, 5.14634e-05, 3.98716e-05
304, 298, 4.06566e-05, 3.20157e-05
304, 299, 7.20919e-05, 6.97108e-05
304, 300, 5.50014e-05, 1.96101e-05
304, 301, 3.7387e-05, 2.3176e-05
304, 302, 5.98271e-05, 6.39902e-05
304, 303, 2.61864e-05, 1.83909e-05
305, 296, 7.36309e-05, 3.93873e-05
305, 298, 6.89134e-05, 3.04314e-05
305, 299, 8.14129e-05, 6.87639e-05
305, 300, 6.68044e-05, 1.8834e-05
305, 301, 6.22145e-05, 2.173e-05
305, 302, 5.48561e-05, 6.28789e-05
305, 303, 4.3907e-05, 2.12582e-05
305, 304, 4.95917e-05, 2.68955e-05
306, 298, 8.07329e-05, 3.10669e-05
306, 300, 8.04968e-05, 1.97752e-05
306, 301, 6.47825e-05, 2.2615e-05
306, 302, 8.04084e-05, 6.38855e-05
306, 303, 6.02439e-05, 2.06129e-05
306, 304, 7.05854e-05, 2.71042e-05
306, 305, 3.9969e-05, 2.21061e-05
307, 300, 0.000103569, 1.90449e-05
307, 301, 7.27621e-05, 2.1381e-05
307, 302, 9.93047e-05, 6.34864e-05
307, 303, 7.73956e-05, 1.96605e-05
307, 304, 9.54659e-05, 2.59268e-05
307, 305, 6.02598e-05, 2.13723e-05
307, 306, 8.00021e-05, 2.74826e-05
308, 302, 0.000108424, 6.41463e-05
308, 303, 9.43774e-05, 2.00227e-05
308, 304, 0.000105268, 2.55304e-05
308, 305, 6.3113e-05, 1.92224e-05
308, 306, 7.18927e-05, 2.68884e-05
308, 307, 5.05188e-05, 1.69591e-05
309, 304, 0.000138957, 2.42458e-05
309, 305, 0.000104578, 2.11521e-05
309, 306, 0.000104724, 2.51917e-05
309, 307, 8.38105e-05, 1.53298e-05
309, 308, 2.34399e-05, 3.57251e-05
310, 305, 0.000107307, 1.92963e-05
310, 306, 8.78965e-05, 2.54023e-05
310, 307, 7.1396e-05, 1.3414e-05
310, 308, 4.22855e-05, 3.37263e-05
310, 309, 8.37969e-05, 6.28099e-05
311, 305, 0.000107357, 2.05964e-05
311, 306, 8.47552e-05, 2.38997e-05
311, 307, 6.86264e-05, 1.53777e-05
311, 308, 5.16788e-05, 3.37205e-05
311, 309, 8.43456e-05, 6.40987e-05
311, 310, 3.97982e-05, 2.66988e-05
313, 307, 4.45488e-05, 1.47154e-05
313, 308, 3.95343e-05, 3.47982e-05
313, 309, 5.03855e-05, 6.53755e-05
313, 310, 3.28911e-05, 2.70795e-05
313, 311, 5.5811e-05, 4.1918e-05
314, 308, 4.00161e-05, 3.39548e-05
314, 309, 0.000104596, 6.4558e-05
314, 310, 3.52186e-05, 2.64268e-05
314, 311, 3.8405e-05, 4.198e-05
314, 313, 5.7679e-05, 3.06118e-05
316, 308, 4.81465e-05, 3.35245e-05
316, 309, 8.43205e-05, 6.40908e-05
316, 310, 3.67302e-05, 2.80797e-05
316, 311, 6.07425e-05, 4.12223e-05
316, 313, 4.54091e-05, 2.95897e-05
316, 314, 4.75768e-05, 2.47367e-05
317, 309, 9.4825e-05, 6.4648e-05
317, 310, 4.79078e-05, 2.68467e-05
317, 311, 2.11934e-05, 4.17244e-05
317, 313, 5.70999e-05, 3.04217e-05
317, 314, 5.32982e-05, 2.28559e-05
317, 316, 8.08006e-05, 2.80776e-05
318, 308, 5.08602e-05, 3.496e-05
318, 309, 0.000102711, 6.56995e-05
318, 310, 6.23209e-05, 2.66218e-05
318, 311, 3.47575e-05, 4.18939e-05
318, 313, 6.79304e-05, 3.07148e-05
318, 314, 6.00423e-05, 2.57405e-05
318, 316, 9.02544e-05, 3.00278e-05
318, 317, 1.9815e-05, 5.70264e-05
319, 310, 4.15686e-05, 2.68344e-05
319, 311, 6.29251e-05, 4.22761e-05
319, 313, 5.55164e-05, 3.2255e-05
319, 314, 5.57044e-05, 2.37015e-05
319, 316, 2.97553e-05, 3.03999e-05
319, 317, 8.09465e-05, 5.92141e-05
319, 318, 7.88793e-05, 6.2994e-05
320, 310, 0.000100852, 2.72279e-05
320, 311, 7.96587e-05, 4.10511e-05
320, 313, 0.000112443, 3.03359e-05
320, 314, 0.000104293, 2.37186e-05
320, 316, 0.000122781, 2.79249e-05
320, 317, 7.05579e-05, 5.72308e-05
320, 318, 6.19532e-05, 6.17996e-05
320, 319, 2.56426e-05, 5.60804e-05
321, 311, 6.47013e-05, 4.40962e-05
321, 313, 7.57649e-05, 3.03737e-05
321, 314, 6.93863e-05, 2.43229e-05
321, 316, 7.05483e-05, 2.82509e-05
321, 317, 6.44132e-05, 5.74566e-05
321, 318, 4.39458e-05, 6.41669e-05
321, 319, 5.47583e-05, 5.45546e-05
321, 320, 4.16091e-05, 7.36604e-05
322, 311, 3.23287e-05, 4.28437e-05
322, 313, 7.31255e-05, 3.01275e-05
322, 314, 6.01868e-05, 2.35074e-05
322, 316, 8.66866e-05, 2.78005e-05
322, 317, 2.41368e-05, 5.74921e-05
322, 318, 8.25015e-05, 6.25157e-05
322, 319, 6.31979e-05, 5.50334e-05
322, 320, 8.33983e-05, 7.36068e-05
322, 321, 2.14786e-05, 4.52823e-05
323, 310, 0.00010191, 2.64783e-05
323, 311, 0.000105102, 4.121e-05
323, 313, 0.000114985, 2.95719e-05
323, 314, 0.000115187, 2.27939e-05
323, 316, 0.000104884, 2.78115e-05
323, 317, 0.000111334, 5.95615e-05
323, 318, 2.59934e-05, 6.18416e-05
323, 319, 6.41206e-05, 5.52204e-05
323, 320, 2.27389e-05, 7.44457e-05
323, 321, 9.02842e-05, 4.28188e-05
323, 322, 6.61798e-05, 3.78242e-05
324, 317, 7.08423e-05, 5.85239e-05
324, 318, 3.43219e-05, 6.16008e-05
324, 319, 2.84487e-05, 5.50299e-05
324, 320, 3.72087e-05, 7.5443e-05
324, 321, 4.74971e-05, 4.50847e-05
324, 322, 4.69842e-05, 4.03232e-05
324, 323, 4.23264e-05, 3.58339e-05
325, 316, 6.3835e-05, 2.60656e-05
325, 317, 8.3825e-05, 5.7411e-05
325, 318, 4.35819e-05, 6.3143e-05
325, 319, 7.16136e-05, 5.56132e-05
325, 320, 3.67326e-05, 7.39531e-05
325, 321, 6.04903e-05, 4.38175e-05
325, 322, 8.77281e-05, 3.95274e-05
325, 323, 1.8025e-05, 3.43321e-05
325, 324, 5.90728e-05, 2.32214e-05
326, 317, 0.000102602, 5.81526e-05
326, 318, 3.97862e-05, 6.2181e-05
326, 319, 3.50257e-05, 5.617e-05
326, 320, 4.50887e-05, 7.39494e-05
326, 321, 8.42473e-05, 4.30927e-05
326, 322, 1.82087e-05, 3.95032e-05
326, 323, 7.20013e-05, 3.63738e-05
326, 324, 4.11169e-05, 2.52626e-05
326, 325, 8.02681e-05, 3.4321e-05
327, 317, 5.21267e-05, 5.84447e-05
327, 318, 6.26754e-05, 6.44361e-05
327, 319, 3.21429e-05, 5.5339e-05
327, 320, 6.40845e-05, 7.38584e-05
327, 321, 4.72488e-05, 4.6957e-05
327, 322, 5.5312e-05, 4.12237e-05
327, 323, 6.61418e-05, 3.56624e-05
327, 324, 7.54585e-05, 2.37631e-05
327, 325, 3.68223e-05, 2.99875e-05
327, 326, 2.53153e-05, 2.31256e-05
328, 318, 4.10336e-05, 6.28395e-05
328, 319, 1.31868e-05, 5.44924e-05
328, 320, 4.51874e-05, 7.38666e-05
328, 321, 7.65734e-05, 4.41374e-05
328, 322, 2.20819e-05, 3.9198e-05
328, 323, 6.5991e-05, 3.39233e-05
328, 324, 4.84647e-05, 2.38665e-05
328, 325, 6.66332e-05, 3.25908e-05
328, 326, 4.83881e-05, 2.2023e-05
328, 327, 5.1752e-05, 4.72598e-05
329, 318, 4.58517e-05, 6.45862e-05
329, 321, 7.9998e-05, 4.52328e-05
329, 322, 1.63689e-05, 4.04895e-05
329, 323, 8.03783e-05, 3.70494e-05
329, 324, 5.36634e-05, 2.40718e-05
329, 325, 6.90068e-05, 3.22471e-05
329, 326, 5.28936e-05, 2.55111e-05
329, 327, 5.93329e-05, 4.5739e-05
329, 328, 3.76267e-05, 1.62456e-05
330, 319, 4.14615e-05, 5.60691e-05
330, 321, 3.12556e-05, 4.47832e-05
330, 322, 6.32704e-05, 3.87131e-05
330, 323, 3.90136e-05, 3.53381e-05
330, 324, 6.11023e-05, 2.41164e-05
330, 325, 2.64515e-05, 3.10022e-05
330, 326, 4.60559e-05, 2.4234e-05
330, 327, 6.14877e-05, 4.61211e-05
330, 328, 2.52472e-05, 1.4006e-05
330, 329, 8.36755e-05, 6.2148e-05
331, 321, 6.52311e-05, 4.35719e-05
331, 322, 5.0143e-05, 3.75323e-05
331, 323, 9.05862e-05, 3.42671e-05
331, 324, 8.93557e-05, 2.39497e-05
331, 325, 6.33838e-05, 3.15577e-05
331, 326, 2.39095e-05, 2.47578e-05
331, 327, 9.11604e-05, 4.66253e-05
331, 328, 4.42489e-05, 1.29171e-05
331, 329, 8.92218e-05, 6.2298e-05
331, 330, 2.09826e-05, 2.25171e-05
332, 320, 4.4464e-05, 7.22912e-05
332, 323, 5.11096e-05, 3.45749e-05
332, 324, 5.49591e-05, 2.31489e-05
332, 325, 3.04776e-05, 3.28896e-05
332, 326, 3.99888e-05, 2.2737e-05
332, 327, 5.72712e-05, 4.69235e-05
332, 328, 1.28028e-05, 1.4633e-05
332, 329, 7.02461e-05, 6.07436e-05
332, 330, 3.89721e-05, 2.19413e-05
332, 331, 4.55708e-05, 2.34361e-05
333, 323, 0.000105704, 3.50033e-05
333, 325, 8.91546e-05, 3.12512e-05
333, 326, 5.35397e-05, 2.27456e-05
333, 327, 8.95526e-05, 4.57692e-05
333, 328, 6.24393e-05, 1.52743e-05
333, 329, 6.71197e-05, 6.07731e-05
333, 330, 2.59875e-05, 2.19372e-05
333, 331, 2.51936e-05, 2.43358e-05
333, 332, 4.03558e-05, 3.55706e-05
334, 320, 8.50248e-05, 7.23099e-05
334, 326, 9.00333e-05, 2.12021e-05
334, 327, 8.45956e-05, 4.83541e-05
334, 328, 7.89199e-05, 1.20984e-05
334, 329, 6.10558e-05, 6.171e-05
334, 330, 5.77597e-05, 2.24121e-05
334, 331, 5.65339e-05, 2.18747e-05
334, 332, 1.62955e-05, 3.38063e-05
334, 333, 5.30714e-05, 1.89197e-05
335, 328, 0.000115318, 1.18218e-05
335, 330, 0.000101476, 2.30242e-05
335, 331, 0.000107534, 2.52687e-05
335, 332, 5.7011e-05, 3.37544e-05
335, 333, 6.32214e-05, 1.81395e-05
335, 334, 4.35446e-05, 8.45886e-05
336, 329, 4.8549e-05, 6.38083e-05
336, 330, 0.000108626, 2.15247e-05
336, 331, 0.000112121, 2.38293e-05
336, 332, 7.31032e-05, 3.64775e-05
336, 333, 5.31897e-05, 1.51679e-05
336, 334, 4.59864e-05, 8.74287e-05
336, 335, 6.1213e-05, 1.89083e-05
338, 331, 0.000108229, 2.34779e-05
338, 332, 4.92042e-05, 3.55748e-05
338, 333, 6.19293e-05, 1.67615e-05
338, 334, 4.10531e-05, 8.54743e-05
338, 335, 3.55339e-05, 1.93483e-05
338, 336, 7.33622e-05, 8.88953e-05
339, 331, 0.000133444, 2.21769e-05
339, 332, 6.4979e-05, 3.14631e-05
339, 333, 0.000104278, 1.46282e-05
339, 334, 7.20559e-05, 8.61747e-05
339, 335, 5.3703e-05, 1.72694e-05
339, 336, 0.000103722, 8.95656e-05
339, 338, 6.16304e-05, 3.69719e-05
340, 331, 0.000100469, 2.26426e-05
340, 333, 7.70293e-05, 1.59371e-05
340, 334, 5.84207e-05, 8.61675e-05
340, 335, 2.10346e-05, 1.77088e-05
340, 336, 7.48119e-05, 8.86215e-05
340, 338, 5.94635e-05, 3.70661e-05
340, 339, 3.88377e-05, 5.46404e-05
341, 333, 9.39683e-05, 1.57229e-05
341, 334, 8.25024e-05, 8.54206e-05
341, 335, 7.80017e-05, 1.74066e-05
341, 336, 0.00012026, 8.84298e-05
341, 338, 2.3502e-05, 3.88205e-05
341, 339, 2.52822e-05, 5.32552e-05
341, 340, 3.42117e-05, 7.96976e-05
342, 333, 0.000112734, 1.44312e-05
342, 334, 8.77421e-05, 8.29352e-05
342, 335, 5.13186e-05, 1.97393e-05
342, 336, 8.45152e-05, 8.66955e-05
342, 338, 9.27066e-05, 3.85731e-05
342, 339, 7.28409e-05, 5.35169e-05
342, 340, 5.89423e-05, 7.99242e-05
342, 341, 7.96601e-05, 7.56877e-05
343, 335, 3.4124e-05, 1.93404e-05
343, 336, 5.46382e-05, 8.78856e-05
343, 338, 9.72545e-05, 3.84715e-05
343, 339, 7.04046e-05, 5.22627e-05
343, 340, 6.68428e-05, 7.99355e-05
343, 341, 8.82431e-05, 7.54527e-05
343, 342, 9.99645e-05, 4.80421e-05
344, 338, 7.90276e-05, 3.64606e-05
344, 339, 6.55404e-05, 5.25463e-05
344, 340, 5.26495e-05, 8.13273e-05
344, 341, 7.57523e-05, 7.75122e-05
344, 342, 0.000115396, 4.71791e-05
344, 343, 4.59761e-05, 2.36707e-05
346, 338, 5.47779e-05, 3.64647e-05
346, 339, 3.48792e-05, 5.33111e-05
346, 340, 1.9032e-05, 7.95575e-05
346, 341, 4.52411e-05, 7.74002e-05
346, 342, 7.91129e-05, 4.81166e-05
346, 343, 3.97634e-05, 2.31814e-05
346, 344, 5.83363e-05, 4.69831e-05
347, 338, 7.35019e-05, 3.54301e-05
347, 339, 6.18654e-05, 5.43731e-05
347, 340, 4.1052e-05, 8.36868e-05
347, 341, 6.88277e-05, 7.76464e-05
347, 342, 0.000113016, 4.92387e-05
347, 343, 4.5042e-05, 2.12101e-05
347, 344, 5.46537e-05, 4.78611e-05
347, 346, 6.03862e-05, 5.43213e-05
349, 338, 5.41212e-05, 3.43941e-05
349, 339, 5.41939e-05, 5.56373e-05
349, 340, 3.84091e-05, 8.00873e-05
349, 341, 5.45157e-05, 7.78489e-05
349, 342, 8.92623e-05, 4.80688e-05
349, 343, 6.33306e-05, 2.42791e-05
349, 344, 7.51653e-05, 4.85589e-05
349, 346, 3.83086e-05, 5.52156e-05
349, 347, 7.1244e-05, 5.03769e-05
350, 339, 8.46447e-05, 5.42155e-05
350, 340, 6.70168e-05, 7.94499e-05
350, 341, 0.000101621, 7.83896e-05
350, 342, 0.000131672, 4.75563e-05
350, 343, 3.09567e-05, 2.10003e-05
350, 344, 1.76988e-05, 4.94509e-05
350, 346, 9.82498e-05, 5.39651e-05
350, 347, 3.06973e-05, 5.33995e-05
350, 349, 8.30121e-05, 5.30559e-05
351, 339, 1.37496e-05, 4.96064e-05
351, 340, 2.09861e-05, 7.80481e-05
351, 341, 2.29711e-05, 7.53854e-05
351, 342, 5.22977e-05, 4.78758e-05
351, 343, 6.62768e-05, 2.16569e-05
351, 344, 8.53525e-05, 5.05951e-05
351, 346, 2.36404e-05, 5.49636e-05
351, 347, 9.68143e-05, 5.19315e-05
351, 349, 7.04237e-05, 5.10447e-05
351, 350, 9.1967e-05, 4.34782e-05
353, 342, 6.42654e-05, 4.66431e-05
353, 343, 6.21043e-05, 2.27542e-05
353, 344, 7.73203e-05, 4.91668e-05
353, 346, 2.53604e-05, 5.45144e-05
353, 347, 7.94709e-05, 5.43912e-05
353, 349, 5.30076e-05, 5.0767e-05
353, 350, 7.71704e-05, 4.39935e-05
353, 351, 2.83479e-05, 4.35017e-05
354, 344, 5.80609e-05, 5.04043e-05
354, 346, 4.93588e-05, 5.47274e-05
354, 347, 5.49309e-05, 5.32128e-05
354, 349, 4.10913e-05, 4.94165e-05
354, 350, 6.16425e-05, 4.60798e-05
354, 351, 4.62591e-05, 4.32624e-05
354, 353, 1.92675e-05, 5.87838e-05
355, 346, 9.07722e-05, 5.32995e-05
355, 347, 2.36472e-05, 5.20248e-05
355, 349, 6.99867e-05, 5.27662e-05
355, 350, 9.17463e-05, 4.68022e-05
355, 351, 8.63228e-05, 4.42742e-05
355, 353, 3.43166e-05, 6.08338e-05
355, 354, 6.60659e-05, 9.46943e-05
356, 346, 8.16395e-05, 5.40566e-05
356, 347, 3.41019e-05, 5.2909e-05
356, 349, 7.55933e-05, 4.92409e-05
356, 350, 9.60191e-05, 4.62665e-05
356, 351, 8.10331e-05, 4.19102e-05
356, 353, 4.26569e-05, 5.85238e-05
356, 354, 6.30691e-05, 0.000101304
356, 355, 0.000101493, 5.07092e-05
357, 346, 8.15973e-05, 5.38937e-05
357, 347, 2.49783e-05, 5.16916e-05
357, 349, 6.53971e-05, 5.2324e-05
357, 350, 7.93486e-05, 4.80066e-05
357, 351, 8.06013e-05, 4.15732e-05
357, 353, 2.71419e-05, 6.14853e-05
357, 354, 5.55842e-05, 9.48582e-05
357, 355, 8.88979e-05, 4.73167e-05
357, 356, 6.37263e-05, 4.05203e-05
358, 347, 5.21061e-05, 5.27116e-05
358, 349, 4.26165e-05, 5.15573e-05
358, 350, 4.72322e-05, 4.56547e-05
358, 351, 8.27125e-05, 4.20831e-05
358, 353, 3.48972e-05, 6.02583e-05
358, 354, 6.95482e-05, 9.58248e-05
358, 355, 4.33223e-05, 4.78466e-05
358, 356, 5.24699e-05, 4.09443e-05
358, 357, 5.51295e-05, 6.07018e-05
359, 349, 3.3568e-05, 4.98505e-05
359, 350, 4.37038e-05, 4.64585e-05
359, 351, 6.8244e-05, 4.24036e-05
359, 353, 2.37497e-05, 5.68083e-05
359, 354, 5.36457e-05, 9.7774e-05
359, 355, 5.04104e-05, 5.00862e-05
359, 356, 6.60668e-05, 3.65428e-05
359, 357, 6.88914e-05, 5.99458e-05
359, 358, 6.06907e-05, 2.74244e-05
360, 350, 5.10459e-05, 4.65856e-05
360, 351, 8.49138e-05, 4.37208e-05
360, 353, 3.81917e-05, 5.83547e-05
360, 354, 7.21132e-05, 9.95205e-05
360, 355, 3.54744e-05, 4.82618e-05
360, 356, 4.65829e-05, 3.97729e-05
360, 357, 5.03589e-05, 6.03344e-05
360, 358, 3.97548e-05, 3.23262e-05
360, 359, 3.97628e-05, 3.42333e-05
361, 353, 6.26214e-05, 5.93316e-05
361, 354, 8.71975e-05, 0.000100778
361, 355, 1.82264e-05, 4.65218e-05
361, 356, 6.30102e-05, 4.13238e-05
361, 357, 3.68609e-05, 6.46771e-05
361, 358, 4.33863e-05, 2.72367e-05
361, 359, 2.61637e-05, 3.34098e-05
361, 360, 3.24164e-05, 7.42266e-05
362, 353, 9.65801e-05, 5.50474e-05
362, 354, 0.000120907, 0.000100888
362, 355, 3.41963e-05, 4.68482e-05
362, 356, 5.7981e-05, 3.71592e-05
362, 357, 2.37451e-05, 6.02396e-05
362, 358, 2.23914e-05, 2.67272e-05
362, 359, 3.54054e-05, 3.05209e-05
362, 360, 6.52348e-05, 7.53237e-05
362, 361, 6.08947e-05, 6.69417e-05
363, 353, 9.32754e-05, 5.95818e-05
363, 354, 0.00012174, 9.78355e-05
363, 355, 2.45747e-05, 5.44729e-05
363, 356, 5.25857e-05, 4.23771e-05
363, 357, 2.14758e-05, 6.0046e-05
363, 358, 1.57317e-05, 2.7222e-05
363, 359, 2.97893e-05, 2.85088e-05
363, 360, 5.3671e-05, 7.42202e-05
363, 361, 5.5893e-05, 6.6528e-05
363, 362, 7.98668e-05, 2.24005e-05
364, 355, 2.72957e-05, 4.7354e-05
364, 356, 8.49395e-05, 4.20992e-05
364, 357, 3.36854e-05, 5.85683e-05
364, 358, 5.85785e-05, 2.80003e-05
364, 359, 2.40939e-05, 3.15379e-05
364, 360, 1.87671e-05, 7.12118e-05
364, 361, 7.42141e-05, 6.83091e-05
364, 362, 8.31664e-05, 2.41991e-05
364, 363, 8.92007e-05, 2.74261e-05
365, 357, 7.53697e-06, 5.90521e-05
365, 358, 3.72158e-05, 2.70664e-05
365, 359, 2.12149e-05, 3.35205e-05
365, 360, 4.11061e-05, 7.04413e-05
365, 361, 7.42893e-05, 7.07518e-05
365, 362, 8.88619e-05, 2.10511e-05
365, 363, 9.22004e-05, 2.76539e-05
365, 364, 5.45352e-05, 5.59437e-05
366, 357, 1.56123e-05, 6.20606e-05
366, 358, 5.17262e-05, 3.32047e-05
366, 359, 2.08664e-05, 3.27973e-05
366, 360, 4.01028e-05, 7.15715e-05
366, 361, 8.98445e-05, 6.51833e-05
366, 362, 9.91268e-05, 2.19321e-05
366, 363, 9.93783e-05, 2.9101e-05
366, 364, 6.47239e-05, 5.72909e-05
366, 365, 6.85928e-05, 0.000117408
367, 357, 4.86663e-05, 6.30724e-05
367, 358, 2.03147e-05, 2.89076e-05
367, 359, 5.68711e-05, 3.4504e-05
367, 360, 7.9908e-05, 6.93352e-05
367, 361, 5.20953e-05, 6.33855e-05
367, 362, 8.36218e-05, 2.50262e-05
367, 363, 8.36096e-05, 2.85331e-05
367, 364, 3.28102e-05, 5.983e-05
367, 365, 1.85161e-05, 0.00012012
367, 366, 5.64928e-05, 1.26071e-05
368, 359, 3.88363e-05, 3.01668e-05
368, 360, 6.81062e-05, 7.37988e-05
368, 361, 8.93252e-05, 6.45764e-05
368, 362, 0.000112539, 2.08791e-05
368, 363, 0.000111898, 2.85003e-05
368, 364, 3.91601e-05, 6.12441e-05
368, 365, 5.42004e-05, 0.000118564
368, 366, 0.000100222, 1.0929e-05
368, 367, 8.49474e-05, 9.21001e-05
369, 360, 0.000110262, 7.53958e-05
369, 361, 0.000106737, 6.2642e-05
369, 362, 0.000129864, 2.03779e-05
369, 363, 0.000135222, 2.91083e-05
369, 364, 3.60124e-05, 5.8631e-05
369, 365, 5.77715e-05, 0.000118944
369, 366, 0.000113138, 9.85874e-06
369, 367, 0.000101835, 9.03249e-05
369, 368, 3.47635e-05, 0.000160861
371, 362, 0.000127611, 1.88771e-05
371, 363, 0.000126634, 2.8647e-05
371, 364, 4.9424e-05, 5.9231e-05
371, 365, 6.46494e-05, 0.000119958
371, 366, 0.000106619, 1.23154e-05
371, 367, 9.74778e-05, 9.05361e-05
371, 368, 1.10066e-05, 0.000161455
371, 369, 4.21181e-05, 5.49065e-05
372, 364, 8.17085e-05, 5.81064e-05
372, 365, 0.000107719, 0.000115605
372, 366, 0.000158794, 1.16002e-05
372, 367, 0.000149175, 9.24539e-05
372, 368, 6.25701e-05, 0.00016375
372, 369, 0.000100158, 5.47486e-05
372, 371, 4.44406e-05, 3.43788e-05
373, 367, 0.00015086, 9.15448e-05
373, 368, 6.67663e-05, 0.000168001
373, 369, 0.000105957, 5.64954e-05
373, 371, 2.49775e-05, 3.08262e-05
373, 372, 7.77666e-05, 2.31859e-05
374, 368, 0.00010636, 0.000159091
374, 369, 0.000139359, 5.66628e-05
374, 371, 4.73012e-05, 3.71019e-05
374, 372, 0.000113732, 1.58406e-05
374, 373, 3.64719e-05, 0.000126426
375, 368, 0.000218731, 0.000161331
375, 369, 0.000243225, 5.47056e-05
375, 371, 0.000124334, 3.66638e-05
375, 372, 0.000182126, 1.80951e-05
375, 373, 0.000140565, 0.000120513
375, 374, 0.000109532, 2.87649e-05
376, 371, 0.000141286, 3.42579e-05
376, 372, 0.000178978, 1.56591e-05
376, 373, 0.00015351, 0.000119663
376, 374, 0.000123319, 2.97181e-05
376, 375, 9.94134e-05, 6.32519e-05
377, 371, 0.000102518, 3.63155e-05
377, 372, 0.000164629, 1.98293e-05
377, 373, 0.000113551, 0.000123623
377, 374, 7.56696e-05, 3.1475e-05
377, 375, 6.05909e-05, 6.43245e-05
377, 376, 8.11943e-05, 4.74804e-05
379, 373, 0.000107199, 0.000117423
379, 374, 6.90405e-05, 3.0541e-05
379, 375, 5.86518e-05, 6.27204e-05
379, 376, 8.92033e-05, 5.05852e-05
379, 377, 3.64116e-05, 8.28714e-05
380, 373, 3.08291e-05, 0.00012159
380, 374, 3.39996e-05, 2.84377e-05
380, 375, 4.67261e-05, 6.56113e-05
380, 376, 0.00014888, 4.73113e-05
380, 377, 7.73602e-05, 8.17511e-05
380, 379, 5.46803e-05, 0.000109677
381, 373, 8.05624e-05, 0.000119283
381, 374, 3.46638e-05, 2.8261e-05
381, 375, 5.08916e-05, 6.32554e-05
381, 376, 0.000126844, 4.75952e-05
381, 377, 5.5523e-05, 8.2229e-05
381, 379, 9.80058e-06, 0.000114569
381, 380, 5.49596e-05, 0.000117561
382, 373, 7.97349e-05, 0.000118858
382, 374, 5.12153e-05, 3.22757e-05
382, 375, 2.49014e-05, 6.41887e-05
382, 376, 8.17401e-05, 4.83653e-05
382, 377, 1.19883e-05, 8.43267e-05
382, 379, 5.57452e-05, 0.000111867
382, 380, 6.13723e-05, 0.000119988
382, 381, 2.38067e-05, 5.22952e-05
383, 373, 3.51737e-05, 0.000123362
383, 374, 2.91344e-05, 3.39367e-05
383, 375, 2.95259e-05, 6.3265e-05
383, 376, 0.000120583, 4.91895e-05
383, 377, 5.24023e-05, 8.46424e-05
383, 379, 6.16732e-05, 0.000114276
383, 380, 9.71937e-05, 0.000120631
383, 381, 6.10239e-05, 4.74205e-05
383, 382, 7.07239e-05, 5.3605e-05
384, 373, 1.69399e-05, 0.000124608
384, 374, 6.12421e-05, 2.92987e-05
384, 375, 6.55007e-05, 6.35653e-05
384, 376, 0.000156154, 4.4077e-05
384, 377, 9.50891e-05, 8.09248e-05
384, 379, 8.61314e-05, 0.000110803
384, 380, 0.000139466, 0.000120799
384, 381, 9.02382e-05, 5.24232e-05
384, 382, 4.43136e-05, 5.26856e-05
384, 383, 2.03378e-05, 5.47837e-05
387, 373, 3.67397e-05, 0.000117504
387, 376, 0.000167585, 5.0993e-05
387, 377, 0.000104739, 8.16716e-05
387, 379, 6.88309e-05, 0.000113489
387, 380, 0.000130298, 0.000119766
387, 381, 0.00011262, 5.02559e-05
387, 382, 2.99943e-05, 5.24244e-05
387, 383, 4.7074e-05, 5.76569e-05
387, 384, 4.35752e-05, 2.03024e-05
388, 373, 8.28161e-05, 0.000120683
388, 376, 0.000232277, 4.7683e-05
388, 377, 0.000158612, 8.39213e-05
388, 379, 0.000128866, 0.000113218
388, 380, 0.000186943, 0.000121134
388, 381, 0.000171037, 5.18729e-05
388, 382, 4.47436e-05, 5.66066e-05
388, 383, 9.84433e-05, 5.59193e-05
388, 384, 9.09296e-05, 2.12933e-05
388, 387, 8.85766e-05, 2.77698e-05
389, 377, 0.000165647, 8.25069e-05
389, 379, 0.00016685, 0.000109844
389, 380, 0.000210525, 0.000117227
389, 381, 0.000164731, 5.11163e-05
389, 382, 6.47512e-05, 5.13203e-05
389, 383, 0.000100307, 5.91605e-05
389, 384, 9.04531e-05, 2.17749e-05
389, 387, 7.11782e-05, 3.02108e-05
389, 388, 4.33168e-05, 6.12606e-05
390, 377, 0.000215194, 8.11081e-05
390, 379, 0.000211797, 0.000116307
390, 380, 0.000257549, 0.000120923
390, 381, 0.000214593, 4.77311e-05
390, 382, 0.000111849, 5.25732e-05
390, 383, 0.000145535, 5.6598e-05
390, 384, 0.000140146, 2.5917e-05
390, 387, 0.000118899, 2.95859e-05
390, 388, 2.90001e-05, 6.28312e-05
390, 389, 3.23482e-05, 9.68723e-05
391, 380, 0.000289354, 0.000118015
391, 381, 0.000236104, 5.15455e-05
391, 382, 0.000141052, 5.12546e-05
391, 383, 0.000170648, 5.75112e-05
391, 384, 0.000168267, 2.21367e-05
391, 387, 0.000144361, 3.16937e-05
391, 388, 4.85386e-05, 6.57064e-05
391, 389, 3.8506e-05, 0.00010014
391, 390, 7.11685e-05, 7.65497e-05
392, 381, 0.000304835, 5.26443e-05
392, 382, 0.000186713, 5.40892e-05
392, 383, 0.0002414, 5.70403e-05
392, 384, 0.000232118, 2.06383e-05
392, 387, 0.000218657, 2.93324e-05
392, 388, 0.000104623, 6.32557e-05
392, 389, 0.000116836, 9.95569e-05
392, 390, 0.00010914, 7.67254e-05
392, 391, 0.00011705, 0.000115591
393, 381, 0.000415531, 5.0508e-05
393, 382, 0.00029754, 5.36958e-05
393, 383, 0.000342495, 5.65412e-05
393, 384, 0.000333584, 2.04933e-05
393, 387, 0.000311611, 3.00561e-05
393, 388, 0.000212819, 6.16696e-05
393, 389, 0.00020162, 0.000102796
393, 390, 0.000220861, 7.72936e-05
393, 391, 0.000217247, 0.000122137
393, 392, 3.97189e-05, 0.000103072
395, 383, 0.000383217, 5.73753e-05
395, 384, 0.000379874, 1.9592e-05
395, 387, 0.000360588, 3.12522e-05
395, 388, 0.000258787, 6.04971e-05
395, 389, 0.000252093, 9.91475e-05
395, 390, 0.000270336, 7.86427e-05
395, 391, 0.00026262, 0.000113848
395, 392, 7.53386e-05, 0.000105591
395, 393, 0.000148902, 9.8358e-05
396, 383, 0.000510376, 5.75616e-05
396, 384, 0.000507713, 2.17836e-05
396, 387, 0.000490739, 2.87864e-05
396, 388, 0.000379948, 6.16614e-05
396, 389, 0.000384765, 0.000102371
396, 390, 0.00038652, 7.8705e-05
396, 391, 0.000391892, 0.000109862
396, 392, 0.00019369, 0.000102431
396, 393, 0.000282218, 9.96963e-05
396, 395, 0.00014268, 2.60358e-05
397, 387, 0.000714781, 2.94792e-05
397, 388, 0.00060846, 6.12963e-05
397, 389, 0.000604804, 0.000100865
397, 390, 0.000620748, 7.68706e-05
397, 391, 0.000622397, 0.00011564
397, 392, 0.000424788, 0.000102441
397, 393, 0.000506933, 0.000101278
397, 395, 0.000378992, 2.40275e-05
397, 396, 0.000265998, 2.90571e-05
398, 388, 0.000666066, 6.31395e-05
398, 389, 0.000656747, 9.75333e-05
398, 390, 0.000676826, 7.98677e-05
398, 391, 0.000682754, 0.000112151
398, 392, 0.000479375, 0.000101564
398, 393, 0.000560622, 9.85847e-05
398, 395, 0.000431919, 2.3978e-05
398, 396, 0.000318698, 2.66053e-05
398, 397, 5.25834e-05, 2.54569e-05
399, 390, 0.000951055, 7.76008e-05
399, 391, 0.000950304, 0.000111915
399, 392, 0.000749352, 9.94442e-05
399, 393, 0.000831602, 9.69146e-05
399, 395, 0.000704432, 2.44514e-05
399, 396, 0.000585449, 2.97455e-05
399, 397, 0.000307132, 2.7011e-05
399, 398, 0.000278502, 4.58813e-05
400, 392, 0.000801851, 9.84673e-05
400, 393, 0.000885959, 9.59014e-05
400, 395, 0.000760868, 2.4509e-05
400, 396, 0.000639833, 3.29612e-05
400, 397, 0.000364105, 2.58522e-05
400, 398, 0.000333007, 4.51875e-05
400, 399, 5.84279e-05, 0.000136078
401, 393, 0.00103102, 9.61489e-05
401, 395, 0.00089679, 2.74705e-05
401, 396, 0.000782595, 3.07644e-05
401, 397, 0.000508252, 2.69767e-05
401, 398, 0.000475353, 4.68919e-05
401, 399, 0.000199277, 0.000136482
401, 400, 0.000129366, 3.59033e-05
402, 396, 0.000881337, 3.0392e-05
402, 397, 0.000615197, 2.66404e-05
402, 398, 0.000577218, 4.77993e-05
402, 399, 0.000305544, 0.000134673
402, 400, 0.000229081, 3.60916e-05
402, 401, 0.000178158, 3.05432e-05
403, 395, 0.000933826, 2.38169e-05
403, 396, 0.000804626, 2.9003e-05
403, 397, 0.000538532, 2.7722e-05
403, 398, 0.000500265, 4.59879e-05
403, 399, 0.00022538, 0.00013512
403, 400, 0.000155221, 3.83357e-05
403, 401, 0.000107538, 3.05547e-05
403, 402, 4.62949e-05, 3.13384e-05
404, 396, 0.00104829, 2.82397e-05
404, 397, 0.000770545, 2.51928e-05
404, 398, 0.000737594, 4.706e-05
404, 399, 0.000461437, 0.000138101
404, 400, 0.000391907, 3.96165e-05
404, 401, 0.00033937, 3.01154e-05
404, 402, 0.000200756, 2.61144e-05
404, 403, 0.000255407, 5.03174e-05
406, 397, 0.00148734, 2.99667e-05
406, 399, 0.00117202, 0.000136576
406, 400, 0.00110396, 3.64721e-05
406, 401, 0.00105737, 2.80069e-05
406, 402, 0.000911247, 2.63518e-05
406, 403, 0.000973418, 4.96808e-05
406, 404, 0.000679102, 8.34598e-05
407, 398, 0.00142046, 4.50164e-05
407, 399, 0.00113535, 0.00013564
407, 400, 0.00107015, 3.93499e-05
407, 401, 0.00102445, 3.13745e-05
407, 402, 0.000882968, 2.78889e-05
407, 403, 0.000929422, 5.42077e-05
407, 404, 0.00064936, 8.15542e-05
407, 406, 2.19153e-05, 5.83019e-05
408, 399, 0.00129884, 0.000141346
408, 400, 0.00122523, 3.79953e-05
408, 401, 0.00117879, 2.68672e-05
408, 402, 0.00103753, 2.87057e-05
408, 403, 0.00108624, 5.40378e-05
408, 404, 0.000808202, 7.73458e-05
408, 406, 0.000184278, 6.39108e-05
408, 407, 0.000196011, 8.32912e-05
410, 404, 0.00234518, 8.08323e-05
410, 406, 0.00170904, 6.38863e-05
410, 407, 0.00173442, 9.40164e-05
410, 408, 0.00155663, 0.000123355
411, 406, 0.00200938, 6.13031e-05
411, 407, 0.0020324, 8.86196e-05
411, 408, 0.00185486, 0.000127135
411, 410, 0.000304714, 8.88862e-05
412, 406, 0.00344526, 6.30305e-05
412, 407, 0.00347405, 9.04373e-05
412, 408, 0.00329551, 0.000127178
412, 410, 0.00173936, 9.29772e-05
412, 411, 0.00141994, 0.000113455
413, 410, 0.00497662, 8.9807e-05
413, 411, 0.00464455, 0.00011108
413, 412, 0.00319619, 8.43076e-05
414, 412, 0.00488051, 8.63845e-05
414, 413, 0.00165172, 5.51675e-05
415, 412, 0.00495365, 8.29274e-05
415, 413, 0.00172067, 6.39847e-05
415, 414, 5.73996e-05, 7.11166e-05
416, 413, 0.0023089, 6.29085e-05
416, 414, 0.000648122, 7.15817e-05
416, 415, 0.000659654, 6.8717e-05
417, 413, 0.00227974, 6.28082e-05
417, 414, 0.000611926, 7.12138e-05
417, 415, 0.000630772, 6.65661e-05
417, 416, 3.39792e-05, 5.90537e-05
420, 413, 0.00239977, 6.23976e-05
420, 414, 0.000731938, 7.17382e-05
420, 415, 0.000747294, 7.28743e-05
420, 416, 0.00013732, 5.73494e-05
420, 417, 8.43476e-05, 5.52302e-05
421, 413, 0.00234285, 6.10075e-05
421, 414, 0.000671788, 6.96302e-05
421, 415, 0.000691119, 7.06232e-05
421, 416, 7.5537e-05, 5.8592e-05
421, 417, 4.17458e-05, 5.69267e-05
421, 420, 6.91708e-05, 6.72938e-05
422, 414, 0.000931588, 6.88733e-05
422, 415, 0.000936422, 6.68445e-05
422, 416, 0.00032076, 6.20689e-05
422, 417, 0.000242042, 5.7837e-05
422, 420, 0.000210276, 6.72925e-05
422, 421, 0.000165586, 2.98961e-05
423, 414, 0.000935783, 7.23313e-05
423, 415, 0.00095062, 6.67405e-05
423, 416, 0.000332312, 6.18308e-05
423, 417, 0.000258031, 5.75787e-05
423, 420, 0.00022511, 6.73275e-05
423, 421, 0.000183949, 2.88977e-05
423, 422, 5.71213e-05, 6.74559e-05
424, 414, 0.00102792, 7.33458e-05
424, 415, 0.00104284, 6.92925e-05
424, 416, 0.000420707, 6.43268e-05
424, 417, 0.000347547, 5.97634e-05
424, 420, 0.000302707, 6.69449e-05
424, 421, 0.000264511, 2.58194e-05
424, 422, 5.30552e-05, 6.87177e-05
424, 423, 9.9573e-05, 0.000125089
425, 414, 0.00102017, 6.88906e-05
425, 415, 0.00103809, 7.17981e-05
425, 416, 0.000425353, 6.35673e-05
425, 417, 0.000349282, 5.76029e-05
425, 420, 0.000313566, 6.25947e-05
425, 421, 0.000264505, 2.55795e-05
425, 422, 7.11222e-05, 6.76553e-05
425, 423, 0.000117126, 0.000124136
425, 424, 8.1433e-05, 3.90098e-05
426, 416, 0.000580834, 6.53224e-05
426, 417, 0.000509616, 5.85572e-05
426, 420, 0.000472867, 6.83119e-05
426, 421, 0.000428799, 2.8879e-05
426, 422, 0.000209344, 6.87746e-05
426, 423, 0.000266068, 0.000127467
426, 424, 0.000210072, 3.68339e-05
426, 425, 0.000174438, 0.000118922
427, 416, 0.000737103, 6.26732e-05
427, 417, 0.000656286, 6.0962e-05
427, 420, 0.000613113, 7.12464e-05
427, 421, 0.000569495, 2.94152e-05
427, 422, 0.000348002, 7.12969e-05
427, 423, 0.000401346, 0.000126504
427, 424, 0.000349163, 4.11596e-05
427, 425, 0.00030961, 0.000117182
427, 426, 0.000123481, 0.000132021
428, 416, 0.000736647, 6.25181e-05
428, 417, 0.000657247, 5.86667e-05
428, 420, 0.000618993, 6.87674e-05
428, 421, 0.00057155, 2.73106e-05
428, 422, 0.000353241, 6.95541e-05
428, 423, 0.000405088, 0.000126506
428, 424, 0.000348158, 4.00543e-05
428, 425, 0.000313915, 0.000119608
428, 426, 0.000135077, 0.00013167
428, 427, 8.33189e-05, 8.96417e-05
430, 420, 0.000967317, 7.19417e-05
430, 421, 0.000915711, 3.6165e-05
430, 422, 0.000694139, 7.29117e-05
430, 423, 0.000747672, 0.000126737
430, 424, 0.00069045, 4.46372e-05
430, 425, 0.00065412, 0.000119597
430, 426, 0.000465008, 0.000134112
430, 427, 0.000347759, 9.14002e-05
430, 428, 0.000324897, 9.03079e-05
431, 422, 0.00108051, 7.59885e-05
431, 423, 0.0011319, 0.000128138
431, 424, 0.00107138, 4.68132e-05
431, 425, 0.00103075, 0.000120856
431, 426, 0.000846722, 0.00013426
431, 427, 0.000722369, 9.04492e-05
431, 428, 0.000697273, 9.49735e-05
431, 430, 0.000323523, 5.40736e-05
432, 424, 0.00112078, 4.72584e-05
432, 425, 0.00107816, 0.000123729
432, 426, 0.000889092, 0.000132679
432, 427, 0.000770089, 9.23629e-05
432, 428, 0.000741153, 9.41764e-05
432, 430, 0.000371166, 5.36147e-05
432, 431, 5.39468e-05, 3.79275e-05
433, 427, 0.00134378, 9.75039e-05
433, 428, 0.00131014, 9.88456e-05
433, 430, 0.000938768, 5.82978e-05
433, 431, 0.000603659, 4.75356e-05
433, 432, 0.000598285, 8.73512e-05
434, 427, 0.00139956, 9.48988e-05
434, 428, 0.00136833, 0.000100919
434, 430, 0.000982908, 6.25099e-05
434, 431, 0.000650494, 4.72497e-05
434, 432, 0.000658764, 8.78002e-05
434, 433, 0.000110422, 6.46348e-05
435, 430, 0.00137098, 7.04583e-05
435, 431, 0.00103349, 5.66163e-05
435, 432, 0.00102685, 9.5696e-05
435, 433, 0.000450136, 6.89366e-05
435, 434, 0.00031686, 5.23284e-05
436, 430, 0.0015511, 7.35722e-05
436, 431, 0.00120741, 6.14391e-05
436, 432, 0.00119975, 9.51775e-05
436, 433, 0.000620116, 7.05582e-05
436, 434, 0.000492336, 5.66714e-05
436, 435, 0.000164131, 6.32268e-05
437, 431, 0.00145321, 6.78348e-05
437, 432, 0.00144555, 9.93778e-05
437, 433, 0.000860159, 7.66701e-05
437, 434, 0.000726618, 6.11127e-05
437, 435, 0.000393068, 6.64475e-05
437, 436, 0.000231456, 6.45133e-05
438, 431, 0.0016671, 7.13625e-05
438, 433, 0.00107517, 8.09471e-05
438, 434, 0.000943126, 6.91308e-05
438, 435, 0.000605772, 6.79001e-05
438, 436, 0.000438032, 6.56342e-05
438, 437, 0.000290903, 8.65184e-05
439, 433, 0.0011789, 8.36616e-05
439, 434, 0.00104557, 6.93206e-05
439, 435, 0.000705383, 7.31669e-05
439, 436, 0.000531259, 7.27034e-05
439, 437, 0.000387058, 8.87376e-05
439, 438, 0.000140255, 8.67971e-05
440, 434, 0.00120285, 7.16924e-05
440, 435, 0.000861802, 7.66097e-05
440, 436, 0.000688285, 7.29899e-05
440, 437, 0.0005438, 8.9752e-05
440, 438, 0.000282258, 9.25423e-05
440, 439, 0.000181257, 0.00013855
441, 435, 0.000944047, 8.44447e-05
441, 436, 0.000769394, 7.78083e-05
441, 437, 0.000622787, 9.28881e-05
441, 438, 0.000359697, 9.13768e-05
441, 439, 0.000254817, 0.000139844
441, 440, 0.000120149, 0.000115775
442, 435, 0.000969377, 8.12408e-05
442, 436, 0.000797996, 7.64139e-05
442, 437, 0.000646406, 9.35061e-05
442, 438, 0.000388635, 9.85692e-05
442, 439, 0.000277322, 0.000139794
442, 440, 0.000128768, 0.000113385
442, 441, 0.000118557, 0.00010335
443, 436, 0.000933724, 7.94177e-05
443, 437, 0.000786555, 9.64182e-05
443, 438, 0.000523284, 9.74775e-05
443, 439, 0.000412054, 0.000141072
443, 440, 0.000255032, 0.000117862
443, 441, 0.000206659, 0.000106971
443, 442, 0.000131428, 0.000120137
445, 436, 0.000869126, 7.98518e-05
445, 437, 0.000715788, 9.92689e-05
445, 438, 0.000453791, 9.77686e-05
445, 439, 0.000345897, 0.000142904
445, 440, 0.000190415, 0.000120248
445, 441, 0.000151554, 0.000106355
445, 442, 9.22192e-05, 0.000121488
445, 443, 0.000109128, 9.23181e-05
447, 437, 0.000946426, 9.95379e-05
447, 438, 0.000676458, 9.8112e-05
447, 439, 0.000565606, 0.000142973
447, 440, 0.00040991, 0.000119787
447, 441, 0.000339488, 0.000109587
447, 442, 0.000263791, 0.000126043
447, 443, 0.000177936, 9.72185e-05
447, 445, 0.000261384, 0.000117485
448, 437, 0.000930732, 9.8107e-05
448, 438, 0.000667983, 0.000100639
448, 439, 0.000556441, 0.00014297
448, 440, 0.000392088, 0.000122353
448, 441, 0.000331979, 0.000109582
448, 442, 0.000254633, 0.000125325
448, 443, 0.000169218, 9.61876e-05
448, 445, 0.000252276, 0.000120742
448, 447, 0.000102619, 0.000119646
449, 438, 0.000673096, 0.000102594
449, 439, 0.000565292, 0.00014508
449, 440, 0.000405467, 0.000122477
449, 441, 0.00034622, 0.000111126
449, 442, 0.000270091, 0.000124945
449, 443, 0.000178047, 9.82369e-05
449, 445, 0.000261434, 0.000118082
449, 447, 0.000104931, 0.000117793
449, 448, 0.000116251, 0.00010857
450, 438, 0.000723898, 9.91245e-05
450, 439, 0.000609257, 0.000146784
450, 440, 0.000447271, 0.000120122
450, 441, 0.000384257, 0.000109156
450, 442, 0.000309337, 0.000126436
450, 443, 0.000218895, 9.76001e-05
450, 445, 0.00030044, 0.000116065
450, 447, 0.000132877, 0.000117625
450, 448, 0.000144327, 0.000108343
450, 449, 8.92702e-05, 0.000100787
452, 439, 0.000781496, 0.000146147
452, 440, 0.00062194, 0.000120879
452, 441, 0.000545607, 0.000114507
452, 442, 0.000465661, 0.000131171
452, 443, 0.000375529, 0.000102353
452, 445, 0.000462682, 0.000124884
452, 447, 0.000280265, 0.000128257
452, 448, 0.000280237, 0.000116537
452, 449, 0.000197331, 0.000109901
452, 450, 0.000177526, 0.000142154
453, 441, 0.000682731, 0.000115925
453, 442, 0.000604331, 0.000131661
453, 443, 0.000518435, 0.000105487
453, 445, 0.000598673, 0.00012585
453, 447, 0.000413552, 0.000122772
453, 448, 0.000415111, 0.000114118
453, 449, 0.00033125, 0.00010938
453, 450, 0.000310211, 0.000142191
453, 452, 0.000169313, 0.000117854
454, 441, 0.000626629, 0.000121913
454, 442, 0.000556385, 0.000131108
454, 443, 0.000455685, 0.000102127
454, 445, 0.000544833, 0.000120272
454, 447, 0.000359105, 0.000122246
454, 448, 0.000360748, 0.00011762
454, 449, 0.000276276, 0.000108117
454, 450, 0.000258242, 0.000142201
454, 452, 0.000132031, 0.000114884
454, 453, 0.000103258, 9.36866e-05
456, 443, 0.00067237, 0.00011004
456, 445, 0.000760044, 0.000126152
456, 447, 0.00056512, 0.000127585
456, 448, 0.000560161, 0.000120187
456, 449, 0.000482345, 0.000119726
456, 450, 0.000457058, 0.000140365
456, 452, 0.00031572, 0.000118753
456, 453, 0.000247031, 9.36714e-05
456, 454, 0.00019042, 0.000119452
457, 447, 0.000725931, 0.000128102
457, 448, 0.000733969, 0.00012907
457, 449, 0.000644255, 0.000123699
457, 450, 0.000625547, 0.000150607
457, 452, 0.000471481, 0.000123855
457, 453, 0.000403378, 0.000102446
457, 454, 0.000342391, 0.000125266
457, 456, 0.000206983, 0.000136071
458, 447, 0.000726315, 0.00013315
458, 448, 0.000720873, 0.000125933
458, 449, 0.00063971, 0.000118247
458, 450, 0.000615032, 0.000150764
458, 452, 0.000463649, 0.000123889
458, 453, 0.000392957, 0.000103766
458, 454, 0.000328988, 0.000121869
458, 456, 0.000196893, 0.000138169
458, 457, 0.000108811, 0.000140774
459, 450, 0.000711619, 0.000150541
459, 452, 0.000555088, 0.000127562
459, 453, 0.000486053, 0.000104422
459, 454, 0.00042861, 0.000127427
459, 456, 0.000282271, 0.000139906
459, 457, 0.000177448, 0.000143501
459, 458, 0.000168326, 0.000113924
460, 452, 0.000668755, 0.000128986
460, 453, 0.000598274, 0.000107841
460, 454, 0.000533175, 0.000127142
460, 456, 0.000389793, 0.000143033
460, 457, 0.000262248, 0.000145244
460, 458, 0.000245326, 0.000116834
460, 459, 0.000130739, 0.000137455
461, 452, 0.000607004, 0.000129439
461, 453, 0.000536863, 0.000110327
461, 454, 0.000477514, 0.000128309
461, 456, 0.000340166, 0.000142268
461, 457, 0.00021167, 0.000146061
461, 458, 0.000193771, 0.000116194
461, 459, 0.000113325, 0.000135159
461, 460, 0.000121851, 0.000135592
462, 452, 0.000651652, 0.000133442
462, 453, 0.000582903, 0.000106721
462, 454, 0.000517091, 0.000127471
462, 456, 0.00037845, 0.000142566
462, 457, 0.000247694, 0.000147745
462, 458, 0.000230228, 0.000117421
462, 459, 0.000134727, 0.000136001
462, 460, 0.0001199, 0.00013659
462, 461, 0.000123172, 0.000143636
463, 453, 0.000654624, 0.000109641
463, 454, 0.000586418, 0.00012826
463, 456, 0.000451138, 0.000146384
463, 457, 0.000303511, 0.000145112
463, 458, 0.000295105, 0.000121224
463, 459, 0.000184806, 0.000136816
463, 460, 0.000152206, 0.00013321
463, 461, 0.000123964, 0.000144126
463, 462, 0.000146472, 0.0001409
464, 456, 0.000462903, 0.000147076
464, 457, 0.000328997, 0.000146572
464, 458, 0.000309586, 0.000123531
464, 459, 0.000186977, 0.00014252
464, 460, 0.000168193, 0.00013449
464, 461, 0.000141398, 0.000145408
464, 462, 0.000153157, 0.000144942
464, 463, 0.000123733, 0.000121056
465, 456, 0.000541247, 0.000145497
465, 457, 0.000397384, 0.000149394
465, 458, 0.000389112, 0.000124818
465, 459, 0.000254406, 0.000141088
465, 460, 0.000229069, 0.000141637
465, 461, 0.000189899, 0.000145409
465, 462, 0.000210028, 0.000142179
465, 463, 0.000130008, 0.000122476
465, 464, 0.000125031, 0.000118084
466, 456, 0.000541781, 0.00014817
466, 457, 0.00040065, 0.000149462
466, 458, 0.000388696, 0.000122535
466, 459, 0.000258444, 0.000139852
466, 460, 0.000229528, 0.000137624
466, 461, 0.000198407, 0.000145967
466, 462, 0.000215858, 0.000143493
466, 463, 0.000132645, 0.000121564
466, 464, 0.000130483, 0.000120786
466, 465, 0.00013383, 0.000120268
467, 457, 0.000468687, 0.000150691
467, 458, 0.00045307, 0.00012655
467, 459, 0.000329435, 0.000141657
467, 460, 0.000290491, 0.000141482
467, 461, 0.000243485, 0.000148308
467, 462, 0.000281845, 0.000148485
467, 463, 0.00016625, 0.000120364
467, 464, 0.000159748, 0.000121086
467, 465, 0.000163132, 0.000118845
467, 466, 0.000133549, 0.000152772
468, 457, 0.000437174, 0.000149775
468, 458, 0.000414019, 0.000126567
468, 459, 0.000291896, 0.000146592
468, 460, 0.000252531, 0.000142646
468, 461, 0.000215733, 0.000145794
468, 462, 0.000245772, 0.000145636
468, 463, 0.000139629, 0.000122962
468, 464, 0.000133872, 0.000124638
468, 465, 0.000138565, 0.000118508
468, 466, 0.000117426, 0.000153612
468, 467, 0.000117568, 0.000120315
469, 457, 0.000464669, 0.000151451
469, 458, 0.000450767, 0.000122588
469, 459, 0.000330298, 0.000142462
469, 460, 0.000295462, 0.000141426
469, 461, 0.000247626, 0.000152421
469, 462, 0.000283216, 0.000147031
469, 463, 0.00017042, 0.000127713
469, 464, 0.000161857, 0.000118726
469, 465, 0.000168584, 0.000122838
469, 466, 0.0001413, 0.000150125
469, 467, 0.000130934, 0.000120566
469, 468, 0.000139474, 0.000179148
470, 457, 0.000474127, 0.000151711
470, 458, 0.000454445, 0.000122299
470, 459, 0.000318547, 0.000140814
470, 460, 0.000294445, 0.00014262
470, 461, 0.00024827, 0.000150597
470, 462, 0.000271702, 0.000146992
470, 463, 0.000167987, 0.000121192
470, 464, 0.000163132, 0.000121217
470, 465, 0.000163192, 0.000121132
470, 466, 0.000129126, 0.000149618
470, 467, 0.000124988, 0.000121736
470, 468, 0.00011896, 0.000180084
470, 469, 0.000136575, 0.000177265
471, 459, 0.000493165, 0.000149654
471, 460, 0.000458055, 0.000144658
471, 461, 0.000418259, 0.000154533
471, 462, 0.000447579, 0.000151169
471, 463, 0.00032117, 0.000128039
471, 464, 0.000317096, 0.000124196
471, 465, 0.000317437, 0.000124532
471, 466, 0.000261161, 0.000153595
471, 467, 0.000239932, 0.000125826
471, 468, 0.000240289, 0.000180754
471, 469, 0.000201986, 0.000183148
471, 470, 0.000230809, 0.000126971
472, 460, 0.000440632, 0.0001489
472, 461, 0.000392768, 0.000151541
472, 462, 0.000422424, 0.000154676
472, 463, 0.000301407, 0.00013119
472, 464, 0.0002984, 0.000127482
472, 465, 0.000292872, 0.000123007
472, 466, 0.000242406, 0.000154061
472, 467, 0.000221376, 0.000124868
472, 468, 0.000214607, 0.000181045
472, 469, 0.000184989, 0.000183137
472, 470, 0.000206973, 0.000132672
472, 471, 0.000122465, 0.00015154
473, 462, 0.000487194, 0.000156451
473, 463, 0.000350987, 0.000130729
473, 464, 0.000351258, 0.000128976
473, 465, 0.000348417, 0.000126823
473, 466, 0.000293796, 0.000153577
473, 467, 0.000271845, 0.000125425
473, 468, 0.000268231, 0.00018597
473, 469, 0.000231575, 0.00018431
473, 470, 0.00026411, 0.000129343
473, 471, 0.000142034, 0.000147211
473, 472, 0.000154215, 0.000154808
474, 463, 0.000459595, 0.000133508
474, 464, 0.000449816, 0.000130314
474, 465, 0.00045134, 0.000127082
474, 466, 0.000391137, 0.000158437
474, 467, 0.0003682, 0.000130442
474, 468, 0.000369501, 0.000183972
474, 469, 0.000319305, 0.000186149
474, 470, 0.000358327, 0.00013296
474, 471, 0.00020936, 0.000151649
474, 472, 0.000232263, 0.000155207
474, 473, 0.000161573, 0.000128414
475, 465, 0.000648147, 0.000134164
475, 466, 0.00058542, 0.000162526
475, 467, 0.000565392, 0.00013525
475, 468, 0.00056111, 0.000191708
475, 469, 0.000514754, 0.000190528
475, 470, 0.00055423, 0.000142292
475, 471, 0.000397806, 0.000155769
475, 472, 0.000413257, 0.000156796
475, 473, 0.000335111, 0.00014145
475, 474, 0.000295723, 0.000155892
476, 466, 0.000531563, 0.000162425
476, 467, 0.000509707, 0.000134564
476, 468, 0.000512514, 0.000191164
476, 469, 0.000463686, 0.00018947
476, 470, 0.000510623, 0.000139164
476, 471, 0.000351705, 0.000155851
476, 472, 0.000369218, 0.000159664
476, 473, 0.000290038, 0.000135045
476, 474, 0.000261214, 0.000152205
476, 475, 0.000163532, 0.000144279
477, 469, 0.000758206, 0.000197016
477, 470, 0.000804975, 0.000148751
477, 471, 0.000648896, 0.000167711
477, 472, 0.000668844, 0.000168063
477, 473, 0.000582056, 0.000146535
477, 474, 0.000544833, 0.000161827
477, 475, 0.000333823, 0.000150748
477, 476, 0.000375926, 0.000155051
478, 471, 0.000770636, 0.000168294
478, 472, 0.000794431, 0.000170516
478, 473, 0.00070274, 0.000147258
478, 474, 0.000676139, 0.000163251
478, 475, 0.000455038, 0.000157031
478, 476, 0.000499888, 0.00016009
478, 477, 0.000239011, 0.00014767
479, 471, 0.000716301, 0.000167918
479, 472, 0.000735981, 0.000171189
479, 473, 0.000651476, 0.00014958
479, 474, 0.00062007, 0.000165433
479, 475, 0.000403206, 0.000156158
479, 476, 0.000449189, 0.000157393
479, 477, 0.000204516, 0.000147779
479, 478, 0.000154598, 0.000154677
480, 474, 0.00091222, 0.000172143
480, 475, 0.00068958, 0.000166008
480, 476, 0.00074321, 0.000162597
480, 477, 0.000467459, 0.000156465
480, 478, 0.000350086, 0.000163376
480, 479, 0.000391969, 0.000196252
481, 475, 0.000756219, 0.000167867
481, 476, 0.00080548, 0.00016995
481, 477, 0.000523246, 0.000159673
481, 478, 0.000402115, 0.000167951
481, 479, 0.000452258, 0.00019533
481, 480, 0.000189695, 0.000157673
482, 475, 0.000825695, 0.000166968
482, 476, 0.000879695, 0.000172943
482, 477, 0.000605471, 0.000160428
482, 478, 0.000484301, 0.000169655
482, 479, 0.000532223, 0.000199173
482, 480, 0.000254384, 0.000156475
482, 481, 0.000163519, 0.000162976
483, 475, 0.000912187, 0.000169954
483, 477, 0.000679696, 0.000163844
483, 478, 0.00055301, 0.000167923
483, 479, 0.0006034, 0.000200717
483, 480, 0.000307617, 0.00016036
483, 481, 0.000203482, 0.000166023
483, 482, 0.000177963, 0.000159488
484, 477, 0.000826996, 0.000166892
484, 478, 0.000700861, 0.00017289
484, 479, 0.000744293, 0.00020464
484, 480, 0.000447957, 0.000166285
484, 481, 0.000305225, 0.000170862
484, 482, 0.000287473, 0.000167944
484, 483, 0.000211047, 0.000194689
485, 477, 0.000787598, 0.000167232
485, 478, 0.000665084, 0.00017153
485, 479, 0.000715053, 0.000203825
485, 480, 0.000415358, 0.000164201
485, 481, 0.000276038, 0.000171837
485, 482, 0.000266674, 0.000165057
485, 483, 0.000194533, 0.000194197
485, 484, 0.000202533, 0.00017558
486, 477, 0.000889552, 0.000167307
486, 478, 0.000765401, 0.000174795
486, 479, 0.000811001, 0.00020472
486, 480, 0.000504986, 0.00016578
486, 481, 0.000361608, 0.000172731
486, 482, 0.000343402, 0.000168229
486, 483, 0.00026469, 0.000197917
486, 484, 0.000198, 0.000174581
486, 485, 0.000213302, 0.000175087
487, 480, 0.000669706, 0.000173933
487, 481, 0.000524734, 0.000179152
487, 482, 0.000489402, 0.000172627
487, 483, 0.0004137, 0.000203676
487, 484, 0.000286841, 0.000182165
487, 485, 0.000344314, 0.000177122
487, 486, 0.000298159, 0.000196284
488, 480, 0.000779043, 0.000172602
488, 481, 0.000642471, 0.000181497
488, 482, 0.00059722, 0.000172302
488, 483, 0.000521282, 0.00020211
488, 484, 0.000386592, 0.000183721
488, 485, 0.000443126, 0.000178845
488, 486, 0.000397492, 0.000197965
488, 487, 0.000213575, 0.000185798
489, 481, 0.000747069, 0.000181593
489, 482, 0.000715668, 0.000176451
489, 483, 0.000633846, 0.000205621
489, 484, 0.000494699, 0.000183693
489, 485, 0.000553922, 0.00018065
489, 486, 0.000507412, 0.000200004
489, 487, 0.000293252, 0.000185188
489, 488, 0.000248181, 0.000195683
490, 482, 0.000694227, 0.000179303
490, 483, 0.000611553, 0.000207619
490, 484, 0.000479449, 0.000185285
490, 485, 0.000546176, 0.000178362
490, 486, 0.000490663, 0.000200062
490, 487, 0.000274588, 0.000185212
490, 488, 0.000239276, 0.000197108
490, 489, 0.000192582, 0.000185971
491, 484, 0.000525265, 0.00018407
491, 485, 0.000583913, 0.00018403
491, 486, 0.000546265, 0.000204492
491, 487, 0.000325656, 0.000187735
491, 488, 0.000278648, 0.000198965
491, 489, 0.000218554, 0.000183792
491, 490, 0.000195127, 0.00019633
492, 484, 0.000675071, 0.00019082
492, 485, 0.000749641, 0.000185248
492, 486, 0.000696393, 0.000204233
492, 487, 0.0004675, 0.000188744
492, 488, 0.000408044, 0.000201874
492, 489, 0.000329128, 0.000191985
492, 490, 0.000280809, 0.000199461
492, 491, 0.000230797, 0.000194188
493, 486, 0.000761668, 0.000206155
493, 487, 0.000530231, 0.000195283
493, 488, 0.000479637, 0.000204335
493, 489, 0.000394311, 0.000190783
493, 490, 0.000327646, 0.000200302
493, 491, 0.000281098, 0.000200371
493, 492, 0.000223382, 0.00018968
494, 486, 0.000835173, 0.000205763
494, 487, 0.000595259, 0.000193144
494, 488, 0.000541939, 0.000204303
494, 489, 0.00045136, 0.000194232
494, 490, 0.000388552, 0.0002005
494, 491, 0.000331809, 0.00020009
494, 492, 0.000268284, 0.00019249
494, 493, 0.000193231, 0.000186272
495, 487, 0.0006982, 0.000195676
495, 488, 0.000638161, 0.000208741
495, 489, 0.000552292, 0.000198208
495, 490, 0.000499125, 0.000204531
495, 491, 0.000426677, 0.000202893
495, 492, 0.000365906, 0.000192203
495, 493, 0.000274544, 0.000187993
495, 494, 0.000262477, 0.000187444
496, 488, 0.000681024, 0.000211528
496, 489, 0.000599144, 0.000199362
496, 490, 0.000528095, 0.000208392
496, 491, 0.000471962, 0.000207073
496, 492, 0.000400442, 0.000197812
496, 493, 0.000295764, 0.000189899
496, 494, 0.000291812, 0.000189344
496, 495, 0.000221316, 0.00020575
497, 488, 0.000744376, 0.00021014
497, 489, 0.000665809, 0.000198066
497, 490, 0.000598967, 0.000206357
497, 491, 0.000539953, 0.000211039
497, 492, 0.000468891, 0.000196281
497, 493, 0.00035451, 0.000190992
497, 494, 0.000344944, 0.000192475
497, 495, 0.000228965, 0.000206673
497, 496, 0.000198666, 0.000199317
498, 489, 0.000634129, 0.000197393
498, 490, 0.000568164, 0.000206919
498, 491, 0.000506525, 0.000207502
498, 492, 0.000435816, 0.000197606
498, 493, 0.000334531, 0.000192526
498, 494, 0.000316662, 0.000193001
498, 495, 0.000207157, 0.000205205
498, 496, 0.000194585, 0.000202726
498, 497, 0.000193551, 0.000203019
499, 492, 0.000641825, 0.000200764
499, 493, 0.000520958, 0.000197956
499, 494, 0.000521524, 0.00019628
499, 495, 0.000367295, 0.000209063
499, 496, 0.000289517, 0.000203206
499, 497, 0.000297513, 0.00020373
499, 498, 0.000315777, 0.000208961
500, 493, 0.000560657, 0.000195087
500, 494, 0.000551217, 0.00019779
500, 495, 0.00039416, 0.00021108
500, 496, 0.000320651, 0.000205584
500, 497, 0.000325147, 0.000208696
500, 498, 0.000348883, 0.000214211
500, 499, 0.000208238, 0.000210432
501, 492, 0.000689805, 0.000201008
501, 493, 0.000565707, 0.000195923
501, 494, 0.000557156, 0.000197565
501, 495, 0.000397248, 0.00020951
501, 496, 0.000323151, 0.000206996
501, 497, 0.000331579, 0.000204202
501, 498, 0.00035548, 0.000214146
501, 499, 0.000215701, 0.000211454
501, 500, 0.000215996, 0.000198727
502, 495, 0.000537735, 0.000216292
502, 496, 0.000452337, 0.000210709
502, 497, 0.000460653, 0.000213181
502, 498, 0.000487287, 0.000222482
502, 499, 0.000304992, 0.000212293
502, 500, 0.000264118, 0.000201559
502, 501, 0.000264401, 0.00021034
503, 495, 0.0005207, 0.00021466
503, 496, 0.000438866, 0.000210151
503, 497, 0.000449195, 0.000210861
503, 498, 0.000474874, 0.000217903
503, 499, 0.000286597, 0.000209318
503, 500, 0.000248371, 0.000205397
503, 501, 0.00024792, 0.000210239
503, 502, 0.000211021, 0.000209715
504, 496, 0.000550551, 0.000211156
504, 497, 0.000556511, 0.000211892
504, 498, 0.000585337, 0.000222397
504, 499, 0.000384571, 0.000217623
504, 500, 0.000327395, 0.000203911
504, 501, 0.000336719, 0.000213032
504, 502, 0.000226296, 0.000209018
504, 503, 0.000224477, 0.000205256
505, 495, 0.000649619, 0.000215766
505, 496, 0.000560666, 0.000212375
505, 497, 0.000565823, 0.000212863
505, 498, 0.000595928, 0.000221114
505, 499, 0.000392669, 0.00021563
505, 500, 0.000343049, 0.000205068
505, 501, 0.000346174, 0.000211176
505, 502, 0.000236165, 0.000210232
505, 503, 0.000235483, 0.000205446
505, 504, 0.000205787, 0.000216342
506, 497, 0.000662427, 0.000216307
506, 499, 0.000486593, 0.000217203
506, 500, 0.000433862, 0.000209361
506, 501, 0.000436278, 0.00021536
506, 502, 0.000297464, 0.000214356
506, 503, 0.000295539, 0.000205932
506, 504, 0.000226548, 0.000219106
506, 505, 0.000248355, 0.000207613
508, 499, 0.000578839, 0.000219431
508, 500, 0.000519206, 0.000211487
508, 501, 0.000532476, 0.00021527
508, 502, 0.000372955, 0.000220694
508, 503, 0.000367349, 0.00020798
508, 504, 0.000281481, 0.000221253
508, 505, 0.000319697, 0.000206877
508, 506, 0.000236533, 0.000225837
509, 500, 0.000513438, 0.000212496
509, 501, 0.000526155, 0.000216288
509, 502, 0.000367679, 0.000220306
509, 503, 0.000360784, 0.000210956
509, 504, 0.000279063, 0.000221101
509, 505, 0.000313712, 0.000209206
509, 506, 0.000232554, 0.000225064
509, 508, 0.000211612, 0.000207792
510, 501, 0.000666742, 0.000222638
510, 502, 0.000497631, 0.00021687
510, 503, 0.000498428, 0.000210326
510, 504, 0.000393239, 0.000224092
510, 505, 0.000436892, 0.000208602
510, 506, 0.000328673, 0.000226003
510, 508, 0.000274206, 0.000206808
510, 509, 0.000257687, 0.000214143
511, 502, 0.000499707, 0.00022007
511, 503, 0.000499176, 0.000214081
511, 504, 0.000378781, 0.000225989
511, 505, 0.000429276, 0.000211409
511, 506, 0.000311917, 0.000228443
511, 508, 0.000267501, 0.000209347
511, 509, 0.000254298, 0.000218506
511, 510, 0.000225654, 0.000223731
512, 502, 0.000534229, 0.000220534
512, 503, 0.000529331, 0.000215952
512, 504, 0.000418749, 0.000224443
512, 505, 0.000463777, 0.000213712
512, 506, 0.000345272, 0.000227471
512, 508, 0.00029574, 0.000210134
512, 509, 0.000281603, 0.000220102
512, 510, 0.000229752, 0.000223158
512, 511, 0.000229958, 0.000210165
513, 504, 0.000488956, 0.000228134
513, 505, 0.000540318, 0.000216412
513, 506, 0.000410248, 0.000230055
513, 508, 0.00035494, 0.000210097
513, 509, 0.000340736, 0.000220143
513, 510, 0.000250392, 0.000227709
513, 511, 0.000244661, 0.00021528
513, 512, 0.000218165, 0.00022401
514, 504, 0.000503115, 0.000227431
514, 505, 0.000551002, 0.000215235
514, 506, 0.00042281, 0.000228226
514, 508, 0.000367937, 0.000210038
514, 509, 0.000350744, 0.0002196
514, 510, 0.000263281, 0.000226984
514, 511, 0.000256756, 0.000211689
514, 512, 0.000222961, 0.000222386
514, 513, 0.000221669, 0.000219318
515, 505, 0.00054289, 0.000214554
515, 506, 0.000423785, 0.000231491
515, 508, 0.000358407, 0.000211679
515, 509, 0.00034048, 0.000214962
515, 510, 0.000247085, 0.00022824
515, 511, 0.000237714, 0.000212351
515, 512, 0.000214252, 0.000220759
515, 513, 0.000215951, 0.000219264
515, 514, 0.00021477, 0.000214248
516, 506, 0.000499048, 0.000231424
516, 508, 0.000435642, 0.000207117
516, 509, 0.000414727, 0.000220201
516, 510, 0.000301132, 0.000227869
516, 511, 0.000286952, 0.000212572
516, 512, 0.000250309, 0.000224078
516, 513, 0.000253195, 0.00022115
516, 514, 0.000253065, 0.000214218
516, 515, 0.000226839, 0.000225495
517, 508, 0.000408063, 0.000212937
517, 509, 0.00038632, 0.000223941
517, 510, 0.000273122, 0.0002301
517, 511, 0.000264737, 0.00021289
517, 512, 0.000236167, 0.000228249
517, 513, 0.000235206, 0.000217944
517, 514, 0.00023609, 0.000214839
517, 515, 0.000217525, 0.000226109
517, 516, 0.000218393, 0.000224867
519, 508, 0.000481049, 0.000213603
519, 509, 0.000460514, 0.000219965
519, 510, 0.00033679, 0.000228359
519, 511, 0.000326974, 0.000213191
519, 512, 0.000280331, 0.000225998
519, 513, 0.000281871, 0.000219227
519, 514, 0.00027964, 0.000215449
519, 515, 0.000245207, 0.000228164
519, 516, 0.000227061, 0.000224526
519, 517, 0.000234299, 0.000218456
520, 509, 0.000547381, 0.000225506
520, 510, 0.000415809, 0.000231739
520, 511, 0.000404003, 0.000214815
520, 512, 0.000341153, 0.00022864
520, 513, 0.000348944, 0.000221838
520, 514, 0.000347605, 0.000218112
520, 515, 0.000304958, 0.00022878
520, 516, 0.000276998, 0.000225903
520, 517, 0.000288278, 0.000222402
520, 519, 0.000273941, 0.000219546
521, 511, 0.000433321, 0.000214247
521, 512, 0.000378548, 0.000227499
521, 513, 0.000382888, 0.000224841
521, 514, 0.000383066, 0.000220193
521, 515, 0.000331871, 0.000228723
521, 516, 0.000292187, 0.000226158
521, 517, 0.000313648, 0.000221236
521, 519, 0.000310113, 0.000222154
521, 520, 0.00022901, 0.000219338
522, 510, 0.000452746, 0.000230778
522, 511, 0.000441757, 0.000217318
522, 512, 0.000382666, 0.000227172
522, 513, 0.000388024, 0.000224051
522, 514, 0.000388564, 0.000217567
522, 515, 0.000337692, 0.000229762
522, 516, 0.000298847, 0.000226901
522, 517, 0.000319504, 0.000223346
522, 519, 0.000314069, 0.000221496
522, 520, 0.000229289, 0.000220667
522, 521, 0.000222545, 0.00022442
523, 512, 0.000453495, 0.000233168
523, 513, 0.000456021, 0.000224337
523, 514, 0.000450073, 0.0002213
523, 515, 0.000399089, 0.000231545
523, 516, 0.000361039, 0.000227971
523, 517, 0.000379782, 0.00022386
523, 519, 0.000371123, 0.000223597
523, 520, 0.000252581, 0.000219689
523, 521, 0.000238542, 0.000224301
523, 522, 0.000259049, 0.000223201
525, 513, 0.000564356, 0.000230823
525, 514, 0.000568705, 0.000221928
525, 515, 0.000516418, 0.000232956
525, 516, 0.000473686, 0.000233252
525, 517, 0.000495535, 0.000226589
525, 519, 0.000479539, 0.000227366
525, 520, 0.000333144, 0.000226906
525, 521, 0.000311912, 0.000227735
525, 522, 0.000330179, 0.000227297
525, 523, 0.000277714, 0.000228765
526, 513, 0.000561088, 0.000231378
526, 516, 0.000466121, 0.000231192
526, 517, 0.000481023, 0.000227215
526, 519, 0.000468586, 0.000226471
526, 520, 0.000322715, 0.000225237
526, 521, 0.000305429, 0.000228873
526, 522, 0.00032363, 0.000226788
526, 523, 0.000273326, 0.000229876
526, 525, 0.000233181, 0.000227019
527, 520, 0.000449158, 0.000228844
527, 521, 0.000413192, 0.000230301
527, 522, 0.000451297, 0.000230279
527, 523, 0.000374097, 0.000232918
527, 525, 0.000290097, 0.000230074
527, 526, 0.000253033, 0.000235824
528, 520, 0.000528148, 0.000230714
528, 521, 0.00048675, 0.000233882
528, 522, 0.00053387, 0.000232937
528, 523, 0.000444228, 0.000233723
528, 525, 0.000354862, 0.00022861
528, 526, 0.000295633, 0.000240476
528, 527, 0.000252905, 0.000231869
529, 520, 0.00051584, 0.000231964
529, 521, 0.000473853, 0.00023315
529, 522, 0.000512021, 0.000233046
529, 523, 0.00043406, 0.000233208
529, 525, 0.000341544, 0.000232135
529, 526, 0.000291295, 0.000239311
529, 527, 0.000239135, 0.0002331
529, 528, 0.000244274, 0.000235173
530, 521, 0.000517317, 0.000233029
530, 522, 0.000553178, 0.000235303
530, 523, 0.000475991, 0.000236557
530, 525, 0.00037795, 0.000233122
530, 526, 0.00031958, 0.000241631
530, 527, 0.000254438, 0.000233622
530, 528, 0.000233839, 0.000234874
530, 529, 0.000234503, 0.000238822
531, 525, 0.000585705, 0.000233587
531, 526, 0.000517209, 0.00024242
531, 527, 0.000421469, 0.0002371
531, 528, 0.000318701, 0.000239007
531, 529, 0.000345859, 0.000241435
531, 530, 0.000316521, 0.000236804
532, 525, 0.000631872, 0.000237811
532, 526, 0.000559255, 0.000243609
532, 527, 0.000463027, 0.000238476
532, 528, 0.000351636, 0.000237
532, 529, 0.000381161, 0.000242116
532, 530, 0.000347557, 0.000236523
532, 531, 0.000255807, 0.000242549
533, 525, 0.00060776, 0.000237466
533, 526, 0.000530374, 0.000243559
533, 527, 0.000442245, 0.000238288
533, 528, 0.000333492, 0.000239677
533, 529, 0.000357652, 0.00024167
533, 530, 0.00032339, 0.000235978
533, 531, 0.00026019, 0.000242744
533, 532, 0.00023803, 0.000244062
535, 525, 0.000594891, 0.000237388
535, 526, 0.000521435, 0.000244887
535, 527, 0.000426407, 0.000238367
535, 528, 0.00032179, 0.000238628
535, 529, 0.000352788, 0.000243792
535, 530, 0.000322138, 0.000237517
535, 531, 0.000247143, 0.000243187
535, 532, 0.000246294, 0.000245123
535, 533, 0.000251748, 0.000238026
537, 528, 0.000436846, 0.000241541
537, 529, 0.000466841, 0.000245143
537, 530, 0.000428344, 0.000239826
537, 531, 0.000328715, 0.00024563
537, 532, 0.000267386, 0.00024726
537, 533, 0.000281012, 0.000238417
537, 535, 0.000256755, 0.000244338
538, 529, 0.000550459, 0.000245314
538, 530, 0.000510104, 0.00024089
538, 531, 0.000373688, 0.000245879
538, 532, 0.000318778, 0.000246637
538, 533, 0.000346567, 0.000241605
538, 535, 0.000299843, 0.000244473
538, 537, 0.000250104, 0.000245962
539, 528, 0.000449192, 0.000243814
539, 529, 0.000486082, 0.000246035
539, 530, 0.000452504, 0.000238286
539, 531, 0.000320403, 0.00024478
539, 532, 0.000278856, 0.000248115
539, 533, 0.000305164, 0.000240271
539, 535, 0.000270115, 0.000243921
539, 537, 0.000247915, 0.000246746
539, 538, 0.000250695, 0.000237707
540, 530, 0.000532424, 0.000241302
540, 531, 0.000390002, 0.000248014
540, 532, 0.000335099, 0.000249469
540, 533, 0.000366467, 0.000241843
540, 535, 0.000314698, 0.000245876
540, 537, 0.000260647, 0.000247779
540, 538, 0.000246143, 0.000239452
540, 539, 0.000276052, 0.000243841
541, 531, 0.000401044, 0.00024637
541, 532, 0.000344927, 0.000249809
541, 533, 0.00037285, 0.000242188
541, 535, 0.000321847, 0.000245752
541, 537, 0.00026475, 0.000246865
541, 538, 0.000246911, 0.000239624
541, 539, 0.000281554, 0.000242675
541, 540, 0.000243813, 0.000244684
542, 531, 0.000418231, 0.000247856
542, 532, 0.000345337, 0.000250941
542, 533, 0.000375224, 0.000242677
542, 535, 0.000326486, 0.000245616
542, 537, 0.000265854, 0.000247867
542, 538, 0.000249118, 0.000241391
542, 539, 0.000283154, 0.000245017
542, 540, 0.000254565, 0.000245407
542, 541, 0.000246663, 0.000242643
543, 532, 0.000373237, 0.000251328
543, 533, 0.000398652, 0.0002434
543, 535, 0.000350733, 0.000246347
543, 537, 0.000281452, 0.000248055
543, 538, 0.000262481, 0.000238133
543, 539, 0.000305713, 0.00024568
543, 540, 0.000262993, 0.000243746
543, 541, 0.000252061, 0.000242891
543, 542, 0.00024406, 0.00024366
544, 532, 0.000387802, 0.000249759
544, 533, 0.00041287, 0.000241341
544, 535, 0.00036953, 0.0002454
544, 537, 0.000291711, 0.000250336
544, 538, 0.000269738, 0.00024066
544, 539, 0.000316737, 0.000244987
544, 540, 0.000264828, 0.000245987
544, 541, 0.000255103, 0.000243126
544, 542, 0.00024526, 0.000245457
544, 543, 0.000252402, 0.000243695
545, 533, 0.000395051, 0.00024225
545, 535, 0.000346451, 0.000245234
545, 537, 0.000274773, 0.000246528
545, 538, 0.000256049, 0.000240631
545, 539, 0.000298363, 0.000243372
545, 540, 0.000255194, 0.000247478
545, 541, 0.000248749, 0.000243444
545, 542, 0.000245063, 0.000245222
545, 543, 0.000248135, 0.000242897
545, 544, 0.000248891, 0.000248562
546, 535, 0.000371822, 0.000248862
546, 537, 0.000293766, 0.000250568
546, 538, 0.000271658, 0.000242552
546, 539, 0.00032115, 0.000247199
546, 540, 0.000264503, 0.0002492
546, 541, 0.000254973, 0.00024487
546, 542, 0.000246997, 0.000244583
546, 543, 0.000251489, 0.00024444
546, 544, 0.000247494, 0.000249013
546, 545, 0.000247646, 0.000245544
547, 537, 0.000329207, 0.000249224
547, 538, 0.00029229, 0.000240806
547, 539, 0.000355606, 0.000246691
547, 540, 0.00027616, 0.000249551
547, 541, 0.000268654, 0.00024595
547, 542, 0.000259909, 0.000247558
547, 543, 0.000258763, 0.000243099
547, 544, 0.000249076, 0.00025036
547, 545, 0.0002443, 0.000247227
547, 546, 0.000258467, 0.00024556
548, 537, 0.000328094, 0.00024994
548, 538, 0.000298259, 0.000242357
548, 539, 0.00035954, 0.000247839
548, 540, 0.000293298, 0.000247082
548, 541, 0.000277671, 0.00024461
548, 542, 0.00025679, 0.000245649
548, 543, 0.00027068, 0.000246741
548, 544, 0.000259145, 0.000250334
548, 545, 0.000253891, 0.000246483
548, 546, 0.000249797, 0.00024571
548, 547, 0.000251488, 0.00024462
549, 537, 0.000313117, 0.000250268
549, 538, 0.000282439, 0.000241308
549, 539, 0.000338404, 0.000247246
549, 540, 0.000272408, 0.000245212
549, 541, 0.000261634, 0.000244732
549, 542, 0.000253722, 0.00024484
549, 543, 0.000256434, 0.000245047
549, 544, 0.000249844, 0.00025094
549, 545, 0.000247962, 0.000246674
549, 546, 0.000256515, 0.000245458
549, 547, 0.000247676, 0.000243932
549, 548, 0.000247908, 0.000248101
550, 538, 0.000320691, 0.00024301
550, 539, 0.000389935, 0.000244763
550, 540, 0.000303824, 0.000247429
550, 541, 0.00028714, 0.000247142
550, 542, 0.000277291, 0.000245601
550, 543, 0.000277809, 0.000245417
550, 544, 0.000263379, 0.000250161
550, 545, 0.000255356, 0.000245812
550, 546, 0.000272221, 0.000246054
550, 547, 0.000254584, 0.00024465
550, 548, 0.000255048, 0.000246772
550, 549, 0.000263112, 0.000250729
551, 540, 0.000316278, 0.000247622
551, 541, 0.000305209, 0.000246002
551, 542, 0.000290203, 0.000246498
551, 543, 0.000290438, 0.000246389
551, 544, 0.000277304, 0.000253699
551, 545, 0.000263952, 0.00024813
551, 546, 0.000285568, 0.000246308
551, 547, 0.000264069, 0.000245671
551, 548, 0.000264489, 0.000248376
551, 549, 0.000274978, 0.000250924
551, 550, 0.000245118, 0.000248498
552, 540, 0.000288223, 0.000249001
552, 541, 0.000275589, 0.000246794
552, 542, 0.000262641, 0.00024688
552, 543, 0.000267485, 0.000246205
552, 544, 0.000256108, 0.000251286
552, 545, 0.000251079, 0.000246845
552, 546, 0.000258392, 0.000247479
552, 547, 0.000250047, 0.000243106
552, 548, 0.000249694, 0.00024747
552, 549, 0.000253038, 0.000251411
552, 550, 0.000251161, 0.000248278
552, 551, 0.000262248, 0.000242595
553, 540, 0.000294204, 0.000248538
553, 541, 0.000281124, 0.000246901
553, 542, 0.000267814, 0.00024657
553, 543, 0.000271153, 0.000246383
553, 544, 0.000260908, 0.000249967
553, 545, 0.000251976, 0.000245781
553, 546, 0.000264766, 0.000246968
553, 547, 0.000250588, 0.000244363
553, 548, 0.000252206, 0.000249721
553, 549, 0.000257189, 0.000249638
553, 550, 0.000247202, 0.000248753
553, 551, 0.000254845, 0.000241629
553, 552, 0.000252712, 0.000250322
555, 542, 0.000278804, 0.000247211
555, 543, 0.000285095, 0.000246332
555, 544, 0.000269984, 0.000253579
555, 545, 0.000259106, 0.000247571
555, 546, 0.000268362, 0.000247765
555, 547, 0.000258249, 0.000247611
555, 548, 0.000257677, 0.000248646
555, 549, 0.00026075, 0.000251838
555, 550, 0.00024542, 0.000248026
555, 551, 0.000248891, 0.000244773
555, 552, 0.000246057, 0.000251587
555, 553, 0.000251621, 0.00024991
556, 545, 0.000308942, 0.000248254
556, 546, 0.000330262, 0.000248443
556, 547, 0.000307526, 0.000246143
556, 548, 0.000308982, 0.000249985
556, 549, 0.000318734, 0.000253485
556, 550, 0.000271196, 0.000249059
556, 551, 0.000256948, 0.000244373
556, 552, 0.000264793, 0.000251764
556, 553, 0.000271619, 0.000251106
556, 555, 0.000269653, 0.000246781
557, 546, 0.000286043, 0.000247349
557, 547, 0.000275219, 0.000245683
557, 548, 0.000273093, 0.000250461
557, 549, 0.000279203, 0.000253545
557, 550, 0.000254018, 0.0002486
557, 551, 0.000252043, 0.000245559
557, 552, 0.00025192, 0.000252273
557, 553, 0.000258036, 0.000251248
557, 555, 0.000259023, 0.000247606
557, 556, 0.00026299, 0.000248975
558, 546, 0.000320753, 0.000248574
558, 547, 0.000306561, 0.000246048
558, 548, 0.000303434, 0.000248521
558, 549, 0.000312158, 0.000253055
558, 550, 0.000270853, 0.000251187
558, 551, 0.000258728, 0.000244734
558, 552, 0.000261093, 0.000251122
558, 553, 0.000261009, 0.000251441
558, 555, 0.000259066, 0.000247906
558, 556, 0.000256131, 0.000249018
558, 557, 0.000252141, 0.000253637
559, 546, 0.000298521, 0.000248621
559, 547, 0.000292991, 0.000246751
559, 548, 0.000290359, 0.000249988
559, 549, 0.000291273, 0.00025326
559, 550, 0.000264025, 0.000249921
559, 551, 0.000258105, 0.000244777
559, 552, 0.000253669, 0.00025238
559, 553, 0.000252735, 0.000251475
559, 555, 0.000251839, 0.000248118
559, 556, 0.000252156, 0.000249497
559, 557, 0.000251978, 0.000252566
559, 558, 0.00025169, 0.000248323
560, 547, 0.000302536, 0.000247165
560, 548, 0.000306112, 0.000249821
560, 549, 0.000311528, 0.000252683
560, 550, 0.000267361, 0.000249454
560, 551, 0.000255961, 0.000245571
560, 552, 0.000259817, 0.000251814
560, 553, 0.000264009, 0.000251188
560, 555, 0.000260271, 0.000247567
560, 556, 0.000260301, 0.000248345
560, 557, 0.00025554, 0.000252561
560, 558, 0.000257802, 0.000249045
560, 559, 0.000255184, 0.000251447
561, 547, 0.000330223, 0.000247618
561, 548, 0.000328108, 0.000247908
561, 549, 0.000329355, 0.000252559
561, 550, 0.000290853, 0.000248031
561, 551, 0.000278822, 0.000244253
561, 552, 0.000272804, 0.000252115
561, 553, 0.000268875, 0.000252043
561, 555, 0.000263599, 0.000246119
561, 556, 0.000256815, 0.000249357
561, 557, 0.000251842, 0.000253472
561, 558, 0.000252871, 0.0002485
561, 559, 0.000248806, 0.000251418
561, 560, 0.000259473, 0.000249611
562, 548, 0.000320527, 0.000249464
562, 549, 0.000319158, 0.000254021
562, 550, 0.000285077, 0.000251292
562, 551, 0.000275029, 0.000245577
562, 552, 0.00026953, 0.000255038
562, 553, 0.000262472, 0.000253419
562, 555, 0.000258229, 0.000248695
562, 556, 0.000249941, 0.000250549
562, 557, 0.000246768, 0.0002531
562, 558, 0.000248835, 0.000250596
562, 559, 0.000245545, 0.000251675
562, 560, 0.000256999, 0.000249803
562, 561, 0.0002497, 0.000248487
563, 549, 0.000316273, 0.000253663
563, 550, 0.000292453, 0.00025143
563, 551, 0.000285035, 0.00024646
563, 552, 0.000272713, 0.000252035
563, 553, 0.000263841, 0.000253551
563, 555, 0.00025833, 0.000249528
563, 556, 0.000250477, 0.000248207
563, 557, 0.000249748, 0.000252654
563, 558, 0.000249437, 0.000250284
563, 559, 0.000249112, 0.000251092
563, 560, 0.000266428, 0.000248719
563, 561, 0.000251654, 0.000248024
563, 562, 0.000252887, 0.000244161
565, 551, 0.00027297, 0.000245458
565, 552, 0.000270796, 0.000253132
565, 553, 0.000267139, 0.000252502
565, 555, 0.000262657, 0.000250398
565, 556, 0.000256978, 0.000250178
565, 557, 0.00025255, 0.000254849
565, 558, 0.000253944, 0.00025133
565, 559, 0.000250965, 0.000250884
565, 560, 0.000258394, 0.000249756
565, 561, 0.000254287, 0.000247026
565, 562, 0.000250766, 0.000245548
565, 563, 0.00025522, 0.000244672
566, 552, 0.000313995, 0.000254262
566, 553, 0.0003089, 0.000252835
566, 555, 0.00029874, 0.000249233
566, 556, 0.000282655, 0.000250877
566, 557, 0.00027334, 0.000253701
566, 558, 0.00027868, 0.000249974
566, 559, 0.000265812, 0.000252973
566, 560, 0.00028836, 0.000249999
566, 561, 0.000281564, 0.00024866
566, 562, 0.000263209, 0.00024478
566, 563, 0.000267732, 0.000247036
566, 565, 0.000260043, 0.000249679
567, 553, 0.000312066, 0.000254447
567, 555, 0.000306352, 0.000250344
567, 556, 0.000287551, 0.000251487
567, 557, 0.000281162, 0.000253494
567, 558, 0.000283469, 0.000251869
567, 559, 0.000273333, 0.000251482
567, 560, 0.000301134, 0.000250568
567, 561, 0.000287032, 0.000248912
567, 562, 0.000272327, 0.000247484
567, 563, 0.000282016, 0.000245927
567, 565, 0.000271942, 0.000251725
567, 566, 0.000260815, 0.000251652
568, 556, 0.000294086, 0.00025316
568, 557, 0.000285656, 0.000255248
568, 558, 0.0002876, 0.000252997
568, 559, 0.000276571, 0.000252048
568, 560, 0.000302203, 0.000254042
568, 561, 0.000291066, 0.000249266
568, 562, 0.000274169, 0.000248298
568, 563, 0.000280387, 0.000247034
568, 565, 0.000269569, 0.000251004
568, 566, 0.000258968, 0.00025051
568, 567, 0.000264279, 0.00025301
569, 556, 0.000310935, 0.000253003
569, 557, 0.000297644, 0.000255394
569, 558, 0.000301666, 0.000251938
569, 559, 0.000286541, 0.000253336
569, 560, 0.000303584, 0.000252143
569, 561, 0.000306037, 0.000249576
569, 562, 0.000281963, 0.000245947
569, 563, 0.000275184, 0.000246716
569, 565, 0.000261258, 0.000252415
569, 566, 0.000255023, 0.000251571
569, 567, 0.000253991, 0.000253476
569, 568, 0.000256407, 0.000254303
570, 559, 0.00035642, 0.000255636
570, 561, 0.000382391, 0.000250095
570, 562, 0.000349687, 0.000247943
570, 563, 0.000344163, 0.000247717
570, 565, 0.000316696, 0.000254122
570, 566, 0.000299658, 0.000253616
570, 567, 0.000298668, 0.000252811
570, 568, 0.000280694, 0.000254304
570, 569, 0.00028096, 0.000255528
572, 562, 0.000342954, 0.000248575
572, 563, 0.000342016, 0.000249021
572, 565, 0.000316661, 0.000253576
572, 566, 0.00029826, 0.000254603
572, 567, 0.000299803, 0.000254178
572, 568, 0.000276185, 0.000255977
572, 569, 0.000281444, 0.000256841
572, 570, 0.00025971, 0.000250553
573, 562, 0.000341909, 0.000250333
573, 565, 0.000315139, 0.000255075
573, 566, 0.000297909, 0.000254165
573, 567, 0.000300258, 0.000255619
573, 568, 0.000274093, 0.000255836
573, 569, 0.000277358, 0.000257412
573, 570, 0.000255977, 0.000250985
573, 572, 0.000254281, 0.000257855
574, 565, 0.000382226, 0.000256011
574, 566, 0.000367265, 0.000253854
574, 567, 0.000357543, 0.00025594
574, 568, 0.000336009, 0.000257299
574, 569, 0.000337268, 0.000257761
574, 570, 0.000300398, 0.000253212
574, 572, 0.000265356, 0.000258182
574, 573, 0.000262554, 0.000252956
575, 566, 0.000380017, 0.000255381
575, 567, 0.000383593, 0.000257201
575, 568, 0.000347215, 0.000257192
575, 569, 0.000357342, 0.000258723
575, 570, 0.000310226, 0.000251837
575, 572, 0.000271475, 0.000259128
575, 573, 0.000264978, 0.000253398
575, 574, 0.000257251, 0.000256393
576, 567, 0.000383345, 0.000255289
576, 568, 0.000351302, 0.000256941
576, 569, 0.000357834, 0.000258181
576, 570, 0.000311504, 0.000253527
576, 572, 0.000270918, 0.000259884
576, 573, 0.000267184, 0.000252842
576, 574, 0.00025857, 0.000257565
576, 575, 0.000260678, 0.000254395
577, 568, 0.000367513, 0.000258681
577, 569, 0.000373696, 0.000258821
577, 570, 0.000329693, 0.000253265
577, 572, 0.000282263, 0.000260184
577, 573, 0.000275706, 0.000253825
577, 574, 0.000263843, 0.000257408
577, 575, 0.000268431, 0.000254869
577, 576, 0.000254932, 0.000255392
579, 569, 0.000414267, 0.000258292
579, 570, 0.000358882, 0.000253364
579, 572, 0.000309602, 0.000260093
579, 573, 0.000298418, 0.000253695
579, 574, 0.000276662, 0.000256739
579, 575, 0.000283403, 0.000255472
579, 576, 0.000262015, 0.000255967
579, 577, 0.000265584, 0.000253827
580, 570, 0.00036112, 0.000253689
580, 572, 0.000306695, 0.000260037
580, 573, 0.000300783, 0.000255381
580, 574, 0.000276703, 0.000257866
580, 575, 0.000284379, 0.000255302
580, 576, 0.000261918, 0.0002557
580, 577, 0.00026704, 0.000254615
580, 579, 0.000257633, 0.000257617
581, 572, 0.000366964, 0.000261004
581, 573, 0.000353548, 0.000255105
581, 574, 0.000315956, 0.000258261
581, 575, 0.000330048, 0.00025638
581, 576, 0.000297615, 0.000256766
581, 577, 0.00030469, 0.000255202
581, 579, 0.000279375, 0.000258027
581, 580, 0.000269139, 0.000257514
582, 572, 0.00035277, 0.000261421
582, 573, 0.000340542, 0.000255074
582, 574, 0.00030184, 0.000256806
582, 575, 0.000314176, 0.00025711
582, 576, 0.000288317, 0.00025676
582, 577, 0.000297797, 0.000255394
582, 579, 0.000273244, 0.00025813
582, 580, 0.000263115, 0.000256708
582, 581, 0.000265109, 0.000256698
583, 574, 0.000339108, 0.000258497
583, 575, 0.000352868, 0.000257392
583, 576, 0.000311685, 0.00025787
583, 577, 0.000323362, 0.000255551
583, 579, 0.000294167, 0.000257953
583, 580, 0.000284767, 0.000257246
583, 581, 0.000278197, 0.000258039
583, 582, 0.000268141, 0.000258248
584, 575, 0.000354358, 0.00025786
584, 576, 0.000316828, 0.00025769
584, 577, 0.000327291, 0.000256524
584, 579, 0.000297891, 0.000258255
584, 580, 0.000289138, 0.000257801
584, 581, 0.0002833, 0.000256687
584, 582, 0.000271341, 0.000258761
584, 583, 0.000262194, 0.000255803
585, 575, 0.000349815, 0.000258029
585, 576, 0.000317781, 0.000257955
585, 577, 0.00032557, 0.000256826
585, 579, 0.000296873, 0.00025869
585, 580, 0.000283173, 0.000259393
585, 581, 0.000281339, 0.000257709
585, 582, 0.000268181, 0.000259285
585, 583, 0.000258834, 0.000256213
585, 584, 0.000260976, 0.000262994
586, 577, 0.000376227, 0.000256044
586, 579, 0.000340807, 0.000259109
586, 580, 0.000332156, 0.00025843
586, 581, 0.000320725, 0.000257867
586, 582, 0.000304368, 0.000260126
586, 583, 0.000287066, 0.000256371
586, 584, 0.000262915, 0.000263656
586, 585, 0.000273084, 0.000257617
587, 579, 0.000330844, 0.000259147
587, 580, 0.000319175, 0.000259806
587, 581, 0.000312704, 0.00025924
587, 582, 0.000294115, 0.000258856
587, 583, 0.000276568, 0.000257991
587, 584, 0.000259618, 0.000262458
587, 585, 0.000264535, 0.000257349
587, 586, 0.000259586, 0.000258141
589, 580, 0.000325576, 0.0002598
589, 581, 0.000317752, 0.000259268
589, 582, 0.000302265, 0.000260201
589, 583, 0.000282159, 0.000257906
589, 584, 0.000262348, 0.000263807
589, 585, 0.000267958, 0.000257878
589, 586, 0.000262044, 0.000258886
589, 587, 0.000260018, 0.000257442
590, 581, 0.000332905, 0.000259438
590, 582, 0.000314042, 0.000260373
590, 583, 0.000293187, 0.000257925
590, 584, 0.000266857, 0.000263142
590, 585, 0.000275301, 0.000257937
590, 586, 0.000266034, 0.000258807
590, 587, 0.000259241, 0.000257607
590, 589, 0.000260025, 0.000259658
591, 581, 0.000334928, 0.000258938
591, 582, 0.000314647, 0.000259765
591, 583, 0.000293763, 0.000257503
591, 584, 0.000267777, 0.000263395
591, 585, 0.00027698, 0.00025753
591, 586, 0.000268279, 0.000258934
591, 587, 0.000259373, 0.0002583
591, 589, 0.000259685, 0.000258973
591, 590, 0.000258578, 0.000259497
592, 581, 0.000327655, 0.000259285
592, 582, 0.000308589, 0.000260336
592, 583, 0.000287629, 0.000257883
592, 584, 0.000265022, 0.00026416
592, 585, 0.000273134, 0.000257818
592, 586, 0.000264412, 0.000259125
592, 587, 0.000260179, 0.000257696
592, 589, 0.000262005, 0.00025986
592, 590, 0.000260339, 0.000258571
592, 591, 0.000260107, 0.000257393
593, 581, 0.000329014, 0.000259197
593, 583, 0.000288125, 0.000259022
593, 584, 0.000265103, 0.000263525
593, 585, 0.000272118, 0.000257312
593, 586, 0.000263289, 0.000259607
593, 587, 0.00025983, 0.000257923
593, 589, 0.000261585, 0.000260359
593, 590, 0.000259737, 0.000258175
593, 591, 0.000259347, 0.000257134
593, 592, 0.000257042, 0.000260307
594, 583, 0.000302363, 0.000257706
594, 584, 0.00027559, 0.000262817
594, 585, 0.00028149, 0.000257633
594, 586, 0.000272467, 0.000259611
594, 587, 0.000263877, 0.000258057
594, 589, 0.000263714, 0.000260507
594, 590, 0.000262513, 0.000258457
594, 591, 0.000262121, 0.000258148
594, 592, 0.000260756, 0.000261263
594, 593, 0.000261206, 0.000259778
595, 584, 0.000290781, 0.000265912
595, 585, 0.000298096, 0.000258783
595, 586, 0.00028498, 0.000260031
595, 587, 0.000271289, 0.000258917
595, 589, 0.000267425, 0.0002607
595, 590, 0.000265641, 0.000259214
595, 591, 0.000265741, 0.000257984
595, 592, 0.000268716, 0.000261867
595, 593, 0.000264744, 0.000260815
595, 594, 0.000264406, 0.000259117
596, 585, 0.000327074, 0.000260183
596, 586, 0.000306922, 0.000260421
596, 587, 0.000282432, 0.000259106
596, 589, 0.000272762, 0.000260482
596, 590, 0.000275675, 0.000259724
596, 591, 0.000276364, 0.000259223
596, 592, 0.00028351, 0.00026243
596, 593, 0.000273123, 0.000260188
596, 594, 0.000262197, 0.000259293
596, 595, 0.000267613, 0.000259808
597, 586, 0.000309326, 0.000261252
597, 587, 0.000291903, 0.000259503
597, 589, 0.000282289, 0.00026218
597, 590, 0.000282, 0.000261157
597, 591, 0.000282793, 0.000258476
597, 592, 0.000286621, 0.000262901
597, 593, 0.000279136, 0.00026164
597, 594, 0.000270012, 0.000260544
597, 595, 0.000267267, 0.000260131
597, 596, 0.000262492, 0.000262099
599, 589, 0.00030825, 0.000262062
599, 590, 0.000310835, 0.000260538
599, 591, 0.000311043, 0.000260382
599, 592, 0.000320888, 0.000263031
599, 593, 0.00030868, 0.000262522
599, 594, 0.000286877, 0.000260296
599, 595, 0.000288928, 0.000261624
599, 596, 0.000276421, 0.000262048
599, 597, 0.000265038, 0.000262302
601, 594, 0.000372419, 0.000262691
601, 595, 0.000387378, 0.000263793
601, 596, 0.000367762, 0.000264897
601, 597, 0.000322881, 0.000264213
601, 599, 0.000293336, 0.000263502
602, 595, 0.00050897, 0.000264826
602, 596, 0.000484194, 0.000265244
602, 597, 0.000420361, 0.000266314
602, 599, 0.000382218, 0.000265014
602, 601, 0.000288417, 0.000266215
604, 597, 0.000478901, 0.000267264
604, 599, 0.000434579, 0.000266552
604, 601, 0.000323833, 0.000268201
604, 602, 0.000273334, 0.000265563
605, 599, 0.00045376, 0.00026641
605, 601, 0.000339615, 0.00026787
605, 602, 0.000278871, 0.000266069
605, 604, 0.000266587, 0.000266739
606, 601, 0.000406725, 0.00026842
606, 602, 0.000307137, 0.000265666
606, 604, 0.000288779, 0.00026702
606, 605, 0.000288856, 0.000267095
607, 601, 0.000417081, 0.000268571
607, 602, 0.000316109, 0.000266038
607, 604, 0.000298239, 0.000267013
607, 605, 0.000299094, 0.000267372
607, 606, 0.000267339, 0.000266733
609, 602, 0.000336349, 0.000267271
609, 604, 0.000314149, 0.000267832
609, 605, 0.000314014, 0.000268217
609, 606, 0.000268508, 0.000267352
609, 607, 0.000271054, 0.000268396
610, 602, 0.000343473, 0.000266703
610, 604, 0.000321539, 0.000268221
610, 605, 0.000322232, 0.000267629
610, 606, 0.000270907, 0.000267931
610, 607, 0.000274723, 0.000268015
610, 609, 0.000272349, 0.000266402
611, 602, 0.000338054, 0.000267381
611, 604, 0.00031179, 0.000267823
611, 605, 0.000311439, 0.000267855
611, 606, 0.000270061, 0.000267185
611, 607, 0.000271285, 0.000268913
611, 609, 0.00026923, 0.000267201
611, 610, 0.00026945, 0.000268339
612, 602, 0.000323672, 0.000266705
612, 604, 0.000299139, 0.000267393
612, 605, 0.000295668, 0.000268927
612, 606, 0.000269872, 0.000267657
612, 607, 0.000268246, 0.000268401
612, 609, 0.000267404, 0.000266848
612, 610, 0.000274154, 0.000268315
612, 611, 0.000272032, 0.000267104
613, 604, 0.000344015, 0.00026735
613, 605, 0.000343256, 0.000268397
613, 606, 0.000279581, 0.000267822
613, 607, 0.000285167, 0.000268147
613, 609, 0.000280483, 0.000267047
613, 610, 0.000269824, 0.000268415
613, 611, 0.00027149, 0.000267304
613, 612, 0.000269085, 0.000266763
615, 606, 0.000282889, 0.000267929
615, 607, 0.000290084, 0.00026868
615, 609, 0.000284261, 0.000267787
615, 610, 0.000271925, 0.00026845
615, 611, 0.000274356, 0.000267297
615, 612, 0.000271248, 0.000267358
615, 613, 0.000290006, 0.000269162
616, 606, 0.000277424, 0.000268457
616, 607, 0.000280027, 0.000268164
616, 609, 0.000275319, 0.000266649
616, 610, 0.000272093, 0.000269265
616, 611, 0.000271265, 0.000267387
616, 612, 0.000271854, 0.000267473
616, 613, 0.000276846, 0.000268618
616, 615, 0.000276204, 0.000268126
617, 609, 0.000293049, 0.000267959
617, 610, 0.000277346, 0.000267915
617, 611, 0.000279403, 0.000267366
617, 612, 0.000275873, 0.000267443
617, 613, 0.000298679, 0.000269239
617, 615, 0.000268742, 0.000269464
617, 616, 0.000271035, 0.000269486
618, 609, 0.000286708, 0.000267268
618, 610, 0.000274397, 0.000268523
618, 611, 0.000276515, 0.000267992
618, 612, 0.000273628, 0.000267944
618, 613, 0.000291402, 0.000269094
618, 615, 0.000270076, 0.000269388
618, 616, 0.000270249, 0.00027062
618, 617, 0.000279185, 0.00026912
619, 609, 0.000295238, 0.000267279
619, 610, 0.000278487, 0.00026934
619, 611, 0.000281207, 0.000268114
619, 612, 0.000276536, 0.000267903
619, 613, 0.000301204, 0.000269293
619, 615, 0.000269149, 0.000269139
619, 616, 0.000272048, 0.000270933
619, 617, 0.000286687, 0.000268683
619, 618, 0.000276366, 0.000269833
620, 610, 0.000272539, 0.000269327
620, 611, 0.000273205, 0.00026752
620, 612, 0.000271347, 0.000268734
620, 613, 0.000283124, 0.000269965
620, 615, 0.000271524, 0.000269207
620, 616, 0.000269016, 0.000271134
620, 617, 0.000273408, 0.000268224
620, 618, 0.000269078, 0.00026972
620, 619, 0.000269219, 0.000269182
621, 611, 0.000280116, 0.000268405
621, 612, 0.000276231, 0.000268298
621, 613, 0.000293429, 0.000270421
621, 615, 0.000270466, 0.000269422
621, 616, 0.000270973, 0.000270714
621, 617, 0.000279957, 0.00026979
621, 618, 0.000272204, 0.000269484
621, 619, 0.000272557, 0.000268924
621, 620, 0.00026959, 0.000270621
622, 612, 0.000274171, 0.000269185
622, 613, 0.000278424, 0.00027015
622, 615, 0.000275416, 0.000269576
622, 616, 0.000271747, 0.000271772
622, 617, 0.000270401, 0.000270119
622, 618, 0.000268812, 0.000269806
622, 619, 0.000268743, 0.000269846
622, 620, 0.000269735, 0.000270079
622, 621, 0.000279946, 0.00026968
623, 613, 0.000288496, 0.00027019
623, 615, 0.000273414, 0.000269959
623, 616, 0.000272145, 0.000271931
623, 617, 0.000277044, 0.000269806
623, 618, 0.000271826, 0.000268697
623, 619, 0.000271984, 0.000269345
623, 620, 0.00027059, 0.000269678
623, 621, 0.00027519, 0.000269246
623, 622, 0.000277122, 0.000268887
624, 617, 0.000313396, 0.000270717
624, 618, 0.000297445, 0.000269742
624, 619, 0.000298423, 0.000270056
624, 620, 0.000289292, 0.000270183
624, 621, 0.000274345, 0.000271516
624, 622, 0.000272897, 0.000270345
624, 623, 0.000296069, 0.000270858
625, 619, 0.000305059, 0.000271414
625, 620, 0.00029643, 0.000270945
625, 621, 0.000278089, 0.00027048
625, 622, 0.000275912, 0.000269505
625, 623, 0.000303169, 0.00027206
625, 624, 0.000280311, 0.000270928
626, 621, 0.000284611, 0.000271667
626, 622, 0.000281833, 0.000270879
626, 623, 0.000314847, 0.000272696
626, 624, 0.000287703, 0.000272722
626, 625, 0.000282561, 0.000271642
627, 624, 0.000326725, 0.000275111
627, 625, 0.000324149, 0.00027271
627, 626, 0.000294014, 0.000274566
628, 625, 0.000316089, 0.000272856
628, 626, 0.000289485, 0.000274542
628, 627, 0.000275419, 0.000274391
630, 626, 0.000313352, 0.000275337
630, 627, 0.000287935, 0.000275044
630, 628, 0.000278611, 0.000273675
631, 626, 0.000299205, 0.000275968
631, 627, 0.000278705, 0.000274849
631, 628, 0.000274081, 0.000273866
631, 630, 0.000279168, 0.000276639
632, 627, 0.000275641, 0.000275481
632, 628, 0.000276233, 0.000274395
632, 630, 0.000276228, 0.000275739
632, 631, 0.000275197, 0.000273879
633, 627, 0.000280225, 0.000276115
633, 628, 0.000276482, 0.000274742
633, 630, 0.00028016, 0.000275033
633, 631, 0.000276361, 0.00027408
633, 632, 0.000276377, 0.000277068
634, 627, 0.000277713, 0.000276533
634, 628, 0.000276238, 0.000274425
634, 630, 0.000278469, 0.000275964
634, 631, 0.000275833, 0.000275004
634, 632, 0.000276503, 0.000275617
634, 633, 0.000276018, 0.000275724
635, 628, 0.0002877, 0.000274842
635, 630, 0.000300571, 0.000277406
635, 631, 0.000288718, 0.000275583
635, 632, 0.000286252, 0.000276023
635, 633, 0.000285855, 0.000276438
635, 634, 0.000280394, 0.000279681
636, 630, 0.000283979, 0.000277351
636, 631, 0.000279156, 0.000275406
636, 632, 0.000281334, 0.000276982
636, 633, 0.000278907, 0.000276294
636, 634, 0.000285893, 0.000279253
636, 635, 0.000276936, 0.000281882
637, 631, 0.000281496, 0.000275324
637, 632, 0.000283738, 0.000275604
637, 633, 0.000280119, 0.000277156
637, 634, 0.00028598, 0.000280481
637, 635, 0.000278544, 0.000283076
637, 636, 0.000290431, 0.000277118
638, 631, 0.000291713, 0.000275809
638, 632, 0.000288973, 0.000276573
638, 633, 0.000288037, 0.000276748
638, 634, 0.000282423, 0.000281016
638, 635, 0.000293044, 0.000282368
638, 636, 0.000278389, 0.000275378
638, 637, 0.000281584, 0.000275254
639, 633, 0.000286363, 0.000275985
639, 634, 0.000286504, 0.000281673
639, 635, 0.000286372, 0.000281794
639, 636, 0.000285569, 0.000277285
639, 637, 0.000278469, 0.000275953
639, 638, 0.000280232, 0.000282341
640, 635, 0.000304067, 0.000283032
640, 636, 0.000287291, 0.000278641
640, 637, 0.000289338, 0.000277738
640, 638, 0.000294327, 0.00028085
640, 639, 0.000282766, 0.000279623
641, 635, 0.000304958, 0.000283194
641, 636, 0.000295828, 0.000277676
641, 637, 0.000290568, 0.000276504
641, 638, 0.000290045, 0.000281573
641, 639, 0.000285866, 0.000281314
641, 640, 0.000282615, 0.000282664
642, 636, 0.000329753, 0.000279269
642, 637, 0.000309984, 0.000276536
642, 638, 0.000299357, 0.000281705
642, 639, 0.000309501, 0.000282738
642, 640, 0.000300549, 0.000283004
642, 641, 0.0002961, 0.000281429
643, 637, 0.000310845, 0.000278968
643, 638, 0.000302277, 0.000283035
643, 639, 0.000307891, 0.00028281
643, 640, 0.00030095, 0.000282861
643, 641, 0.000295027, 0.000281511
643, 642, 0.000280803, 0.000285367
644, 638, 0.000309246, 0.000283669
644, 639, 0.000321168, 0.000281998
644, 640, 0.000309852, 0.000283435
644, 641, 0.00030377, 0.00028077
644, 642, 0.00028159, 0.000284877
644, 643, 0.000291169, 0.000279885
645, 640, 0.000311549, 0.000282715
645, 641, 0.000303357, 0.000282563
645, 642, 0.000284271, 0.000285397
645, 643, 0.000285969, 0.000280108
645, 644, 0.000282305, 0.000282465
646, 641, 0.000311673, 0.000282003
646, 642, 0.000293833, 0.000286138
646, 643, 0.000289363, 0.000280739
646, 644, 0.00028597, 0.000283135
646, 645, 0.000285699, 0.000282329
647, 641, 0.000310153, 0.00028153
647, 642, 0.000293609, 0.000286935
647, 643, 0.000286878, 0.00027982
647, 644, 0.000284193, 0.000284411
647, 645, 0.000285886, 0.000280308
647, 646, 0.000280586, 0.000283169
648, 642, 0.000293645, 0.000285823
648, 643, 0.000306115, 0.000280771
648, 644, 0.000297447, 0.00028354
648, 645, 0.000286049, 0.000282007
648, 646, 0.000292216, 0.000285746
648, 647, 0.000292952, 0.000282182
649, 642, 0.000291919, 0.000286364
649, 643, 0.000300727, 0.000281174
649, 644, 0.000293477, 0.000281948
649, 645, 0.000283869, 0.00028222
649, 646, 0.000287285, 0.000283999
649, 647, 0.000287986, 0.000281598
649, 648, 0.000283457, 0.000287586
650, 642, 0.000308925, 0.000285386
650, 643, 0.000323424, 0.000282213
650, 644, 0.000313912, 0.00028428
650, 645, 0.00029687, 0.000283546
650, 646, 0.000301368, 0.000286447
650, 647, 0.000303358, 0.000281706
650, 648, 0.000292685, 0.000287281
650, 649, 0.000295047, 0.000281557
651, 642, 0.000342491, 0.000286895
651, 643, 0.00034792, 0.000280826
651, 644, 0.000339377, 0.00028445
651, 645, 0.000321541, 0.00028278
651, 646, 0.000317793, 0.000287638
651, 647, 0.000320159, 0.000281075
651, 648, 0.000306602, 0.000287633
651, 649, 0.000308439, 0.000282496
651, 650, 0.000292697, 0.000283614
652, 646, 0.000421215, 0.000288275
652, 647, 0.000427701, 0.000285556
652, 648, 0.000406609, 0.000290453
652, 649, 0.000405821, 0.000283885
652, 650, 0.000378278, 0.000287241
652, 651, 0.000314134, 0.000290412
654, 650, 0.000755151, 0.00029117
654, 651, 0.000656347, 0.000296079
654, 652, 0.000490486, 0.000292741
655, 651, 0.0007886, 0.000297054
655, 652, 0.000619762, 0.000295285
655, 654, 0.00035184, 0.000293357
656, 652, 0.000701607, 0.000296881
656, 654, 0.000413759, 0.000295789
656, 655, 0.00030878, 0.00029407
657, 654, 0.000507256, 0.000295015
657, 655, 0.000371617, 0.000295088
657, 656, 0.000324585, 0.000294656
658, 654, 0.000494046, 0.000294726
658, 655, 0.000360519, 0.000292909
658, 656, 0.000317237, 0.000296826
658, 657, 0.000294002, 0.000301082
659, 654, 0.000553004, 0.000294667
659, 655, 0.00040134, 0.000292364
659, 656, 0.000352681, 0.000296688
659, 657, 0.000308134, 0.000300227
659, 658, 0.000298225, 0.00029309
660, 654, 0.000483721, 0.000295569
660, 655, 0.000353736, 0.000294279
660, 656, 0.000317033, 0.000295045
660, 657, 0.000296385, 0.000301362
660, 658, 0.000306096, 0.000291942
660, 659, 0.000301684, 0.000294542
661, 655, 0.000429886, 0.000295883
661, 656, 0.000374572, 0.000297143
661, 657, 0.000315334, 0.000301407
661, 658, 0.000312198, 0.000292469
661, 659, 0.00030207, 0.000296286
661, 660, 0.000317715, 0.000296044
662, 655, 0.000438391, 0.000294868
662, 656, 0.000376094, 0.000296528
662, 657, 0.000319036, 0.000301102
662, 658, 0.000309811, 0.000293428
662, 659, 0.000309208, 0.000296005
662, 660, 0.000319775, 0.000295513
662, 661, 0.000296017, 0.000296735
663, 656, 0.000399833, 0.000296064
663, 657, 0.000331817, 0.000301551
663, 658, 0.000322808, 0.000292649
663, 659, 0.000317856, 0.000296451
663, 660, 0.000337201, 0.000296283
663, 661, 0.000297187, 0.000298094
663, 662, 0.000302618, 0.000295916
664, 657, 0.000362808, 0.000301883
664, 658, 0.000349641, 0.00029352
664, 659, 0.000339167, 0.000296107
664, 660, 0.000365892, 0.000297474
664, 661, 0.000307323, 0.000299339
664, 662, 0.000319335, 0.000296825
664, 663, 0.000313604, 0.000301795
665, 657, 0.000376504, 0.000302233
665, 658, 0.000366129, 0.000293023
665, 659, 0.000346571, 0.000295759
665, 660, 0.000380354, 0.000298135
665, 661, 0.000318778, 0.000299963
665, 662, 0.000323203, 0.000296722
665, 663, 0.000315074, 0.000303247
665, 664, 0.000301282, 0.000298015
666, 659, 0.000450836, 0.000298129
666, 661, 0.000392523, 0.00029928
666, 662, 0.000416381, 0.000298593
666, 663, 0.00040398, 0.000302663
666, 664, 0.000372867, 0.000300125
666, 665, 0.000330562, 0.000294813
667, 659, 0.000446327, 0.000298197
667, 661, 0.000389006, 0.000300033
667, 662, 0.000407973, 0.000297935
667, 663, 0.000392515, 0.000303615
667, 664, 0.000363807, 0.000300964
667, 665, 0.000323365, 0.000295548
667, 666, 0.00029734, 0.000301173
668, 661, 0.000456039, 0.000300639
668, 662, 0.000486485, 0.000298431
668, 663, 0.000468524, 0.000302982
668, 664, 0.000431489, 0.000299496
668, 665, 0.000374279, 0.000296468
668, 666, 0.000324495, 0.000300557
668, 667, 0.000318188, 0.000295251
669, 664, 0.000543012, 0.00030173
669, 665, 0.000482732, 0.000297897
669, 666, 0.000405927, 0.000300722
669, 667, 0.000398526, 0.000295744
669, 668, 0.000337787, 0.000298235
670, 665, 0.000686038, 0.000298418
670, 666, 0.000587937, 0.000302651
670, 667, 0.000577906, 0.000298215
670, 668, 0.000493498, 0.000300523
670, 669, 0.000387122, 0.000298945
672, 666, 0.00070415, 0.000303995
672, 667, 0.000693223, 0.000297107
672, 668, 0.00060385, 0.000299212
672, 669, 0.000478491, 0.000300253
672, 670, 0.000338349, 0.000306826
673, 668, 0.000742562, 0.000299887
673, 669, 0.000601552, 0.000299722
673, 670, 0.000429941, 0.000306651
673, 672, 0.00033282, 0.000302671
674, 669, 0.000657054, 0.000300739
674, 670, 0.000480578, 0.000307449
674, 672, 0.00036832, 0.000303439
674, 673, 0.000313046, 0.000300942
675, 670, 0.000525753, 0.000307649
675, 672, 0.000403671, 0.000303003
675, 673, 0.000325652, 0.000302866
675, 674, 0.00031447, 0.0003131
676, 670, 0.000493653, 0.000307046
676, 672, 0.000376522, 0.000303041
676, 673, 0.000313572, 0.000302101
676, 674, 0.000302329, 0.000312021
676, 675, 0.000305752, 0.000307139
677, 670, 0.00063399, 0.000306318
677, 672, 0.000494728, 0.000303878
677, 673, 0.000386418, 0.000302232
677, 674, 0.000346903, 0.000311472
677, 675, 0.00031799, 0.000308553
677, 676, 0.00034443, 0.000302146
678, 672, 0.000480873, 0.000304615
678, 673, 0.000380552, 0.000301901
678, 674, 0.000345614, 0.000310835
678, 675, 0.000313451, 0.000307646
678, 676, 0.000339021, 0.000301787
678, 677, 0.000302986, 0.000300287
679, 672, 0.000558551, 0.000302904
679, 673, 0.000439867, 0.000301131
679, 674, 0.000392182, 0.000312273
679, 675, 0.000350915, 0.000306837
679, 676, 0.000388325, 0.000300308
679, 677, 0.000316934, 0.00030084
679, 678, 0.000310459, 0.000309733
680, 672, 0.000606017, 0.000303998
680, 673, 0.000485244, 0.00030262
680, 674, 0.000431768, 0.000311948
680, 675, 0.000380051, 0.000307931
680, 676, 0.000432178, 0.000301807
680, 677, 0.000339888, 0.000300082
680, 678, 0.000321859, 0.000308504
680, 679, 0.000335198, 0.000306276
681, 673, 0.000458556, 0.000301131
681, 674, 0.000404819, 0.000311713
681, 675, 0.000364639, 0.000307064
681, 676, 0.000408244, 0.000300204
681, 677, 0.000329762, 0.000301119
681, 678, 0.000314268, 0.000308361
681, 679, 0.000326187, 0.000305608
681, 680, 0.000308427, 0.000303536
682, 673, 0.000506845, 0.000302901
682, 674, 0.000449914, 0.000311538
682, 675, 0.000401843, 0.000309023
682, 676, 0.000445859, 0.000302216
682, 677, 0.000356972, 0.000299585
682, 678, 0.000336418, 0.000309608
682, 679, 0.000348253, 0.000304683
682, 680, 0.000303634, 0.000302657
682, 681, 0.000305391, 0.000305017
683, 677, 0.000422982, 0.000301762
683, 678, 0.000383782, 0.000307067
683, 679, 0.000416505, 0.000304886
683, 680, 0.000327936, 0.00030218
683, 681, 0.000344395, 0.000303091
683, 682, 0.000345451, 0.000304371
684, 678, 0.000327815, 0.000310463
684, 679, 0.00034923, 0.000304251
684, 680, 0.000301756, 0.000303247
684, 681, 0.000309302, 0.000306203
684, 682, 0.000305357, 0.000305723
684, 683, 0.000324024, 0.000311352
685, 678, 0.000401853, 0.000308573
685, 679, 0.000429387, 0.000304668
685, 680, 0.000333554, 0.000304164
685, 681, 0.000343453, 0.000305644
685, 682, 0.0003542, 0.00030543
685, 683, 0.000307701, 0.000309866
685, 684, 0.000300994, 0.000301824
686, 678, 0.000382564, 0.000309143
686, 679, 0.000418018, 0.000305979
686, 680, 0.00032961, 0.000302488
686, 681, 0.000347051, 0.000303817
686, 682, 0.000341092, 0.000304705
686, 683, 0.000301881, 0.000309194
686, 684, 0.000303916, 0.000300525
686, 685, 0.000307375, 0.000299443
687, 677, 0.000546587, 0.000299291
687, 680, 0.000420615, 0.000302404
687, 681, 0.00044385, 0.000304573
687, 682, 0.000442294, 0.000306028
687, 683, 0.000341688, 0.000308786
687, 684, 0.000349211, 0.000297964
687, 685, 0.000320229, 0.000297094
687, 686, 0.000312867, 0.000304124
688, 680, 0.000551258, 0.000302237
688, 681, 0.000572489, 0.000305183
688, 682, 0.000578171, 0.00030353
688, 683, 0.000445853, 0.000307837
688, 684, 0.000454854, 0.000298066
688, 685, 0.000410753, 0.000298459
688, 686, 0.000392621, 0.000305301
688, 687, 0.000352106, 0.000299222
690, 683, 0.000551349, 0.000308564
690, 685, 0.000506709, 0.000296914
690, 686, 0.000488296, 0.000305724
690, 687, 0.000433081, 0.000296678
690, 688, 0.000348213, 0.000302748
691, 680, 0.00059009, 0.000302916
691, 682, 0.000622108, 0.000304042
691, 683, 0.000483937, 0.000310905
691, 685, 0.000441509, 0.0002976
691, 686, 0.000425064, 0.000303206
691, 687, 0.000379219, 0.000299467
691, 688, 0.000311885, 0.00030366
691, 690, 0.000302403, 0.000302979
692, 686, 0.000637527, 0.000305941
692, 687, 0.000581729, 0.000296237
692, 688, 0.000458821, 0.000301561
692, 690, 0.000375639, 0.000299876
692, 691, 0.000415845, 0.000303102
693, 687, 0.000617883, 0.000298054
693, 688, 0.000502437, 0.000301708
693, 690, 0.000403567, 0.000300081
693, 691, 0.000455891, 0.000303008
693, 692, 0.000311672, 0.000313327
694, 687, 0.00069204, 0.00029591
694, 688, 0.000564081, 0.000301319
694, 690, 0.000460585, 0.000298584
694, 691, 0.000513645, 0.000299038
694, 692, 0.000311732, 0.000311334
694, 693, 0.000322089, 0.000295166
695, 687, 0.000737293, 0.000297486
695, 688, 0.000606458, 0.000301967
695, 690, 0.000502885, 0.000297623
695, 691, 0.000550327, 0.000303644
695, 692, 0.000332324, 0.000311917
695, 693, 0.000342103, 0.000294974
695, 694, 0.000307249, 0.00029763
696, 688, 0.000787242, 0.000300779
696, 690, 0.000671261, 0.000298865
696, 691, 0.00072294, 0.00030024
696, 692, 0.000445475, 0.000310057
696, 693, 0.000464999, 0.000295065
696, 694, 0.000394252, 0.000296291
696, 695, 0.000384389, 0.000303273
698, 692, 0.000589185, 0.000310738
698, 693, 0.000614441, 0.000293956
698, 694, 0.000529792, 0.000296517
698, 695, 0.000514197, 0.000299626
698, 696, 0.000377052, 0.00029802
699, 692, 0.000639382, 0.000310169
699, 693, 0.000659368, 0.000292756
699, 694, 0.000569495, 0.000292637
699, 695, 0.000546744, 0.000300948
699, 696, 0.000402356, 0.000297161
699, 698, 0.000298783, 0.000300962
701, 692, 0.000701032, 0.000310439
701, 694, 0.000631047, 0.000295014
701, 695, 0.000617591, 0.000299619
701, 696, 0.000462665, 0.000298375
701, 698, 0.000306507, 0.000302572
701, 699, 0.000309135, 0.000291118
702, 694, 0.000710655, 0.000294534
702, 695, 0.000691274, 0.000300098
702, 696, 0.000527544, 0.000295667
702, 698, 0.000340193, 0.000301168
702, 699, 0.000347164, 0.00029323
702, 701, 0.000304933, 0.000293659
703, 696, 0.000551464, 0.000295557
703, 698, 0.000361426, 0.000299619
703, 699, 0.000369061, 0.000289375
703, 701, 0.000307794, 0.000292241
703, 702, 0.000306724, 0.000303217
704, 696, 0.000517163, 0.000295807
704, 698, 0.000338, 0.000302518
704, 699, 0.0003468, 0.000288326
704, 701, 0.000297283, 0.000292527
704, 702, 0.000298713, 0.000302884
704, 703, 0.000298202, 0.000296703
705, 696, 0.000516577, 0.000295034
705, 698, 0.000342413, 0.000303023
705, 699, 0.000349313, 0.000289876
705, 701, 0.000297871, 0.000292962
705, 702, 0.000296876, 0.000303306
705, 703, 0.000298904, 0.000297556
705, 704, 0.000295304, 0.000296973
706, 696, 0.000551547, 0.000294479
706, 698, 0.000358682, 0.000300169
706, 699, 0.000364478, 0.000289363
706, 701, 0.00031296, 0.00029363
706, 702, 0.000315047, 0.000303079
706, 703, 0.000298376, 0.000298025
706, 704, 0.000299382, 0.000295612
706, 705, 0.000300001, 0.000292954
707, 698, 0.000402024, 0.000298713
707, 699, 0.000409503, 0.000292405
707, 701, 0.000334075, 0.000291312
707, 702, 0.000334263, 0.000301348
707, 703, 0.000305938, 0.000297668
707, 704, 0.000304985, 0.000295203
707, 705, 0.000299408, 0.000292626
707, 706, 0.000305167, 0.000295293
708, 698, 0.000371731, 0.00029902
708, 699, 0.000377686, 0.000290212
708, 701, 0.000313578, 0.000293209
708, 702, 0.000311082, 0.000302216
708, 703, 0.000295548, 0.000296422
708, 704, 0.00029475, 0.00029643
708, 705, 0.000294362, 0.000293568
708, 706, 0.000298341, 0.00029472
708, 707, 0.000297648, 0.000298307
709, 698, 0.000398327, 0.0002997
709, 699, 0.000404143, 0.00029056
709, 701, 0.000329246, 0.000292201
709, 702, 0.000333307, 0.000301787
709, 703, 0.000300265, 0.000296222
709, 704, 0.00030198, 0.000294262
709, 705, 0.00029491, 0.000292981
709, 706, 0.000299184, 0.000295823
709, 707, 0.000292726, 0.000297662
709, 708, 0.000294139, 0.000294083
710, 698, 0.000412753, 0.000299147
710, 699, 0.000414279, 0.000288714
710, 701, 0.000337618, 0.000293992
710, 702, 0.000335287, 0.000301009
710, 703, 0.000303763, 0.000293912
710, 704, 0.000306676, 0.000296523
710, 705, 0.000299072, 0.000292349
710, 706, 0.000304898, 0.00029427
710, 707, 0.000297091, 0.00029775
710, 708, 0.000297849, 0.000295477
710, 709, 0.000304611, 0.000297262
711, 699, 0.00044058, 0.000288735
711, 701, 0.000362688, 0.000293242
711, 702, 0.000369582, 0.0003009
711, 703, 0.000319104, 0.000296501
711, 704, 0.000323976, 0.000293633
711, 705, 0.000308675, 0.000293721
711, 706, 0.000311632, 0.000296939
711, 707, 0.000300357, 0.000297613
711, 708, 0.00031141, 0.000295577
711, 709, 0.000299823, 0.00029739
711, 710, 0.000311107, 0.000300703
712, 701, 0.000398365, 0.000291664
712, 702, 0.000404103, 0.000302523
712, 703, 0.00034366, 0.000297632
712, 704, 0.00035094, 0.000293421
712, 705, 0.000328155, 0.000292345
712, 706, 0.000336023, 0.000296484
712, 707, 0.000315654, 0.000299718
712, 708, 0.000331128, 0.000297173
712, 709, 0.000296516, 0.000295831
712, 710, 0.000316686, 0.000301888
712, 711, 0.000310593, 0.000308689
713, 701, 0.000369612, 0.000292286
713, 702, 0.000369474, 0.000301364
713, 703, 0.000326055, 0.00029656
713, 704, 0.000329397, 0.000293771
713, 705, 0.000315741, 0.000292978
713, 706, 0.000326558, 0.000295902
713, 707, 0.000310261, 0.000298066
713, 708, 0.000315426, 0.00029438
713, 709, 0.000294218, 0.000295197
713, 710, 0.000295074, 0.000301155
713, 711, 0.000294817, 0.000311428
713, 712, 0.00029306, 0.000290789
714, 704, 0.000404081, 0.000295346
714, 705, 0.000379017, 0.000291662
714, 706, 0.00039348, 0.000294517
714, 707, 0.000365986, 0.000296918
714, 708, 0.000377187, 0.000295467
714, 709, 0.000310815, 0.000292891
714, 710, 0.000341737, 0.000302891
714, 711, 0.00034165, 0.000307005
714, 712, 0.000319132, 0.000291058
714, 713, 0.000297132, 0.000291727
715, 706, 0.000434203, 0.000293053
715, 707, 0.000402148, 0.000296383
715, 708, 0.000412609, 0.000293168
715, 709, 0.000339719, 0.00029101
715, 710, 0.000362617, 0.000296746
715, 711, 0.00036557, 0.000308571
715, 712, 0.000343242, 0.000290536
715, 713, 0.000313422, 0.000292159
715, 714, 0.000298776, 0.000289519
716, 706, 0.000492124, 0.000292533
716, 707, 0.000458086, 0.000296284
716, 708, 0.000475405, 0.000291702
716, 709, 0.000382858, 0.000292332
716, 710, 0.000420582, 0.000299583
716, 711, 0.0004217, 0.000304422
716, 712, 0.000387796, 0.000288731
716, 713, 0.000351512, 0.000290956
716, 714, 0.000334395, 0.000286372
716, 715, 0.00030526, 0.00029535
717, 708, 0.000505483, 0.000292657
717, 709, 0.000408007, 0.000292743
717, 710, 0.000446978, 0.000301924
717, 711, 0.000450338, 0.000307723
717, 712, 0.000413924, 0.000289625
717, 713, 0.000367342, 0.000289434
717, 714, 0.000341968, 0.000288805
717, 715, 0.000308187, 0.000290387
717, 716, 0.000326373, 0.00030004
718, 709, 0.000432593, 0.000289971
718, 710, 0.000468058, 0.000297467
718, 711, 0.000474806, 0.000305926
718, 712, 0.00043866, 0.000289193
718, 713, 0.000388008, 0.00029164
718, 714, 0.000353554, 0.000288109
718, 715, 0.000316286, 0.000289363
718, 716, 0.000341881, 0.000296776
718, 717, 0.000297989, 0.000289319
719, 710, 0.000530051, 0.000295828
719, 711, 0.000542552, 0.000304919
719, 712, 0.000505754, 0.000286902
719, 713, 0.000448723, 0.000291531
719, 714, 0.000406558, 0.000291521
719, 715, 0.000356559, 0.000291206
719, 716, 0.000392335, 0.00029234
719, 717, 0.000332024, 0.000291379
719, 718, 0.000293709, 0.000287368
720, 712, 0.000578194, 0.000286754
720, 713, 0.000523377, 0.000288558
720, 714, 0.000473937, 0.000289227
720, 715, 0.000418661, 0.000289368
720, 716, 0.000455584, 0.000297058
720, 717, 0.000367728, 0.000291133
720, 718, 0.000316634, 0.000290684
720, 719, 0.000312804, 0.000308079
721, 714, 0.000643612, 0.000283088
721, 715, 0.000579385, 0.000286457
721, 716, 0.000622293, 0.000295808
721, 717, 0.000513925, 0.000287552
721, 718, 0.000432075, 0.000288299
721, 719, 0.000426908, 0.000308085
721, 720, 0.000400919, 0.000289128
722, 714, 0.000570709, 0.000285325
722, 715, 0.000508955, 0.000288427
722, 716, 0.00054948, 0.000292578
722, 717, 0.000453123, 0.000289151
722, 718, 0.000376326, 0.000287967
722, 719, 0.000371241, 0.000304976
722, 720, 0.000352031, 0.000289574
722, 721, 0.000291622, 0.00030022
723, 717, 0.000673583, 0.000282898
723, 718, 0.000578613, 0.000280647
723, 719, 0.000576222, 0.000303524
723, 720, 0.000545626, 0.000289362
723, 721, 0.000399248, 0.000299497
723, 722, 0.000377034, 0.000300977
724, 715, 0.000730368, 0.000286935
724, 716, 0.000766549, 0.000289445
724, 717, 0.000652539, 0.000285062
724, 718, 0.000564984, 0.000288797
724, 719, 0.00055644, 0.000302507
724, 720, 0.000527413, 0.000285104
724, 721, 0.000382828, 0.000294107
724, 722, 0.000364703, 0.000294476
724, 723, 0.000296762, 0.000309418
725, 718, 0.000836262, 0.000281636
725, 719, 0.000836021, 0.000303617
725, 720, 0.000796502, 0.000284668
725, 721, 0.000624348, 0.000290274
725, 722, 0.000601987, 0.000294147
725, 723, 0.000380055, 0.000307657
725, 724, 0.000400558, 0.000289067
726, 721, 0.00101809, 0.000287618
726, 722, 0.000983295, 0.000293864
726, 723, 0.000722985, 0.000298883
726, 724, 0.000751229, 0.000280855
726, 725, 0.000484397, 0.000302686
727, 721, 0.00113384, 0.00028847
727, 723, 0.000833927, 0.000296975
727, 724, 0.000865949, 0.000277234
727, 725, 0.00058025, 0.000300591
727, 726, 0.00028677, 0.000281113
728, 723, 0.00112332, 0.000295304
728, 724, 0.0011528, 0.000274044
728, 725, 0.000852134, 0.000297892
728, 726, 0.000479267, 0.000275316
728, 727, 0.000454612, 0.000268763
729, 724, 0.00132666, 0.000273287
729, 725, 0.00102365, 0.000299372
729, 726, 0.000628367, 0.000280322
729, 727, 0.00060171, 0.000269826
729, 728, 0.000285622, 0.000275402
730, 726, 0.000850869, 0.000278018
730, 727, 0.00082471, 0.000266431
730, 728, 0.000425805, 0.000268232
730, 729, 0.000358781, 0.000261679
731, 725, 0.00109648, 0.000292648
731, 726, 0.000707505, 0.000274473
731, 727, 0.000682244, 0.000267805
731, 728, 0.000321035, 0.000274296
731, 729, 0.000278721, 0.000264555
731, 730, 0.000318865, 0.000273758
732, 726, 0.0010402, 0.000271341
732, 727, 0.00101287, 0.000262421
732, 728, 0.000591071, 0.000271715
732, 729, 0.000513524, 0.000259032
732, 730, 0.000315812, 0.000269317
732, 731, 0.000436394, 0.000262098
733, 728, 0.00132554, 0.000255751
733, 729, 0.00123617, 0.000252453
733, 730, 0.000973525, 0.00026165
733, 731, 0.00113726, 0.000254057
733, 732, 0.000794258, 0.000271448
734, 728, 0.0016173, 0.000254883
734, 729, 0.0015219, 0.000246081
734, 730, 0.00126656, 0.000259691
734, 731, 0.00142841, 0.000244288
734, 732, 0.00107709, 0.000269057
734, 733, 0.00038735, 0.000250896
735, 732, 0.00189812, 0.000260628
735, 733, 0.00115518, 0.000240126
735, 734, 0.000861769, 0.000243212
736, 733, 0.0013351, 0.000236278
736, 734, 0.00104146, 0.000238426
736, 735, 0.000313887, 0.000237981
737, 733, 0.00129284, 0.000237522
737, 734, 0.00100538, 0.000238872
737, 735, 0.000290667, 0.000238327
737, 736, 0.000238404, 0.000239082
738, 733, 0.00134148, 0.000236981
738, 734, 0.00104508, 0.000241466
738, 735, 0.000314416, 0.000240568
738, 736, 0.000249003, 0.000240404
738, 737, 0.000240239, 0.000261022
739, 735, 0.000568337, 0.000232318
739, 736, 0.000417912, 0.000233943
739, 737, 0.000416919, 0.000256691
739, 738, 0.000379306, 0.000244032
740, 735, 0.00056203, 0.000232658
740, 736, 0.000412805, 0.000237023
740, 737, 0.000412665, 0.000252615
740, 738, 0.000374908, 0.000247451
740, 739, 0.000253602, 0.000227835
741, 734, 0.00114008, 0.000239545
741, 735, 0.000382839, 0.000234715
741, 736, 0.000268899, 0.000234287
741, 737, 0.000265495, 0.000256598
741, 738, 0.000250206, 0.000246629
741, 739, 0.000256414, 0.000230104
741, 740, 0.000281701, 0.0002389
742, 734, 0.00286003, 0.000211562
742, 735, 0.00204738, 0.000215548
742, 736, 0.00187799, 0.000214375
742, 737, 0.00187086, 0.000234085
742, 738, 0.00182355, 0.000225602
742, 739, 0.00163139, 0.000208072
742, 740, 0.00157884, 0.000212802
742, 741, 0.00170182, 0.000217396
