13, 0, 3.67439e-05, 3.62683e-05
18, 0, 3.66205e-05, 3.65475e-05
18, 13, 3.65827e-05, 3.69666e-05
30, 0, 3.61545e-05, 3.69229e-05
30, 13, 3.63692e-05, 3.7105e-05
30, 18, 3.62586e-05, 3.70437e-05
40, 0, 3.59366e-05, 3.62678e-05
40, 13, 3.60046e-05, 3.72858e-05
40, 18, 3.6261e-05, 3.70196e-05
40, 30, 3.60302e-05, 3.61715e-05
48, 0, 3.64428e-05, 3.67131e-05
48, 13, 3.6482e-05, 3.70092e-05
48, 18, 3.66014e-05, 3.674e-05
48, 30, 3.64971e-05, 3.66918e-05
48, 40, 3.64524e-05, 3.68305e-05
55, 0, 3.69958e-05, 3.66091e-05
55, 13, 3.65912e-05, 3.68827e-05
55, 18, 3.67178e-05, 3.67663e-05
55, 30, 3.68428e-05, 3.66391e-05
55, 40, 3.71387e-05, 3.65522e-05
55, 48, 3.66399e-05, 3.66177e-05
62, 0, 3.63964e-05, 3.66066e-05
62, 13, 3.64456e-05, 3.67981e-05
62, 18, 3.65386e-05, 3.67801e-05
62, 30, 3.64891e-05, 3.64978e-05
62, 40, 3.64325e-05, 3.66526e-05
62, 48, 3.63943e-05, 3.66548e-05
62, 55, 3.6693e-05, 3.67562e-05
68, 0, 3.64856e-05, 3.70209e-05
68, 13, 3.65016e-05, 3.71551e-05
68, 18, 3.72126e-05, 3.70149e-05
68, 30, 3.65067e-05, 3.69145e-05
68, 40, 3.64988e-05, 3.70667e-05
68, 48, 3.67065e-05, 3.68155e-05
68, 55, 3.67899e-05, 3.69346e-05
68, 62, 3.64853e-05, 3.70202e-05
74, 0, 3.66053e-05, 3.6542e-05
74, 13, 3.70121e-05, 3.67788e-05
74, 18, 3.69145e-05, 3.67371e-05
74, 30, 3.66053e-05, 3.64955e-05
74, 40, 3.65835e-05, 3.65539e-05
74, 48, 3.6731e-05, 3.65296e-05
74, 55, 3.66932e-05, 3.66257e-05
74, 62, 3.67903e-05, 3.64585e-05
74, 68, 3.6696e-05, 3.64555e-05
75, 0, 3.66118e-05, 3.63541e-05
75, 13, 3.72849e-05, 3.65201e-05
75, 18, 3.7661e-05, 3.64494e-05
75, 30, 3.66072e-05, 3.6459e-05
75, 40, 3.65674e-05, 3.64914e-05
75, 48, 3.66528e-05, 3.64422e-05
75, 55, 3.67138e-05, 3.65857e-05
75, 62, 3.68958e-05, 3.64013e-05
75, 68, 3.6606e-05, 3.64256e-05
75, 74, 3.66154e-05, 3.64569e-05
81, 0, 3.64568e-05, 3.71282e-05
81, 13, 3.64704e-05, 3.73673e-05
81, 18, 3.66803e-05, 3.71561e-05
81, 30, 3.64061e-05, 3.63854e-05
81, 40, 3.63832e-05, 3.72366e-05
81, 48, 3.6445e-05, 3.65177e-05
81, 55, 3.67244e-05, 3.65537e-05
81, 62, 3.64409e-05, 3.646e-05
81, 68, 3.65226e-05, 3.71411e-05
81, 74, 3.63708e-05, 3.64554e-05
81, 75, 3.64348e-05, 3.66479e-05
84, 0, 3.6583e-05, 3.65814e-05
84, 13, 3.68967e-05, 3.68859e-05
84, 18, 3.74089e-05, 3.66915e-05
84, 30, 3.66748e-05, 3.64568e-05
84, 40, 3.69431e-05, 3.65713e-05
84, 48, 3.66582e-05, 3.65559e-05
84, 55, 3.65615e-05, 3.65704e-05
84, 62, 3.67496e-05, 3.65681e-05
84, 68, 3.68217e-05, 3.63852e-05
84, 74, 3.68737e-05, 3.65202e-05
84, 75, 3.65117e-05, 3.67073e-05
84, 81, 3.67464e-05, 3.66488e-05
90, 0, 3.67935e-05, 3.6572e-05
90, 13, 3.68183e-05, 3.68198e-05
90, 18, 3.66718e-05, 3.67389e-05
90, 30, 3.75591e-05, 3.64396e-05
90, 40, 3.73809e-05, 3.66336e-05
90, 48, 3.70879e-05, 3.65819e-05
90, 55, 3.7875e-05, 3.6587e-05
90, 62, 3.68842e-05, 3.65975e-05
90, 68, 3.74397e-05, 3.64022e-05
90, 74, 3.68839e-05, 3.64579e-05
90, 75, 3.77759e-05, 3.66015e-05
90, 81, 3.68293e-05, 3.66698e-05
90, 84, 3.75595e-05, 3.65472e-05
95, 0, 3.65789e-05, 3.64692e-05
95, 13, 3.67165e-05, 3.68952e-05
95, 18, 3.65942e-05, 3.65902e-05
95, 30, 3.65884e-05, 3.64175e-05
95, 40, 3.66628e-05, 3.65518e-05
95, 48, 3.65805e-05, 3.64328e-05
95, 55, 3.67539e-05, 3.64074e-05
95, 62, 3.65867e-05, 3.64932e-05
95, 68, 3.65743e-05, 3.64544e-05
95, 74, 3.66747e-05, 3.64537e-05
95, 75, 3.67027e-05, 3.66358e-05
95, 81, 3.67816e-05, 3.65146e-05
95, 84, 3.75266e-05, 3.64046e-05
95, 90, 3.68477e-05, 3.65565e-05
100, 0, 3.70687e-05, 3.68327e-05
100, 13, 3.75993e-05, 3.70549e-05
100, 18, 3.72998e-05, 3.68133e-05
100, 30, 3.70911e-05, 3.68094e-05
100, 40, 3.70716e-05, 3.68824e-05
100, 48, 3.70739e-05, 3.70585e-05
100, 55, 3.74087e-05, 3.70068e-05
100, 62, 3.70702e-05, 3.67849e-05
100, 68, 3.7095e-05, 3.67921e-05
100, 74, 3.71036e-05, 3.67948e-05
100, 75, 3.71146e-05, 3.69482e-05
100, 81, 3.71161e-05, 3.68767e-05
100, 84, 3.73035e-05, 3.68108e-05
100, 90, 3.71909e-05, 3.68009e-05
100, 95, 3.72898e-05, 3.68679e-05
106, 0, 3.69547e-05, 3.61203e-05
106, 13, 3.70579e-05, 3.64008e-05
106, 18, 3.74415e-05, 3.61984e-05
106, 30, 3.72037e-05, 3.60548e-05
106, 40, 3.6926e-05, 3.62268e-05
106, 48, 3.69393e-05, 3.63294e-05
106, 55, 3.68118e-05, 3.62384e-05
106, 62, 3.69185e-05, 3.61493e-05
106, 68, 3.72741e-05, 3.61977e-05
106, 74, 3.68966e-05, 3.61528e-05
106, 75, 3.69095e-05, 3.635e-05
106, 81, 3.69904e-05, 3.62133e-05
106, 84, 3.67849e-05, 3.60776e-05
106, 90, 3.68206e-05, 3.61031e-05
106, 95, 3.68261e-05, 3.62142e-05
106, 100, 3.70088e-05, 3.6086e-05
114, 0, 3.70285e-05, 3.6562e-05
114, 13, 3.75093e-05, 3.73564e-05
114, 18, 3.67047e-05, 3.66925e-05
114, 30, 3.67699e-05, 3.65605e-05
114, 40, 3.67768e-05, 3.6117e-05
114, 48, 3.6834e-05, 3.64644e-05
114, 55, 3.71734e-05, 3.65592e-05
114, 62, 3.66949e-05, 3.66676e-05
114, 68, 3.70303e-05, 3.61945e-05
114, 74, 3.67379e-05, 3.6461e-05
114, 75, 3.67313e-05, 3.65688e-05
114, 81, 3.68671e-05, 3.67101e-05
114, 84, 3.73559e-05, 3.66669e-05
114, 90, 3.6883e-05, 3.6906e-05
114, 95, 3.67495e-05, 3.66688e-05
114, 100, 3.67426e-05, 3.65173e-05
114, 106, 3.71888e-05, 3.66274e-05
123, 0, 3.68879e-05, 3.64205e-05
123, 13, 3.69003e-05, 3.64599e-05
123, 18, 3.73103e-05, 3.58546e-05
123, 30, 3.68924e-05, 3.64142e-05
123, 40, 3.68515e-05, 3.63796e-05
123, 48, 3.69443e-05, 3.61331e-05
123, 55, 3.71999e-05, 3.63783e-05
123, 62, 3.68577e-05, 3.64228e-05
123, 68, 3.69858e-05, 3.64068e-05
123, 74, 3.68543e-05, 3.62001e-05
123, 75, 3.68819e-05, 3.622e-05
123, 81, 3.68959e-05, 3.6322e-05
123, 84, 3.72958e-05, 3.63963e-05
123, 90, 3.7116e-05, 3.62632e-05
123, 95, 3.6847e-05, 3.61972e-05
123, 100, 3.68735e-05, 3.64283e-05
123, 106, 3.7167e-05, 3.63417e-05
123, 114, 3.68608e-05, 3.62094e-05
127, 0, 3.64477e-05, 3.65642e-05
127, 13, 3.65528e-05, 3.69134e-05
127, 18, 3.66419e-05, 3.67531e-05
127, 30, 3.64174e-05, 3.6499e-05
127, 40, 3.64481e-05, 3.66431e-05
127, 48, 3.64544e-05, 3.65628e-05
127, 55, 3.67751e-05, 3.66894e-05
127, 62, 3.6449e-05, 3.66364e-05
127, 68, 3.70372e-05, 3.64558e-05
127, 74, 3.65955e-05, 3.63656e-05
127, 75, 3.64204e-05, 3.65447e-05
127, 81, 3.64533e-05, 3.66915e-05
127, 84, 3.66358e-05, 3.65414e-05
127, 90, 3.65401e-05, 3.67535e-05
127, 95, 3.64452e-05, 3.67e-05
127, 100, 3.64586e-05, 3.65152e-05
127, 106, 3.65024e-05, 3.67849e-05
127, 114, 3.65301e-05, 3.64785e-05
127, 123, 3.64751e-05, 3.66245e-05
134, 0, 3.62961e-05, 3.62878e-05
134, 13, 3.63363e-05, 3.68898e-05
134, 18, 3.65069e-05, 3.62236e-05
134, 30, 3.64965e-05, 3.61712e-05
134, 40, 3.62966e-05, 3.62171e-05
134, 48, 3.62965e-05, 3.62503e-05
134, 55, 3.64201e-05, 3.62916e-05
134, 62, 3.62914e-05, 3.6245e-05
134, 68, 3.62627e-05, 3.61046e-05
134, 74, 3.64191e-05, 3.62394e-05
134, 75, 3.63504e-05, 3.6273e-05
134, 81, 3.632e-05, 3.63812e-05
134, 84, 3.68105e-05, 3.63187e-05
134, 90, 3.63512e-05, 3.61771e-05
134, 95, 3.63098e-05, 3.6305e-05
134, 100, 3.63048e-05, 3.61469e-05
134, 106, 3.63163e-05, 3.64409e-05
134, 114, 3.62965e-05, 3.62555e-05
134, 123, 3.62913e-05, 3.62469e-05
134, 127, 3.62936e-05, 3.61038e-05
139, 0, 3.63607e-05, 3.64247e-05
139, 13, 3.65846e-05, 3.6886e-05
139, 18, 3.63815e-05, 3.67361e-05
139, 30, 3.63816e-05, 3.64603e-05
139, 40, 3.63903e-05, 3.65577e-05
139, 48, 3.6295e-05, 3.63494e-05
139, 55, 3.77821e-05, 3.64649e-05
139, 62, 3.66145e-05, 3.6423e-05
139, 68, 3.68227e-05, 3.67165e-05
139, 74, 3.63776e-05, 3.64366e-05
139, 75, 3.63872e-05, 3.65504e-05
139, 81, 3.6408e-05, 3.65179e-05
139, 84, 3.64383e-05, 3.65108e-05
139, 90, 3.69292e-05, 3.6737e-05
139, 95, 3.63646e-05, 3.65591e-05
139, 100, 3.63759e-05, 3.63913e-05
139, 106, 3.63656e-05, 3.66309e-05
139, 114, 3.63901e-05, 3.64656e-05
139, 123, 3.63626e-05, 3.64752e-05
139, 127, 3.63628e-05, 3.63868e-05
139, 134, 3.6363e-05, 3.64437e-05
145, 0, 3.69421e-05, 3.65468e-05
145, 13, 3.70422e-05, 3.67559e-05
145, 18, 3.70169e-05, 3.66221e-05
145, 30, 3.69495e-05, 3.65193e-05
145, 40, 3.69644e-05, 3.65275e-05
145, 48, 3.69956e-05, 3.66067e-05
145, 55, 3.83188e-05, 3.6748e-05
145, 62, 3.69622e-05, 3.6512e-05
145, 68, 3.70325e-05, 3.65758e-05
145, 74, 3.70055e-05, 3.64494e-05
145, 75, 3.70252e-05, 3.66393e-05
145, 81, 3.69513e-05, 3.66353e-05
145, 84, 3.69314e-05, 3.66491e-05
145, 90, 3.73061e-05, 3.63942e-05
145, 95, 3.69591e-05, 3.65849e-05
145, 100, 3.70009e-05, 3.64195e-05
145, 106, 3.69314e-05, 3.67354e-05
145, 114, 3.70335e-05, 3.63872e-05
145, 123, 3.70067e-05, 3.64498e-05
145, 127, 3.69418e-05, 3.65164e-05
145, 134, 3.69545e-05, 3.66125e-05
145, 139, 3.6962e-05, 3.63909e-05
150, 0, 3.70059e-05, 3.59692e-05
150, 13, 3.70352e-05, 3.61798e-05
150, 18, 3.72554e-05, 3.59775e-05
150, 30, 3.70052e-05, 3.62022e-05
150, 40, 3.70045e-05, 3.60088e-05
150, 48, 3.702e-05, 3.6279e-05
150, 55, 3.72583e-05, 3.63359e-05
150, 62, 3.70085e-05, 3.62826e-05
150, 68, 3.70274e-05, 3.59601e-05
150, 74, 3.69986e-05, 3.61828e-05
150, 75, 3.69968e-05, 3.63109e-05
150, 81, 3.70293e-05, 3.63385e-05
150, 84, 3.74455e-05, 3.58946e-05
150, 90, 3.71002e-05, 3.62067e-05
150, 95, 3.70121e-05, 3.62451e-05
150, 100, 3.70068e-05, 3.59062e-05
150, 106, 3.70676e-05, 3.64168e-05
150, 114, 3.70362e-05, 3.62516e-05
150, 123, 3.70006e-05, 3.62807e-05
150, 127, 3.70102e-05, 3.59331e-05
150, 134, 3.70032e-05, 3.62208e-05
150, 145, 3.70059e-05, 3.59753e-05
151, 0, 3.64062e-05, 3.60003e-05
151, 13, 3.64701e-05, 3.61682e-05
151, 18, 3.67907e-05, 3.6502e-05
151, 30, 3.63965e-05, 3.65457e-05
151, 40, 3.64051e-05, 3.60428e-05
151, 48, 3.63773e-05, 3.66197e-05
151, 55, 3.66095e-05, 3.67635e-05
151, 62, 3.64072e-05, 3.70019e-05
151, 68, 3.64545e-05, 3.64824e-05
151, 74, 3.64029e-05, 3.65909e-05
151, 75, 3.64179e-05, 3.67219e-05
151, 81, 3.64302e-05, 3.67187e-05
151, 84, 3.71909e-05, 3.60484e-05
151, 90, 3.65361e-05, 3.66035e-05
151, 95, 3.63875e-05, 3.66171e-05
151, 100, 3.64168e-05, 3.63432e-05
151, 106, 3.63896e-05, 3.6731e-05
151, 114, 3.64184e-05, 3.66233e-05
151, 123, 3.63924e-05, 3.66093e-05
151, 127, 3.6382e-05, 3.64635e-05
151, 134, 3.63926e-05, 3.65599e-05
151, 139, 3.63969e-05, 3.7108e-05
151, 145, 3.6393e-05, 3.64466e-05
151, 150, 3.63908e-05, 3.646e-05
157, 0, 3.6736e-05, 3.65196e-05
157, 13, 3.68253e-05, 3.67502e-05
157, 18, 3.67948e-05, 3.65847e-05
157, 30, 3.61714e-05, 3.64471e-05
157, 40, 3.67391e-05, 3.66028e-05
157, 48, 3.67377e-05, 3.6703e-05
157, 55, 3.71546e-05, 3.62466e-05
157, 62, 3.67369e-05, 3.64932e-05
157, 68, 3.68411e-05, 3.65222e-05
157, 74, 3.67384e-05, 3.60886e-05
157, 75, 3.67438e-05, 3.62523e-05
157, 81, 3.61685e-05, 3.66571e-05
157, 84, 3.67462e-05, 3.64231e-05
157, 90, 3.69253e-05, 3.64711e-05
157, 95, 3.67413e-05, 3.65659e-05
157, 100, 3.67474e-05, 3.64504e-05
157, 106, 3.6808e-05, 3.69294e-05
157, 114, 3.67463e-05, 3.60789e-05
157, 123, 3.67366e-05, 3.61616e-05
157, 127, 3.61488e-05, 3.64836e-05
157, 134, 3.67421e-05, 3.65136e-05
157, 139, 3.67407e-05, 3.62635e-05
157, 145, 3.67421e-05, 3.65375e-05
157, 150, 3.67393e-05, 3.65636e-05
157, 151, 3.67385e-05, 3.65151e-05
160, 0, 3.69299e-05, 3.64567e-05
160, 13, 3.69023e-05, 3.66203e-05
160, 18, 3.73739e-05, 3.64881e-05
160, 30, 3.71966e-05, 3.63906e-05
160, 40, 3.69371e-05, 3.65365e-05
160, 48, 3.71821e-05, 3.67696e-05
160, 55, 3.7395e-05, 3.66627e-05
160, 62, 3.69268e-05, 3.64668e-05
160, 68, 3.6887e-05, 3.6464e-05
160, 74, 3.72436e-05, 3.67046e-05
160, 75, 3.69285e-05, 3.65275e-05
160, 81, 3.69436e-05, 3.65464e-05
160, 84, 3.71605e-05, 3.64522e-05
160, 90, 3.73112e-05, 3.64627e-05
160, 95, 3.71766e-05, 3.64997e-05
160, 100, 3.68995e-05, 3.63424e-05
160, 106, 3.69195e-05, 3.71701e-05
160, 114, 3.71762e-05, 3.67326e-05
160, 123, 3.69351e-05, 3.67265e-05
160, 127, 3.69136e-05, 3.64047e-05
160, 134, 3.69257e-05, 3.64463e-05
160, 139, 3.68856e-05, 3.69423e-05
160, 145, 3.69305e-05, 3.64925e-05
160, 150, 3.69234e-05, 3.64924e-05
160, 151, 3.69236e-05, 3.64492e-05
160, 157, 3.69287e-05, 3.67367e-05
161, 0, 3.7048e-05, 3.64288e-05
161, 13, 3.71099e-05, 3.68884e-05
161, 18, 3.72452e-05, 3.65012e-05
161, 30, 3.71251e-05, 3.64657e-05
161, 40, 3.70832e-05, 3.65564e-05
161, 48, 3.70374e-05, 3.68072e-05
161, 55, 3.75509e-05, 3.65624e-05
161, 62, 3.70489e-05, 3.64374e-05
161, 68, 3.7146e-05, 3.64557e-05
161, 74, 3.73683e-05, 3.66487e-05
161, 75, 3.70863e-05, 3.68074e-05
161, 81, 3.70901e-05, 3.6582e-05
161, 84, 3.71808e-05, 3.64485e-05
161, 90, 3.74055e-05, 3.67394e-05
161, 95, 3.70548e-05, 3.64502e-05
161, 100, 3.70733e-05, 3.63442e-05
161, 106, 3.70828e-05, 3.7242e-05
161, 114, 3.70974e-05, 3.66882e-05
161, 123, 3.70189e-05, 3.67612e-05
161, 127, 3.7057e-05, 3.63836e-05
161, 134, 3.70503e-05, 3.64381e-05
161, 139, 3.70799e-05, 3.70133e-05
161, 145, 3.70589e-05, 3.64145e-05
161, 150, 3.70556e-05, 3.65071e-05
161, 151, 3.70442e-05, 3.67735e-05
161, 157, 3.70632e-05, 3.67498e-05
161, 160, 3.70649e-05, 3.64769e-05
162, 0, 3.64693e-05, 3.72009e-05
162, 13, 3.65456e-05, 3.73876e-05
162, 18, 3.66739e-05, 3.72299e-05
162, 30, 3.7213e-05, 3.65206e-05
162, 40, 3.64814e-05, 3.66692e-05
162, 48, 3.64556e-05, 3.60731e-05
162, 55, 3.67481e-05, 3.67586e-05
162, 62, 3.64716e-05, 3.7174e-05
162, 68, 3.66287e-05, 3.7253e-05
162, 74, 3.67671e-05, 3.65307e-05
162, 75, 3.75052e-05, 3.61078e-05
162, 81, 3.64859e-05, 3.6713e-05
162, 84, 3.65526e-05, 3.72039e-05
162, 90, 3.65495e-05, 3.65885e-05
162, 95, 3.64793e-05, 3.66614e-05
162, 100, 3.67818e-05, 3.71146e-05
162, 106, 3.64696e-05, 3.61648e-05
162, 123, 3.67714e-05, 3.66657e-05
162, 127, 3.64774e-05, 3.65442e-05
162, 134, 3.64731e-05, 3.66006e-05
162, 139, 3.68163e-05, 3.63641e-05
162, 145, 3.64645e-05, 3.72296e-05
162, 150, 3.64653e-05, 3.72192e-05
162, 151, 3.64728e-05, 3.6062e-05
162, 157, 3.64828e-05, 3.66025e-05
162, 160, 3.64697e-05, 3.66296e-05
162, 161, 3.64791e-05, 3.6644e-05
163, 0, 3.68232e-05, 3.66764e-05
163, 13, 3.68705e-05, 3.69139e-05
163, 18, 3.71628e-05, 3.72633e-05
163, 40, 3.68363e-05, 3.67606e-05
163, 48, 3.67689e-05, 3.71859e-05
163, 55, 3.67716e-05, 3.68153e-05
163, 62, 3.68452e-05, 3.67045e-05
163, 68, 3.67803e-05, 3.67984e-05
163, 74, 3.70876e-05, 3.6642e-05
163, 75, 3.7204e-05, 3.68597e-05
163, 81, 3.6809e-05, 3.67568e-05
163, 84, 3.67476e-05, 3.66372e-05
163, 90, 3.67195e-05, 3.66872e-05
163, 95, 3.6417e-05, 3.66799e-05
163, 100, 3.70598e-05, 3.61034e-05
163, 106, 3.67729e-05, 3.73473e-05
163, 123, 3.69855e-05, 3.6637e-05
163, 127, 3.68348e-05, 3.66586e-05
163, 134, 3.68024e-05, 3.66782e-05
163, 139, 3.68672e-05, 3.71136e-05
163, 145, 3.68164e-05, 3.62499e-05
163, 150, 3.68642e-05, 3.66986e-05
163, 151, 3.68616e-05, 3.67893e-05
163, 157, 3.69516e-05, 3.66433e-05
163, 160, 3.6844e-05, 3.66873e-05
163, 161, 3.68048e-05, 3.66881e-05
163, 162, 3.68031e-05, 3.67444e-05
164, 0, 3.69626e-05, 3.64399e-05
164, 13, 3.67131e-05, 3.66458e-05
164, 18, 3.66308e-05, 3.64221e-05
164, 40, 3.80392e-05, 3.65244e-05
164, 48, 3.75187e-05, 3.6537e-05
164, 55, 3.75586e-05, 3.65635e-05
164, 62, 3.69023e-05, 3.64454e-05
164, 68, 3.75435e-05, 3.60084e-05
164, 74, 3.71369e-05, 3.64099e-05
164, 75, 3.76194e-05, 3.66035e-05
164, 81, 3.68952e-05, 3.65152e-05
164, 84, 3.75413e-05, 3.63868e-05
164, 90, 3.71812e-05, 3.64978e-05
164, 95, 3.68587e-05, 3.64529e-05
164, 100, 3.70697e-05, 3.63652e-05
164, 106, 3.6891e-05, 3.65871e-05
164, 123, 3.66742e-05, 3.65173e-05
164, 127, 3.70219e-05, 3.63506e-05
164, 134, 3.77707e-05, 3.64376e-05
164, 139, 3.74307e-05, 3.63582e-05
164, 145, 3.77781e-05, 3.64207e-05
164, 150, 3.67549e-05, 3.64456e-05
164, 151, 3.67093e-05, 3.64526e-05
164, 157, 3.69586e-05, 3.6392e-05
164, 160, 3.67535e-05, 3.63569e-05
164, 161, 3.68738e-05, 3.64191e-05
164, 162, 3.68487e-05, 3.65331e-05
164, 163, 3.68861e-05, 3.64592e-05
166, 0, 3.66621e-05, 3.59194e-05
166, 13, 3.64599e-05, 3.62239e-05
166, 18, 3.66627e-05, 3.66453e-05
166, 40, 3.63544e-05, 3.66779e-05
166, 48, 3.66153e-05, 3.52183e-05
166, 55, 3.68653e-05, 3.54781e-05
166, 62, 3.65286e-05, 3.5958e-05
166, 68, 3.68338e-05, 3.63579e-05
166, 74, 3.73757e-05, 3.53023e-05
166, 75, 3.75332e-05, 3.60978e-05
166, 81, 3.65518e-05, 3.53655e-05
166, 84, 3.67194e-05, 3.58601e-05
166, 90, 3.65629e-05, 3.59785e-05
166, 95, 3.65032e-05, 3.53409e-05
166, 100, 3.64994e-05, 3.59463e-05
166, 106, 3.64487e-05, 3.54511e-05
166, 123, 3.68108e-05, 3.53388e-05
166, 127, 3.64474e-05, 3.52492e-05
166, 134, 3.67864e-05, 3.65832e-05
166, 139, 3.66653e-05, 3.55158e-05
166, 145, 3.71201e-05, 3.66438e-05
166, 150, 3.64455e-05, 3.59446e-05
166, 151, 3.66799e-05, 3.52946e-05
166, 157, 3.69685e-05, 3.53006e-05
166, 160, 3.68964e-05, 3.53238e-05
166, 161, 3.68536e-05, 3.53199e-05
166, 162, 3.64861e-05, 3.53764e-05
166, 163, 3.6444e-05, 3.5975e-05
166, 164, 3.66181e-05, 3.60691e-05
168, 0, 3.76758e-05, 3.63816e-05
168, 13, 3.72317e-05, 3.67993e-05
168, 18, 3.78445e-05, 3.63866e-05
168, 40, 3.80311e-05, 3.65567e-05
168, 48, 3.70977e-05, 3.68251e-05
168, 55, 3.75578e-05, 3.65198e-05
168, 62, 3.78209e-05, 3.64416e-05
168, 75, 3.73998e-05, 3.68584e-05
168, 81, 3.70737e-05, 3.65421e-05
168, 84, 3.7527e-05, 3.6317e-05
168, 90, 3.72626e-05, 3.65923e-05
168, 95, 3.81356e-05, 3.65534e-05
168, 100, 3.73633e-05, 3.63108e-05
168, 106, 3.71834e-05, 3.69896e-05
168, 123, 3.72676e-05, 3.65886e-05
168, 127, 3.79152e-05, 3.62834e-05
168, 134, 3.7156e-05, 3.63666e-05
168, 139, 3.79628e-05, 3.69197e-05
168, 145, 3.72084e-05, 3.63713e-05
168, 150, 3.78956e-05, 3.65315e-05
168, 160, 3.7178e-05, 3.6408e-05
168, 161, 3.70767e-05, 3.64771e-05
168, 162, 3.72462e-05, 3.65059e-05
168, 163, 3.72831e-05, 3.64332e-05
168, 164, 3.71075e-05, 3.64482e-05
168, 166, 3.72192e-05, 3.70715e-05
170, 13, 3.73693e-05, 3.6701e-05
170, 18, 3.82837e-05, 3.63392e-05
170, 55, 3.82967e-05, 3.65448e-05
170, 62, 3.85446e-05, 3.62993e-05
170, 81, 3.80412e-05, 3.65223e-05
170, 90, 3.76661e-05, 3.63902e-05
170, 106, 3.80146e-05, 3.66686e-05
170, 134, 3.88141e-05, 3.62511e-05
170, 161, 3.82927e-05, 3.64673e-05
170, 162, 3.86601e-05, 3.65047e-05
170, 163, 3.71644e-05, 3.64306e-05
170, 164, 3.67145e-05, 3.63047e-05
170, 166, 3.72756e-05, 3.62256e-05
170, 168, 3.66572e-05, 3.64239e-05
171, 13, 4.00542e-05, 3.68551e-05
171, 55, 4.02982e-05, 3.67755e-05
171, 90, 4.01037e-05, 3.66143e-05
171, 106, 3.88697e-05, 3.68805e-05
171, 163, 4.14627e-05, 3.65961e-05
171, 164, 4.00389e-05, 3.67357e-05
171, 166, 4.0403e-05, 3.71468e-05
171, 168, 3.87847e-05, 3.67062e-05
171, 170, 3.91493e-05, 3.65705e-05
172, 55, 4.25803e-05, 3.65352e-05
172, 90, 4.15346e-05, 3.64611e-05
172, 164, 3.96383e-05, 3.71163e-05
172, 166, 4.13083e-05, 3.67265e-05
172, 168, 3.88701e-05, 3.70229e-05
172, 170, 3.99773e-05, 3.63768e-05
172, 171, 3.73937e-05, 3.64069e-05
173, 55, 4.39247e-05, 3.64583e-05
173, 166, 4.51856e-05, 3.68678e-05
173, 168, 4.01948e-05, 3.67608e-05
173, 170, 4.15681e-05, 3.64917e-05
173, 171, 3.83742e-05, 3.66751e-05
173, 172, 3.76479e-05, 3.64584e-05
174, 168, 4.20936e-05, 3.66328e-05
174, 170, 4.33404e-05, 3.64305e-05
174, 171, 3.95889e-05, 3.66593e-05
174, 172, 3.85112e-05, 3.65041e-05
174, 173, 3.69262e-05, 3.68241e-05
175, 168, 4.08514e-05, 3.67102e-05
175, 170, 4.18924e-05, 3.64926e-05
175, 171, 3.86235e-05, 3.66047e-05
175, 172, 3.8207e-05, 3.65479e-05
175, 173, 3.70681e-05, 3.66988e-05
175, 174, 3.66438e-05, 3.68564e-05
176, 168, 4.09773e-05, 3.66355e-05
176, 170, 4.17644e-05, 3.65936e-05
176, 171, 3.86025e-05, 3.67795e-05
176, 172, 3.78579e-05, 3.6694e-05
176, 173, 3.69204e-05, 3.68611e-05
176, 174, 3.73581e-05, 3.71575e-05
176, 175, 3.68656e-05, 3.63714e-05
177, 168, 4.51831e-05, 3.71299e-05
177, 170, 4.56995e-05, 3.6607e-05
177, 171, 4.15077e-05, 3.66067e-05
177, 172, 4.05913e-05, 3.65478e-05
177, 173, 3.85376e-05, 3.723e-05
177, 174, 3.76368e-05, 3.69847e-05
177, 175, 3.8453e-05, 3.72374e-05
177, 176, 3.7514e-05, 3.67784e-05
178, 171, 4.12488e-05, 3.72237e-05
178, 172, 4.03818e-05, 3.7069e-05
178, 173, 3.77086e-05, 3.71527e-05
178, 174, 3.83364e-05, 3.75762e-05
178, 175, 3.78137e-05, 3.62891e-05
178, 176, 3.68023e-05, 3.72007e-05
178, 177, 3.73172e-05, 3.71054e-05
179, 171, 5.13178e-05, 3.72162e-05
179, 172, 4.96656e-05, 3.68308e-05
179, 173, 4.52068e-05, 3.71028e-05
179, 174, 4.37673e-05, 3.77245e-05
179, 175, 4.47282e-05, 3.66624e-05
179, 176, 4.09314e-05, 3.71223e-05
179, 177, 4.12636e-05, 3.72848e-05
179, 178, 4.0081e-05, 3.76117e-05
180, 171, 4.95073e-05, 3.67106e-05
180, 172, 4.75976e-05, 3.66265e-05
180, 173, 4.38217e-05, 3.66811e-05
180, 174, 4.26339e-05, 3.71041e-05
180, 175, 4.33208e-05, 3.68018e-05
180, 176, 4.01841e-05, 3.64948e-05
180, 177, 4.06202e-05, 3.71808e-05
180, 178, 3.96549e-05, 3.72679e-05
180, 179, 3.79831e-05, 3.70664e-05
181, 174, 4.27683e-05, 3.70235e-05
181, 175, 4.38057e-05, 3.62776e-05
181, 176, 3.9755e-05, 3.695e-05
181, 177, 4.03969e-05, 3.66424e-05
181, 178, 3.90222e-05, 3.63979e-05
181, 179, 3.65199e-05, 3.73288e-05
181, 180, 3.66802e-05, 3.71523e-05
182, 177, 4.29564e-05, 3.70602e-05
182, 178, 4.22163e-05, 3.76792e-05
182, 179, 3.74204e-05, 3.76877e-05
182, 180, 3.78847e-05, 3.80787e-05
182, 181, 3.63636e-05, 3.70146e-05
183, 178, 4.77608e-05, 3.75708e-05
183, 179, 4.11408e-05, 3.76788e-05
183, 180, 4.16701e-05, 3.73342e-05
183, 181, 3.80857e-05, 3.73282e-05
183, 182, 3.75088e-05, 3.81943e-05
184, 178, 4.6097e-05, 3.73633e-05
184, 179, 4.00352e-05, 3.71432e-05
184, 180, 4.05284e-05, 3.69331e-05
184, 181, 3.7382e-05, 3.6792e-05
184, 182, 3.69934e-05, 3.73082e-05
184, 183, 3.68515e-05, 3.72889e-05
185, 179, 4.31254e-05, 3.71611e-05
185, 180, 4.39174e-05, 3.69932e-05
185, 181, 3.89748e-05, 3.67419e-05
185, 182, 3.83622e-05, 3.72495e-05
185, 183, 3.79332e-05, 3.71296e-05
185, 184, 3.68607e-05, 3.67772e-05
186, 179, 4.41774e-05, 3.63892e-05
186, 180, 4.53611e-05, 3.68374e-05
186, 181, 3.91166e-05, 3.65431e-05
186, 182, 3.81768e-05, 3.76608e-05
186, 183, 3.75967e-05, 3.63505e-05
186, 184, 3.61143e-05, 3.58065e-05
186, 185, 3.60913e-05, 3.62109e-05
188, 179, 4.42516e-05, 3.72652e-05
188, 180, 4.67065e-05, 3.77551e-05
188, 181, 4.10016e-05, 3.65515e-05
188, 182, 3.93704e-05, 3.78606e-05
188, 183, 3.98411e-05, 3.71039e-05
188, 184, 3.74351e-05, 3.70935e-05
188, 185, 3.74434e-05, 3.69378e-05
188, 186, 3.79688e-05, 3.64236e-05
189, 179, 4.43097e-05, 3.70986e-05
189, 180, 4.34654e-05, 3.71708e-05
189, 181, 3.90226e-05, 3.64294e-05
189, 182, 3.82642e-05, 3.71564e-05
189, 183, 3.86388e-05, 3.72645e-05
189, 184, 3.71444e-05, 3.64176e-05
189, 185, 3.70966e-05, 3.63148e-05
189, 186, 3.75112e-05, 3.59382e-05
189, 188, 3.67216e-05, 3.73407e-05
190, 179, 4.20732e-05, 3.67679e-05
190, 180, 4.47724e-05, 3.68712e-05
190, 181, 3.85097e-05, 3.62509e-05
190, 182, 3.81129e-05, 3.71333e-05
190, 183, 3.77791e-05, 3.6892e-05
190, 184, 3.66167e-05, 3.63052e-05
190, 185, 3.65988e-05, 3.67382e-05
190, 186, 3.69637e-05, 3.61547e-05
190, 188, 3.65289e-05, 3.70584e-05
190, 189, 3.65651e-05, 3.54914e-05
191, 179, 4.31421e-05, 3.67033e-05
191, 180, 4.39406e-05, 3.64899e-05
191, 181, 3.84495e-05, 3.62341e-05
191, 182, 3.8105e-05, 3.64319e-05
191, 183, 3.80919e-05, 3.67164e-05
191, 184, 3.66667e-05, 3.59444e-05
191, 185, 3.67608e-05, 3.6383e-05
191, 186, 3.69587e-05, 3.60337e-05
191, 188, 3.66247e-05, 3.68379e-05
191, 189, 3.67039e-05, 3.58833e-05
191, 190, 3.66895e-05, 3.63454e-05
192, 180, 4.75048e-05, 3.73274e-05
192, 181, 3.95544e-05, 3.6191e-05
192, 182, 3.88668e-05, 3.74592e-05
192, 183, 3.85864e-05, 3.78181e-05
192, 184, 3.8059e-05, 3.72595e-05
192, 185, 3.76255e-05, 3.7866e-05
192, 186, 3.78765e-05, 3.64364e-05
192, 188, 3.72587e-05, 3.79455e-05
192, 189, 3.74856e-05, 3.63242e-05
192, 190, 3.74085e-05, 3.66581e-05
192, 191, 3.76176e-05, 3.69216e-05
195, 184, 4.14984e-05, 3.67843e-05
195, 185, 3.99875e-05, 3.7269e-05
195, 186, 4.10647e-05, 3.70174e-05
195, 188, 3.85963e-05, 3.7495e-05
195, 189, 4.00061e-05, 3.66707e-05
195, 190, 4.0363e-05, 3.62281e-05
195, 191, 3.80297e-05, 3.72437e-05
195, 192, 3.82664e-05, 3.61004e-05
196, 184, 3.96198e-05, 3.70974e-05
196, 185, 3.96802e-05, 3.76967e-05
196, 186, 4.04896e-05, 3.71799e-05
196, 188, 3.79719e-05, 3.79912e-05
196, 189, 3.96563e-05, 3.64086e-05
196, 190, 3.87369e-05, 3.73412e-05
196, 191, 3.71358e-05, 3.74444e-05
196, 192, 3.7604e-05, 3.71044e-05
196, 195, 3.68421e-05, 3.75899e-05
198, 184, 4.06161e-05, 3.59191e-05
198, 185, 4.02574e-05, 3.62898e-05
198, 186, 4.08769e-05, 3.58908e-05
198, 188, 3.84779e-05, 3.6782e-05
198, 189, 3.96535e-05, 3.59389e-05
198, 190, 3.93033e-05, 3.62881e-05
198, 191, 3.71129e-05, 3.6404e-05
198, 192, 3.77771e-05, 3.58352e-05
198, 195, 3.6635e-05, 3.63573e-05
198, 196, 3.73758e-05, 3.61057e-05
199, 184, 3.99372e-05, 3.64023e-05
199, 185, 3.83205e-05, 3.63805e-05
199, 186, 4.02031e-05, 3.6086e-05
199, 188, 3.76343e-05, 3.6821e-05
199, 189, 3.72697e-05, 3.65405e-05
199, 190, 3.89681e-05, 3.63725e-05
199, 191, 3.6253e-05, 3.63106e-05
199, 192, 3.62011e-05, 3.59738e-05
199, 195, 3.64145e-05, 3.77803e-05
199, 196, 3.59375e-05, 3.6745e-05
199, 198, 3.71425e-05, 3.62522e-05
201, 185, 3.84487e-05, 3.75822e-05
201, 188, 3.85341e-05, 3.79735e-05
201, 189, 3.86419e-05, 3.70813e-05
201, 190, 3.84001e-05, 3.75384e-05
201, 191, 3.7398e-05, 3.74792e-05
201, 192, 3.75405e-05, 3.71939e-05
201, 195, 3.73732e-05, 3.77565e-05
201, 196, 3.70401e-05, 3.74497e-05
201, 198, 3.78173e-05, 3.75895e-05
201, 199, 3.70785e-05, 3.67829e-05
203, 188, 4.1043e-05, 3.76452e-05
203, 189, 4.30931e-05, 3.63424e-05
203, 190, 4.324e-05, 3.66401e-05
203, 191, 3.89385e-05, 3.72257e-05
203, 192, 4.00668e-05, 3.64967e-05
203, 195, 3.72481e-05, 3.76807e-05
203, 196, 3.89678e-05, 3.68541e-05
203, 198, 3.89382e-05, 3.75943e-05
203, 199, 3.72995e-05, 3.66475e-05
203, 201, 3.84333e-05, 3.64649e-05
204, 188, 4.02006e-05, 3.74307e-05
204, 189, 4.22061e-05, 3.63352e-05
204, 190, 4.17176e-05, 3.65329e-05
204, 191, 3.83667e-05, 3.72152e-05
204, 192, 4.03466e-05, 3.63352e-05
204, 195, 3.7988e-05, 3.73815e-05
204, 196, 3.91088e-05, 3.65849e-05
204, 198, 3.87711e-05, 3.71087e-05
204, 199, 3.71708e-05, 3.69304e-05
204, 201, 3.79203e-05, 3.63464e-05
204, 203, 3.75659e-05, 3.71934e-05
205, 189, 4.12931e-05, 3.64545e-05
205, 190, 3.9359e-05, 3.67908e-05
205, 191, 3.74809e-05, 3.71406e-05
205, 192, 3.8634e-05, 3.66817e-05
205, 195, 3.6585e-05, 3.76578e-05
205, 196, 3.74205e-05, 3.66593e-05
205, 198, 3.73115e-05, 3.72145e-05
205, 199, 3.62777e-05, 3.68207e-05
205, 201, 3.70531e-05, 3.66568e-05
205, 203, 3.6991e-05, 3.69608e-05
205, 204, 3.61775e-05, 3.65401e-05
206, 190, 4.03536e-05, 3.64803e-05
206, 191, 3.78955e-05, 3.69528e-05
206, 192, 3.86777e-05, 3.68977e-05
206, 195, 3.69454e-05, 3.76735e-05
206, 196, 3.80694e-05, 3.69398e-05
206, 198, 3.72828e-05, 3.71691e-05
206, 199, 3.75473e-05, 3.70675e-05
206, 201, 3.90093e-05, 3.62924e-05
206, 203, 3.71468e-05, 3.72857e-05
206, 204, 3.70452e-05, 3.66405e-05
206, 205, 3.67684e-05, 3.62504e-05
207, 190, 4.21899e-05, 3.64957e-05
207, 191, 3.89414e-05, 3.70672e-05
207, 192, 3.94025e-05, 3.67534e-05
207, 195, 3.72377e-05, 3.75019e-05
207, 196, 3.86696e-05, 3.68596e-05
207, 198, 4.00877e-05, 3.75172e-05
207, 199, 3.69717e-05, 3.70896e-05
207, 201, 3.78898e-05, 3.66509e-05
207, 203, 3.74588e-05, 3.72635e-05
207, 204, 3.68808e-05, 3.68898e-05
207, 205, 3.7334e-05, 3.62973e-05
207, 206, 3.69931e-05, 3.6835e-05
209, 192, 4.11633e-05, 3.67067e-05
209, 195, 3.86952e-05, 3.7595e-05
209, 196, 3.97069e-05, 3.66409e-05
209, 198, 3.96034e-05, 3.70987e-05
209, 199, 3.8144e-05, 3.67541e-05
209, 201, 3.94601e-05, 3.66974e-05
209, 203, 3.8004e-05, 3.70005e-05
209, 204, 3.77525e-05, 3.65179e-05
209, 205, 3.80538e-05, 3.62798e-05
209, 206, 3.76243e-05, 3.70525e-05
209, 207, 3.74615e-05, 3.66254e-05
210, 195, 4.1818e-05, 3.71623e-05
210, 198, 4.31455e-05, 3.70589e-05
210, 199, 4.18753e-05, 3.69982e-05
210, 201, 4.39058e-05, 3.65002e-05
210, 203, 3.91479e-05, 3.70807e-05
210, 204, 4.07144e-05, 3.65882e-05
210, 205, 4.01485e-05, 3.63488e-05
210, 206, 3.83689e-05, 3.68563e-05
210, 207, 3.85461e-05, 3.65031e-05
210, 209, 3.77363e-05, 3.79032e-05
211, 195, 4.01396e-05, 3.74118e-05
211, 198, 4.10635e-05, 3.70909e-05
211, 199, 3.98848e-05, 3.68075e-05
211, 201, 4.2483e-05, 3.6496e-05
211, 203, 3.76852e-05, 3.7108e-05
211, 204, 3.90664e-05, 3.65297e-05
211, 205, 3.85262e-05, 3.63281e-05
211, 206, 3.73907e-05, 3.70193e-05
211, 207, 3.8175e-05, 3.66163e-05
211, 209, 3.71573e-05, 3.81239e-05
211, 210, 3.69838e-05, 3.72108e-05
212, 198, 4.18764e-05, 3.72466e-05
212, 199, 4.15035e-05, 3.67536e-05
212, 201, 4.22453e-05, 3.64477e-05
212, 203, 3.76506e-05, 3.7258e-05
212, 204, 4.00421e-05, 3.65571e-05
212, 205, 3.85831e-05, 3.61943e-05
212, 206, 3.71718e-05, 3.68118e-05
212, 207, 3.79659e-05, 3.66079e-05
212, 209, 3.66732e-05, 3.83727e-05
212, 210, 3.61897e-05, 3.72024e-05
212, 211, 3.62821e-05, 3.61456e-05
213, 199, 4.46871e-05, 3.64405e-05
213, 201, 4.67335e-05, 3.66075e-05
213, 203, 4.02027e-05, 3.70606e-05
213, 204, 4.31481e-05, 3.65047e-05
213, 205, 4.30717e-05, 3.63314e-05
213, 206, 3.99171e-05, 3.65398e-05
213, 207, 3.96628e-05, 3.64601e-05
213, 209, 3.86714e-05, 3.77352e-05
213, 210, 3.81234e-05, 3.71046e-05
213, 211, 3.82643e-05, 3.63265e-05
213, 212, 3.79873e-05, 3.61116e-05
214, 203, 4.23658e-05, 3.70603e-05
214, 204, 4.29509e-05, 3.66988e-05
214, 205, 4.28418e-05, 3.64823e-05
214, 206, 4.00426e-05, 3.70321e-05
214, 207, 3.92407e-05, 3.63589e-05
214, 209, 3.88755e-05, 3.86682e-05
214, 210, 3.81947e-05, 3.7562e-05
214, 211, 3.88248e-05, 3.67411e-05
214, 212, 3.73876e-05, 3.55139e-05
214, 213, 3.62927e-05, 3.76369e-05
215, 205, 4.19364e-05, 3.63211e-05
215, 206, 3.968e-05, 3.67212e-05
215, 207, 3.98444e-05, 3.66266e-05
215, 209, 3.84873e-05, 3.7825e-05
215, 210, 3.84794e-05, 3.74972e-05
215, 211, 3.81398e-05, 3.61707e-05
215, 212, 3.79177e-05, 3.61191e-05
215, 213, 3.6491e-05, 3.7672e-05
215, 214, 3.64817e-05, 3.76562e-05
216, 207, 4.62952e-05, 3.62099e-05
216, 209, 4.56721e-05, 3.77317e-05
216, 210, 4.50107e-05, 3.73113e-05
216, 211, 4.56413e-05, 3.65704e-05
216, 212, 4.35304e-05, 3.5986e-05
216, 213, 3.92641e-05, 3.72735e-05
216, 214, 3.93744e-05, 3.71023e-05
216, 215, 3.84877e-05, 3.70753e-05
217, 209, 4.22038e-05, 3.77057e-05
217, 210, 4.18598e-05, 3.64203e-05
217, 211, 4.13144e-05, 3.57014e-05
217, 212, 3.96995e-05, 3.50903e-05
217, 213, 3.68906e-05, 3.67354e-05
217, 214, 3.68567e-05, 3.66605e-05
217, 215, 3.59525e-05, 3.69287e-05
217, 216, 3.56169e-05, 3.60727e-05
219, 210, 4.65238e-05, 3.73302e-05
219, 211, 4.73514e-05, 3.62966e-05
219, 212, 4.54572e-05, 3.57805e-05
219, 213, 3.99014e-05, 3.67259e-05
219, 214, 4.04977e-05, 3.72002e-05
219, 215, 3.91527e-05, 3.69668e-05
219, 216, 3.86688e-05, 3.62231e-05
219, 217, 3.7866e-05, 3.66296e-05
220, 210, 4.69204e-05, 3.70149e-05
220, 211, 4.70529e-05, 3.68426e-05
220, 212, 4.60839e-05, 3.64149e-05
220, 213, 4.04089e-05, 3.73985e-05
220, 214, 4.08441e-05, 3.77405e-05
220, 215, 3.94136e-05, 3.6777e-05
220, 216, 3.96768e-05, 3.6048e-05
220, 217, 3.85907e-05, 3.7357e-05
220, 219, 3.69313e-05, 3.88814e-05
221, 210, 4.53254e-05, 3.65717e-05
221, 211, 4.5341e-05, 3.64285e-05
221, 212, 4.31352e-05, 3.56823e-05
221, 213, 3.88311e-05, 3.75686e-05
221, 214, 3.91218e-05, 3.74785e-05
221, 215, 3.77741e-05, 3.67851e-05
221, 216, 3.75636e-05, 3.65075e-05
221, 217, 3.70011e-05, 3.70958e-05
221, 219, 3.70966e-05, 3.76496e-05
221, 220, 3.67322e-05, 3.86719e-05
222, 212, 4.60394e-05, 3.56431e-05
222, 213, 3.92956e-05, 3.70466e-05
222, 214, 4.04383e-05, 3.72217e-05
222, 215, 3.98581e-05, 3.68957e-05
222, 216, 3.93351e-05, 3.63593e-05
222, 217, 3.84106e-05, 3.7368e-05
222, 219, 3.60215e-05, 3.77432e-05
222, 220, 3.63134e-05, 3.88308e-05
222, 221, 3.60572e-05, 3.99632e-05
223, 213, 4.3702e-05, 3.71171e-05
223, 214, 4.42683e-05, 3.7442e-05
223, 215, 4.2853e-05, 3.67917e-05
223, 216, 4.25854e-05, 3.64908e-05
223, 217, 4.12206e-05, 3.70369e-05
223, 219, 3.65315e-05, 3.81053e-05
223, 220, 3.63897e-05, 3.8554e-05
223, 221, 3.69261e-05, 3.98873e-05
223, 222, 3.58511e-05, 3.59605e-05
224, 213, 4.28157e-05, 3.72778e-05
224, 214, 4.33698e-05, 3.7463e-05
224, 215, 4.18374e-05, 3.67889e-05
224, 216, 4.19051e-05, 3.64622e-05
224, 217, 4.01144e-05, 3.74786e-05
224, 219, 3.76654e-05, 3.81176e-05
224, 220, 3.71173e-05, 3.88553e-05
224, 221, 3.75231e-05, 3.973e-05
224, 222, 3.72672e-05, 3.61519e-05
224, 223, 3.78697e-05, 3.63545e-05
225, 215, 4.1792e-05, 3.67712e-05
225, 216, 4.15968e-05, 3.63066e-05
225, 217, 4.02152e-05, 3.68453e-05
225, 219, 3.63712e-05, 3.8152e-05
225, 220, 3.62145e-05, 3.90517e-05
225, 221, 3.6729e-05, 3.96476e-05
225, 222, 3.61287e-05, 3.5682e-05
225, 223, 3.6444e-05, 3.64099e-05
225, 224, 3.61697e-05, 3.82364e-05
226, 216, 4.76342e-05, 3.64162e-05
226, 217, 4.53263e-05, 3.75155e-05
226, 219, 4.02997e-05, 3.77918e-05
226, 220, 3.84194e-05, 3.91977e-05
226, 221, 4.02302e-05, 3.97063e-05
226, 222, 3.67812e-05, 3.60199e-05
226, 223, 3.94933e-05, 3.62732e-05
226, 224, 3.6747e-05, 3.80704e-05
226, 225, 3.66717e-05, 3.8109e-05
227, 216, 4.63064e-05, 3.60089e-05
227, 217, 4.43886e-05, 3.73771e-05
227, 219, 3.86842e-05, 3.80856e-05
227, 220, 3.80474e-05, 3.85033e-05
227, 221, 3.96457e-05, 3.92986e-05
227, 222, 3.71077e-05, 3.59431e-05
227, 223, 3.91879e-05, 3.63254e-05
227, 224, 3.70935e-05, 3.78772e-05
227, 225, 3.70655e-05, 3.81316e-05
227, 226, 3.68749e-05, 3.71826e-05
228, 217, 4.44982e-05, 3.78211e-05
228, 219, 3.86082e-05, 3.82089e-05
228, 220, 3.81239e-05, 3.92931e-05
228, 221, 3.97444e-05, 4.02131e-05
228, 222, 3.66674e-05, 3.66396e-05
228, 223, 3.85897e-05, 3.67144e-05
228, 224, 3.66136e-05, 3.84533e-05
228, 225, 3.74208e-05, 3.85408e-05
228, 226, 3.6708e-05, 3.74253e-05
228, 227, 3.64237e-05, 3.7496e-05
229, 219, 4.18177e-05, 3.71792e-05
229, 220, 4.13676e-05, 3.83221e-05
229, 221, 4.26132e-05, 3.91187e-05
229, 222, 3.80968e-05, 3.58088e-05
229, 223, 4.17954e-05, 3.55415e-05
229, 224, 3.79131e-05, 3.78853e-05
229, 225, 3.83991e-05, 3.75103e-05
229, 226, 3.61634e-05, 3.6895e-05
229, 227, 3.6267e-05, 3.58841e-05
229, 228, 3.60004e-05, 3.99981e-05
230, 219, 4.05524e-05, 3.76742e-05
230, 220, 3.95128e-05, 3.86116e-05
230, 221, 4.12672e-05, 3.93989e-05
230, 222, 3.76239e-05, 3.59971e-05
230, 223, 4.03974e-05, 3.64858e-05
230, 224, 3.71929e-05, 3.80274e-05
230, 225, 3.71502e-05, 3.81229e-05
230, 226, 3.58702e-05, 3.7032e-05
230, 227, 3.61135e-05, 3.66473e-05
230, 228, 3.56926e-05, 4.03473e-05
230, 229, 3.70961e-05, 3.76675e-05
231, 219, 4.38197e-05, 3.73218e-05
231, 220, 4.15384e-05, 3.84867e-05
231, 221, 4.4043e-05, 3.97709e-05
231, 222, 3.93165e-05, 3.57742e-05
231, 223, 4.33506e-05, 3.61371e-05
231, 224, 3.95418e-05, 3.77358e-05
231, 225, 3.8865e-05, 3.79128e-05
231, 226, 3.72936e-05, 3.74359e-05
231, 227, 3.76972e-05, 3.70144e-05
231, 228, 3.69627e-05, 4.04127e-05
231, 229, 3.9002e-05, 3.76741e-05
231, 230, 3.71704e-05, 3.60065e-05
232, 220, 4.34822e-05, 3.86792e-05
232, 221, 4.5257e-05, 3.94612e-05
232, 222, 4.05062e-05, 3.58364e-05
232, 223, 4.50096e-05, 3.62059e-05
232, 224, 4.04712e-05, 3.76953e-05
232, 225, 4.05219e-05, 3.81938e-05
232, 226, 3.79703e-05, 3.72459e-05
232, 227, 3.82804e-05, 3.7055e-05
232, 228, 3.77673e-05, 4.00261e-05
232, 229, 3.87653e-05, 3.72317e-05
232, 230, 3.85635e-05, 3.47541e-05
232, 231, 3.71688e-05, 3.70738e-05
233, 221, 4.64298e-05, 3.93442e-05
233, 222, 4.22098e-05, 3.56506e-05
233, 223, 4.59912e-05, 3.59559e-05
233, 224, 4.12768e-05, 3.82968e-05
233, 225, 4.1008e-05, 3.80708e-05
233, 226, 3.80285e-05, 3.70379e-05
233, 227, 3.87072e-05, 3.703e-05
233, 228, 3.75074e-05, 4.05472e-05
233, 229, 3.98351e-05, 3.68137e-05
233, 230, 3.82234e-05, 3.45821e-05
233, 231, 3.72802e-05, 3.64295e-05
233, 232, 3.63534e-05, 3.93109e-05
235, 224, 4.60989e-05, 3.79753e-05
235, 225, 4.60226e-05, 3.77284e-05
235, 226, 4.24876e-05, 3.69965e-05
235, 227, 4.33574e-05, 3.67809e-05
235, 228, 4.14215e-05, 4.03932e-05
235, 229, 4.2436e-05, 3.70612e-05
235, 230, 4.25032e-05, 3.48552e-05
235, 231, 4.04322e-05, 3.72001e-05
235, 232, 3.83026e-05, 3.88604e-05
235, 233, 3.82255e-05, 3.53542e-05
236, 225, 4.93863e-05, 3.79125e-05
236, 226, 4.53888e-05, 3.68385e-05
236, 227, 4.51692e-05, 3.66701e-05
236, 228, 4.45266e-05, 3.99695e-05
236, 229, 4.6184e-05, 3.75606e-05
236, 230, 4.33671e-05, 3.55255e-05
236, 231, 4.178e-05, 3.69837e-05
236, 232, 3.84156e-05, 3.87765e-05
236, 233, 3.84857e-05, 3.49295e-05
236, 235, 3.62356e-05, 4.04132e-05
237, 227, 5.01027e-05, 3.65959e-05
237, 228, 4.80564e-05, 4.00642e-05
237, 229, 5.05084e-05, 3.70606e-05
237, 230, 4.88512e-05, 3.46119e-05
237, 231, 4.64507e-05, 3.72428e-05
237, 232, 4.15112e-05, 3.94805e-05
237, 233, 4.1508e-05, 3.46957e-05
237, 235, 3.90819e-05, 4.10467e-05
237, 236, 3.66962e-05, 3.75245e-05
238, 229, 5.27356e-05, 3.74382e-05
238, 230, 4.98115e-05, 3.51221e-05
238, 231, 4.67993e-05, 3.7082e-05
238, 232, 4.26129e-05, 3.87827e-05
238, 233, 4.30024e-05, 3.52851e-05
238, 235, 3.86716e-05, 4.02979e-05
238, 236, 3.78377e-05, 3.80033e-05
238, 237, 3.69881e-05, 3.6253e-05
239, 230, 7.50024e-05, 3.52862e-05
239, 231, 6.69731e-05, 3.6348e-05
239, 232, 6.58669e-05, 3.82918e-05
239, 233, 6.3609e-05, 3.51704e-05
239, 235, 6.50861e-05, 4.01946e-05
239, 236, 5.77252e-05, 3.80256e-05
239, 237, 6.04203e-05, 3.57197e-05
239, 238, 6.08938e-05, 3.66241e-05
240, 232, 4.89507e-05, 3.86026e-05
240, 233, 4.91621e-05, 3.52025e-05
240, 235, 4.7466e-05, 4.07384e-05
240, 236, 4.10805e-05, 3.71329e-05
240, 237, 4.31328e-05, 3.63431e-05
240, 238, 4.33666e-05, 3.64196e-05
240, 239, 4.33553e-05, 3.48751e-05
241, 232, 5.16116e-05, 3.86146e-05
241, 233, 4.92026e-05, 3.53061e-05
241, 235, 4.47456e-05, 4.03952e-05
241, 236, 4.58186e-05, 3.7275e-05
241, 237, 4.361e-05, 3.6462e-05
241, 238, 4.01026e-05, 3.67524e-05
241, 239, 3.89269e-05, 3.51147e-05
241, 240, 6.69119e-05, 3.44162e-05
242, 233, 6.89046e-05, 3.53104e-05
242, 235, 6.37879e-05, 3.95868e-05
242, 236, 6.1121e-05, 3.66891e-05
242, 237, 6.0128e-05, 3.59224e-05
242, 238, 5.44384e-05, 3.6663e-05
242, 239, 5.08893e-05, 3.51091e-05
242, 240, 7.69262e-05, 3.50016e-05
242, 241, 4.39296e-05, 3.62233e-05
243, 235, 5.06552e-05, 4.09333e-05
243, 236, 4.74388e-05, 3.80048e-05
243, 237, 4.72275e-05, 3.69649e-05
243, 238, 4.30271e-05, 3.70677e-05
243, 239, 3.97469e-05, 3.58656e-05
243, 240, 6.14348e-05, 3.45948e-05
243, 241, 5.44613e-05, 3.71874e-05
243, 242, 5.85957e-05, 4.35613e-05
244, 236, 5.92958e-05, 3.68174e-05
244, 237, 6.0097e-05, 3.61572e-05
244, 238, 5.45719e-05, 3.64698e-05
244, 239, 4.92782e-05, 3.50868e-05
244, 240, 5.98714e-05, 3.42933e-05
244, 241, 6.24306e-05, 3.66822e-05
244, 242, 5.83714e-05, 4.16578e-05
244, 243, 4.00906e-05, 3.53609e-05
245, 237, 7.18909e-05, 3.5308e-05
245, 238, 6.14297e-05, 3.64788e-05
245, 239, 6.00335e-05, 3.48746e-05
245, 240, 8.25744e-05, 3.40337e-05
245, 241, 4.37543e-05, 3.6286e-05
245, 242, 8.12481e-05, 4.16117e-05
245, 243, 5.54805e-05, 3.4681e-05
245, 244, 3.69717e-05, 3.89261e-05
246, 237, 5.40573e-05, 3.55176e-05
246, 238, 4.99761e-05, 3.70183e-05
246, 239, 4.54228e-05, 3.56748e-05
246, 240, 5.24472e-05, 3.43761e-05
246, 241, 6.84892e-05, 3.66018e-05
246, 242, 4.90187e-05, 4.19714e-05
246, 243, 3.55151e-05, 3.53242e-05
246, 244, 4.81651e-05, 3.90796e-05
246, 245, 4.94571e-05, 3.84203e-05
247, 238, 5.57622e-05, 3.64937e-05
247, 239, 5.02606e-05, 3.47406e-05
247, 240, 7.32472e-05, 3.40948e-05
247, 241, 4.91598e-05, 3.66442e-05
247, 242, 6.96206e-05, 4.20064e-05
247, 243, 4.64761e-05, 3.51579e-05
247, 244, 3.68033e-05, 3.84178e-05
247, 245, 3.7154e-05, 3.85122e-05
247, 246, 5.98261e-05, 3.5092e-05
248, 240, 8.86967e-05, 3.36213e-05
248, 241, 5.03285e-05, 3.63501e-05
248, 242, 8.67753e-05, 4.09768e-05
248, 243, 5.86758e-05, 3.52742e-05
248, 244, 4.11099e-05, 3.80379e-05
248, 245, 4.05769e-05, 3.8907e-05
248, 246, 6.7431e-05, 3.47496e-05
248, 247, 3.97396e-05, 3.77833e-05
249, 242, 8.51605e-05, 4.11191e-05
249, 243, 6.89197e-05, 3.51051e-05
249, 244, 7.51709e-05, 3.78697e-05
249, 245, 7.60846e-05, 3.77983e-05
249, 246, 5.58957e-05, 3.43414e-05
249, 247, 7.46545e-05, 3.6727e-05
249, 248, 5.49288e-05, 3.74604e-05
250, 242, 0.000117382, 4.07721e-05
250, 243, 8.7536e-05, 3.44899e-05
250, 244, 6.2382e-05, 3.85136e-05
250, 245, 6.04544e-05, 3.76507e-05
250, 246, 9.23397e-05, 3.46314e-05
250, 247, 6.08384e-05, 3.73842e-05
250, 248, 4.91687e-05, 3.81691e-05
250, 249, 3.54116e-05, 4.1331e-05
251, 244, 0.000100003, 3.81541e-05
251, 245, 9.73556e-05, 3.80907e-05
251, 246, 8.92995e-05, 3.40564e-05
251, 247, 9.65949e-05, 3.66271e-05
251, 248, 7.14671e-05, 3.78769e-05
251, 249, 7.87302e-05, 4.06918e-05
251, 250, 6.79566e-05, 4.01439e-05
252, 248, 0.000142617, 3.62821e-05
252, 249, 0.000139936, 4.00368e-05
252, 250, 0.000128627, 3.8564e-05
252, 251, 9.13566e-05, 3.35328e-05
253, 249, 0.000197035, 3.99043e-05
253, 250, 0.00018816, 3.80469e-05
253, 251, 0.000157266, 3.2814e-05
253, 252, 9.39931e-05, 3.36888e-05
254, 251, 0.0002182, 3.23896e-05
254, 252, 0.000140767, 3.17574e-05
254, 253, 6.94722e-05, 3.19123e-05
255, 252, 0.000254131, 3.12659e-05
255, 253, 0.000182011, 3.01007e-05
255, 254, 0.00011506, 3.10219e-05
256, 253, 0.000370565, 2.73959e-05
256, 254, 0.000316022, 2.71563e-05
256, 255, 0.000205285, 2.95649e-05
257, 255, 0.000326084, 2.76664e-05
257, 256, 0.000131231, 3.04124e-05
258, 256, 0.000231075, 2.88572e-05
258, 257, 0.000105172, 2.80839e-05
259, 256, 0.000289409, 2.84315e-05
259, 257, 0.00015791, 2.70401e-05
259, 258, 6.80033e-05, 3.70722e-05
260, 256, 0.000299241, 2.94238e-05
260, 257, 0.000194593, 2.73147e-05
260, 258, 0.000109794, 3.76113e-05
260, 259, 7.90017e-05, 3.08604e-05
261, 258, 0.000205155, 3.51676e-05
261, 259, 0.000140757, 2.97495e-05
261, 260, 0.000131338, 2.64797e-05
262, 259, 0.000196852, 2.82423e-05
262, 260, 0.000191837, 2.6311e-05
262, 261, 7.19371e-05, 2.38518e-05
263, 259, 0.000203743, 2.85114e-05
263, 260, 0.000195855, 2.58446e-05
263, 261, 7.03406e-05, 2.37251e-05
263, 262, 2.86976e-05, 2.30931e-05
264, 261, 0.000108994, 2.40229e-05
264, 262, 5.5263e-05, 2.39082e-05
264, 263, 5.54949e-05, 2.71066e-05
265, 261, 0.000117752, 2.39343e-05
265, 262, 5.67597e-05, 2.39224e-05
265, 263, 7.2209e-05, 2.73204e-05
265, 264, 6.74419e-05, 4.06945e-05
266, 261, 0.000121265, 2.33104e-05
266, 262, 6.00273e-05, 2.29715e-05
266, 263, 8.7979e-05, 2.6696e-05
266, 264, 8.61336e-05, 4.10011e-05
266, 265, 7.09428e-05, 4.90587e-05
267, 262, 8.69785e-05, 2.35506e-05
267, 263, 0.00010562, 2.7087e-05
267, 264, 7.5873e-05, 4.07532e-05
267, 265, 5.68299e-05, 4.97381e-05
267, 266, 3.89707e-05, 1.65072e-05
268, 262, 0.000108619, 2.34486e-05
268, 263, 0.000127107, 2.66113e-05
268, 264, 0.000102655, 4.10775e-05
268, 265, 7.77525e-05, 4.83077e-05
268, 266, 6.25388e-05, 1.57098e-05
268, 267, 2.8264e-05, 4.03575e-05
269, 262, 0.000120069, 2.33218e-05
269, 263, 0.000138906, 2.5533e-05
269, 264, 0.00010552, 3.98404e-05
269, 265, 8.62059e-05, 4.87259e-05
269, 266, 7.44468e-05, 1.51231e-05
269, 267, 3.64948e-05, 3.94483e-05
269, 268, 2.584e-05, 2.88652e-05
271, 265, 0.000108798, 4.86398e-05
271, 266, 0.000112424, 1.39744e-05
271, 267, 8.46158e-05, 3.87631e-05
271, 268, 6.32675e-05, 2.71338e-05
271, 269, 5.04948e-05, 1.51134e-05
272, 267, 0.000132425, 3.84321e-05
272, 268, 0.000119149, 2.80209e-05
272, 269, 0.000104284, 1.36395e-05
272, 271, 4.417e-05, 2.76839e-05
273, 268, 0.000173312, 2.47133e-05
273, 269, 0.000160599, 1.27021e-05
273, 271, 9.26585e-05, 2.89514e-05
273, 272, 4.91209e-05, 1.75344e-05
274, 269, 0.000189694, 1.33294e-05
274, 271, 0.000125577, 2.87264e-05
274, 272, 8.13601e-05, 1.78471e-05
274, 273, 2.63936e-05, 1.43897e-05
275, 271, 0.000169905, 2.92617e-05
275, 272, 0.000123943, 1.7002e-05
275, 273, 7.00133e-05, 1.26514e-05
275, 274, 7.54579e-05, 1.65053e-05
276, 272, 0.000142731, 1.74488e-05
276, 273, 0.000102952, 1.23926e-05
276, 274, 5.5095e-05, 1.65511e-05
276, 275, 2.8619e-05, 5.18925e-05
277, 273, 0.000138535, 1.11133e-05
277, 274, 9.73823e-05, 1.62226e-05
277, 275, 6.89618e-05, 5.25834e-05
277, 276, 6.07912e-05, 1.60238e-05
278, 273, 0.00012968, 1.04195e-05
278, 274, 0.000128687, 1.58444e-05
278, 275, 0.000107641, 5.19063e-05
278, 276, 6.22465e-05, 1.4874e-05
278, 277, 8.35831e-05, 1.14316e-05
279, 274, 0.000126759, 1.54415e-05
279, 275, 0.000103184, 5.22296e-05
279, 276, 6.97565e-05, 1.54755e-05
279, 277, 6.93243e-05, 9.10784e-06
279, 278, 2.21833e-05, 5.31802e-05
280, 275, 9.52045e-05, 5.15265e-05
280, 276, 8.22299e-05, 1.5059e-05
280, 277, 4.12645e-05, 8.94063e-06
280, 278, 5.1489e-05, 5.31636e-05
280, 279, 1.36165e-05, 1.45293e-05
281, 275, 0.000130014, 5.18804e-05
281, 276, 9.33239e-05, 1.52039e-05
281, 277, 9.37453e-05, 9.17803e-06
281, 278, 4.0862e-05, 5.4125e-05
281, 279, 6.18969e-05, 1.33096e-05
281, 280, 1.48683e-05, 1.96651e-05
282, 277, 7.09882e-05, 9.86362e-06
282, 278, 6.08977e-05, 5.36864e-05
282, 279, 4.28798e-05, 1.41038e-05
282, 280, 3.07845e-05, 1.89931e-05
282, 281, 5.41451e-05, 6.3432e-05
283, 277, 5.96835e-05, 1.01173e-05
283, 278, 6.97771e-05, 5.3575e-05
283, 279, 3.81692e-05, 1.45524e-05
283, 280, 4.89374e-05, 1.85958e-05
283, 281, 7.30199e-05, 6.25508e-05
283, 282, 3.24278e-05, 1.31158e-05
284, 277, 7.58462e-05, 1.0048e-05
284, 278, 6.09222e-05, 5.31337e-05
284, 279, 4.83135e-05, 1.36368e-05
284, 280, 2.74549e-05, 1.9488e-05
284, 281, 4.91467e-05, 6.33662e-05
284, 282, 1.27028e-05, 1.61318e-05
284, 283, 3.59318e-05, 2.09394e-05
285, 278, 7.25796e-05, 5.32266e-05
285, 279, 5.38623e-05, 1.36483e-05
285, 280, 4.26994e-05, 1.82804e-05
285, 281, 6.03522e-05, 6.27179e-05
285, 282, 2.40668e-05, 1.39917e-05
285, 283, 3.33397e-05, 2.12377e-05
285, 284, 4.07369e-05, 2.73604e-05
286, 277, 0.00010946, 8.78023e-06
286, 278, 7.00033e-05, 5.37967e-05
286, 279, 8.0023e-05, 1.36045e-05
286, 280, 3.34771e-05, 1.95047e-05
286, 281, 3.37476e-05, 6.22718e-05
286, 282, 3.39283e-05, 1.59456e-05
286, 283, 6.90768e-05, 2.16465e-05
286, 284, 7.93546e-05, 2.75023e-05
286, 285, 4.43884e-05, 1.90545e-05
287, 279, 7.4305e-05, 1.31774e-05
287, 280, 6.5616e-05, 1.86122e-05
287, 281, 7.7613e-05, 6.23442e-05
287, 282, 4.7934e-05, 1.37586e-05
287, 283, 4.70545e-05, 2.01693e-05
287, 284, 4.49836e-05, 2.7397e-05
287, 285, 2.45263e-05, 1.6735e-05
287, 286, 6.1112e-05, 3.73002e-05
288, 280, 8.49944e-05, 1.83713e-05
288, 281, 9.87197e-05, 6.40057e-05
288, 282, 6.49448e-05, 1.493e-05
288, 283, 5.57706e-05, 2.14728e-05
288, 284, 5.2221e-05, 2.64045e-05
288, 285, 4.16687e-05, 1.69391e-05
288, 286, 7.46837e-05, 3.47979e-05
288, 287, 3.87108e-05, 7.16388e-05
289, 284, 0.000102161, 2.71365e-05
289, 285, 8.50429e-05, 1.50356e-05
289, 286, 9.45535e-05, 3.54774e-05
289, 287, 6.69814e-05, 7.10527e-05
289, 288, 4.10345e-05, 4.1969e-05
290, 285, 0.000117089, 1.7866e-05
290, 286, 9.58054e-05, 3.60886e-05
290, 287, 8.94421e-05, 7.46717e-05
290, 288, 8.37058e-05, 4.16522e-05
290, 289, 8.26919e-05, 3.77052e-05
291, 287, 0.000142996, 7.15381e-05
291, 288, 0.000134407, 4.008e-05
291, 289, 0.000132937, 3.88612e-05
291, 290, 8.45901e-05, 2.65476e-05
292, 288, 0.000165216, 4.14171e-05
292, 289, 0.000186906, 3.85988e-05
292, 290, 0.00013962, 2.62909e-05
292, 291, 3.52603e-05, 1.91641e-05
293, 289, 0.000196056, 4.03997e-05
293, 290, 0.000141086, 2.58815e-05
293, 291, 6.08472e-05, 1.62701e-05
293, 292, 3.33771e-05, 5.88013e-05
294, 290, 0.000169794, 2.82273e-05
294, 291, 8.78329e-05, 1.75407e-05
294, 292, 4.84923e-05, 5.90675e-05
294, 293, 2.89843e-05, 3.24598e-05
295, 291, 9.87478e-05, 1.6585e-05
295, 292, 5.64701e-05, 5.83753e-05
295, 293, 5.10913e-05, 3.22734e-05
295, 294, 3.221e-05, 3.22415e-05
296, 291, 9.55481e-05, 1.88082e-05
296, 292, 6.29365e-05, 5.93827e-05
296, 293, 5.08786e-05, 3.22658e-05
296, 294, 2.05308e-05, 3.24658e-05
296, 295, 1.05544e-05, 8.33916e-06
298, 292, 6.3917e-05, 5.98342e-05
298, 293, 5.86265e-05, 3.26648e-05
298, 294, 2.7301e-05, 3.28348e-05
298, 295, 7.23086e-06, 7.67044e-06
298, 296, 3.55221e-05, 4.06093e-05
299, 292, 6.03999e-05, 5.94979e-05
299, 293, 6.0693e-05, 3.23583e-05
299, 294, 3.97413e-05, 3.2609e-05
299, 295, 3.76282e-05, 9.36163e-06
299, 296, 7.02866e-05, 4.10143e-05
299, 298, 2.85578e-05, 3.45427e-05
300, 292, 6.87943e-05, 5.86796e-05
300, 293, 6.09543e-05, 3.2953e-05
300, 294, 2.67983e-05, 3.20674e-05
300, 295, 1.29987e-05, 9.05743e-06
300, 296, 3.68004e-05, 4.11042e-05
300, 298, 3.9355e-05, 3.49219e-05
300, 299, 2.1691e-05, 1.24851e-05
301, 294, 4.75735e-05, 3.26103e-05
301, 295, 3.00641e-05, 1.07795e-05
301, 296, 4.5917e-05, 4.04124e-05
301, 298, 3.38777e-05, 3.44542e-05
301, 299, 2.84686e-05, 1.23312e-05
301, 300, 5.81699e-05, 5.81684e-06
302, 294, 5.63516e-05, 3.27895e-05
302, 295, 4.43185e-05, 9.02327e-06
302, 296, 4.73008e-05, 4.10249e-05
302, 298, 5.93199e-05, 3.48653e-05
302, 299, 4.20738e-05, 1.17055e-05
302, 300, 8.5609e-05, 7.00594e-06
302, 301, 6.60843e-05, 7.13239e-05
303, 294, 5.0634e-05, 3.26536e-05
303, 295, 4.10762e-05, 8.09856e-06
303, 296, 4.76766e-05, 4.13415e-05
303, 298, 4.14605e-05, 3.42869e-05
303, 299, 3.52196e-05, 1.29468e-05
303, 300, 6.98159e-05, 6.74739e-06
303, 301, 4.92526e-05, 7.17996e-05
303, 302, 1.20488e-05, 8.83986e-06
304, 295, 5.82108e-05, 1.16272e-05
304, 296, 7.6621e-05, 4.16872e-05
304, 298, 2.43445e-05, 3.47466e-05
304, 299, 5.62638e-05, 1.30861e-05
304, 300, 5.46023e-05, 6.51469e-06
304, 301, 2.92484e-05, 7.05847e-05
304, 302, 3.57748e-05, 9.45825e-06
304, 303, 3.76667e-05, 6.37745e-05
305, 296, 6.76373e-05, 4.15406e-05
305, 298, 5.80507e-05, 3.45772e-05
305, 299, 5.97561e-05, 1.31351e-05
305, 300, 8.29175e-05, 6.75081e-06
305, 301, 6.06012e-05, 7.22745e-05
305, 302, 1.81895e-05, 1.07782e-05
305, 303, 2.92294e-05, 6.24591e-05
305, 304, 2.18105e-05, 6.99357e-05
306, 298, 6.59698e-05, 3.47e-05
306, 300, 9.33643e-05, 8.64182e-06
306, 301, 6.78682e-05, 7.18499e-05
306, 302, 3.4133e-05, 1.0121e-05
306, 303, 4.38752e-05, 6.27719e-05
306, 304, 3.14971e-05, 7.04574e-05
306, 305, 2.1443e-05, 1.28001e-05
307, 300, 9.86904e-05, 7.28275e-06
307, 301, 7.20739e-05, 7.15216e-05
307, 302, 4.63445e-05, 9.88526e-06
307, 303, 4.86197e-05, 6.41513e-05
307, 304, 4.75047e-05, 6.98517e-05
307, 305, 2.8132e-05, 1.31682e-05
307, 306, 1.20118e-05, 1.50264e-05
308, 302, 7.39338e-05, 1.17861e-05
308, 303, 7.14542e-05, 6.43889e-05
308, 304, 5.79805e-05, 6.97495e-05
308, 305, 4.84549e-05, 1.28818e-05
308, 306, 4.12295e-05, 1.55775e-05
308, 307, 2.64567e-05, 6.2661e-05
309, 304, 8.15197e-05, 6.8967e-05
309, 305, 6.80597e-05, 1.54104e-05
309, 306, 4.97296e-05, 1.61092e-05
309, 307, 4.6988e-05, 6.20539e-05
309, 308, 5.8896e-05, 3.33566e-05
310, 305, 8.62854e-05, 1.58451e-05
310, 306, 5.83458e-05, 1.74213e-05
310, 307, 6.13272e-05, 6.2013e-05
310, 308, 5.1227e-05, 3.17688e-05
310, 309, 3.22898e-05, 5.73649e-05
311, 305, 9.65334e-05, 1.47134e-05
311, 306, 7.07169e-05, 1.58591e-05
311, 307, 6.87197e-05, 6.20597e-05
311, 308, 7.15573e-05, 3.28909e-05
311, 309, 1.82237e-05, 5.75592e-05
311, 310, 4.15227e-05, 1.36382e-05
313, 307, 3.78964e-05, 6.15983e-05
313, 308, 7.31242e-05, 3.22352e-05
313, 309, 5.24855e-05, 5.56372e-05
313, 310, 6.47942e-05, 1.50799e-05
313, 311, 2.80248e-05, 3.35733e-05
314, 308, 8.74644e-05, 3.34009e-05
314, 309, 1.61508e-05, 5.80845e-05
314, 310, 4.86309e-05, 1.56933e-05
314, 311, 1.9824e-05, 3.29809e-05
314, 313, 3.55432e-05, 3.58946e-05
316, 308, 9.7565e-05, 3.37038e-05
316, 309, 3.34911e-05, 6.01675e-05
316, 310, 3.71218e-05, 1.58986e-05
316, 311, 5.52004e-05, 3.49036e-05
316, 313, 7.65154e-05, 3.52952e-05
316, 314, 1.49998e-05, 2.57317e-05
317, 309, 2.97467e-05, 5.87368e-05
317, 310, 6.10328e-05, 1.53791e-05
317, 311, 3.61327e-05, 3.38051e-05
317, 313, 4.70197e-05, 3.39407e-05
317, 314, 4.9753e-05, 2.46153e-05
317, 316, 7.25493e-05, 2.18028e-05
318, 308, 9.47165e-05, 3.2864e-05
318, 309, 2.29931e-05, 5.87655e-05
318, 310, 6.03484e-05, 1.40689e-05
318, 311, 3.57623e-05, 3.43655e-05
318, 313, 3.69081e-05, 3.53187e-05
318, 314, 4.81826e-05, 2.53997e-05
318, 316, 7.43567e-05, 2.21481e-05
318, 317, 7.23319e-05, 5.36218e-05
319, 310, 6.36183e-05, 1.48996e-05
319, 311, 3.00536e-05, 3.45794e-05
319, 313, 3.45847e-05, 3.39531e-05
319, 314, 6.1012e-05, 2.47055e-05
319, 316, 8.07975e-05, 2.25576e-05
319, 317, 7.94958e-05, 5.42259e-05
319, 318, 9.2963e-05, 5.87231e-05
320, 310, 5.48533e-05, 1.47431e-05
320, 311, 8.21438e-05, 3.47494e-05
320, 313, 9.63471e-05, 3.44093e-05
320, 314, 2.25126e-05, 2.49364e-05
320, 316, 1.4592e-05, 2.24305e-05
320, 317, 4.19358e-05, 5.4457e-05
320, 318, 6.62196e-05, 5.65607e-05
320, 319, 3.21084e-05, 4.79836e-05
321, 311, 8.4645e-05, 3.46323e-05
321, 313, 8.67193e-05, 3.52507e-05
321, 314, 5.84238e-05, 2.60085e-05
321, 316, 8.95012e-05, 2.25799e-05
321, 317, 0.000111158, 5.75623e-05
321, 318, 0.00012849, 5.9483e-05
321, 319, 5.11517e-05, 4.89818e-05
321, 320, 4.40149e-05, 5.81369e-05
322, 311, 3.18937e-05, 3.49886e-05
322, 313, 5.21195e-05, 3.56054e-05
322, 314, 5.00572e-05, 2.50391e-05
322, 316, 6.0403e-05, 2.27269e-05
322, 317, 4.317e-05, 5.58391e-05
322, 318, 5.41168e-05, 5.77219e-05
322, 319, 6.10722e-05, 4.65403e-05
322, 320, 5.37935e-05, 6.00643e-05
322, 321, 3.07664e-05, 8.20479e-05
323, 310, 3.24693e-05, 1.57754e-05
323, 311, 5.48412e-05, 3.48901e-05
323, 313, 7.27665e-05, 3.47128e-05
323, 314, 2.63493e-05, 2.70899e-05
323, 316, 3.05866e-05, 2.3407e-05
323, 317, 3.31523e-05, 5.47384e-05
323, 318, 5.28394e-05, 5.69397e-05
323, 319, 3.98265e-05, 4.60982e-05
323, 320, 4.34847e-05, 5.96717e-05
323, 321, 4.81842e-05, 8.24917e-05
323, 322, 3.39786e-05, 4.29406e-05
324, 317, 8.82711e-05, 5.56439e-05
324, 318, 0.000101362, 5.79698e-05
324, 319, 4.37228e-05, 4.91262e-05
324, 320, 2.59336e-05, 6.05577e-05
324, 321, 8.3453e-05, 8.02082e-05
324, 322, 7.85318e-05, 4.41561e-05
324, 323, 2.23393e-05, 1.9628e-05
325, 316, 3.47154e-05, 2.22822e-05
325, 317, 6.57427e-05, 5.58195e-05
325, 318, 7.82058e-05, 5.70618e-05
325, 319, 1.45757e-05, 4.91822e-05
325, 320, 2.44167e-05, 5.85436e-05
325, 321, 8.47736e-05, 8.21956e-05
325, 322, 6.72146e-05, 4.3035e-05
325, 323, 5.50507e-05, 2.24353e-05
325, 324, 1.79731e-05, 1.98619e-05
326, 317, 8.27943e-05, 5.38009e-05
326, 318, 0.000103898, 5.84775e-05
326, 319, 5.58185e-05, 4.76128e-05
326, 320, 7.49827e-05, 6.03374e-05
326, 321, 0.000117711, 8.27104e-05
326, 322, 0.000108671, 4.2075e-05
326, 323, 0.000109017, 2.11004e-05
326, 324, 5.99912e-05, 1.91602e-05
326, 325, 3.49533e-05, 3.83941e-05
327, 317, 3.35649e-05, 5.54205e-05
327, 318, 5.16742e-05, 5.84823e-05
327, 319, 4.83886e-05, 4.85242e-05
327, 320, 6.04393e-05, 6.13797e-05
327, 321, 7.57038e-05, 8.37465e-05
327, 322, 5.64698e-05, 4.22385e-05
327, 323, 8.87679e-05, 1.95444e-05
327, 324, 3.62832e-05, 1.83061e-05
327, 325, 2.6967e-05, 4.02206e-05
327, 326, 8.7246e-05, 1.9071e-05
328, 318, 2.78596e-05, 5.80354e-05
328, 319, 6.09671e-05, 4.68323e-05
328, 320, 6.18943e-05, 6.03643e-05
328, 321, 3.56234e-05, 8.41765e-05
328, 322, 2.08188e-05, 4.16148e-05
328, 323, 7.33359e-05, 2.07993e-05
328, 324, 4.33318e-05, 2.02022e-05
328, 325, 7.06135e-05, 3.81079e-05
328, 326, 0.000101642, 1.37353e-05
328, 327, 4.5802e-05, 2.87549e-05
329, 318, 0.000104198, 5.77488e-05
329, 321, 0.000116113, 8.37784e-05
329, 322, 0.000103511, 4.09883e-05
329, 323, 8.33594e-05, 2.16407e-05
329, 324, 4.63064e-05, 1.96223e-05
329, 325, 4.98893e-05, 4.11086e-05
329, 326, 4.21234e-05, 1.63779e-05
329, 327, 4.72664e-05, 3.09276e-05
329, 328, 7.78688e-05, 6.5776e-05
330, 319, 3.02745e-05, 4.70545e-05
330, 321, 7.56392e-05, 8.3425e-05
330, 322, 6.5947e-05, 4.15354e-05
330, 323, 3.31547e-05, 2.11061e-05
330, 324, 2.86545e-05, 1.98696e-05
330, 325, 6.7014e-05, 4.11185e-05
330, 326, 4.54431e-05, 1.55508e-05
330, 327, 4.76761e-05, 3.24705e-05
330, 328, 6.84248e-05, 6.57958e-05
330, 329, 2.29867e-05, 4.3637e-05
331, 321, 0.000129154, 8.49805e-05
331, 322, 0.000115247, 4.34237e-05
331, 323, 0.000111164, 2.06642e-05
331, 324, 6.55376e-05, 2.15298e-05
331, 325, 5.21692e-05, 3.76223e-05
331, 326, 5.80448e-05, 1.67688e-05
331, 327, 6.60772e-05, 2.98953e-05
331, 328, 8.6905e-05, 6.51716e-05
331, 329, 8.89244e-05, 4.31008e-05
331, 330, 8.24628e-05, 4.28819e-05
332, 320, 4.02314e-05, 6.01006e-05
332, 323, 2.89865e-05, 2.18707e-05
332, 324, 5.94617e-05, 1.82199e-05
332, 325, 9.55557e-05, 3.98979e-05
332, 326, 8.51984e-05, 1.55425e-05
332, 327, 6.99901e-05, 3.32355e-05
332, 328, 7.65811e-05, 6.68274e-05
332, 329, 3.21165e-05, 4.29402e-05
332, 330, 5.50215e-05, 4.68054e-05
332, 331, 0.0001007, 5.06281e-05
333, 323, 4.0392e-05, 2.14819e-05
333, 325, 6.52303e-05, 4.03079e-05
333, 326, 4.52081e-05, 1.76324e-05
333, 327, 4.49465e-05, 3.35909e-05
333, 328, 6.34646e-05, 6.72741e-05
333, 329, 2.7494e-05, 4.55675e-05
333, 330, 4.54711e-05, 4.7001e-05
333, 331, 6.9399e-05, 4.83773e-05
333, 332, 2.07645e-05, 3.34947e-05
334, 320, 6.79685e-05, 5.98486e-05
334, 326, 2.67861e-05, 1.91278e-05
334, 327, 9.42154e-05, 3.22351e-05
334, 328, 0.000125771, 6.54574e-05
334, 329, 9.67126e-05, 4.34781e-05
334, 330, 0.000107499, 4.7985e-05
334, 331, 1.94006e-05, 4.99145e-05
334, 332, 7.98867e-05, 3.36482e-05
334, 333, 6.53772e-05, 2.71019e-05
335, 328, 4.69699e-05, 6.40908e-05
335, 330, 3.59687e-05, 4.93256e-05
335, 331, 8.96699e-05, 4.58533e-05
335, 332, 4.74287e-05, 3.17736e-05
335, 333, 2.90234e-05, 2.85935e-05
335, 334, 2.78821e-05, 6.93287e-05
336, 329, 5.24128e-05, 4.35966e-05
336, 330, 6.56254e-05, 4.9196e-05
336, 331, 4.79292e-05, 4.86913e-05
336, 332, 3.40207e-05, 3.16873e-05
336, 333, 3.33069e-05, 2.77901e-05
336, 334, 3.77142e-05, 6.64892e-05
336, 335, 5.2083e-05, 2.13638e-05
338, 331, 3.29969e-05, 5.00487e-05
338, 332, 8.58405e-05, 3.27758e-05
338, 333, 6.64891e-05, 2.77328e-05
338, 334, 6.34487e-05, 6.88812e-05
338, 335, 7.6645e-05, 2.37614e-05
338, 336, 0.000101395, 3.3477e-05
339, 331, 4.63524e-05, 5.02475e-05
339, 332, 5.77834e-05, 3.07258e-05
339, 333, 3.15088e-05, 2.84653e-05
339, 334, 2.53949e-05, 6.57496e-05
339, 335, 4.31392e-05, 2.11312e-05
339, 336, 7.07576e-05, 3.33574e-05
339, 338, 3.83125e-05, 6.50686e-05
340, 331, 2.60105e-05, 4.99063e-05
340, 333, 5.33907e-05, 2.9683e-05
340, 334, 5.23733e-05, 6.81035e-05
340, 335, 6.86822e-05, 2.19421e-05
340, 336, 9.11806e-05, 3.35603e-05
340, 338, 3.39121e-05, 6.5459e-05
340, 339, 8.53402e-05, 6.46804e-05
341, 333, 2.05692e-05, 2.6837e-05
341, 334, 1.81822e-05, 7.11358e-05
341, 335, 2.8658e-05, 2.24779e-05
341, 336, 4.70635e-05, 3.1691e-05
341, 338, 5.72405e-05, 6.51616e-05
341, 339, 5.75242e-05, 6.32149e-05
341, 340, 3.75908e-05, 6.54683e-05
342, 333, 4.41467e-05, 2.75266e-05
342, 334, 3.88403e-05, 6.87074e-05
342, 335, 5.23341e-05, 2.28121e-05
342, 336, 7.72961e-05, 3.22496e-05
342, 338, 5.05851e-05, 6.39298e-05
342, 339, 8.36657e-05, 6.22539e-05
342, 340, 3.53178e-05, 6.59897e-05
342, 341, 4.77474e-05, 3.0665e-05
343, 335, 7.50058e-05, 2.12844e-05
343, 336, 9.11615e-05, 3.37401e-05
343, 338, 5.30232e-05, 6.32435e-05
343, 339, 0.000101747, 6.41278e-05
343, 340, 4.30132e-05, 6.24165e-05
343, 341, 4.9892e-05, 2.82725e-05
343, 342, 3.44714e-05, 7.49423e-05
344, 338, 3.35194e-05, 6.50278e-05
344, 339, 4.63784e-05, 6.59539e-05
344, 340, 2.37145e-05, 6.39094e-05
344, 341, 3.44167e-05, 2.98194e-05
344, 342, 5.59509e-05, 7.81678e-05
344, 343, 2.04413e-05, 6.37638e-05
346, 338, 3.19879e-05, 6.58632e-05
346, 339, 9.52095e-05, 6.36591e-05
346, 340, 3.83771e-05, 6.52768e-05
346, 341, 3.15365e-05, 3.16665e-05
346, 342, 2.04886e-05, 7.75329e-05
346, 343, 4.90505e-05, 6.33617e-05
346, 344, 5.86308e-05, 2.61473e-05
347, 338, 5.54223e-05, 6.55523e-05
347, 339, 9.37666e-05, 6.54257e-05
347, 340, 4.18289e-05, 6.37407e-05
347, 341, 5.15081e-05, 3.07167e-05
347, 342, 3.88166e-05, 7.84434e-05
347, 343, 4.86327e-05, 6.14518e-05
347, 344, 2.84374e-05, 2.75285e-05
347, 346, 3.63365e-05, 5.78651e-05
349, 338, 4.8308e-05, 6.60356e-05
349, 339, 5.08075e-05, 6.6472e-05
349, 340, 3.03602e-05, 6.26015e-05
349, 341, 4.14396e-05, 3.19212e-05
349, 342, 5.95695e-05, 7.67691e-05
349, 343, 2.06995e-05, 6.15034e-05
349, 344, 5.73916e-05, 2.59577e-05
349, 346, 3.56577e-05, 5.4333e-05
349, 347, 7.92121e-05, 5.07398e-05
350, 339, 9.31637e-05, 6.37506e-05
350, 340, 4.21997e-05, 6.71964e-05
350, 341, 5.60129e-05, 3.0183e-05
350, 342, 4.72992e-05, 7.84346e-05
350, 343, 5.16875e-05, 6.14955e-05
350, 344, 2.12335e-05, 2.4337e-05
350, 346, 3.75476e-05, 5.7144e-05
350, 347, 0.000107813, 5.2496e-05
350, 349, 8.069e-05, 5.03476e-05
351, 339, 8.81021e-05, 6.46044e-05
351, 340, 3.06732e-05, 6.21797e-05
351, 341, 2.83113e-05, 2.89605e-05
351, 342, 2.15789e-05, 7.92895e-05
351, 343, 4.20192e-05, 6.30487e-05
351, 344, 5.15768e-05, 2.51327e-05
351, 346, 2.28965e-05, 5.42827e-05
351, 347, 7.74238e-05, 5.36106e-05
351, 349, 5.00252e-05, 4.91352e-05
351, 350, 6.75183e-05, 3.84647e-05
353, 342, 6.24061e-05, 8.05141e-05
353, 343, 0.000101511, 6.30022e-05
353, 344, 0.000111136, 2.47391e-05
353, 346, 8.72248e-05, 5.43384e-05
353, 347, 8.1588e-05, 5.36625e-05
353, 349, 6.85122e-05, 4.93864e-05
353, 350, 0.000111434, 4.35197e-05
353, 351, 4.79395e-05, 4.41253e-05
354, 344, 8.0601e-05, 2.82366e-05
354, 346, 5.76574e-05, 5.477e-05
354, 347, 8.26274e-05, 5.30177e-05
354, 349, 5.89202e-05, 5.10186e-05
354, 350, 9.86694e-05, 4.36836e-05
354, 351, 2.63176e-05, 4.07201e-05
354, 353, 8.89222e-05, 6.363e-05
355, 346, 3.53676e-05, 5.64322e-05
355, 347, 6.66139e-05, 5.2371e-05
355, 349, 3.70904e-05, 4.68329e-05
355, 350, 7.00087e-05, 4.45811e-05
355, 351, 2.35754e-05, 4.20682e-05
355, 353, 5.96822e-05, 6.31431e-05
355, 354, 6.17447e-05, 2.62309e-05
356, 346, 5.14314e-05, 5.80086e-05
356, 347, 7.07873e-05, 5.52626e-05
356, 349, 4.8007e-05, 4.96756e-05
356, 350, 8.83043e-05, 4.43383e-05
356, 351, 1.85194e-05, 4.10921e-05
356, 353, 8.31406e-05, 6.52294e-05
356, 354, 8.55534e-05, 3.23592e-05
356, 355, 4.36069e-05, 0.000107887
357, 346, 5.57838e-05, 5.47288e-05
357, 347, 4.66002e-05, 5.26543e-05
357, 349, 4.53628e-05, 5.20813e-05
357, 350, 2.08717e-05, 4.45595e-05
357, 351, 8.36387e-05, 4.027e-05
357, 353, 7.04914e-05, 6.3251e-05
357, 354, 5.30946e-05, 2.86467e-05
357, 355, 8.27755e-05, 0.000111075
357, 356, 2.60727e-05, 5.50806e-05
358, 347, 4.25994e-05, 5.38584e-05
358, 349, 4.1201e-05, 5.04386e-05
358, 350, 7.79721e-05, 4.46651e-05
358, 351, 5.16273e-05, 4.11062e-05
358, 353, 9.87859e-05, 6.34042e-05
358, 354, 0.000100672, 2.93482e-05
358, 355, 7.74779e-05, 0.000109567
358, 356, 6.20155e-05, 5.34716e-05
358, 357, 5.9694e-05, 4.71771e-05
359, 349, 4.81149e-05, 5.17047e-05
359, 350, 8.39663e-05, 4.49141e-05
359, 351, 4.65806e-05, 3.99008e-05
359, 353, 0.00010046, 6.16972e-05
359, 354, 0.000102139, 2.80612e-05
359, 355, 7.60871e-05, 0.000109223
359, 356, 6.66965e-05, 5.00557e-05
359, 357, 8.04887e-05, 4.7739e-05
359, 358, 3.23037e-05, 3.1033e-05
360, 350, 7.09565e-05, 4.33236e-05
360, 351, 3.61873e-05, 4.11623e-05
360, 353, 7.93351e-05, 5.86115e-05
360, 354, 7.65244e-05, 2.77425e-05
360, 355, 5.36828e-05, 0.000110896
360, 356, 5.86407e-05, 5.67674e-05
360, 357, 7.04158e-05, 4.70487e-05
360, 358, 2.77821e-05, 3.14809e-05
360, 359, 2.82529e-05, 3.22675e-05
361, 353, 7.11451e-05, 6.59976e-05
361, 354, 7.81134e-05, 3.10872e-05
361, 355, 2.55576e-05, 0.000110929
361, 356, 8.93318e-05, 5.20442e-05
361, 357, 9.99759e-05, 5.04282e-05
361, 358, 4.80254e-05, 3.19777e-05
361, 359, 5.59084e-05, 3.3032e-05
361, 360, 0.000110192, 4.41489e-05
362, 353, 0.000117848, 6.26796e-05
362, 354, 0.000118457, 2.95686e-05
362, 355, 8.16222e-05, 0.000111925
362, 356, 9.68323e-05, 5.40294e-05
362, 357, 0.000107683, 4.69361e-05
362, 358, 4.33046e-05, 2.95035e-05
362, 359, 5.04269e-05, 3.80403e-05
362, 360, 7.63139e-05, 4.25699e-05
362, 361, 4.60532e-05, 5.53194e-05
363, 353, 0.000124354, 6.35441e-05
363, 354, 0.000131312, 2.92633e-05
363, 355, 8.02631e-05, 0.000111542
363, 356, 0.000108104, 5.3573e-05
363, 357, 0.000114091, 4.62417e-05
363, 358, 5.4198e-05, 2.99843e-05
363, 359, 6.16255e-05, 3.15739e-05
363, 360, 8.8713e-05, 4.23899e-05
363, 361, 5.07882e-05, 6.47376e-05
363, 362, 8.48971e-05, 0.000107767
364, 355, 8.68458e-05, 0.000111557
364, 356, 7.05059e-05, 5.53452e-05
364, 357, 7.61492e-05, 5.11989e-05
364, 358, 4.56638e-05, 3.093e-05
364, 359, 3.73081e-05, 3.25452e-05
364, 360, 4.28749e-05, 4.7416e-05
364, 361, 6.53711e-05, 6.26338e-05
364, 362, 3.61765e-05, 0.000110859
364, 363, 4.79702e-05, 3.37202e-05
365, 357, 4.4668e-05, 4.71309e-05
365, 358, 3.29477e-05, 3.35093e-05
365, 359, 2.56369e-05, 3.19166e-05
365, 360, 4.92983e-05, 4.36979e-05
365, 361, 6.17599e-05, 6.05746e-05
365, 362, 4.14389e-05, 0.00010838
365, 363, 3.27936e-05, 3.52825e-05
365, 364, 6.83328e-05, 6.44661e-05
366, 357, 8.22672e-05, 4.90765e-05
366, 358, 2.37221e-05, 3.13907e-05
366, 359, 3.03243e-05, 3.20518e-05
366, 360, 8.59326e-05, 4.4672e-05
366, 361, 3.19788e-05, 6.54738e-05
366, 362, 6.67681e-05, 0.000107978
366, 363, 6.73936e-05, 3.15139e-05
366, 364, 3.31658e-05, 6.37371e-05
366, 365, 6.9132e-05, 3.73001e-05
367, 357, 3.95171e-05, 5.13708e-05
367, 358, 4.13222e-05, 3.39606e-05
367, 359, 3.57159e-05, 3.29809e-05
367, 360, 4.42849e-05, 4.90519e-05
367, 361, 6.82269e-05, 6.39942e-05
367, 362, 2.90104e-05, 0.000112516
367, 363, 2.40463e-05, 3.16051e-05
367, 364, 7.55023e-05, 6.33369e-05
367, 365, 2.67755e-05, 3.63301e-05
367, 366, 8.43159e-05, 3.38283e-05
368, 359, 3.62227e-05, 3.18065e-05
368, 360, 7.02133e-05, 4.54797e-05
368, 361, 3.77667e-05, 5.89605e-05
368, 362, 6.53536e-05, 0.00011221
368, 363, 7.46835e-05, 3.57565e-05
368, 364, 4.23258e-05, 6.41545e-05
368, 365, 6.17483e-05, 3.96122e-05
368, 366, 8.03353e-05, 3.34635e-05
368, 367, 4.84074e-05, 3.03443e-05
369, 360, 6.64121e-05, 4.43684e-05
369, 361, 6.3406e-05, 6.14151e-05
369, 362, 5.33289e-05, 0.000108644
369, 363, 3.93262e-05, 3.25221e-05
369, 364, 6.94683e-05, 6.07032e-05
369, 365, 5.14488e-05, 3.94776e-05
369, 366, 6.43713e-05, 3.26093e-05
369, 367, 4.01901e-05, 3.03842e-05
369, 368, 2.24281e-05, 0.000117311
371, 362, 6.64875e-05, 0.000108949
371, 363, 7.2867e-05, 3.81378e-05
371, 364, 5.98279e-05, 6.41573e-05
371, 365, 6.29582e-05, 3.76862e-05
371, 366, 9.05686e-05, 3.67487e-05
371, 367, 4.91517e-05, 2.84452e-05
371, 368, 7.43369e-05, 0.000113387
371, 369, 3.49255e-05, 3.76805e-05
372, 364, 4.74492e-05, 6.33083e-05
372, 365, 9.34202e-05, 3.93481e-05
372, 366, 3.00137e-05, 3.51747e-05
372, 367, 8.38903e-05, 3.4663e-05
372, 368, 5.88892e-05, 0.000113502
372, 369, 7.87531e-05, 3.34396e-05
372, 371, 4.49797e-05, 7.14618e-05
373, 367, 0.000204675, 3.29129e-05
373, 368, 0.000238975, 0.000120306
373, 369, 0.000191324, 3.70671e-05
373, 371, 0.00024402, 7.23372e-05
373, 372, 0.000225822, 3.18265e-05
374, 368, 0.000138493, 0.000116467
374, 369, 0.000105261, 3.82837e-05
374, 371, 0.00014874, 7.16937e-05
374, 372, 0.000132448, 3.18488e-05
374, 373, 0.000159585, 3.54594e-05
375, 368, 0.000275702, 0.000116544
375, 369, 0.000319689, 3.88326e-05
375, 371, 0.000282077, 6.89886e-05
375, 372, 0.000302775, 3.11972e-05
375, 373, 0.000554646, 2.93018e-05
375, 374, 0.000467368, 6.11422e-05
376, 371, 0.000191801, 7.13689e-05
376, 372, 0.000214457, 3.17784e-05
376, 373, 0.000462144, 2.99691e-05
376, 374, 0.000375456, 6.91441e-05
376, 375, 9.98649e-05, 5.28289e-05
377, 371, 3.23523e-05, 7.13531e-05
377, 372, 4.59918e-05, 3.3142e-05
377, 373, 0.000272969, 2.87186e-05
377, 374, 0.000180151, 6.11129e-05
377, 375, 0.000292508, 5.08638e-05
377, 376, 9.66991e-05, 4.02744e-05
379, 373, 0.000272531, 3.53438e-05
379, 374, 0.000183763, 6.326e-05
379, 375, 0.00028877, 5.20697e-05
379, 376, 8.7159e-05, 4.379e-05
379, 377, 6.42754e-05, 9.20407e-05
380, 373, 0.000155168, 3.31308e-05
380, 374, 6.25069e-05, 6.22377e-05
380, 375, 0.000413872, 5.29238e-05
380, 376, 0.000216877, 4.49161e-05
380, 377, 8.84928e-05, 9.27133e-05
380, 379, 0.000106756, 0.00010895
381, 373, 9.50095e-05, 3.59759e-05
381, 374, 0.000190243, 6.22966e-05
381, 375, 0.000650716, 5.44274e-05
381, 376, 0.000449961, 4.52097e-05
381, 377, 0.000324294, 9.58867e-05
381, 379, 0.000323473, 0.000103441
381, 380, 0.000212827, 3.50165e-05
382, 373, 0.000115906, 3.33306e-05
382, 374, 0.000193769, 6.18228e-05
382, 375, 0.000648975, 5.10976e-05
382, 376, 0.000459548, 4.45788e-05
382, 377, 0.000324017, 9.38278e-05
382, 379, 0.000331424, 0.000107219
382, 380, 0.00022038, 3.67108e-05
382, 381, 3.64343e-05, 7.77363e-05
383, 373, 0.000413688, 3.71014e-05
383, 374, 0.000500144, 6.65448e-05
383, 375, 0.000961831, 5.65278e-05
383, 376, 0.000769119, 4.57086e-05
383, 377, 0.000635134, 9.18367e-05
383, 379, 0.000644245, 0.000103867
383, 380, 0.000530254, 3.35093e-05
383, 381, 0.000325741, 7.50228e-05
383, 382, 0.000314578, 5.67599e-05
384, 373, 0.000358909, 3.80487e-05
384, 374, 0.00044186, 6.39301e-05
384, 375, 0.000910874, 5.4572e-05
384, 376, 0.000716113, 4.12561e-05
384, 377, 0.00058116, 9.2862e-05
384, 379, 0.000579935, 0.00010841
384, 380, 0.000475341, 3.61367e-05
384, 381, 0.000279432, 8.12334e-05
384, 382, 0.000263723, 5.54574e-05
384, 383, 3.66221e-05, 5.85156e-05
387, 373, 0.00072686, 3.54937e-05
387, 376, 0.00108363, 4.25876e-05
387, 377, 0.000952121, 9.58077e-05
387, 379, 0.000958565, 0.000111797
387, 380, 0.000849184, 3.63611e-05
387, 381, 0.000649494, 7.84288e-05
387, 382, 0.000630406, 5.59301e-05
387, 383, 0.000360266, 5.49074e-05
387, 384, 0.000295897, 3.60104e-05
388, 373, 0.000899082, 3.58751e-05
388, 376, 0.00125201, 4.76055e-05
388, 377, 0.00112439, 9.98876e-05
388, 379, 0.00112757, 0.000109048
388, 380, 0.00101968, 3.82447e-05
388, 381, 0.000818561, 7.81178e-05
388, 382, 0.000800415, 5.77742e-05
388, 383, 0.000541819, 5.34304e-05
388, 384, 0.000454998, 3.56797e-05
388, 387, 0.000165458, 0.000102788
389, 377, 0.00127805, 9.20227e-05
389, 379, 0.00128214, 0.000106286
389, 380, 0.00117159, 3.57858e-05
389, 381, 0.000973853, 7.69675e-05
389, 382, 0.000959108, 5.91602e-05
389, 383, 0.000691753, 5.60634e-05
389, 384, 0.000617074, 3.70534e-05
389, 387, 0.000328044, 0.000106077
389, 388, 0.000166115, 8.85386e-05
390, 377, 0.00160521, 9.31736e-05
390, 379, 0.00160844, 0.00010916
390, 380, 0.00150715, 3.96725e-05
390, 381, 0.00130071, 8.06483e-05
390, 382, 0.00128814, 5.69848e-05
390, 383, 0.00101868, 5.82589e-05
390, 384, 0.000939478, 4.03779e-05
390, 387, 0.000656203, 0.000106173
390, 388, 0.000490242, 8.8296e-05
390, 389, 0.000392961, 8.15322e-05
391, 380, 0.00157708, 3.7199e-05
391, 381, 0.00137559, 7.7752e-05
391, 382, 0.00136516, 5.76737e-05
391, 383, 0.00109333, 5.67519e-05
391, 384, 0.00101591, 3.77466e-05
391, 387, 0.000728554, 0.000110932
391, 388, 0.000568102, 8.73053e-05
391, 389, 0.000462855, 8.69944e-05
391, 390, 8.3905e-05, 0.000108855
392, 381, 0.00190451, 7.90431e-05
392, 382, 0.00188169, 5.74743e-05
392, 383, 0.00162136, 5.76257e-05
392, 384, 0.0015359, 4.10653e-05
392, 387, 0.00124915, 0.000104321
392, 388, 0.00108859, 8.66714e-05
392, 389, 0.000983415, 8.87966e-05
392, 390, 0.000599915, 0.000111883
392, 391, 0.000433159, 4.69286e-05
393, 381, 0.00213526, 8.14498e-05
393, 382, 0.00212715, 5.84559e-05
393, 383, 0.00186086, 5.65966e-05
393, 384, 0.00178077, 4.12467e-05
393, 387, 0.00149353, 0.000106161
393, 388, 0.00133156, 9.00632e-05
393, 389, 0.00122295, 8.79434e-05
393, 390, 0.000833844, 0.000108615
393, 391, 0.000672829, 5.13551e-05
393, 392, 0.000293546, 0.000104953
395, 383, 0.00245039, 5.98701e-05
395, 384, 0.00237402, 4.57719e-05
395, 387, 0.00207811, 0.000103405
395, 388, 0.00191586, 9.24138e-05
395, 389, 0.00181926, 8.36981e-05
395, 390, 0.00142974, 0.00011023
395, 391, 0.00126384, 5.17002e-05
395, 392, 0.00087603, 0.000106812
395, 393, 0.00058869, 0.000117661
396, 383, 0.00320175, 6.20026e-05
396, 384, 0.0031256, 4.56388e-05
396, 387, 0.00283416, 0.000106708
396, 388, 0.00267447, 8.89436e-05
396, 389, 0.00256383, 8.8339e-05
396, 390, 0.00218421, 0.000109091
396, 391, 0.00201927, 5.46245e-05
396, 392, 0.00162229, 0.000107356
396, 393, 0.00133956, 0.000117715
396, 395, 0.000735349, 3.83737e-05
397, 387, 0.00435423, 0.000107262
397, 388, 0.0041865, 9.11405e-05
397, 389, 0.00408998, 8.71016e-05
397, 390, 0.00369352, 0.000114191
397, 391, 0.00353668, 5.63479e-05
397, 392, 0.00314823, 0.000109868
397, 393, 0.00286415, 0.000123238
397, 395, 0.00225411, 4.10105e-05
397, 396, 0.00156714, 6.09274e-05
398, 388, 0.0044421, 9.30019e-05
398, 389, 0.00434397, 9.34043e-05
398, 390, 0.00395845, 0.000114642
398, 391, 0.00379388, 5.8103e-05
398, 392, 0.00340541, 0.000105734
398, 393, 0.00311602, 0.000121893
398, 395, 0.00250768, 4.12155e-05
398, 396, 0.00182644, 6.07995e-05
398, 397, 0.00029593, 5.78725e-05
399, 390, 0.00547448, 0.000119295
399, 391, 0.005308, 6.28609e-05
399, 392, 0.00491685, 0.000109994
399, 393, 0.00463305, 0.0001243
399, 395, 0.00402991, 4.55429e-05
399, 396, 0.0033425, 6.63405e-05
399, 397, 0.00181069, 5.76554e-05
399, 398, 0.00157646, 5.88266e-05
400, 392, 0.00575667, 0.000113938
400, 393, 0.00547612, 0.000124491
400, 395, 0.00485832, 4.63765e-05
400, 396, 0.00417308, 6.71807e-05
400, 397, 0.00264722, 6.33157e-05
400, 398, 0.00241267, 6.00898e-05
400, 399, 0.000716881, 5.13232e-05
401, 393, 0.00585349, 0.000125706
401, 395, 0.00524401, 4.82922e-05
401, 396, 0.00456048, 6.79084e-05
401, 397, 0.00303126, 6.34279e-05
401, 398, 0.00279286, 6.05818e-05
401, 399, 0.00109744, 5.67192e-05
401, 400, 0.000434615, 6.23185e-05
402, 396, 0.00541886, 7.18938e-05
402, 397, 0.00388082, 6.69913e-05
402, 398, 0.00364813, 6.68342e-05
402, 399, 0.0019542, 5.93062e-05
402, 400, 0.00128506, 6.19582e-05
402, 401, 0.000912157, 0.000148598
403, 395, 0.00567258, 5.03363e-05
403, 396, 0.00498841, 6.78326e-05
403, 397, 0.00345672, 6.50743e-05
403, 398, 0.0032209, 6.93864e-05
403, 399, 0.00152259, 5.8169e-05
403, 400, 0.000858045, 6.31387e-05
403, 401, 0.00048881, 0.000149207
403, 402, 0.000431437, 0.00010718
404, 396, 0.00670104, 7.25631e-05
404, 397, 0.00516005, 7.19965e-05
404, 398, 0.00492265, 6.83516e-05
404, 399, 0.00323253, 5.91104e-05
404, 400, 0.00256144, 6.88048e-05
404, 401, 0.00219046, 0.000151067
404, 402, 0.00128445, 0.000106929
404, 403, 0.00170912, 6.89544e-05
406, 397, 0.00913277, 7.97871e-05
406, 399, 0.00721286, 6.55392e-05
406, 400, 0.00653878, 7.4632e-05
406, 401, 0.00616218, 0.000146876
406, 402, 0.00526274, 0.000117677
406, 403, 0.00568286, 7.91016e-05
406, 404, 0.00401641, 8.439e-05
407, 398, 0.00891683, 7.46876e-05
407, 399, 0.00722346, 7.00474e-05
407, 400, 0.00656042, 7.16661e-05
407, 401, 0.00619014, 0.000155292
407, 402, 0.00527125, 0.000115527
407, 403, 0.00570235, 7.57869e-05
407, 404, 0.0040383, 8.06102e-05
407, 406, 8.98388e-05, 7.20757e-05
408, 399, 0.00804781, 6.93925e-05
408, 400, 0.00737543, 7.92237e-05
408, 401, 0.00700942, 0.00015566
408, 402, 0.0060924, 0.000117294
408, 403, 0.00652869, 7.83901e-05
408, 404, 0.00485926, 8.46408e-05
408, 406, 0.000840123, 7.105e-05
408, 407, 0.000782253, 0.000148436
410, 404, 0.0142414, 9.76839e-05
410, 406, 0.0102271, 8.61079e-05
410, 407, 0.0101761, 0.000159827
410, 408, 0.00948874, 9.93836e-05
411, 406, 0.0122797, 8.59174e-05
411, 407, 0.0122194, 0.000159711
411, 408, 0.0115374, 0.000103423
411, 410, 0.00202283, 0.000107862
412, 406, 0.0210321, 9.8654e-05
412, 407, 0.0209776, 0.000162245
412, 408, 0.0202981, 0.000106032
412, 410, 0.0107732, 0.000116052
412, 411, 0.00872895, 0.000154541
413, 410, 0.0310067, 0.000121873
413, 411, 0.0289583, 0.000159085
413, 412, 0.0202024, 0.000150332
414, 412, 0.0307797, 0.000146478
414, 413, 0.0105633, 0.000130238
415, 412, 0.030842, 0.000150393
415, 413, 0.0106202, 0.000135168
415, 414, 0.000112637, 0.000132627
416, 413, 0.0145137, 0.000130393
416, 414, 0.0039106, 0.00012362
416, 415, 0.00392095, 0.000116679
417, 413, 0.014538, 0.000132704
417, 414, 0.00393364, 0.000126367
417, 415, 0.00394269, 0.000116255
417, 416, 0.00011091, 0.000146101
420, 413, 0.0149703, 0.000131697
420, 414, 0.00436567, 0.000127913
420, 415, 0.00437337, 0.000117441
420, 416, 0.000481607, 0.000145969
420, 417, 0.000435634, 0.000168826
421, 413, 0.0149386, 0.000136669
421, 414, 0.00433715, 0.000127287
421, 415, 0.004348, 0.000117208
421, 416, 0.000456306, 0.000146421
421, 417, 0.000412698, 0.000170539
421, 420, 0.000123999, 0.000190182
422, 414, 0.00599037, 0.000118547
422, 415, 0.00599141, 0.000113552
422, 416, 0.0020793, 0.000137028
422, 417, 0.00203355, 0.000163642
422, 420, 0.00163811, 0.000185966
422, 421, 0.00161279, 0.000144557
423, 414, 0.00593585, 0.000118547
423, 415, 0.0059484, 0.000113635
423, 416, 0.00203405, 0.000143151
423, 417, 0.00199058, 0.000165409
423, 420, 0.00159631, 0.000183473
423, 421, 0.00157455, 0.000144278
423, 422, 0.000127988, 0.000109004
424, 414, 0.00636697, 0.000117374
424, 415, 0.00635973, 0.00011007
424, 416, 0.00246202, 0.000144737
424, 417, 0.00241375, 0.000163488
424, 420, 0.00201382, 0.000182728
424, 421, 0.00199192, 0.000139544
424, 422, 0.000461335, 0.000105369
424, 423, 0.000480745, 0.000107263
425, 414, 0.00635366, 0.000121273
425, 415, 0.00635319, 0.000111156
425, 416, 0.00244315, 0.000141181
425, 417, 0.00239813, 0.000164192
425, 420, 0.00199953, 0.000184303
425, 421, 0.00197804, 0.000144175
425, 422, 0.00044929, 0.00010487
425, 423, 0.000467151, 0.000105386
425, 424, 0.000114294, 0.000132014
426, 416, 0.00339549, 0.000135934
426, 417, 0.00335215, 0.00016338
426, 420, 0.00294947, 0.000181078
426, 421, 0.00292165, 0.000137336
426, 422, 0.00138768, 0.000100437
426, 423, 0.00139752, 9.92755e-05
426, 424, 0.000947636, 0.000120509
426, 425, 0.000967111, 0.000129957
427, 416, 0.00457486, 0.000132658
427, 417, 0.00452077, 0.000158613
427, 420, 0.00409869, 0.000175681
427, 421, 0.00406858, 0.000135235
427, 422, 0.00252687, 8.99598e-05
427, 423, 0.00253456, 8.67809e-05
427, 424, 0.00207306, 0.000114819
427, 425, 0.00208859, 0.000123738
427, 426, 0.0011792, 0.000148792
428, 416, 0.00462213, 0.00013065
428, 417, 0.00456625, 0.000157502
428, 420, 0.00414682, 0.000175554
428, 421, 0.00411654, 0.000132788
428, 422, 0.00257164, 8.81226e-05
428, 423, 0.00258471, 8.92976e-05
428, 424, 0.00212145, 0.000113684
428, 425, 0.00213608, 0.000125899
428, 426, 0.00123294, 0.000146267
428, 427, 0.000127821, 9.23668e-05
430, 420, 0.00620436, 0.000166397
430, 421, 0.00616506, 0.000123417
430, 422, 0.0046133, 6.99118e-05
430, 423, 0.00461199, 6.94526e-05
430, 424, 0.00413624, 0.000103212
430, 425, 0.00414351, 0.00011229
430, 426, 0.0032253, 0.000136444
430, 427, 0.00208356, 7.76565e-05
430, 428, 0.00202323, 6.51947e-05
431, 422, 0.00698425, 4.19355e-05
431, 423, 0.00697144, 4.37558e-05
431, 424, 0.00648369, 9.09395e-05
431, 425, 0.00647806, 0.000102704
431, 426, 0.00554366, 0.000129422
431, 427, 0.00439005, 5.4373e-05
431, 428, 0.0043125, 3.78314e-05
431, 430, 0.00227071, 3.78624e-05
432, 424, 0.00671405, 8.69546e-05
432, 425, 0.00670736, 0.000109318
432, 426, 0.0057736, 0.000129349
432, 427, 0.00461613, 5.1984e-05
432, 428, 0.00453964, 3.62929e-05
432, 430, 0.0024921, 3.3041e-05
432, 431, 0.000223749, 0.00010827
433, 427, 0.00803633, 4.93093e-05
433, 428, 0.00793403, 3.72977e-05
433, 430, 0.005838, 3.23178e-05
433, 431, 0.00354481, 0.000113666
433, 432, 0.00329327, 7.77347e-05
434, 427, 0.00868148, 5.52878e-05
434, 428, 0.00857655, 4.1883e-05
434, 430, 0.00647452, 4.0684e-05
434, 431, 0.004177, 0.000114607
434, 432, 0.00392194, 8.08898e-05
434, 433, 0.000603371, 0.000102121
435, 430, 0.00924292, 8.35365e-05
435, 431, 0.00692372, 0.000139284
435, 432, 0.00664848, 0.000110069
435, 433, 0.00331362, 0.000131517
435, 434, 0.00269311, 0.000145658
436, 430, 0.0100819, 9.95588e-05
436, 431, 0.00775056, 0.000152267
436, 432, 0.00747509, 0.000124155
436, 433, 0.00412942, 0.000140997
436, 434, 0.00350165, 0.00015588
436, 435, 0.000823583, 0.00010341
437, 431, 0.00931196, 0.000175315
437, 432, 0.00902023, 0.000150686
437, 433, 0.00566733, 0.000163247
437, 434, 0.00502722, 0.000177816
437, 435, 0.00232745, 0.000133518
437, 436, 0.00149031, 0.000148917
438, 431, 0.0105085, 0.000191164
438, 433, 0.00684787, 0.000184918
438, 434, 0.00619278, 0.00019467
438, 435, 0.00348692, 0.000157377
438, 436, 0.00263713, 0.000169119
438, 437, 0.00111022, 0.000187982
439, 433, 0.00790452, 0.000206391
439, 434, 0.00724005, 0.000217597
439, 435, 0.00452129, 0.000174984
439, 436, 0.00366193, 0.000191615
439, 437, 0.0021291, 0.000205871
439, 438, 0.000953244, 0.000224827
440, 434, 0.00768561, 0.000224848
440, 435, 0.0049613, 0.000187689
440, 436, 0.00409856, 0.000200219
440, 437, 0.00255661, 0.000212603
440, 438, 0.00137967, 0.000233553
440, 439, 0.00046715, 0.000184721
441, 435, 0.00606307, 0.000212516
441, 436, 0.00518781, 0.000223767
441, 437, 0.00364162, 0.000236102
441, 438, 0.0024529, 0.000254463
441, 439, 0.00151771, 0.000208653
441, 440, 0.000995352, 0.000217178
442, 435, 0.00605642, 0.000211612
442, 436, 0.0051796, 0.000222096
442, 437, 0.00363245, 0.000235021
442, 438, 0.00244394, 0.000252758
442, 439, 0.00150749, 0.000206624
442, 440, 0.000986044, 0.000217299
442, 441, 0.000224971, 0.000217613
443, 436, 0.00580714, 0.000239853
443, 437, 0.00425405, 0.000250976
443, 438, 0.00306019, 0.000263528
443, 439, 0.00211858, 0.000222154
443, 440, 0.00159459, 0.000236359
443, 441, 0.000615442, 0.000233362
443, 442, 0.000605424, 0.000224642
445, 436, 0.00581601, 0.000234284
445, 437, 0.00426119, 0.000247747
445, 438, 0.00306737, 0.000267142
445, 439, 0.00212925, 0.000222741
445, 440, 0.00159904, 0.000232631
445, 441, 0.00062897, 0.000231726
445, 442, 0.000616448, 0.000224825
445, 443, 0.000233812, 0.00022314
447, 437, 0.00530627, 0.000271712
447, 438, 0.0041033, 0.000287213
447, 439, 0.00315239, 0.000247435
447, 440, 0.00262023, 0.000252835
447, 441, 0.00162082, 0.000252175
447, 442, 0.00160663, 0.00024733
447, 443, 0.000986352, 0.000246353
447, 445, 0.00101139, 0.00025651
448, 437, 0.00527636, 0.000269324
448, 438, 0.00407433, 0.000284961
448, 439, 0.00312501, 0.000244388
448, 440, 0.00258792, 0.000252475
448, 441, 0.00159035, 0.000250359
448, 442, 0.00157719, 0.000248309
448, 443, 0.000963645, 0.000244234
448, 445, 0.000982727, 0.000253348
448, 447, 0.00024443, 0.000252198
449, 438, 0.0043453, 0.000289567
449, 439, 0.00339696, 0.00025138
449, 440, 0.00285864, 0.000257364
449, 441, 0.00185198, 0.000254535
449, 442, 0.0018406, 0.000254606
449, 443, 0.00122072, 0.00025344
449, 445, 0.00123932, 0.000262908
449, 447, 0.000348655, 0.000257774
449, 448, 0.000380092, 0.000268762
450, 438, 0.00470194, 0.000298077
450, 439, 0.00374772, 0.000258438
450, 440, 0.00322014, 0.000266533
450, 441, 0.00220397, 0.000265275
450, 442, 0.00219221, 0.000262334
450, 443, 0.00156996, 0.000261217
450, 445, 0.00158687, 0.000266112
450, 447, 0.00063675, 0.000266901
450, 448, 0.000679429, 0.000274056
450, 449, 0.000399558, 0.000278589
452, 439, 0.00479635, 0.000289228
452, 440, 0.00425812, 0.00029735
452, 441, 0.00324157, 0.000295227
452, 442, 0.00321183, 0.000292458
452, 443, 0.00258716, 0.000286351
452, 445, 0.00260309, 0.000293473
452, 447, 0.00162484, 0.000295168
452, 448, 0.00166653, 0.000299163
452, 449, 0.00134758, 0.000302639
452, 450, 0.00113002, 0.000291404
453, 441, 0.003994, 0.000310874
453, 442, 0.00396306, 0.000302048
453, 443, 0.00333502, 0.000306217
453, 445, 0.00334149, 0.000313519
453, 447, 0.00236517, 0.000317138
453, 448, 0.0023997, 0.000321799
453, 449, 0.00207264, 0.000324351
453, 450, 0.00185229, 0.000314931
453, 452, 0.00076537, 0.000323073
454, 441, 0.00394619, 0.000313717
454, 442, 0.00391805, 0.000308442
454, 443, 0.00328631, 0.000305412
454, 445, 0.00328987, 0.000312693
454, 447, 0.00231801, 0.000312279
454, 448, 0.0023492, 0.00031389
454, 449, 0.00202898, 0.000325499
454, 450, 0.00180289, 0.000316547
454, 452, 0.000724053, 0.000322479
454, 453, 0.000319756, 0.000327088
456, 443, 0.0043511, 0.000336937
456, 445, 0.00435101, 0.000338408
456, 447, 0.0033683, 0.000342549
456, 448, 0.00340667, 0.000352296
456, 449, 0.00307453, 0.000352818
456, 450, 0.00284138, 0.000341862
456, 452, 0.00173381, 0.000354784
456, 453, 0.00109243, 0.00035582
456, 454, 0.00109176, 0.000342826
457, 447, 0.00452812, 0.000367584
457, 448, 0.00455799, 0.000377174
457, 449, 0.00423161, 0.000378165
457, 450, 0.00398954, 0.000370954
457, 452, 0.00287225, 0.000381496
457, 453, 0.00221873, 0.000377367
457, 454, 0.00221363, 0.000371428
457, 456, 0.00118081, 0.000368095
458, 447, 0.00452575, 0.000370103
458, 448, 0.00455239, 0.000376191
458, 449, 0.00422704, 0.000380054
458, 450, 0.00398317, 0.000369311
458, 452, 0.00286757, 0.000384676
458, 453, 0.00221087, 0.000383334
458, 454, 0.00221042, 0.00037091
458, 456, 0.00117573, 0.000370392
458, 457, 0.000382422, 0.000373765
459, 450, 0.00488746, 0.000396469
459, 452, 0.00375697, 0.000404689
459, 453, 0.00310048, 0.000401522
459, 454, 0.0030942, 0.000397267
459, 456, 0.00204398, 0.000397175
459, 457, 0.000862481, 0.000400862
459, 458, 0.000922241, 0.000401376
460, 452, 0.00418114, 0.000418007
460, 453, 0.00352111, 0.000415725
460, 454, 0.00351906, 0.00040439
460, 456, 0.00246637, 0.00040299
460, 457, 0.00125939, 0.000408343
460, 458, 0.00132007, 0.000413106
460, 459, 0.00057244, 0.000415227
461, 452, 0.00423301, 0.000417332
461, 453, 0.00356734, 0.00041259
461, 454, 0.00356374, 0.000411194
461, 456, 0.00251084, 0.000410383
461, 457, 0.00130289, 0.000411138
461, 458, 0.00136448, 0.000414146
461, 459, 0.000608298, 0.000415898
461, 460, 0.000402616, 0.00041951
462, 452, 0.00431031, 0.000424965
462, 453, 0.00364311, 0.000419203
462, 454, 0.00364639, 0.00041026
462, 456, 0.00258789, 0.000410191
462, 457, 0.00137798, 0.000413203
462, 458, 0.00143903, 0.000417787
462, 459, 0.000670719, 0.000419569
462, 460, 0.000413746, 0.000421816
462, 461, 0.000413033, 0.000408141
463, 453, 0.00410108, 0.000429605
463, 454, 0.00409282, 0.000420176
463, 456, 0.00303123, 0.000421348
463, 457, 0.00181062, 0.000423597
463, 458, 0.00187249, 0.000427467
463, 459, 0.00106785, 0.000429963
463, 460, 0.000679113, 0.000430614
463, 461, 0.000677768, 0.000418265
463, 462, 0.000576458, 0.000419526
464, 456, 0.00341452, 0.000430586
464, 457, 0.00218464, 0.000436372
464, 458, 0.00225002, 0.000438638
464, 459, 0.00142634, 0.000444101
464, 460, 0.0010091, 0.000443992
464, 461, 0.00100593, 0.000430951
464, 462, 0.000880947, 0.000433232
464, 463, 0.000570552, 0.000422784
465, 456, 0.00360776, 0.000438403
465, 457, 0.00238548, 0.00044239
465, 458, 0.00244509, 0.000446203
465, 459, 0.00161945, 0.000451918
465, 460, 0.00119577, 0.000452979
465, 461, 0.00119496, 0.000439299
465, 462, 0.00106447, 0.000437904
465, 463, 0.000725255, 0.000430678
465, 464, 0.000477127, 0.000436358
466, 456, 0.00387158, 0.000441913
466, 457, 0.00264428, 0.000445238
466, 458, 0.0027062, 0.000450695
466, 459, 0.00186531, 0.000451354
466, 460, 0.00144442, 0.000452805
466, 461, 0.00143644, 0.000439697
466, 462, 0.00130831, 0.000443492
466, 463, 0.000946752, 0.000434768
466, 464, 0.000628988, 0.000441071
466, 465, 0.000498592, 0.000434783
467, 457, 0.00273348, 0.000451987
467, 458, 0.00279913, 0.000456269
467, 459, 0.00196222, 0.000453452
467, 460, 0.00153309, 0.000461836
467, 461, 0.00153858, 0.0004481
467, 462, 0.00139824, 0.000446015
467, 463, 0.0010375, 0.00044303
467, 464, 0.000706499, 0.000442438
467, 465, 0.000560722, 0.000441077
467, 466, 0.0004658, 0.000438154
468, 457, 0.0028047, 0.000452728
468, 458, 0.00286606, 0.00045693
468, 459, 0.00203265, 0.000456941
468, 460, 0.0016043, 0.000459699
468, 461, 0.00160061, 0.00044691
468, 462, 0.001459, 0.000448983
468, 463, 0.0010998, 0.000440982
468, 464, 0.000758441, 0.000446085
468, 465, 0.000601684, 0.000440153
468, 466, 0.000489179, 0.000435853
468, 467, 0.000443517, 0.000439755
469, 457, 0.00306029, 0.000462828
469, 458, 0.00312138, 0.000459467
469, 459, 0.00229065, 0.000464011
469, 460, 0.0018563, 0.000467485
469, 461, 0.00185448, 0.000452069
469, 462, 0.00171899, 0.000456097
469, 463, 0.00134453, 0.000447744
469, 464, 0.000988647, 0.000450557
469, 465, 0.000809818, 0.00044687
469, 466, 0.000652975, 0.000447021
469, 467, 0.000550676, 0.000447097
469, 468, 0.000523598, 0.000456515
470, 457, 0.00305492, 0.000457325
470, 458, 0.00311171, 0.000463216
470, 459, 0.00227427, 0.000465967
470, 460, 0.00183813, 0.000465629
470, 461, 0.00183793, 0.000455782
470, 462, 0.00170546, 0.000456049
470, 463, 0.00133819, 0.000449394
470, 464, 0.000978443, 0.000451882
470, 465, 0.000806357, 0.000451224
470, 466, 0.000648266, 0.000447959
470, 467, 0.000548216, 0.000452415
470, 468, 0.000522267, 0.000458817
470, 469, 0.000456742, 0.000450148
471, 459, 0.00318431, 0.000488834
471, 460, 0.00274481, 0.000493265
471, 461, 0.00274456, 0.000478116
471, 462, 0.00260361, 0.000483736
471, 463, 0.00222211, 0.000472805
471, 464, 0.00184827, 0.000479794
471, 465, 0.00165568, 0.000474763
471, 466, 0.00146098, 0.000470973
471, 467, 0.00131799, 0.0004764
471, 468, 0.00127807, 0.000481072
471, 469, 0.00108769, 0.000474352
471, 470, 0.00105438, 0.000481385
472, 460, 0.00287342, 0.000493512
472, 461, 0.00287299, 0.00048264
472, 462, 0.00273318, 0.00048274
472, 463, 0.00235384, 0.000478382
472, 464, 0.00197496, 0.000483187
472, 465, 0.00177809, 0.000478626
472, 466, 0.00159583, 0.000477721
472, 467, 0.00144109, 0.000480761
472, 468, 0.00139708, 0.000486563
472, 469, 0.00120834, 0.000478324
472, 470, 0.00117652, 0.000488703
472, 471, 0.000519187, 0.000480741
473, 462, 0.00300565, 0.000492277
473, 463, 0.00262336, 0.000490757
473, 464, 0.00224646, 0.000488818
473, 465, 0.00205387, 0.000490607
473, 466, 0.00186207, 0.000483409
473, 467, 0.00171408, 0.000486881
473, 468, 0.00166957, 0.000494462
473, 469, 0.00147288, 0.000489986
473, 470, 0.00143908, 0.000497453
473, 471, 0.000680655, 0.000488936
473, 472, 0.000571916, 0.000494771
474, 463, 0.00314494, 0.000504309
474, 464, 0.00276392, 0.000507075
474, 465, 0.0025661, 0.000504817
474, 466, 0.00237141, 0.000496712
474, 467, 0.00222194, 0.000502402
474, 468, 0.00218388, 0.000511005
474, 469, 0.00197717, 0.00050532
474, 470, 0.00195153, 0.000512027
474, 471, 0.00112145, 0.000500104
474, 472, 0.000964612, 0.000516888
474, 473, 0.000734037, 0.000514473
475, 465, 0.00406917, 0.000543992
475, 466, 0.00387143, 0.000540086
475, 467, 0.00372214, 0.000546856
475, 468, 0.0036853, 0.000553542
475, 469, 0.0034853, 0.000544238
475, 470, 0.00345928, 0.000552539
475, 471, 0.00258843, 0.000545111
475, 472, 0.00242206, 0.000555926
475, 473, 0.00215085, 0.000557164
475, 474, 0.00160756, 0.000554463
476, 466, 0.00369222, 0.00053513
476, 467, 0.00353763, 0.000541515
476, 468, 0.00349612, 0.000552182
476, 469, 0.00330151, 0.000541674
476, 470, 0.00326999, 0.000548442
476, 471, 0.00241036, 0.000543275
476, 472, 0.0022432, 0.000552352
476, 473, 0.00197059, 0.000555929
476, 474, 0.00143248, 0.000547264
476, 475, 0.000581596, 0.000548674
477, 469, 0.00550856, 0.000604202
477, 470, 0.00548645, 0.000613003
477, 471, 0.00461018, 0.000596577
477, 472, 0.00444562, 0.000611004
477, 473, 0.00417733, 0.000614012
477, 474, 0.00362838, 0.000608817
477, 475, 0.00214935, 0.000606579
477, 476, 0.00231169, 0.000607532
478, 471, 0.00532148, 0.000620644
478, 472, 0.00515804, 0.000627716
478, 473, 0.00489224, 0.000634784
478, 474, 0.00434064, 0.000632107
478, 475, 0.0028578, 0.000624843
478, 476, 0.00302512, 0.000625527
478, 477, 0.000983271, 0.000619493
479, 471, 0.00528245, 0.000618595
479, 472, 0.00512363, 0.000631757
479, 473, 0.0048567, 0.000631344
479, 474, 0.00431226, 0.000625876
479, 475, 0.00282497, 0.000626287
479, 476, 0.0029864, 0.000626491
479, 477, 0.00095505, 0.000624087
479, 478, 0.000621603, 0.000624417
480, 474, 0.00615194, 0.000676693
480, 475, 0.00465749, 0.000674613
480, 476, 0.00483724, 0.000672763
480, 477, 0.0026872, 0.000672449
480, 478, 0.00204796, 0.000673305
480, 479, 0.00203399, 0.000668638
481, 475, 0.00546371, 0.000701847
481, 476, 0.00565007, 0.000697207
481, 477, 0.00349059, 0.000694879
481, 478, 0.00284053, 0.000695902
481, 479, 0.00282827, 0.000688358
481, 480, 0.00103943, 0.000696068
482, 475, 0.00583056, 0.000705038
482, 476, 0.00600453, 0.000705002
482, 477, 0.00384735, 0.000703115
482, 478, 0.00320029, 0.000703599
482, 479, 0.00318918, 0.00069907
482, 480, 0.00134449, 0.000705876
482, 481, 0.000806561, 0.000692977
483, 475, 0.00616246, 0.00071602
483, 477, 0.00418198, 0.000711331
483, 478, 0.00353501, 0.000712886
483, 479, 0.00352512, 0.000709073
483, 480, 0.00165282, 0.000716991
483, 481, 0.00102589, 0.000704199
483, 482, 0.000819356, 0.000713634
484, 477, 0.00528364, 0.000740488
484, 478, 0.00463624, 0.000741666
484, 479, 0.00463159, 0.000734907
484, 480, 0.00271933, 0.000741564
484, 481, 0.00200639, 0.000730323
484, 482, 0.00170384, 0.000740778
484, 483, 0.00137766, 0.000742236
485, 477, 0.00530067, 0.000739575
485, 478, 0.00465704, 0.000742975
485, 479, 0.00464911, 0.000734079
485, 480, 0.00272801, 0.000745997
485, 481, 0.00202016, 0.000730894
485, 482, 0.00171906, 0.000742752
485, 483, 0.00139051, 0.000740445
485, 484, 0.000740296, 0.000737531
486, 477, 0.00583984, 0.000755503
486, 478, 0.00519935, 0.000758444
486, 479, 0.00519163, 0.000748882
486, 480, 0.00327563, 0.000757398
486, 481, 0.00254903, 0.000748666
486, 482, 0.00224009, 0.000755922
486, 483, 0.00189634, 0.000756322
486, 484, 0.000981856, 0.000753408
486, 485, 0.000997913, 0.000756536
487, 480, 0.00463752, 0.000793262
487, 481, 0.00390412, 0.000783319
487, 482, 0.00358892, 0.000790761
487, 483, 0.00322888, 0.000789708
487, 484, 0.00217123, 0.000787156
487, 485, 0.00220144, 0.00078794
487, 486, 0.00155215, 0.000787478
488, 480, 0.00531769, 0.000811255
488, 481, 0.00458829, 0.000798834
488, 482, 0.00426914, 0.000805827
488, 483, 0.00391095, 0.000805111
488, 484, 0.00283919, 0.00080296
488, 485, 0.00287051, 0.000801573
488, 486, 0.00219632, 0.000802983
488, 487, 0.0010318, 0.00080932
489, 481, 0.00513876, 0.000815478
489, 482, 0.00481787, 0.000820142
489, 483, 0.00445932, 0.000819442
489, 484, 0.00337869, 0.000816849
489, 485, 0.00341156, 0.000817666
489, 486, 0.00272891, 0.000817293
489, 487, 0.00146126, 0.000823615
489, 488, 0.00104335, 0.000821009
490, 482, 0.00502908, 0.000827095
490, 483, 0.004666, 0.000826263
490, 484, 0.00358227, 0.000823919
490, 485, 0.00362374, 0.000826099
490, 486, 0.00293359, 0.000820065
490, 487, 0.00165279, 0.000830525
490, 488, 0.00119853, 0.000827854
490, 489, 0.00087751, 0.00082845
491, 484, 0.0041888, 0.000838764
491, 485, 0.00422377, 0.000841028
491, 486, 0.0035397, 0.000836548
491, 487, 0.00222175, 0.000847696
491, 488, 0.00171294, 0.000840775
491, 489, 0.00125266, 0.000843434
491, 490, 0.00106586, 0.000839029
492, 484, 0.00478936, 0.000851698
492, 485, 0.00483118, 0.000853821
492, 486, 0.00414267, 0.000855245
492, 487, 0.00279573, 0.000859789
492, 488, 0.00227603, 0.000853687
492, 489, 0.00176723, 0.000856352
492, 490, 0.00153597, 0.00085263
492, 491, 0.0010172, 0.000855892
493, 486, 0.00499853, 0.000873563
493, 487, 0.003654, 0.000877896
493, 488, 0.00311883, 0.000878443
493, 489, 0.00258082, 0.000876713
493, 490, 0.00233533, 0.0008733
493, 491, 0.00167381, 0.000879306
493, 492, 0.00124928, 0.000877486
494, 486, 0.00505395, 0.000873
494, 487, 0.00369926, 0.000881887
494, 488, 0.00317182, 0.000878838
494, 489, 0.00263572, 0.000878691
494, 490, 0.00238767, 0.00087278
494, 491, 0.00172037, 0.000878888
494, 492, 0.00129059, 0.000872057
494, 493, 0.00088134, 0.000874348
495, 487, 0.00483846, 0.000908241
495, 488, 0.00429631, 0.000906443
495, 489, 0.00375945, 0.000903388
495, 490, 0.00350024, 0.000901979
495, 491, 0.00279941, 0.000905804
495, 492, 0.00230247, 0.000901117
495, 493, 0.00150406, 0.000906249
495, 494, 0.00147761, 0.000906935
496, 488, 0.00479803, 0.000916476
496, 489, 0.0042531, 0.000920559
496, 490, 0.0040034, 0.000911489
496, 491, 0.0032916, 0.000915115
496, 492, 0.00278816, 0.000915904
496, 493, 0.00194829, 0.000918121
496, 494, 0.00192162, 0.000918981
496, 495, 0.00103805, 0.000913234
497, 488, 0.00508778, 0.000922106
497, 489, 0.00454437, 0.000924044
497, 490, 0.00428713, 0.000920794
497, 491, 0.00357421, 0.00092641
497, 492, 0.00306881, 0.00092344
497, 493, 0.00221242, 0.000924205
497, 494, 0.00219401, 0.000927609
497, 495, 0.00121287, 0.000921513
497, 496, 0.000973349, 0.000926929
498, 489, 0.00456455, 0.000927025
498, 490, 0.00430066, 0.000919821
498, 491, 0.00359082, 0.000923951
498, 492, 0.00308042, 0.000923594
498, 493, 0.00222574, 0.000924377
498, 494, 0.00220085, 0.000925556
498, 495, 0.0012257, 0.000920687
498, 496, 0.000976909, 0.000925936
498, 497, 0.000923983, 0.000927576
499, 492, 0.00443585, 0.000956157
499, 493, 0.00355606, 0.000957352
499, 494, 0.00353015, 0.000957315
499, 495, 0.00240328, 0.000950182
499, 496, 0.00197521, 0.000953868
499, 497, 0.00170391, 0.000957874
499, 498, 0.00168634, 0.000954325
500, 493, 0.00409081, 0.000970278
500, 494, 0.00407401, 0.000968373
500, 495, 0.00292941, 0.000963222
500, 496, 0.00247962, 0.000968338
500, 497, 0.0021996, 0.000969231
500, 498, 0.00218181, 0.000967309
500, 499, 0.00111227, 0.00097366
501, 492, 0.00494564, 0.000964927
501, 493, 0.00405237, 0.000967358
501, 494, 0.00402986, 0.000969938
501, 495, 0.00288879, 0.000961383
501, 496, 0.00244423, 0.000968205
501, 497, 0.00215942, 0.000969191
501, 498, 0.00214258, 0.000966175
501, 499, 0.00109469, 0.000970417
501, 500, 0.000970321, 0.000974094
502, 495, 0.00407998, 0.000987727
502, 496, 0.00363275, 0.000996793
502, 497, 0.0033308, 0.000997739
502, 498, 0.00332288, 0.000996745
502, 499, 0.00203111, 0.000999638
502, 500, 0.0016393, 0.000999215
502, 501, 0.00162525, 0.000998487
503, 495, 0.00416761, 0.00099251
503, 496, 0.00370793, 0.000996302
503, 497, 0.00341555, 0.000998801
503, 498, 0.00340075, 0.000996591
503, 499, 0.00210152, 0.000997655
503, 500, 0.00171157, 0.00100429
503, 501, 0.00169467, 0.000997991
503, 502, 0.000994967, 0.000995997
504, 496, 0.00432545, 0.0010093
504, 497, 0.00402607, 0.00101166
504, 498, 0.00402081, 0.00101072
504, 499, 0.00268407, 0.00101471
504, 500, 0.00226555, 0.00102097
504, 501, 0.00225274, 0.0010175
504, 502, 0.00120377, 0.00100954
504, 503, 0.0011934, 0.00100976
505, 495, 0.00476797, 0.00100819
505, 496, 0.00430892, 0.00101064
505, 497, 0.00400563, 0.0010134
505, 498, 0.00400129, 0.00101299
505, 499, 0.0026695, 0.00101926
505, 500, 0.00224682, 0.00101528
505, 501, 0.00223637, 0.00101586
505, 502, 0.00119616, 0.00100869
505, 503, 0.00118545, 0.00100859
505, 504, 0.00101284, 0.0010076
506, 497, 0.00487759, 0.00103426
506, 499, 0.00351285, 0.00103485
506, 500, 0.00306829, 0.00103626
506, 501, 0.00306469, 0.00103307
506, 502, 0.00183947, 0.00102848
506, 503, 0.00182665, 0.00103012
506, 504, 0.00135174, 0.0010296
506, 505, 0.0014042, 0.00103479
508, 499, 0.00417088, 0.00104742
508, 500, 0.0037186, 0.00104747
508, 501, 0.00370843, 0.00104368
508, 502, 0.00244862, 0.00104443
508, 503, 0.00243092, 0.0010401
508, 504, 0.00188349, 0.00104529
508, 505, 0.00195005, 0.00104816
508, 506, 0.00120249, 0.0010448
509, 500, 0.00413691, 0.00106176
509, 501, 0.00412591, 0.00105749
509, 502, 0.00283738, 0.00105284
509, 503, 0.00282735, 0.0010529
509, 504, 0.00225033, 0.00104912
509, 505, 0.00232463, 0.00105404
509, 506, 0.00146433, 0.00105366
509, 508, 0.00112723, 0.00104937
510, 501, 0.0045424, 0.00106381
510, 502, 0.0032492, 0.00106227
510, 503, 0.00322606, 0.00105791
510, 504, 0.00264203, 0.00106125
510, 505, 0.00271212, 0.00106249
510, 506, 0.00179327, 0.00105517
510, 508, 0.00134828, 0.00106131
510, 509, 0.00114373, 0.00105339
511, 502, 0.00357362, 0.00106607
511, 503, 0.0035551, 0.00106809
511, 504, 0.0029622, 0.00106731
511, 505, 0.00303954, 0.00107261
511, 506, 0.00208878, 0.00106721
511, 508, 0.00159987, 0.00106965
511, 509, 0.00132919, 0.00106602
511, 510, 0.00114095, 0.00106211
512, 502, 0.00374522, 0.00107153
512, 503, 0.00373657, 0.00107047
512, 504, 0.00313654, 0.00107007
512, 505, 0.00322001, 0.00107296
512, 506, 0.00225672, 0.00107082
512, 508, 0.00174355, 0.00107321
512, 509, 0.00144957, 0.00106902
512, 510, 0.00122346, 0.00106559
512, 511, 0.00108478, 0.00107837
513, 504, 0.00399372, 0.00108838
513, 505, 0.00407758, 0.00109217
513, 506, 0.00307454, 0.00108594
513, 508, 0.00251943, 0.00109003
513, 509, 0.00216496, 0.00108496
513, 510, 0.0018401, 0.00108114
513, 511, 0.00151471, 0.00109685
513, 512, 0.00137548, 0.00109126
514, 504, 0.00377876, 0.00108572
514, 505, 0.00386772, 0.0010886
514, 506, 0.0028776, 0.00108098
514, 508, 0.00232021, 0.00108336
514, 509, 0.00197622, 0.00108298
514, 510, 0.00166423, 0.00107812
514, 511, 0.00137046, 0.0010915
514, 512, 0.00125148, 0.00108749
514, 513, 0.00110149, 0.00108554
515, 505, 0.00402008, 0.00108994
515, 506, 0.00301902, 0.00108794
515, 508, 0.0024617, 0.00108864
515, 509, 0.00211635, 0.00108618
515, 510, 0.00178993, 0.00108343
515, 511, 0.00147505, 0.00109905
515, 512, 0.00134107, 0.0010898
515, 513, 0.00108784, 0.00108839
515, 514, 0.00110069, 0.00108806
516, 506, 0.00341323, 0.00109568
516, 508, 0.00285011, 0.00110038
516, 509, 0.00248374, 0.00109639
516, 510, 0.00214792, 0.00108949
516, 511, 0.0017893, 0.00110054
516, 512, 0.00162594, 0.0011029
516, 513, 0.00116763, 0.00109798
516, 514, 0.00124495, 0.00110023
516, 515, 0.00117486, 0.00109243
517, 508, 0.00300316, 0.00110327
517, 509, 0.00263646, 0.00109693
517, 510, 0.00228783, 0.00109254
517, 511, 0.00192526, 0.00110966
517, 512, 0.00175667, 0.00110427
517, 513, 0.00124193, 0.00110243
517, 514, 0.00133747, 0.00110096
517, 515, 0.00125242, 0.00109592
517, 516, 0.00110974, 0.00109601
519, 508, 0.00309495, 0.00110157
519, 509, 0.00272621, 0.00110131
519, 510, 0.00237428, 0.00109407
519, 511, 0.00200723, 0.00110548
519, 512, 0.00183542, 0.00110413
519, 513, 0.00128488, 0.001104
519, 514, 0.00139206, 0.001103
519, 515, 0.00130176, 0.00109637
519, 516, 0.00112098, 0.00109821
519, 517, 0.00110277, 0.00110234
520, 509, 0.00354946, 0.00111994
520, 510, 0.00319492, 0.00111744
520, 511, 0.00279481, 0.00112897
520, 512, 0.00259791, 0.00112504
520, 513, 0.00191245, 0.00112094
520, 514, 0.00206678, 0.00112381
520, 515, 0.00193604, 0.00111661
520, 516, 0.00157146, 0.0011143
520, 517, 0.00145605, 0.001121
520, 519, 0.00146598, 0.00112239
521, 511, 0.0033989, 0.00114128
521, 512, 0.00319406, 0.00113455
521, 513, 0.00246445, 0.00113251
521, 514, 0.0026321, 0.00113588
521, 515, 0.00249111, 0.00112984
521, 516, 0.00207889, 0.00112739
521, 517, 0.00193653, 0.00113423
521, 519, 0.0019508, 0.00113441
521, 520, 0.00127964, 0.00113515
522, 510, 0.00365832, 0.00112248
522, 511, 0.00325327, 0.00113961
522, 512, 0.00305985, 0.00113242
522, 513, 0.00233817, 0.00113083
522, 514, 0.00250482, 0.00113326
522, 515, 0.00236115, 0.00112583
522, 516, 0.00195431, 0.00112518
522, 517, 0.00181784, 0.00112936
522, 519, 0.00183128, 0.00112835
522, 520, 0.00121878, 0.00113438
522, 521, 0.0011352, 0.00112607
523, 512, 0.00336831, 0.00114379
523, 513, 0.0026342, 0.00113657
523, 514, 0.00280114, 0.00114106
523, 515, 0.00266381, 0.0011307
523, 516, 0.00224127, 0.00113414
523, 517, 0.00209719, 0.00113798
523, 519, 0.00211081, 0.00113904
523, 520, 0.00138526, 0.00114119
523, 521, 0.00116776, 0.00113502
523, 522, 0.00121257, 0.00114118
525, 513, 0.0038267, 0.00116634
525, 514, 0.00400456, 0.00116498
525, 515, 0.00385553, 0.00115998
525, 516, 0.00340498, 0.00116132
525, 517, 0.00324711, 0.00116381
525, 519, 0.00327028, 0.00116557
525, 520, 0.00237182, 0.00116681
525, 521, 0.0019237, 0.00116402
525, 522, 0.00205912, 0.00116797
525, 523, 0.00175902, 0.00116889
526, 513, 0.00426611, 0.0011734
526, 516, 0.00384985, 0.00116832
526, 517, 0.0036826, 0.00117326
526, 519, 0.00370355, 0.00117317
526, 520, 0.00278314, 0.00117523
526, 521, 0.00231365, 0.00117261
526, 522, 0.00246043, 0.00117575
526, 523, 0.00213461, 0.00117525
526, 525, 0.00125074, 0.00117535
527, 520, 0.0037172, 0.00119673
527, 521, 0.00321522, 0.00119128
527, 522, 0.00337586, 0.00119601
527, 523, 0.00302529, 0.00119466
527, 525, 0.00186653, 0.00119585
527, 526, 0.0015885, 0.00119377
528, 520, 0.0042369, 0.00120666
528, 521, 0.00372781, 0.00120131
528, 522, 0.00388991, 0.00120884
528, 523, 0.00354364, 0.00120613
528, 525, 0.00232423, 0.00120605
528, 526, 0.00200319, 0.00120465
528, 527, 0.00131798, 0.0012018
529, 520, 0.00451985, 0.00120942
529, 521, 0.0040016, 0.00120573
529, 522, 0.00416749, 0.00121266
529, 523, 0.00381466, 0.00121217
529, 525, 0.00257375, 0.00121216
529, 526, 0.00224483, 0.00120819
529, 527, 0.00146644, 0.00120675
529, 528, 0.00125163, 0.00120816
530, 521, 0.00445214, 0.00121563
530, 522, 0.00462409, 0.0012202
530, 523, 0.00426068, 0.00122215
530, 525, 0.00300157, 0.00121952
530, 526, 0.00265503, 0.00122107
530, 527, 0.00178491, 0.00121521
530, 528, 0.00145691, 0.00121806
530, 529, 0.00131076, 0.00121925
531, 525, 0.0042751, 0.00124417
531, 526, 0.0039177, 0.00124146
531, 527, 0.00292664, 0.00124111
531, 528, 0.002486, 0.00124204
531, 529, 0.00221965, 0.00124336
531, 530, 0.00179684, 0.0012427
532, 525, 0.00452248, 0.00125091
532, 526, 0.00415342, 0.00124958
532, 527, 0.00316798, 0.00124622
532, 528, 0.00271126, 0.00124881
532, 529, 0.00243618, 0.00124952
532, 530, 0.00199455, 0.00125025
532, 531, 0.00127631, 0.00124762
533, 525, 0.00467719, 0.00125303
533, 526, 0.00432199, 0.00125368
533, 527, 0.00332255, 0.00124908
533, 528, 0.00286689, 0.00125155
533, 529, 0.00258017, 0.00125165
533, 530, 0.00213128, 0.00125303
533, 531, 0.00132632, 0.00125197
533, 532, 0.00125625, 0.00124834
535, 525, 0.00483007, 0.00125893
535, 526, 0.00446712, 0.00125633
535, 527, 0.00346705, 0.00125403
535, 528, 0.00300673, 0.00125559
535, 529, 0.00272644, 0.0012549
535, 530, 0.00226075, 0.0012561
535, 531, 0.00138839, 0.0012567
535, 532, 0.00128624, 0.00125274
535, 533, 0.00126486, 0.0012532
537, 528, 0.00409458, 0.001275
537, 529, 0.00379271, 0.00127674
537, 530, 0.00329897, 0.00127731
537, 531, 0.00217876, 0.00127628
537, 532, 0.00193672, 0.00127324
537, 533, 0.00184735, 0.00127357
537, 535, 0.00171963, 0.00127195
538, 529, 0.00401969, 0.00128132
538, 530, 0.00351788, 0.00128273
538, 531, 0.00237477, 0.00128238
538, 532, 0.00212036, 0.00127858
538, 533, 0.00203037, 0.00127973
538, 535, 0.00189399, 0.00127894
538, 537, 0.00131261, 0.00128197
539, 528, 0.00412808, 0.00127858
539, 529, 0.00382731, 0.00127924
539, 530, 0.00332646, 0.00127867
539, 531, 0.00220084, 0.00127722
539, 532, 0.00195785, 0.00127524
539, 533, 0.00187371, 0.00127622
539, 535, 0.00174238, 0.00127566
539, 537, 0.00128037, 0.00127808
539, 538, 0.00129688, 0.00127791
540, 530, 0.00406712, 0.00129121
540, 531, 0.00287883, 0.00129039
540, 532, 0.00261172, 0.00128703
540, 533, 0.00251144, 0.00128978
540, 535, 0.00235613, 0.00128881
540, 537, 0.00155106, 0.00128935
540, 538, 0.00141065, 0.00128986
540, 539, 0.00148435, 0.00129111
541, 531, 0.00296217, 0.00129297
541, 532, 0.00268752, 0.00129312
541, 533, 0.00258402, 0.0012914
541, 535, 0.00243281, 0.00129204
541, 537, 0.00160632, 0.00129205
541, 538, 0.00145272, 0.00129334
541, 539, 0.00153203, 0.0012938
541, 540, 0.00130762, 0.00129448
542, 531, 0.00303299, 0.00129467
542, 532, 0.00276145, 0.0012917
542, 533, 0.0026548, 0.00129338
542, 535, 0.00250195, 0.00129293
542, 537, 0.00165801, 0.0012959
542, 538, 0.00149315, 0.00129498
542, 539, 0.0015801, 0.00129674
542, 540, 0.001322, 0.00129866
542, 541, 0.00129639, 0.0012966
543, 532, 0.0028782, 0.00129525
543, 533, 0.00276883, 0.00129592
543, 535, 0.00261425, 0.00129794
543, 537, 0.00173923, 0.00129741
543, 538, 0.0015599, 0.00129579
543, 539, 0.00166136, 0.00129859
543, 540, 0.00135428, 0.00129967
543, 541, 0.0013083, 0.00130025
543, 542, 0.0012977, 0.00129868
544, 532, 0.00291968, 0.00129474
544, 533, 0.00281555, 0.00129525
544, 535, 0.00265816, 0.00129581
544, 537, 0.00177528, 0.00129574
544, 538, 0.00159152, 0.0012959
544, 539, 0.00169377, 0.00129935
544, 540, 0.00136956, 0.00129866
544, 541, 0.00131694, 0.00129773
544, 542, 0.0013016, 0.00129772
544, 543, 0.00129655, 0.00129884
545, 533, 0.00298791, 0.00129954
545, 535, 0.0028207, 0.00129893
545, 537, 0.00190893, 0.0013001
545, 538, 0.00170946, 0.00130152
545, 539, 0.00182357, 0.00130069
545, 540, 0.00144643, 0.0013038
545, 541, 0.00136554, 0.00130198
545, 542, 0.00133513, 0.00130194
545, 543, 0.00131085, 0.00130063
545, 544, 0.00131146, 0.00130122
546, 535, 0.00316711, 0.00130591
546, 537, 0.00220186, 0.00130704
546, 538, 0.00198276, 0.00130811
546, 539, 0.00210929, 0.0013095
546, 540, 0.00165217, 0.00130814
546, 541, 0.00153032, 0.00130867
546, 542, 0.00147223, 0.00130765
546, 543, 0.00141484, 0.00130867
546, 544, 0.0014176, 0.00130784
546, 545, 0.0013482, 0.00130801
547, 537, 0.00243298, 0.00131322
547, 538, 0.00219251, 0.00131174
547, 539, 0.00232553, 0.00131242
547, 540, 0.00183767, 0.00131424
547, 541, 0.0016936, 0.00131169
547, 542, 0.00162005, 0.00131195
547, 543, 0.00154375, 0.00131188
547, 544, 0.00154916, 0.00131219
547, 545, 0.0014456, 0.00131139
547, 546, 0.00133638, 0.00131289
548, 537, 0.00248983, 0.00131404
548, 538, 0.00224985, 0.00131457
548, 539, 0.00238941, 0.00131461
548, 540, 0.00188898, 0.00131643
548, 541, 0.00173636, 0.00131326
548, 542, 0.00166684, 0.00131346
548, 543, 0.00158071, 0.00131461
548, 544, 0.00159145, 0.00131484
548, 545, 0.00147925, 0.00131326
548, 546, 0.00135671, 0.00131377
548, 547, 0.0013172, 0.00130922
549, 537, 0.00258135, 0.00131602
549, 538, 0.00234046, 0.00131582
549, 539, 0.00247612, 0.00131814
549, 540, 0.00196858, 0.00131697
549, 541, 0.00181298, 0.00131649
549, 542, 0.0017391, 0.00131653
549, 543, 0.00164792, 0.001314
549, 544, 0.00165423, 0.00131613
549, 545, 0.00152924, 0.0013157
549, 546, 0.00138821, 0.00131679
549, 547, 0.00132916, 0.00131337
549, 548, 0.00131677, 0.00131555
550, 538, 0.00234693, 0.00131625
550, 539, 0.00248715, 0.00131863
550, 540, 0.00196986, 0.0013179
550, 541, 0.00181933, 0.00131628
550, 542, 0.00174094, 0.00131629
550, 543, 0.00165057, 0.00131501
550, 544, 0.00166103, 0.00131526
550, 545, 0.00153445, 0.00131766
550, 546, 0.00139181, 0.00131679
550, 547, 0.0013316, 0.00131215
550, 548, 0.00131855, 0.00131741
550, 549, 0.00131833, 0.0013175
551, 540, 0.00222444, 0.00132315
551, 541, 0.00205149, 0.00132272
551, 542, 0.00197069, 0.00132277
551, 543, 0.00186756, 0.00132029
551, 544, 0.001874, 0.00132193
551, 545, 0.0017256, 0.00132005
551, 546, 0.00153082, 0.0013195
551, 547, 0.00141905, 0.00131874
551, 548, 0.00137713, 0.00132272
551, 549, 0.00137517, 0.00132273
551, 550, 0.00136024, 0.00132221
552, 540, 0.00225689, 0.00132442
552, 541, 0.00208674, 0.001322
552, 542, 0.00199651, 0.00132335
552, 543, 0.0018891, 0.00132213
552, 544, 0.00189986, 0.00132064
552, 545, 0.00174929, 0.00132214
552, 546, 0.00155144, 0.00132319
552, 547, 0.00143604, 0.00131731
552, 548, 0.00138878, 0.00132257
552, 549, 0.00138584, 0.00132333
552, 550, 0.00136993, 0.00132212
552, 551, 0.00132907, 0.00132267
553, 540, 0.00228224, 0.00132522
553, 541, 0.00211065, 0.00132487
553, 542, 0.00202755, 0.00132385
553, 543, 0.0019214, 0.00132429
553, 544, 0.00192866, 0.00132399
553, 545, 0.00177948, 0.0013238
553, 546, 0.00156909, 0.00132339
553, 547, 0.0014512, 0.00132129
553, 548, 0.00139928, 0.00132303
553, 549, 0.00139715, 0.00132476
553, 550, 0.00137922, 0.00132437
553, 551, 0.00132915, 0.00132479
553, 552, 0.00132177, 0.00132565
555, 542, 0.00218948, 0.00132724
555, 543, 0.00207328, 0.00132655
555, 544, 0.00208889, 0.00132693
555, 545, 0.00192235, 0.00132655
555, 546, 0.00169143, 0.0013257
555, 547, 0.00155032, 0.00132302
555, 548, 0.00149017, 0.0013253
555, 549, 0.00147895, 0.00132715
555, 550, 0.00145695, 0.00132653
555, 551, 0.00136921, 0.0013277
555, 552, 0.00135369, 0.00132668
555, 553, 0.00133532, 0.00132419
556, 545, 0.00226638, 0.00133293
556, 546, 0.00199992, 0.00133342
556, 547, 0.00182308, 0.00133058
556, 548, 0.00173568, 0.00133371
556, 549, 0.00172929, 0.00133477
556, 550, 0.00169264, 0.00133262
556, 551, 0.0015426, 0.00133288
556, 552, 0.0015067, 0.00133382
556, 553, 0.00144287, 0.00133123
556, 555, 0.00139742, 0.00133311
557, 546, 0.00206252, 0.00133385
557, 547, 0.00187772, 0.00133242
557, 548, 0.00178967, 0.00133474
557, 549, 0.00178013, 0.00133531
557, 550, 0.00174418, 0.00133555
557, 551, 0.00158485, 0.00133467
557, 552, 0.00154562, 0.00133436
557, 553, 0.00148173, 0.00133188
557, 555, 0.00142708, 0.00133602
557, 556, 0.00133798, 0.00132981
558, 546, 0.00204308, 0.00133507
558, 547, 0.0018597, 0.00133288
558, 548, 0.00177383, 0.0013357
558, 549, 0.00176561, 0.00133571
558, 550, 0.00172396, 0.0013351
558, 551, 0.00157022, 0.00133515
558, 552, 0.00153574, 0.00133468
558, 553, 0.00147095, 0.00133366
558, 555, 0.00141963, 0.00133517
558, 556, 0.00133644, 0.00133134
558, 557, 0.00133589, 0.0013338
559, 546, 0.00213661, 0.00133859
559, 547, 0.00195594, 0.00133464
559, 548, 0.00185821, 0.00133545
559, 549, 0.00185163, 0.00133857
559, 550, 0.00180997, 0.00133733
559, 551, 0.00164326, 0.00133862
559, 552, 0.00160008, 0.00133692
559, 553, 0.00152846, 0.0013344
559, 555, 0.00146829, 0.00133804
559, 556, 0.00135031, 0.00133354
559, 557, 0.00134371, 0.00133539
559, 558, 0.00134715, 0.00133683
560, 547, 0.00194192, 0.00133183
560, 548, 0.00185261, 0.00133642
560, 549, 0.00184223, 0.00133705
560, 550, 0.00179707, 0.00133538
560, 551, 0.00163448, 0.0013381
560, 552, 0.00159177, 0.00133727
560, 553, 0.00152071, 0.00133294
560, 555, 0.00146138, 0.00133774
560, 556, 0.00134734, 0.00133283
560, 557, 0.00134058, 0.00133447
560, 558, 0.00134391, 0.00133713
560, 559, 0.00133659, 0.00133556
561, 547, 0.0019601, 0.00133372
561, 548, 0.00186708, 0.00133724
561, 549, 0.00185985, 0.00133933
561, 550, 0.00182338, 0.00133723
561, 551, 0.00165582, 0.00133966
561, 552, 0.00161198, 0.00133794
561, 553, 0.00153698, 0.00133782
561, 555, 0.00147587, 0.00134103
561, 556, 0.00135216, 0.00133342
561, 557, 0.0013454, 0.00133756
561, 558, 0.00134962, 0.00133711
561, 559, 0.00133912, 0.00133639
561, 560, 0.00134105, 0.00133518
562, 548, 0.00213192, 0.00134337
562, 549, 0.00212191, 0.00134473
562, 550, 0.00207077, 0.001342
562, 551, 0.00188531, 0.00134353
562, 552, 0.00183239, 0.00134352
562, 553, 0.00173857, 0.00133943
562, 555, 0.00165697, 0.00134394
562, 556, 0.0014483, 0.00133895
562, 557, 0.0014289, 0.00134406
562, 558, 0.00144128, 0.0013416
562, 559, 0.00140474, 0.00134235
562, 560, 0.00140925, 0.00134208
562, 561, 0.00136564, 0.00134002
563, 549, 0.00213785, 0.00134332
563, 550, 0.00208919, 0.00134322
563, 551, 0.00190111, 0.00134456
563, 552, 0.00184754, 0.00134285
563, 553, 0.00175095, 0.00134117
563, 555, 0.00166983, 0.00134272
563, 556, 0.0014583, 0.00133704
563, 557, 0.00143766, 0.0013414
563, 558, 0.00144963, 0.00134209
563, 559, 0.00141102, 0.00133971
563, 560, 0.00141674, 0.00134033
563, 561, 0.00137059, 0.00134003
563, 562, 0.00133988, 0.00133983
565, 551, 0.00222525, 0.00135097
565, 552, 0.00216994, 0.00134872
565, 553, 0.00205798, 0.00134752
565, 555, 0.00196435, 0.00134793
565, 556, 0.00168408, 0.0013424
565, 557, 0.00165195, 0.00134658
565, 558, 0.00167072, 0.00134924
565, 559, 0.00160502, 0.00134913
565, 560, 0.00161863, 0.00134549
565, 561, 0.00152938, 0.00134613
565, 562, 0.00139763, 0.00134454
565, 563, 0.00143719, 0.00134471
566, 552, 0.00233263, 0.00135371
566, 553, 0.00222213, 0.00135024
566, 555, 0.00211685, 0.00135364
566, 556, 0.00182121, 0.00134858
566, 557, 0.00177909, 0.00135174
566, 558, 0.00180354, 0.00135186
566, 559, 0.0017339, 0.00135012
566, 560, 0.00174736, 0.00135118
566, 561, 0.00164166, 0.00135038
566, 562, 0.00147181, 0.00134914
566, 563, 0.00152641, 0.00134939
566, 565, 0.00137856, 0.00134884
567, 553, 0.00243684, 0.00135191
567, 555, 0.00233433, 0.00135666
567, 556, 0.00200891, 0.00135226
567, 557, 0.00196744, 0.00135528
567, 558, 0.00199061, 0.00135606
567, 559, 0.00191057, 0.00135475
567, 560, 0.00192278, 0.00135539
567, 561, 0.00181033, 0.00135356
567, 562, 0.00160073, 0.00135382
567, 563, 0.00167163, 0.00135345
567, 565, 0.00145489, 0.00135224
567, 566, 0.00137607, 0.00135738
568, 556, 0.00224007, 0.00135869
568, 557, 0.00219099, 0.00136094
568, 558, 0.00222377, 0.00136114
568, 559, 0.00213679, 0.00136049
568, 560, 0.00214638, 0.00135981
568, 561, 0.00202246, 0.00135885
568, 562, 0.00177886, 0.00136013
568, 563, 0.0018604, 0.00135975
568, 565, 0.00158797, 0.00135862
568, 566, 0.00146085, 0.00136247
568, 567, 0.00139062, 0.00136473
569, 556, 0.00242824, 0.00136077
569, 557, 0.00238045, 0.00136386
569, 558, 0.00240873, 0.00136346
569, 559, 0.0023261, 0.00136348
569, 560, 0.00233806, 0.00136278
569, 561, 0.00220251, 0.00136066
569, 562, 0.00193845, 0.00136101
569, 563, 0.00203689, 0.00136078
569, 565, 0.0017261, 0.00136028
569, 566, 0.00156575, 0.00136585
569, 567, 0.00146378, 0.0013631
569, 568, 0.00138194, 0.0013634
570, 559, 0.00278291, 0.00137197
570, 561, 0.00265805, 0.0013698
570, 562, 0.00236652, 0.00137054
570, 563, 0.00247581, 0.00137122
570, 565, 0.00211102, 0.00137024
570, 566, 0.00190438, 0.00137404
570, 567, 0.00174749, 0.00137139
570, 568, 0.00157639, 0.00137215
570, 569, 0.00149055, 0.00137402
572, 562, 0.00294467, 0.00137931
572, 563, 0.0030646, 0.00138011
572, 565, 0.00267358, 0.00137834
572, 566, 0.00242973, 0.00138294
572, 567, 0.00223458, 0.00138147
572, 568, 0.00200668, 0.00138168
572, 569, 0.00187407, 0.00138107
572, 570, 0.00153611, 0.00138215
573, 562, 0.00313253, 0.00138237
573, 565, 0.00285327, 0.00138011
573, 566, 0.00260179, 0.00138585
573, 567, 0.00240352, 0.00138383
573, 568, 0.00216048, 0.00138388
573, 569, 0.00202422, 0.00138522
573, 570, 0.00164059, 0.00138321
573, 572, 0.0013988, 0.00138263
574, 565, 0.00313071, 0.00138417
574, 566, 0.00287468, 0.00139182
574, 567, 0.00267147, 0.00138787
574, 568, 0.00241511, 0.00138752
574, 569, 0.00226588, 0.00138991
574, 570, 0.00183351, 0.00138915
574, 572, 0.00148615, 0.00138617
574, 573, 0.00145151, 0.00138864
575, 566, 0.00326722, 0.00139683
575, 567, 0.00305886, 0.00139473
575, 568, 0.00279201, 0.0013936
575, 569, 0.00263045, 0.0013961
575, 570, 0.00215485, 0.00139478
575, 572, 0.00169549, 0.00139352
575, 573, 0.00163896, 0.00139599
575, 574, 0.00146665, 0.00139538
576, 567, 0.00321723, 0.00139629
576, 568, 0.00294447, 0.0013961
576, 569, 0.0027869, 0.00139688
576, 570, 0.00228978, 0.00139685
576, 572, 0.00180409, 0.00139605
576, 573, 0.00174432, 0.00139726
576, 574, 0.0015373, 0.0013979
576, 575, 0.00140118, 0.00139614
577, 568, 0.00328772, 0.00139989
577, 569, 0.00311371, 0.00140194
577, 570, 0.00260362, 0.00140053
577, 572, 0.00207344, 0.0013998
577, 573, 0.00199893, 0.00140226
577, 574, 0.00173233, 0.00140112
577, 575, 0.00148081, 0.00140055
577, 576, 0.00143886, 0.00140197
579, 569, 0.00338856, 0.00140638
579, 570, 0.00286632, 0.00140491
579, 572, 0.00229939, 0.00140444
579, 573, 0.00222474, 0.00140697
579, 574, 0.00192471, 0.00140617
579, 575, 0.00160381, 0.00140492
579, 576, 0.00153821, 0.00140638
579, 577, 0.00142883, 0.00140827
580, 570, 0.00320685, 0.00140944
580, 572, 0.00262631, 0.00140819
580, 573, 0.00253651, 0.00141068
580, 574, 0.00221592, 0.00141063
580, 575, 0.00183454, 0.00140944
580, 576, 0.00173901, 0.00141145
580, 577, 0.0015499, 0.00141219
580, 579, 0.00145889, 0.0014083
581, 572, 0.00320439, 0.00141488
581, 573, 0.00311531, 0.00141741
581, 574, 0.00276796, 0.00141793
581, 575, 0.00231705, 0.00141737
581, 576, 0.00220391, 0.00142002
581, 577, 0.00193033, 0.00142008
581, 579, 0.00175859, 0.00141748
581, 580, 0.00157141, 0.00141837
582, 572, 0.00309325, 0.00141477
582, 573, 0.00299846, 0.00141797
582, 574, 0.00265405, 0.00141646
582, 575, 0.00221732, 0.00141646
582, 576, 0.00210053, 0.00141856
582, 577, 0.00184519, 0.00141848
582, 579, 0.00168256, 0.00141541
582, 580, 0.00151922, 0.00141711
582, 581, 0.00141891, 0.00141325
583, 574, 0.00309999, 0.00142298
583, 575, 0.00263255, 0.00142112
583, 576, 0.00250333, 0.00142378
583, 577, 0.00220811, 0.00142515
583, 579, 0.00200983, 0.00142127
583, 580, 0.00177491, 0.0014241
583, 581, 0.00149611, 0.00141869
583, 582, 0.0015114, 0.00142257
584, 575, 0.00284188, 0.00142477
584, 576, 0.00271006, 0.00142745
584, 577, 0.00240516, 0.00142708
584, 579, 0.00219087, 0.00142419
584, 580, 0.00193574, 0.00142625
584, 581, 0.00159065, 0.00142247
584, 582, 0.00161524, 0.00142537
584, 583, 0.00145139, 0.00142343
585, 575, 0.00296738, 0.00142634
585, 576, 0.0028395, 0.00142964
585, 577, 0.00252151, 0.00142861
585, 579, 0.00230201, 0.00142527
585, 580, 0.00203864, 0.00142854
585, 581, 0.00166278, 0.00142425
585, 582, 0.00168802, 0.00142702
585, 583, 0.00148908, 0.00142578
585, 584, 0.00143128, 0.0014245
586, 577, 0.00285866, 0.00143412
586, 579, 0.00262604, 0.00142969
586, 580, 0.00233922, 0.00143215
586, 581, 0.00189962, 0.00142853
586, 582, 0.0019334, 0.00143148
586, 583, 0.00165184, 0.00142949
586, 584, 0.00151551, 0.0014301
586, 585, 0.00148489, 0.00143123
587, 579, 0.00275844, 0.00143072
587, 580, 0.00246651, 0.00143403
587, 581, 0.00200596, 0.00143004
587, 582, 0.00204152, 0.00143324
587, 583, 0.00173357, 0.00143108
587, 584, 0.00157608, 0.00143118
587, 585, 0.00153258, 0.0014331
587, 586, 0.00144185, 0.0014329
589, 580, 0.00272474, 0.00143818
589, 581, 0.00224341, 0.00143369
589, 582, 0.0022796, 0.00143737
589, 583, 0.00193467, 0.00143523
589, 584, 0.00173437, 0.00143464
589, 585, 0.00167204, 0.00143658
589, 586, 0.00151264, 0.00143641
589, 587, 0.00146769, 0.00143677
590, 581, 0.0023483, 0.0014346
590, 582, 0.00238857, 0.00143753
590, 583, 0.00203345, 0.00143627
590, 584, 0.00181775, 0.00143552
590, 585, 0.00174894, 0.00143805
590, 586, 0.00156302, 0.00143792
590, 587, 0.00150451, 0.00143777
590, 589, 0.00144431, 0.00143834
591, 581, 0.002333, 0.00143563
591, 582, 0.00237371, 0.00143751
591, 583, 0.0020154, 0.00143735
591, 584, 0.00180199, 0.00143612
591, 585, 0.00173901, 0.00143927
591, 586, 0.0015564, 0.00143783
591, 587, 0.00150107, 0.00143818
591, 589, 0.00144423, 0.00143816
591, 590, 0.0014397, 0.00143743
592, 581, 0.00234601, 0.00143477
592, 582, 0.00238788, 0.00143788
592, 583, 0.00202438, 0.00143745
592, 584, 0.00181354, 0.0014364
592, 585, 0.00174629, 0.00143911
592, 586, 0.001563, 0.00143848
592, 587, 0.00150531, 0.00143812
592, 589, 0.00144511, 0.00143901
592, 590, 0.00143908, 0.00143759
592, 591, 0.00143917, 0.00143981
593, 581, 0.00243505, 0.00143586
593, 583, 0.00210746, 0.00143835
593, 584, 0.00188575, 0.0014391
593, 585, 0.00181907, 0.00144026
593, 586, 0.00161052, 0.00143991
593, 587, 0.00154189, 0.0014397
593, 589, 0.00146136, 0.00144053
593, 590, 0.00144482, 0.00143853
593, 591, 0.00144493, 0.00144114
593, 592, 0.00144923, 0.00143947
594, 583, 0.00245032, 0.0014425
594, 584, 0.0021914, 0.00144324
594, 585, 0.00211617, 0.00144457
594, 586, 0.00185015, 0.00144365
594, 587, 0.00174899, 0.00144473
594, 589, 0.00159717, 0.00144631
594, 590, 0.00154593, 0.00144323
594, 591, 0.00154702, 0.00144542
594, 592, 0.00156231, 0.00144505
594, 593, 0.00150758, 0.00144485
595, 584, 0.00262417, 0.00144798
595, 585, 0.00253136, 0.00145063
595, 586, 0.00222952, 0.00145082
595, 587, 0.0021079, 0.00145071
595, 589, 0.00189994, 0.00145067
595, 590, 0.00181433, 0.00144923
595, 591, 0.00181485, 0.0014514
595, 592, 0.00184473, 0.00145037
595, 593, 0.00174627, 0.0014508
595, 594, 0.00155677, 0.00144951
596, 585, 0.00265421, 0.00145246
596, 586, 0.00234267, 0.00145162
596, 587, 0.00221572, 0.00145258
596, 589, 0.00199613, 0.00145318
596, 590, 0.00190724, 0.00145092
596, 591, 0.00190956, 0.00145309
596, 592, 0.00193918, 0.0014519
596, 593, 0.00183043, 0.00145252
596, 594, 0.0016166, 0.0014515
596, 595, 0.00145843, 0.00145194
597, 586, 0.00283888, 0.00145836
597, 587, 0.00269862, 0.00145942
597, 589, 0.00245366, 0.00145936
597, 590, 0.00234607, 0.00145861
597, 591, 0.00234718, 0.00146045
597, 592, 0.00238478, 0.00145893
597, 593, 0.00225458, 0.00145956
597, 594, 0.00196112, 0.00145886
597, 595, 0.00163806, 0.00145754
597, 596, 0.00159431, 0.00145759
599, 589, 0.00317256, 0.00146905
599, 590, 0.00305325, 0.00146653
599, 591, 0.00306194, 0.00146907
599, 592, 0.00310062, 0.00146808
599, 593, 0.00295918, 0.00146877
599, 594, 0.00261374, 0.00146657
599, 595, 0.00216228, 0.0014673
599, 596, 0.00209362, 0.00146596
599, 597, 0.00169343, 0.00146692
601, 594, 0.00485532, 0.00149245
601, 595, 0.00431829, 0.00149232
601, 596, 0.00422881, 0.0014913
601, 597, 0.00364029, 0.00149192
601, 599, 0.00288588, 0.00149166
602, 595, 0.00611558, 0.00151061
602, 596, 0.00603206, 0.00150931
602, 597, 0.00541648, 0.00151027
602, 599, 0.00460791, 0.00150938
602, 601, 0.00240847, 0.00151063
604, 597, 0.00658449, 0.00152037
604, 599, 0.00576653, 0.00152111
604, 601, 0.00344578, 0.00152081
604, 602, 0.00194894, 0.0015197
605, 599, 0.00628178, 0.00152565
605, 601, 0.00392637, 0.0015257
605, 602, 0.00232111, 0.00152465
605, 604, 0.00161881, 0.00152601
606, 601, 0.00474009, 0.00153293
606, 602, 0.00303285, 0.00153257
606, 604, 0.00208257, 0.00153372
606, 605, 0.00175433, 0.00153243
607, 601, 0.00473079, 0.00153264
607, 602, 0.00301607, 0.00153181
607, 604, 0.00207347, 0.00153315
607, 605, 0.00174775, 0.0015327
607, 606, 0.00153351, 0.0015336
609, 602, 0.00370455, 0.00153909
609, 604, 0.0026553, 0.00154023
609, 605, 0.00222781, 0.00153955
609, 606, 0.00171768, 0.0015402
609, 607, 0.00170178, 0.00154002
610, 602, 0.00376894, 0.0015398
610, 604, 0.00271266, 0.00154113
610, 605, 0.00227498, 0.00154024
610, 606, 0.00175025, 0.00154101
610, 607, 0.00173584, 0.00154091
610, 609, 0.00154448, 0.00153982
611, 602, 0.00389473, 0.00154066
611, 604, 0.00283589, 0.00154193
611, 605, 0.00238461, 0.00154175
611, 606, 0.00182481, 0.00154255
611, 607, 0.00180602, 0.00154176
611, 609, 0.00156385, 0.00154071
611, 610, 0.00154791, 0.00154115
612, 602, 0.00397251, 0.00154227
612, 604, 0.00290497, 0.00154342
612, 605, 0.00245085, 0.00154316
612, 606, 0.00187128, 0.0015439
612, 607, 0.00185249, 0.0015426
612, 609, 0.00157814, 0.00154289
612, 610, 0.00155708, 0.00154208
612, 611, 0.00154703, 0.00154345
613, 604, 0.00317615, 0.00154538
613, 605, 0.00270399, 0.00154589
613, 606, 0.00206684, 0.00154599
613, 607, 0.00204598, 0.00154578
613, 609, 0.00167685, 0.00154427
613, 610, 0.00163289, 0.00154471
613, 611, 0.00160547, 0.00154599
613, 612, 0.00157499, 0.00154526
615, 606, 0.00228153, 0.00154876
615, 607, 0.00226264, 0.00154805
615, 609, 0.0018189, 0.00154701
615, 610, 0.00175609, 0.00154811
615, 611, 0.0017147, 0.00154879
615, 612, 0.00166204, 0.00154749
615, 613, 0.00157455, 0.00154935
616, 606, 0.0022994, 0.00154882
616, 607, 0.0022751, 0.00154797
616, 609, 0.00182817, 0.00154784
616, 610, 0.00176539, 0.00154806
616, 611, 0.00172483, 0.00154952
616, 612, 0.00166855, 0.00154735
616, 613, 0.00157556, 0.00154942
616, 615, 0.00154805, 0.00154885
617, 609, 0.00206133, 0.0015508
617, 610, 0.00198572, 0.00155117
617, 611, 0.00192652, 0.00155239
617, 612, 0.00185302, 0.00155178
617, 613, 0.00169326, 0.00155302
617, 615, 0.00159525, 0.00155308
617, 616, 0.00160042, 0.00155072
618, 609, 0.00206974, 0.00155147
618, 610, 0.00198813, 0.0015517
618, 611, 0.00193439, 0.00155272
618, 612, 0.00185923, 0.00155171
618, 613, 0.00170029, 0.00155335
618, 615, 0.00159757, 0.001553
618, 616, 0.00160392, 0.00155056
618, 617, 0.00155148, 0.00155291
619, 609, 0.00220824, 0.00155257
619, 610, 0.00212253, 0.00155286
619, 611, 0.00206298, 0.00155468
619, 612, 0.0019747, 0.0015535
619, 613, 0.00179074, 0.00155495
619, 615, 0.00165914, 0.00155503
619, 616, 0.00166753, 0.00155263
619, 617, 0.00156629, 0.00155491
619, 618, 0.0015654, 0.00155299
620, 610, 0.00218396, 0.00155438
620, 611, 0.00212119, 0.00155567
620, 612, 0.00203038, 0.00155453
620, 613, 0.00183604, 0.00155576
620, 615, 0.00169408, 0.00155589
620, 616, 0.00170072, 0.00155375
620, 617, 0.00158088, 0.00155537
620, 618, 0.00157999, 0.00155381
620, 619, 0.00155757, 0.00155598
621, 611, 0.00241894, 0.00155968
621, 612, 0.0023169, 0.00155703
621, 613, 0.002087, 0.00156054
621, 615, 0.00189347, 0.00155869
621, 616, 0.00190586, 0.00155797
621, 617, 0.00170783, 0.00155931
621, 618, 0.00170588, 0.00155859
621, 619, 0.00164003, 0.00155952
621, 620, 0.00161229, 0.00155725
622, 612, 0.00240472, 0.00155832
622, 613, 0.00216834, 0.00156127
622, 615, 0.00196882, 0.00156121
622, 616, 0.00197912, 0.00155952
622, 617, 0.00176265, 0.00156056
622, 618, 0.0017586, 0.00155893
622, 619, 0.00168204, 0.0015608
622, 620, 0.00164727, 0.00155874
622, 621, 0.00156421, 0.00156128
623, 613, 0.00229586, 0.00156194
623, 615, 0.00208092, 0.00156228
623, 616, 0.00209424, 0.00155997
623, 617, 0.00185053, 0.00156264
623, 618, 0.00184612, 0.00156113
623, 619, 0.00175686, 0.0015618
623, 620, 0.00171469, 0.00156137
623, 621, 0.0015845, 0.00156286
623, 622, 0.00157339, 0.00156005
624, 617, 0.00253017, 0.00157126
624, 618, 0.00252535, 0.00157049
624, 619, 0.00238617, 0.00157145
624, 620, 0.00231345, 0.00157037
624, 621, 0.00201681, 0.00157167
624, 622, 0.00196437, 0.00157113
624, 623, 0.00187976, 0.00157021
625, 619, 0.00329206, 0.00158047
625, 620, 0.00321001, 0.00158177
625, 621, 0.00283884, 0.00158195
625, 622, 0.00277019, 0.00158011
625, 623, 0.00265137, 0.00158095
625, 624, 0.00192212, 0.00158218
626, 621, 0.0045387, 0.00159903
626, 622, 0.0044642, 0.00159789
626, 623, 0.0043303, 0.00159829
626, 624, 0.00339182, 0.001599
626, 625, 0.00247397, 0.00159723
627, 624, 0.00608923, 0.00162152
627, 625, 0.00503905, 0.00161893
627, 626, 0.00330639, 0.00162073
628, 625, 0.00587993, 0.00162659
628, 626, 0.00409988, 0.00162753
628, 627, 0.00185801, 0.00162632
630, 626, 0.0048535, 0.00163293
630, 627, 0.00236164, 0.0016352
630, 628, 0.0018378, 0.00163536
631, 626, 0.00511978, 0.00163685
631, 627, 0.00257297, 0.00163737
631, 628, 0.00198583, 0.00163846
631, 630, 0.00166117, 0.00163559
632, 627, 0.00294007, 0.00164134
632, 628, 0.00227911, 0.00163767
632, 630, 0.00179944, 0.00163885
632, 631, 0.00170592, 0.00163945
633, 627, 0.00304083, 0.00164072
633, 628, 0.00236087, 0.00163818
633, 630, 0.00185256, 0.00163745
633, 631, 0.00174372, 0.001639
633, 632, 0.00164671, 0.00164107
634, 627, 0.00303362, 0.00164103
634, 628, 0.0023568, 0.00163906
634, 630, 0.00185007, 0.00163851
634, 631, 0.00174217, 0.00164107
634, 632, 0.00164706, 0.00164053
634, 633, 0.00164119, 0.00164104
635, 628, 0.00266393, 0.00164219
635, 630, 0.00207507, 0.00164051
635, 631, 0.00192077, 0.00164314
635, 632, 0.00173255, 0.00164262
635, 633, 0.00169958, 0.00164327
635, 634, 0.00169656, 0.00164425
636, 630, 0.00225093, 0.00164192
636, 631, 0.00207452, 0.00164446
636, 632, 0.00183645, 0.00164527
636, 633, 0.00178602, 0.00164464
636, 634, 0.00178163, 0.00164435
636, 635, 0.00166869, 0.00164693
637, 631, 0.00221606, 0.00164603
637, 632, 0.00194468, 0.00164542
637, 633, 0.00188404, 0.00164492
637, 634, 0.00187703, 0.00164476
637, 635, 0.00172112, 0.00164819
637, 636, 0.00166238, 0.00164506
638, 631, 0.00227172, 0.00164547
638, 632, 0.00198917, 0.00164507
638, 633, 0.00192532, 0.00164565
638, 634, 0.00191961, 0.00164684
638, 635, 0.00174873, 0.00164666
638, 636, 0.00167773, 0.00164485
638, 637, 0.00164914, 0.00164387
639, 633, 0.0020286, 0.0016455
639, 634, 0.00202222, 0.00164761
639, 635, 0.00181874, 0.00164786
639, 636, 0.00172184, 0.00164691
639, 637, 0.00167045, 0.00164485
639, 638, 0.00166347, 0.00164966
640, 635, 0.0019605, 0.00164849
640, 636, 0.00182722, 0.00164782
640, 637, 0.00173962, 0.00164705
640, 638, 0.00172692, 0.0016503
640, 639, 0.00167036, 0.00164934
641, 635, 0.0020079, 0.00164889
641, 636, 0.00186757, 0.00164725
641, 637, 0.00177173, 0.00164724
641, 638, 0.00175669, 0.0016493
641, 639, 0.00168962, 0.00164953
641, 640, 0.00165074, 0.00164584
642, 636, 0.00197652, 0.00164627
642, 637, 0.0018582, 0.00164779
642, 638, 0.00184283, 0.00165123
642, 639, 0.00174881, 0.00164995
642, 640, 0.0016712, 0.00164607
642, 641, 0.00166384, 0.00164979
643, 637, 0.00188856, 0.00164612
643, 638, 0.00187184, 0.0016497
643, 639, 0.00177031, 0.00165097
643, 640, 0.00168245, 0.0016469
643, 641, 0.00167301, 0.00165073
643, 642, 0.00164829, 0.0016476
644, 638, 0.0018882, 0.00165043
644, 639, 0.0017839, 0.00165038
644, 640, 0.00169103, 0.00164745
644, 641, 0.00167905, 0.00165005
644, 642, 0.00165066, 0.00164816
644, 643, 0.00164813, 0.00164759
645, 640, 0.00172781, 0.00164564
645, 641, 0.00171128, 0.00164924
645, 642, 0.00166641, 0.00164871
645, 643, 0.00165796, 0.00164684
645, 644, 0.0016532, 0.00164733
646, 641, 0.0017219, 0.00164818
646, 642, 0.00167081, 0.00164867
646, 643, 0.00166027, 0.00164686
646, 644, 0.00165515, 0.00164497
646, 645, 0.0016484, 0.00164783
647, 641, 0.00171621, 0.00165003
647, 642, 0.00166578, 0.00164746
647, 643, 0.00165667, 0.00164739
647, 644, 0.00165117, 0.00164499
647, 645, 0.00164507, 0.00164669
647, 646, 0.00164634, 0.00164648
648, 642, 0.00167588, 0.00164792
648, 643, 0.00166468, 0.00164659
648, 644, 0.00165834, 0.0016461
648, 645, 0.00164937, 0.0016462
648, 646, 0.0016492, 0.00164493
648, 647, 0.00164854, 0.00164447
649, 642, 0.00168271, 0.00164725
649, 643, 0.00166948, 0.00164876
649, 644, 0.00166348, 0.00164695
649, 645, 0.00165268, 0.00164743
649, 646, 0.00164911, 0.00164659
649, 647, 0.00164941, 0.00164412
649, 648, 0.0016504, 0.00165181
650, 642, 0.00165865, 0.00164733
650, 643, 0.00165126, 0.0016472
650, 644, 0.00164823, 0.00164585
650, 645, 0.00164687, 0.00164781
650, 646, 0.00164837, 0.00164541
650, 647, 0.00164803, 0.00164484
650, 648, 0.00164843, 0.00165065
650, 649, 0.00164956, 0.00164818
651, 642, 0.00164927, 0.00164635
651, 643, 0.00164631, 0.00164647
651, 644, 0.00164684, 0.00164585
651, 645, 0.00165507, 0.00164652
651, 646, 0.00165822, 0.00164422
651, 647, 0.00165812, 0.00164249
651, 648, 0.00165951, 0.00165228
651, 649, 0.00166159, 0.00164688
651, 650, 0.00165005, 0.00164552
652, 646, 0.00168721, 0.00164366
652, 647, 0.001688, 0.00164413
652, 648, 0.00168825, 0.00164893
652, 649, 0.00169333, 0.00164599
652, 650, 0.00166937, 0.00164444
652, 651, 0.00165371, 0.00164452
654, 650, 0.00202129, 0.00164273
654, 651, 0.00195446, 0.00164418
654, 652, 0.00187335, 0.00164543
655, 651, 0.00217252, 0.00164406
655, 652, 0.00207105, 0.00164499
655, 654, 0.001687, 0.00164487
656, 652, 0.00221507, 0.00164663
656, 654, 0.00175496, 0.00164533
656, 655, 0.00165917, 0.00164107
657, 654, 0.00190195, 0.00164522
657, 655, 0.00173848, 0.00164044
657, 656, 0.00167817, 0.00164574
658, 654, 0.00190661, 0.00164616
658, 655, 0.00174319, 0.00163914
658, 656, 0.00168102, 0.00164532
658, 657, 0.00164556, 0.00164366
659, 654, 0.00203127, 0.00164566
659, 655, 0.00183248, 0.00164039
659, 656, 0.00174091, 0.00164573
659, 657, 0.00166101, 0.00164452
659, 658, 0.00166034, 0.00164342
660, 654, 0.00190643, 0.00164518
660, 655, 0.00174237, 0.00163949
660, 656, 0.00167804, 0.00164574
660, 657, 0.0016442, 0.00164446
660, 658, 0.00164365, 0.00164628
660, 659, 0.00165725, 0.00164358
661, 655, 0.00193618, 0.00163909
661, 656, 0.00182288, 0.00164401
661, 657, 0.00170444, 0.00164489
661, 658, 0.00170429, 0.00164508
661, 659, 0.00166004, 0.00164499
661, 660, 0.00170808, 0.00164179
662, 655, 0.00194377, 0.00163992
662, 656, 0.00183005, 0.00164694
662, 657, 0.00170896, 0.00164553
662, 658, 0.00170949, 0.00164532
662, 659, 0.00166353, 0.00164387
662, 660, 0.00171351, 0.00164358
662, 661, 0.00164489, 0.00164222
663, 656, 0.00186775, 0.00164542
663, 657, 0.00173527, 0.00164525
663, 658, 0.00173366, 0.00164493
663, 659, 0.00167802, 0.00164364
663, 660, 0.00173936, 0.00164318
663, 661, 0.00164712, 0.00164207
663, 662, 0.00164726, 0.00164337
664, 657, 0.00183797, 0.00164476
664, 658, 0.00183403, 0.00164468
664, 659, 0.00175209, 0.0016437
664, 660, 0.00184449, 0.00164243
664, 661, 0.00168266, 0.00164164
664, 662, 0.00168306, 0.00164406
664, 663, 0.00166962, 0.00164551
665, 657, 0.00195725, 0.00164529
665, 658, 0.00195214, 0.00164539
665, 659, 0.00184891, 0.00164294
665, 660, 0.00196058, 0.0016421
665, 661, 0.001748, 0.00164103
665, 662, 0.0017475, 0.00164244
665, 663, 0.00172619, 0.00164428
665, 664, 0.0016634, 0.00164291
666, 659, 0.00220159, 0.00164222
666, 661, 0.00204704, 0.00164071
666, 662, 0.00204576, 0.00164326
666, 663, 0.00200573, 0.00164365
666, 664, 0.00186463, 0.00164138
666, 665, 0.00176169, 0.00164327
667, 659, 0.00220897, 0.00164344
667, 661, 0.00205172, 0.00164075
667, 662, 0.00205544, 0.00164199
667, 663, 0.00201428, 0.00164373
667, 664, 0.00186736, 0.00164372
667, 665, 0.0017679, 0.00164138
667, 666, 0.001644, 0.00164368
668, 661, 0.00238617, 0.00164093
668, 662, 0.00238966, 0.00164085
668, 663, 0.00234044, 0.00164338
668, 664, 0.0021504, 0.00164241
668, 665, 0.00200877, 0.00164143
668, 666, 0.00172156, 0.0016425
668, 667, 0.00172195, 0.00164235
669, 664, 0.0028548, 0.00164006
669, 665, 0.00265752, 0.00163913
669, 666, 0.00219944, 0.00164241
669, 667, 0.00219197, 0.00164005
669, 668, 0.00189362, 0.00164002
670, 665, 0.00364015, 0.00163621
670, 666, 0.00309152, 0.00163866
670, 667, 0.00308386, 0.00163785
670, 668, 0.00267201, 0.00163677
670, 669, 0.00201353, 0.00163701
672, 666, 0.00398686, 0.00163572
672, 667, 0.00398342, 0.00163501
672, 668, 0.00352495, 0.00163457
672, 669, 0.0027335, 0.00163528
672, 670, 0.00194935, 0.00163347
673, 668, 0.00442129, 0.00163315
673, 669, 0.00356679, 0.00163219
673, 670, 0.00261005, 0.00163099
673, 672, 0.0018986, 0.00163044
674, 669, 0.00385002, 0.00163075
674, 670, 0.00286652, 0.0016303
674, 672, 0.00207719, 0.00162967
674, 673, 0.00166243, 0.00163153
675, 670, 0.00311432, 0.00163047
675, 672, 0.00227937, 0.00162834
675, 673, 0.00174945, 0.00162945
675, 674, 0.00165829, 0.00163039
676, 670, 0.00307992, 0.00163177
676, 672, 0.00224557, 0.00162851
676, 673, 0.00173363, 0.00162902
676, 674, 0.0016508, 0.00163114
676, 675, 0.00163274, 0.00163116
677, 670, 0.00349457, 0.00162791
677, 672, 0.00260669, 0.00162674
677, 673, 0.00195147, 0.00162792
677, 674, 0.00178453, 0.00162998
677, 675, 0.00171438, 0.00163123
677, 676, 0.00169999, 0.00162855
678, 672, 0.00290236, 0.00162663
678, 673, 0.00217662, 0.00162681
678, 674, 0.00196713, 0.00162897
678, 675, 0.00186331, 0.00162965
678, 676, 0.00184076, 0.00162749
678, 677, 0.00168655, 0.00162602
679, 672, 0.00284832, 0.00162596
679, 673, 0.00213457, 0.00162718
679, 674, 0.00193088, 0.00162847
679, 675, 0.00183216, 0.00163044
679, 676, 0.00180773, 0.00162838
679, 677, 0.00166984, 0.00162652
679, 678, 0.0016287, 0.00162906
680, 672, 0.00344101, 0.00162527
680, 673, 0.00263645, 0.00162683
680, 674, 0.00237921, 0.00162654
680, 675, 0.00223742, 0.00162917
680, 676, 0.00219995, 0.00162659
680, 677, 0.00194168, 0.00162448
680, 678, 0.00174604, 0.00162576
680, 679, 0.00176697, 0.00162543
681, 673, 0.00258885, 0.00162638
681, 674, 0.00233739, 0.00162665
681, 675, 0.00219866, 0.00162976
681, 676, 0.00216723, 0.00162585
681, 677, 0.00191413, 0.00162584
681, 678, 0.00172799, 0.00162712
681, 679, 0.0017417, 0.00162614
681, 680, 0.00162656, 0.00162669
682, 673, 0.00270793, 0.00162435
682, 674, 0.00243976, 0.00162646
682, 675, 0.00230217, 0.00162677
682, 676, 0.0022611, 0.00162432
682, 677, 0.00199261, 0.00162228
682, 678, 0.00178131, 0.00162617
682, 679, 0.00180074, 0.00162594
682, 680, 0.00163233, 0.00162577
682, 681, 0.00163661, 0.00162291
683, 677, 0.00256432, 0.00162033
683, 678, 0.00225616, 0.00162324
683, 679, 0.00228713, 0.00162093
683, 680, 0.00190209, 0.00162499
683, 681, 0.00192639, 0.00162064
683, 682, 0.00178117, 0.00162028
684, 678, 0.00203979, 0.00162367
684, 679, 0.00206717, 0.00162382
684, 680, 0.00175671, 0.00162318
684, 681, 0.00177094, 0.001622
684, 682, 0.00167318, 0.00161998
684, 683, 0.00166648, 0.00162579
685, 678, 0.00236538, 0.0016201
685, 679, 0.00240317, 0.00162054
685, 680, 0.00199211, 0.00162429
685, 681, 0.00201132, 0.00161941
685, 682, 0.00184973, 0.00161926
685, 683, 0.0016265, 0.00162442
685, 684, 0.00168187, 0.00162146
686, 678, 0.00266124, 0.00162202
686, 679, 0.00269895, 0.00162186
686, 680, 0.00224036, 0.00161987
686, 681, 0.00226803, 0.0016184
686, 682, 0.00206476, 0.00161854
686, 683, 0.00169794, 0.00162395
686, 684, 0.00182823, 0.00161973
686, 685, 0.00167527, 0.00161721
687, 677, 0.00393356, 0.00161432
687, 680, 0.00305775, 0.0016176
687, 681, 0.00308931, 0.00161496
687, 682, 0.00283664, 0.00161382
687, 683, 0.0022421, 0.00162082
687, 684, 0.00248682, 0.00161515
687, 685, 0.00218414, 0.0016138
687, 686, 0.00195484, 0.00161516
688, 680, 0.003469, 0.00161486
688, 681, 0.00350084, 0.001611
688, 682, 0.00324014, 0.00161117
688, 683, 0.00259488, 0.00161789
688, 684, 0.00286074, 0.00161234
688, 685, 0.00252599, 0.00161107
688, 686, 0.00225499, 0.00161265
688, 687, 0.00171411, 0.00161485
690, 683, 0.00338825, 0.00161159
690, 685, 0.0033075, 0.00160585
690, 686, 0.0029979, 0.0016072
690, 687, 0.00221575, 0.00161067
690, 688, 0.0018676, 0.00161062
691, 680, 0.00381021, 0.00161325
691, 682, 0.00357496, 0.00161072
691, 683, 0.00290513, 0.00161762
691, 685, 0.00283735, 0.00161072
691, 686, 0.00253995, 0.00161208
691, 687, 0.00187704, 0.00161302
691, 688, 0.00165706, 0.00161593
691, 690, 0.00173127, 0.00160884
692, 686, 0.00470959, 0.00159657
692, 687, 0.0037826, 0.00159893
692, 688, 0.00326803, 0.00160455
692, 690, 0.00242126, 0.00159518
692, 691, 0.00292926, 0.00160051
693, 687, 0.00383412, 0.00159993
693, 688, 0.00332795, 0.00160128
693, 690, 0.00247558, 0.00159501
693, 691, 0.00298255, 0.00160032
693, 692, 0.0015987, 0.00159865
694, 687, 0.00452427, 0.00159977
694, 688, 0.00398599, 0.00159725
694, 690, 0.00307414, 0.00159507
694, 691, 0.00362483, 0.00159797
694, 692, 0.0017529, 0.00159476
694, 693, 0.00179424, 0.00159564
695, 687, 0.00449055, 0.00159693
695, 688, 0.00395936, 0.0015998
695, 690, 0.00304232, 0.00159607
695, 691, 0.00359917, 0.00159809
695, 692, 0.00174214, 0.00159642
695, 693, 0.00178031, 0.00159657
695, 694, 0.00159629, 0.00159947
696, 688, 0.00527177, 0.00158811
696, 690, 0.00430942, 0.00158468
696, 691, 0.00489172, 0.00159102
696, 692, 0.00263273, 0.00158829
696, 693, 0.00271099, 0.00158701
696, 694, 0.00212679, 0.00159149
696, 695, 0.00213465, 0.00158835
698, 692, 0.00427492, 0.00157645
698, 693, 0.00436424, 0.00157899
698, 694, 0.00364736, 0.00157988
698, 695, 0.00365647, 0.00157806
698, 696, 0.00236025, 0.001574
699, 692, 0.00442243, 0.00157645
699, 693, 0.00450659, 0.00157809
699, 694, 0.00379716, 0.00157967
699, 695, 0.00380056, 0.00157862
699, 696, 0.00248146, 0.00157239
699, 698, 0.00158935, 0.00157911
701, 692, 0.00485401, 0.00157523
701, 694, 0.004207, 0.0015776
701, 695, 0.00421863, 0.00157406
701, 696, 0.00284148, 0.0015722
701, 698, 0.00171244, 0.00157895
701, 699, 0.00164903, 0.00157308
702, 694, 0.00447011, 0.00157622
702, 695, 0.00448076, 0.00157301
702, 696, 0.0030868, 0.001569
702, 698, 0.00183793, 0.00157501
702, 699, 0.00174971, 0.00156952
702, 701, 0.00159038, 0.00157346
703, 696, 0.00358025, 0.00156468
703, 698, 0.00218232, 0.0015732
703, 699, 0.00206012, 0.00156643
703, 701, 0.0017631, 0.00156914
703, 702, 0.00167239, 0.0015712
704, 696, 0.00364539, 0.0015643
704, 698, 0.00223231, 0.00157034
704, 699, 0.00210711, 0.00156491
704, 701, 0.00179857, 0.00156881
704, 702, 0.00169877, 0.00156587
704, 703, 0.00157148, 0.00156819
705, 696, 0.00368327, 0.00156428
705, 698, 0.00226417, 0.00157176
705, 699, 0.00213283, 0.00156707
705, 701, 0.00181779, 0.0015675
705, 702, 0.00171432, 0.00156968
705, 703, 0.00157658, 0.00157052
705, 704, 0.00156907, 0.00156912
706, 696, 0.00393444, 0.00156295
706, 698, 0.00247052, 0.00156776
706, 699, 0.00232757, 0.00156323
706, 701, 0.00197501, 0.00156876
706, 702, 0.00184195, 0.0015669
706, 703, 0.00162173, 0.00156934
706, 704, 0.00159011, 0.00156651
706, 705, 0.00158863, 0.00156717
707, 698, 0.00266548, 0.00156705
707, 699, 0.00251586, 0.00156354
707, 701, 0.00212631, 0.00156661
707, 702, 0.00198059, 0.00156466
707, 703, 0.00169823, 0.00156709
707, 704, 0.00164838, 0.00156329
707, 705, 0.00164364, 0.00156688
707, 706, 0.00157818, 0.0015641
708, 698, 0.00275975, 0.00156665
708, 699, 0.00260657, 0.00156115
708, 701, 0.00220496, 0.00156344
708, 702, 0.00205498, 0.00156283
708, 703, 0.00175187, 0.00156631
708, 704, 0.00169043, 0.00156253
708, 705, 0.00168475, 0.00156508
708, 706, 0.00160186, 0.00156099
708, 707, 0.00157396, 0.0015609
709, 698, 0.00287651, 0.00156462
709, 699, 0.0027197, 0.00156005
709, 701, 0.00231199, 0.00156542
709, 702, 0.00214562, 0.0015625
709, 703, 0.00181462, 0.00156476
709, 704, 0.00174669, 0.00156071
709, 705, 0.001738, 0.0015634
709, 706, 0.00163184, 0.00156432
709, 707, 0.00158692, 0.00156305
709, 708, 0.0015696, 0.00156639
710, 698, 0.0030616, 0.0015645
710, 699, 0.0029037, 0.00156263
710, 701, 0.00247169, 0.00156395
710, 702, 0.00230455, 0.00156367
710, 703, 0.00193523, 0.0015632
710, 704, 0.00185158, 0.00156062
710, 705, 0.00184589, 0.00156326
710, 706, 0.00170387, 0.00156038
710, 707, 0.00163653, 0.00156183
710, 708, 0.00160522, 0.00156469
710, 709, 0.00156736, 0.00156399
711, 699, 0.00299331, 0.00155927
711, 701, 0.00255632, 0.00156074
711, 702, 0.00238102, 0.00156296
711, 703, 0.00200024, 0.00156393
711, 704, 0.00190657, 0.00156001
711, 705, 0.00189732, 0.00156147
711, 706, 0.00174824, 0.001561
711, 707, 0.0016677, 0.0015612
711, 708, 0.0016257, 0.00156784
711, 709, 0.00157854, 0.00156228
711, 710, 0.00156555, 0.00156113
712, 701, 0.00282957, 0.00156038
712, 702, 0.00263295, 0.00155723
712, 703, 0.00221728, 0.00156084
712, 704, 0.00211668, 0.00155681
712, 705, 0.00210392, 0.0015582
712, 706, 0.00191306, 0.00155921
712, 707, 0.001808, 0.00155801
712, 708, 0.00175049, 0.00156481
712, 709, 0.00165663, 0.00156034
712, 710, 0.00162544, 0.00155922
712, 711, 0.00158334, 0.00155397
713, 701, 0.00278144, 0.00156228
713, 702, 0.00259675, 0.00155941
713, 703, 0.00218439, 0.00156168
713, 704, 0.00207865, 0.00155912
713, 705, 0.00207165, 0.00156046
713, 706, 0.00188974, 0.00155892
713, 707, 0.00178679, 0.00155903
713, 708, 0.00172852, 0.00156562
713, 709, 0.00164445, 0.001563
713, 710, 0.00161186, 0.00155677
713, 711, 0.00157872, 0.00155329
713, 712, 0.00156387, 0.00155952
714, 704, 0.00269429, 0.00154949
714, 705, 0.00269007, 0.00155327
714, 706, 0.00245177, 0.0015531
714, 707, 0.00230371, 0.00155183
714, 708, 0.00220607, 0.00155716
714, 709, 0.0020528, 0.00155545
714, 710, 0.00199066, 0.00155169
714, 711, 0.00188809, 0.00155016
714, 712, 0.00173201, 0.00155372
714, 713, 0.00174028, 0.00155554
715, 706, 0.00292788, 0.00154972
715, 707, 0.00277077, 0.00154602
715, 708, 0.00266798, 0.00155669
715, 709, 0.00248047, 0.00155212
715, 710, 0.00240199, 0.00154728
715, 711, 0.00227508, 0.00154574
715, 712, 0.00205891, 0.00154909
715, 713, 0.00207359, 0.00155028
715, 714, 0.00166474, 0.00154755
716, 706, 0.00294636, 0.00154938
716, 707, 0.00277862, 0.00154386
716, 708, 0.00267432, 0.00155506
716, 709, 0.00249365, 0.00155089
716, 710, 0.00241271, 0.0015467
716, 711, 0.00228369, 0.00154468
716, 712, 0.00207033, 0.00154569
716, 713, 0.00208635, 0.00155072
716, 714, 0.00166856, 0.0015494
716, 715, 0.00155107, 0.0015476
717, 708, 0.00321341, 0.00155091
717, 709, 0.00301583, 0.00154686
717, 710, 0.0029287, 0.00154328
717, 711, 0.00278498, 0.0015398
717, 712, 0.00252947, 0.0015436
717, 713, 0.0025517, 0.00154602
717, 714, 0.00199243, 0.00154156
717, 715, 0.00166051, 0.00154556
717, 716, 0.00166069, 0.00154717
718, 709, 0.00354139, 0.00154062
718, 710, 0.00344685, 0.00153782
718, 711, 0.00329317, 0.00153538
718, 712, 0.00301896, 0.00153853
718, 713, 0.00304294, 0.00154344
718, 714, 0.00241019, 0.00154311
718, 715, 0.00195567, 0.00153939
718, 716, 0.0019565, 0.00154437
718, 717, 0.00165034, 0.00153936
719, 710, 0.00357811, 0.00153641
719, 711, 0.00341889, 0.00153331
719, 712, 0.00315278, 0.00153677
719, 713, 0.00316526, 0.00154058
719, 714, 0.00252087, 0.00153863
719, 715, 0.00205272, 0.00154033
719, 716, 0.00205469, 0.00153922
719, 717, 0.00171324, 0.00153766
719, 718, 0.00155331, 0.00153262
720, 712, 0.00352474, 0.00152987
720, 713, 0.0035381, 0.00153671
720, 714, 0.00287032, 0.00153443
720, 715, 0.002352, 0.00153223
720, 716, 0.00235426, 0.00153415
720, 717, 0.00193155, 0.00153399
720, 718, 0.00166339, 0.00153162
720, 719, 0.0015959, 0.00153241
721, 714, 0.00456757, 0.00152175
721, 715, 0.00397018, 0.00151986
721, 716, 0.00397186, 0.00152318
721, 717, 0.00341701, 0.00151491
721, 718, 0.00294378, 0.0015156
721, 719, 0.00277222, 0.00151631
721, 720, 0.00238469, 0.00151752
722, 714, 0.00391364, 0.00152587
722, 715, 0.00332837, 0.00152505
722, 716, 0.00333234, 0.00152388
722, 717, 0.00280097, 0.00152479
722, 718, 0.00237092, 0.00151983
722, 719, 0.00222629, 0.00152319
722, 720, 0.00190133, 0.00152513
722, 721, 0.00166927, 0.00152604
723, 717, 0.00514803, 0.00150212
723, 718, 0.00463952, 0.00150225
723, 719, 0.00445527, 0.00150027
723, 720, 0.0040053, 0.00150125
723, 721, 0.00240057, 0.00149978
723, 722, 0.00290429, 0.00150714
724, 715, 0.00567852, 0.00150685
724, 716, 0.00567676, 0.00150775
724, 717, 0.00509675, 0.00150608
724, 718, 0.00458229, 0.00149901
724, 719, 0.00439488, 0.00150394
724, 720, 0.0039494, 0.00150337
724, 721, 0.00235885, 0.00150091
724, 722, 0.00285912, 0.00151121
724, 723, 0.00150655, 0.00150511
725, 718, 0.00658876, 0.0014827
725, 719, 0.00638878, 0.00148609
725, 720, 0.00592594, 0.00148436
725, 721, 0.00417527, 0.00148675
725, 722, 0.00474773, 0.00149318
725, 723, 0.00252424, 0.00148443
725, 724, 0.00262273, 0.00148687
726, 721, 0.00740417, 0.00145514
726, 722, 0.00799917, 0.00146437
726, 723, 0.00558835, 0.00145638
726, 724, 0.00570463, 0.00145458
726, 725, 0.00368335, 0.0014602
727, 721, 0.00811304, 0.00144777
727, 723, 0.00628004, 0.00144662
727, 724, 0.00639806, 0.00144944
727, 725, 0.00435064, 0.00145402
727, 726, 0.00165913, 0.00145083
728, 723, 0.00934088, 0.00141775
728, 724, 0.00945358, 0.00142295
728, 725, 0.00735456, 0.00142707
728, 726, 0.00417332, 0.00142257
728, 727, 0.0034308, 0.00142398
729, 724, 0.0103022, 0.0014118
729, 725, 0.0081994, 0.0014177
729, 726, 0.00498241, 0.00141514
729, 727, 0.00422533, 0.00141596
729, 728, 0.00166117, 0.00142222
730, 726, 0.00696341, 0.00139772
730, 727, 0.00618545, 0.00139979
730, 728, 0.00323174, 0.00139727
730, 729, 0.00245013, 0.0013967
731, 725, 0.00924636, 0.0014087
731, 726, 0.00601321, 0.00140659
731, 727, 0.0052439, 0.00140808
731, 728, 0.0023977, 0.00140322
731, 729, 0.00174933, 0.00140623
731, 730, 0.00172643, 0.00140278
732, 726, 0.00861359, 0.00138498
732, 727, 0.00783079, 0.00138103
732, 728, 0.004794, 0.00138603
732, 729, 0.00394514, 0.0013823
732, 730, 0.0021505, 0.00137892
732, 731, 0.00300913, 0.00137997
733, 728, 0.0105945, 0.00132742
733, 729, 0.00970724, 0.00133138
733, 730, 0.00768763, 0.00132577
733, 731, 0.0086905, 0.00132934
733, 732, 0.0060685, 0.0013258
734, 728, 0.0133787, 0.00130972
734, 729, 0.0124755, 0.00130903
734, 730, 0.0104435, 0.001302
734, 731, 0.0114633, 0.00130498
734, 732, 0.00881338, 0.00130394
734, 733, 0.00308913, 0.00130033
735, 732, 0.0149734, 0.00124398
735, 733, 0.00909226, 0.00124338
735, 734, 0.00625459, 0.00124141
736, 733, 0.0105023, 0.00122919
736, 734, 0.00765476, 0.00123375
736, 735, 0.00188199, 0.00123277
737, 733, 0.0105412, 0.00123139
737, 734, 0.00770136, 0.00122762
737, 735, 0.00191078, 0.00123234
737, 736, 0.00123052, 0.00123096
738, 733, 0.0105823, 0.00123004
738, 734, 0.00772853, 0.00122977
738, 735, 0.00194091, 0.00123397
738, 736, 0.0012316, 0.00123003
738, 737, 0.0012304, 0.00122903
739, 735, 0.00395539, 0.00121031
739, 736, 0.0026191, 0.0012085
739, 737, 0.0025573, 0.00120705
739, 738, 0.00259995, 0.00121086
740, 735, 0.00395129, 0.00121312
740, 736, 0.00261236, 0.00120745
740, 737, 0.00254992, 0.00120966
740, 738, 0.00259306, 0.00121286
740, 739, 0.00121436, 0.00121186
741, 734, 0.00882104, 0.00121923
741, 735, 0.00286934, 0.00121904
741, 736, 0.00167931, 0.00122299
741, 737, 0.00162943, 0.00121698
741, 738, 0.00166359, 0.00122304
741, 739, 0.0016539, 0.00122514
741, 740, 0.00170234, 0.00122466
742, 734, 0.0222857, 0.00109857
742, 735, 0.016153, 0.00110036
742, 736, 0.0146964, 0.00109615
742, 737, 0.0146245, 0.00109499
742, 738, 0.0146613, 0.00109941
742, 739, 0.0124147, 0.00109946
742, 740, 0.0123454, 0.00110107
742, 741, 0.0135276, 0.00109774
