13, 0, 1.47563e-05, 1.27469e-05
18, 0, 1.35195e-05, 1.28134e-05
18, 13, 1.44236e-05, 1.28125e-05
30, 0, 1.31032e-05, 1.34755e-05
30, 13, 1.33414e-05, 1.34093e-05
30, 18, 1.37963e-05, 1.34746e-05
40, 0, 1.25905e-05, 1.22669e-05
40, 13, 1.27075e-05, 1.23213e-05
40, 18, 1.34577e-05, 1.27325e-05
40, 30, 1.26827e-05, 1.25621e-05
48, 0, 1.27496e-05, 1.30307e-05
48, 13, 1.27932e-05, 1.31497e-05
48, 18, 1.38226e-05, 1.30253e-05
48, 30, 1.27334e-05, 1.32412e-05
48, 40, 1.27567e-05, 1.23475e-05
55, 0, 1.32478e-05, 1.27941e-05
55, 13, 1.2939e-05, 1.30495e-05
55, 18, 1.37991e-05, 1.27675e-05
55, 30, 1.3368e-05, 1.31421e-05
55, 40, 1.34874e-05, 1.28985e-05
55, 48, 1.29269e-05, 1.31603e-05
62, 0, 1.24701e-05, 1.2444e-05
62, 13, 1.25376e-05, 1.2198e-05
62, 18, 1.32088e-05, 1.22378e-05
62, 30, 1.3536e-05, 1.24997e-05
62, 40, 1.24234e-05, 1.22428e-05
62, 48, 1.24229e-05, 1.237e-05
62, 55, 1.38596e-05, 1.22838e-05
68, 0, 1.24983e-05, 1.24225e-05
68, 13, 1.42063e-05, 1.24026e-05
68, 18, 1.46252e-05, 1.2264e-05
68, 30, 1.24828e-05, 1.26932e-05
68, 40, 1.25694e-05, 1.22231e-05
68, 48, 1.33409e-05, 1.25061e-05
68, 55, 1.34338e-05, 1.24078e-05
68, 62, 1.25824e-05, 1.25054e-05
74, 0, 1.27647e-05, 1.28161e-05
74, 13, 1.28352e-05, 1.27236e-05
74, 18, 1.39499e-05, 1.27632e-05
74, 30, 1.27713e-05, 1.30746e-05
74, 40, 1.27964e-05, 1.28013e-05
74, 48, 1.3484e-05, 1.31608e-05
74, 55, 1.59026e-05, 1.28473e-05
74, 62, 1.33006e-05, 1.28386e-05
74, 68, 1.29366e-05, 1.2811e-05
75, 0, 1.28099e-05, 1.28025e-05
75, 13, 1.30935e-05, 1.27974e-05
75, 18, 1.5167e-05, 1.27264e-05
75, 30, 1.2851e-05, 1.30684e-05
75, 40, 1.28078e-05, 1.27643e-05
75, 48, 1.29382e-05, 1.30349e-05
75, 55, 1.46646e-05, 1.28314e-05
75, 62, 1.33677e-05, 1.29557e-05
75, 68, 1.34609e-05, 1.27765e-05
75, 74, 1.2819e-05, 1.29266e-05
81, 0, 1.28739e-05, 1.28399e-05
81, 13, 1.30666e-05, 1.29198e-05
81, 18, 1.35969e-05, 1.28095e-05
81, 30, 1.30102e-05, 1.30804e-05
81, 40, 1.28363e-05, 1.28087e-05
81, 48, 1.28258e-05, 1.31981e-05
81, 55, 1.39915e-05, 1.29145e-05
81, 62, 1.28298e-05, 1.29142e-05
81, 68, 1.30802e-05, 1.28018e-05
81, 74, 1.2864e-05, 1.29652e-05
81, 75, 1.28606e-05, 1.29549e-05
84, 0, 1.33399e-05, 1.29029e-05
84, 13, 1.31007e-05, 1.29965e-05
84, 18, 1.34786e-05, 1.27566e-05
84, 30, 1.32924e-05, 1.31761e-05
84, 40, 1.28974e-05, 1.27336e-05
84, 48, 1.28679e-05, 1.30694e-05
84, 55, 1.37011e-05, 1.29143e-05
84, 62, 1.2783e-05, 1.2902e-05
84, 68, 1.27291e-05, 1.28882e-05
84, 74, 1.29333e-05, 1.30653e-05
84, 75, 1.404e-05, 1.3032e-05
84, 81, 1.27921e-05, 1.30269e-05
90, 0, 1.38052e-05, 1.2874e-05
90, 13, 1.28199e-05, 1.2942e-05
90, 18, 1.50112e-05, 1.29526e-05
90, 30, 1.28462e-05, 1.3183e-05
90, 40, 1.34068e-05, 1.27074e-05
90, 48, 1.34619e-05, 1.323e-05
90, 55, 1.54111e-05, 1.3028e-05
90, 62, 1.34772e-05, 1.29652e-05
90, 68, 1.2788e-05, 1.28918e-05
90, 74, 1.33405e-05, 1.30736e-05
90, 75, 1.30009e-05, 1.29415e-05
90, 81, 1.33913e-05, 1.31319e-05
90, 84, 1.40749e-05, 1.34241e-05
95, 0, 1.2901e-05, 1.27981e-05
95, 13, 1.37858e-05, 1.29334e-05
95, 18, 1.29289e-05, 1.27797e-05
95, 30, 1.29264e-05, 1.31513e-05
95, 40, 1.29458e-05, 1.2817e-05
95, 48, 1.29003e-05, 1.33249e-05
95, 55, 1.49975e-05, 1.31341e-05
95, 62, 1.29745e-05, 1.29089e-05
95, 68, 1.29218e-05, 1.28515e-05
95, 74, 1.28861e-05, 1.29507e-05
95, 75, 1.29044e-05, 1.28325e-05
95, 81, 1.37898e-05, 1.31728e-05
95, 84, 1.28544e-05, 1.3389e-05
95, 90, 1.30787e-05, 1.27659e-05
100, 0, 1.2648e-05, 1.16989e-05
100, 13, 1.29157e-05, 1.16797e-05
100, 18, 1.35869e-05, 1.30255e-05
100, 30, 1.26811e-05, 1.18942e-05
100, 40, 1.26246e-05, 1.17224e-05
100, 48, 1.26533e-05, 1.22539e-05
100, 55, 1.3904e-05, 1.17928e-05
100, 62, 1.26199e-05, 1.20002e-05
100, 68, 1.28329e-05, 1.23335e-05
100, 74, 1.26645e-05, 1.1975e-05
100, 75, 1.2659e-05, 1.19765e-05
100, 81, 1.26095e-05, 1.2243e-05
100, 84, 1.2735e-05, 1.22744e-05
100, 90, 1.37944e-05, 1.21176e-05
100, 95, 1.32216e-05, 1.21099e-05
106, 0, 1.27586e-05, 1.3151e-05
106, 13, 1.2818e-05, 1.315e-05
106, 18, 1.35335e-05, 1.31177e-05
106, 30, 1.3088e-05, 1.33767e-05
106, 40, 1.27676e-05, 1.30972e-05
106, 48, 1.27095e-05, 1.34619e-05
106, 55, 1.39045e-05, 1.33518e-05
106, 62, 1.27367e-05, 1.32636e-05
106, 68, 1.30027e-05, 1.30972e-05
106, 74, 1.28594e-05, 1.31145e-05
106, 75, 1.33671e-05, 1.32787e-05
106, 81, 1.27862e-05, 1.34646e-05
106, 84, 1.30662e-05, 1.36662e-05
106, 90, 1.27994e-05, 1.32992e-05
106, 95, 1.34956e-05, 1.32991e-05
106, 100, 1.28686e-05, 1.36124e-05
114, 0, 1.33024e-05, 1.33588e-05
114, 13, 1.33907e-05, 1.32532e-05
114, 18, 1.31185e-05, 1.28681e-05
114, 30, 1.28329e-05, 1.35316e-05
114, 40, 1.2809e-05, 1.34092e-05
114, 48, 1.32374e-05, 1.37573e-05
114, 55, 1.31601e-05, 1.41644e-05
114, 62, 1.29083e-05, 1.34115e-05
114, 68, 1.32392e-05, 1.34089e-05
114, 74, 1.28045e-05, 1.34317e-05
114, 75, 1.28109e-05, 1.33752e-05
114, 81, 1.32367e-05, 1.37003e-05
114, 84, 1.32508e-05, 1.39596e-05
114, 90, 1.31462e-05, 1.34479e-05
114, 95, 1.2903e-05, 1.34843e-05
114, 100, 1.28452e-05, 1.36713e-05
114, 106, 1.31803e-05, 1.29948e-05
123, 0, 1.26735e-05, 1.25171e-05
123, 13, 1.35979e-05, 1.24117e-05
123, 18, 1.43509e-05, 1.25106e-05
123, 30, 1.25809e-05, 1.2655e-05
123, 40, 1.26275e-05, 1.24717e-05
123, 48, 1.27035e-05, 1.26629e-05
123, 55, 1.61241e-05, 1.25947e-05
123, 62, 1.26719e-05, 1.2445e-05
123, 68, 1.2986e-05, 1.28049e-05
123, 74, 1.26094e-05, 1.25122e-05
123, 75, 1.25962e-05, 1.25009e-05
123, 81, 1.30454e-05, 1.27119e-05
123, 84, 1.25669e-05, 1.29684e-05
123, 90, 1.3694e-05, 1.24842e-05
123, 95, 1.26626e-05, 1.26005e-05
123, 100, 1.26245e-05, 1.29611e-05
123, 106, 1.29117e-05, 1.26554e-05
123, 114, 1.26201e-05, 1.26467e-05
127, 0, 1.28028e-05, 1.27803e-05
127, 13, 1.30148e-05, 1.27776e-05
127, 18, 1.35878e-05, 1.27792e-05
127, 30, 1.27561e-05, 1.30593e-05
127, 40, 1.28128e-05, 1.27447e-05
127, 48, 1.27974e-05, 1.3013e-05
127, 55, 1.46574e-05, 1.28935e-05
127, 62, 1.28673e-05, 1.28361e-05
127, 68, 1.36229e-05, 1.28943e-05
127, 74, 1.3121e-05, 1.29387e-05
127, 75, 1.28974e-05, 1.2763e-05
127, 81, 1.28038e-05, 1.30038e-05
127, 84, 1.30047e-05, 1.33778e-05
127, 90, 1.30615e-05, 1.27582e-05
127, 95, 1.27474e-05, 1.28715e-05
127, 100, 1.28621e-05, 1.32855e-05
127, 106, 1.28149e-05, 1.29554e-05
127, 114, 1.30816e-05, 1.27998e-05
127, 123, 1.28374e-05, 1.30719e-05
134, 0, 1.31664e-05, 1.29409e-05
134, 13, 1.39053e-05, 1.29091e-05
134, 18, 1.36796e-05, 1.27869e-05
134, 30, 1.35697e-05, 1.31474e-05
134, 40, 1.31271e-05, 1.29112e-05
134, 48, 1.31445e-05, 1.3402e-05
134, 55, 1.39917e-05, 1.30443e-05
134, 62, 1.31411e-05, 1.28955e-05
134, 68, 1.32935e-05, 1.29173e-05
134, 74, 1.34353e-05, 1.30174e-05
134, 75, 1.31817e-05, 1.30378e-05
134, 81, 1.31836e-05, 1.33862e-05
134, 84, 1.32175e-05, 1.34386e-05
134, 90, 1.33423e-05, 1.31605e-05
134, 95, 1.32688e-05, 1.31841e-05
134, 100, 1.31284e-05, 1.33542e-05
134, 106, 1.31609e-05, 1.32817e-05
134, 114, 1.32715e-05, 1.2868e-05
134, 123, 1.31358e-05, 1.32386e-05
134, 127, 1.31297e-05, 1.29372e-05
139, 0, 1.28962e-05, 1.29612e-05
139, 13, 1.33537e-05, 1.30488e-05
139, 18, 1.31072e-05, 1.29015e-05
139, 30, 1.29634e-05, 1.31768e-05
139, 40, 1.28931e-05, 1.29448e-05
139, 48, 1.29162e-05, 1.30838e-05
139, 55, 1.37762e-05, 1.31165e-05
139, 62, 1.4133e-05, 1.29245e-05
139, 68, 1.40938e-05, 1.27585e-05
139, 74, 1.29045e-05, 1.29588e-05
139, 75, 1.29298e-05, 1.2834e-05
139, 81, 1.36436e-05, 1.3177e-05
139, 84, 1.33498e-05, 1.34289e-05
139, 90, 1.39668e-05, 1.29559e-05
139, 95, 1.29067e-05, 1.29808e-05
139, 100, 1.28784e-05, 1.33015e-05
139, 106, 1.29945e-05, 1.30248e-05
139, 114, 1.2923e-05, 1.29789e-05
139, 123, 1.28904e-05, 1.32524e-05
139, 127, 1.29852e-05, 1.28339e-05
139, 134, 1.28951e-05, 1.30235e-05
145, 0, 1.25972e-05, 1.27236e-05
145, 13, 1.35752e-05, 1.26211e-05
145, 18, 1.28946e-05, 1.30577e-05
145, 30, 1.25575e-05, 1.32561e-05
145, 40, 1.25639e-05, 1.27596e-05
145, 48, 1.26266e-05, 1.29529e-05
145, 55, 1.60004e-05, 1.27472e-05
145, 62, 1.25595e-05, 1.31199e-05
145, 68, 1.25715e-05, 1.29517e-05
145, 74, 1.25714e-05, 1.29805e-05
145, 75, 1.25666e-05, 1.25241e-05
145, 81, 1.25798e-05, 1.29176e-05
145, 84, 1.39329e-05, 1.3254e-05
145, 90, 1.30236e-05, 1.26964e-05
145, 95, 1.26346e-05, 1.27117e-05
145, 100, 1.25821e-05, 1.31487e-05
145, 106, 1.26051e-05, 1.2888e-05
145, 114, 1.25934e-05, 1.24972e-05
145, 123, 1.26154e-05, 1.27767e-05
145, 127, 1.2575e-05, 1.27208e-05
145, 134, 1.2577e-05, 1.28756e-05
145, 139, 1.25703e-05, 1.3048e-05
150, 0, 1.40042e-05, 1.36062e-05
150, 13, 1.35716e-05, 1.36411e-05
150, 18, 1.47306e-05, 1.35554e-05
150, 30, 1.38059e-05, 1.38496e-05
150, 40, 1.40023e-05, 1.37081e-05
150, 48, 1.39828e-05, 1.42608e-05
150, 55, 1.51718e-05, 1.37281e-05
150, 62, 1.40304e-05, 1.36763e-05
150, 68, 1.41394e-05, 1.36457e-05
150, 74, 1.40717e-05, 1.3701e-05
150, 75, 1.40376e-05, 1.40514e-05
150, 81, 1.4064e-05, 1.38406e-05
150, 84, 1.354e-05, 1.39802e-05
150, 90, 1.46409e-05, 1.37256e-05
150, 95, 1.41094e-05, 1.38158e-05
150, 100, 1.40114e-05, 1.40242e-05
150, 106, 1.40407e-05, 1.35488e-05
150, 114, 1.40282e-05, 1.37652e-05
150, 123, 1.4039e-05, 1.39675e-05
150, 127, 1.39625e-05, 1.35999e-05
150, 134, 1.40025e-05, 1.37981e-05
150, 145, 1.40104e-05, 1.37269e-05
151, 0, 1.28279e-05, 1.27685e-05
151, 13, 1.40694e-05, 1.32067e-05
151, 18, 1.40696e-05, 1.26496e-05
151, 30, 1.28785e-05, 1.28783e-05
151, 40, 1.2852e-05, 1.21769e-05
151, 48, 1.28509e-05, 1.25017e-05
151, 55, 1.41541e-05, 1.22641e-05
151, 62, 1.28447e-05, 1.26321e-05
151, 68, 1.28073e-05, 1.31604e-05
151, 74, 1.28264e-05, 1.22854e-05
151, 75, 1.2805e-05, 1.22741e-05
151, 81, 1.28715e-05, 1.24798e-05
151, 84, 1.32165e-05, 1.32098e-05
151, 90, 1.30011e-05, 1.23421e-05
151, 95, 1.29485e-05, 1.22783e-05
151, 100, 1.28106e-05, 1.34041e-05
151, 106, 1.28372e-05, 1.25034e-05
151, 114, 1.28343e-05, 1.30441e-05
151, 123, 1.28241e-05, 1.29716e-05
151, 127, 1.28317e-05, 1.26862e-05
151, 134, 1.28113e-05, 1.27982e-05
151, 139, 1.28165e-05, 1.28864e-05
151, 145, 1.28074e-05, 1.30632e-05
151, 150, 1.28444e-05, 1.27861e-05
157, 0, 1.31179e-05, 1.26075e-05
157, 13, 1.32583e-05, 1.32039e-05
157, 18, 1.32957e-05, 1.29652e-05
157, 30, 1.31396e-05, 1.34388e-05
157, 40, 1.31272e-05, 1.25739e-05
157, 48, 1.31166e-05, 1.29862e-05
157, 55, 1.36677e-05, 1.33171e-05
157, 62, 1.31348e-05, 1.22732e-05
157, 68, 1.34251e-05, 1.26353e-05
157, 74, 1.31069e-05, 1.29232e-05
157, 75, 1.31696e-05, 1.28889e-05
157, 81, 1.31014e-05, 1.29934e-05
157, 84, 1.32699e-05, 1.30217e-05
157, 90, 1.37793e-05, 1.2346e-05
157, 95, 1.31494e-05, 1.28071e-05
157, 100, 1.31528e-05, 1.2989e-05
157, 106, 1.31646e-05, 1.30451e-05
157, 114, 1.32025e-05, 1.29567e-05
157, 123, 1.31145e-05, 1.2435e-05
157, 127, 1.313e-05, 1.26046e-05
157, 134, 1.31252e-05, 1.26919e-05
157, 139, 1.31895e-05, 1.29097e-05
157, 145, 1.31197e-05, 1.26094e-05
157, 150, 1.31233e-05, 1.27091e-05
157, 151, 1.31104e-05, 1.2833e-05
160, 0, 1.32355e-05, 1.28684e-05
160, 13, 1.30742e-05, 1.28659e-05
160, 18, 1.4026e-05, 1.28085e-05
160, 30, 1.32426e-05, 1.2964e-05
160, 40, 1.3208e-05, 1.28434e-05
160, 48, 1.31903e-05, 1.33802e-05
160, 55, 1.54706e-05, 1.2975e-05
160, 62, 1.32357e-05, 1.2985e-05
160, 68, 1.32661e-05, 1.294e-05
160, 74, 1.30569e-05, 1.28875e-05
160, 75, 1.31964e-05, 1.29539e-05
160, 81, 1.32957e-05, 1.31004e-05
160, 84, 1.34067e-05, 1.3284e-05
160, 90, 1.36537e-05, 1.29804e-05
160, 95, 1.30832e-05, 1.29636e-05
160, 100, 1.3202e-05, 1.32463e-05
160, 106, 1.31054e-05, 1.34194e-05
160, 114, 1.29629e-05, 1.29114e-05
160, 123, 1.3225e-05, 1.30115e-05
160, 127, 1.29512e-05, 1.29271e-05
160, 134, 1.32039e-05, 1.29534e-05
160, 139, 1.31785e-05, 1.31909e-05
160, 145, 1.32026e-05, 1.29052e-05
160, 150, 1.32216e-05, 1.2967e-05
160, 151, 1.32522e-05, 1.29125e-05
160, 157, 1.32098e-05, 1.30384e-05
161, 0, 1.26788e-05, 1.27012e-05
161, 13, 1.27812e-05, 1.26925e-05
161, 18, 1.32912e-05, 1.26025e-05
161, 30, 1.28419e-05, 1.28645e-05
161, 40, 1.27035e-05, 1.26585e-05
161, 48, 1.27484e-05, 1.30008e-05
161, 55, 1.33999e-05, 1.27454e-05
161, 62, 1.26908e-05, 1.27806e-05
161, 68, 1.29148e-05, 1.23509e-05
161, 74, 1.30812e-05, 1.27908e-05
161, 75, 1.27125e-05, 1.27143e-05
161, 81, 1.27756e-05, 1.29749e-05
161, 84, 1.31233e-05, 1.324e-05
161, 90, 1.32712e-05, 1.27535e-05
161, 95, 1.27664e-05, 1.27845e-05
161, 100, 1.26647e-05, 1.30231e-05
161, 106, 1.27415e-05, 1.29632e-05
161, 114, 1.27519e-05, 1.27175e-05
161, 123, 1.26896e-05, 1.28885e-05
161, 127, 1.26757e-05, 1.27308e-05
161, 134, 1.26712e-05, 1.28008e-05
161, 139, 1.26577e-05, 1.31143e-05
161, 145, 1.26901e-05, 1.27367e-05
161, 150, 1.26936e-05, 1.2762e-05
161, 151, 1.26738e-05, 1.26758e-05
161, 157, 1.27101e-05, 1.28494e-05
161, 160, 1.27368e-05, 1.27575e-05
162, 0, 1.26198e-05, 1.2212e-05
162, 13, 1.27621e-05, 1.21967e-05
162, 18, 1.31543e-05, 1.21383e-05
162, 30, 1.27779e-05, 1.24635e-05
162, 40, 1.25977e-05, 1.22132e-05
162, 48, 1.26176e-05, 1.24849e-05
162, 55, 1.36282e-05, 1.22997e-05
162, 62, 1.25672e-05, 1.2307e-05
162, 68, 1.30085e-05, 1.22472e-05
162, 74, 1.31029e-05, 1.22895e-05
162, 75, 1.33492e-05, 1.21581e-05
162, 81, 1.25851e-05, 1.24481e-05
162, 84, 1.27465e-05, 1.26725e-05
162, 90, 1.27536e-05, 1.22886e-05
162, 95, 1.26041e-05, 1.2338e-05
162, 100, 1.34502e-05, 1.25279e-05
162, 106, 1.2582e-05, 1.24559e-05
162, 123, 1.32751e-05, 1.24989e-05
162, 127, 1.2662e-05, 1.23339e-05
162, 134, 1.26083e-05, 1.23375e-05
162, 139, 1.33151e-05, 1.26655e-05
162, 145, 1.25839e-05, 1.22413e-05
162, 150, 1.25948e-05, 1.22994e-05
162, 151, 1.26073e-05, 1.2255e-05
162, 157, 1.2661e-05, 1.23836e-05
162, 160, 1.25699e-05, 1.22792e-05
162, 161, 1.26096e-05, 1.23572e-05
163, 0, 1.36453e-05, 1.26232e-05
163, 13, 1.44421e-05, 1.33104e-05
163, 18, 1.27596e-05, 1.20827e-05
163, 40, 1.34739e-05, 1.32188e-05
163, 48, 1.38216e-05, 1.33224e-05
163, 55, 1.2754e-05, 1.27758e-05
163, 62, 1.34692e-05, 1.26994e-05
163, 68, 1.43121e-05, 1.31937e-05
163, 74, 1.33592e-05, 1.28279e-05
163, 75, 1.52708e-05, 1.28341e-05
163, 81, 1.31572e-05, 1.28483e-05
163, 84, 1.28622e-05, 1.31611e-05
163, 90, 1.42227e-05, 1.27347e-05
163, 95, 1.36838e-05, 1.27642e-05
163, 100, 1.46851e-05, 1.3162e-05
163, 106, 1.33682e-05, 1.33476e-05
163, 123, 1.34767e-05, 1.29373e-05
163, 127, 1.35609e-05, 1.31898e-05
163, 134, 1.37488e-05, 1.32759e-05
163, 139, 1.37267e-05, 1.32259e-05
163, 145, 1.37253e-05, 1.27524e-05
163, 150, 1.37294e-05, 1.23827e-05
163, 151, 1.35044e-05, 1.26446e-05
163, 157, 1.48301e-05, 1.29492e-05
163, 160, 1.36973e-05, 1.27371e-05
163, 161, 1.3616e-05, 1.27311e-05
163, 162, 1.35816e-05, 1.27526e-05
164, 0, 1.27125e-05, 1.18692e-05
164, 13, 1.32545e-05, 1.21915e-05
164, 18, 1.29666e-05, 1.24061e-05
164, 40, 1.37022e-05, 1.17998e-05
164, 48, 1.32986e-05, 1.24272e-05
164, 55, 1.31919e-05, 1.22276e-05
164, 62, 1.27103e-05, 1.25122e-05
164, 68, 1.36741e-05, 1.26545e-05
164, 74, 1.29458e-05, 1.24479e-05
164, 75, 1.3026e-05, 1.23379e-05
164, 81, 1.26796e-05, 1.24841e-05
164, 84, 1.26452e-05, 1.24885e-05
164, 90, 1.31051e-05, 1.2279e-05
164, 95, 1.30262e-05, 1.23761e-05
164, 100, 1.26688e-05, 1.34935e-05
164, 106, 1.26722e-05, 1.25321e-05
164, 123, 1.31862e-05, 1.31219e-05
164, 127, 1.27644e-05, 1.25734e-05
164, 134, 1.38029e-05, 1.19698e-05
164, 139, 1.29523e-05, 1.23596e-05
164, 145, 1.37183e-05, 1.25475e-05
164, 150, 1.28319e-05, 1.25366e-05
164, 151, 1.30681e-05, 1.23127e-05
164, 157, 1.27882e-05, 1.24491e-05
164, 160, 1.26678e-05, 1.19228e-05
164, 161, 1.26635e-05, 1.23183e-05
164, 162, 1.27726e-05, 1.22768e-05
164, 163, 1.26555e-05, 1.31128e-05
166, 0, 1.47091e-05, 1.31922e-05
166, 13, 1.40584e-05, 1.2808e-05
166, 18, 1.2891e-05, 1.27335e-05
166, 40, 1.32186e-05, 1.21292e-05
166, 48, 1.34484e-05, 1.27039e-05
166, 55, 1.2831e-05, 1.25271e-05
166, 62, 1.45881e-05, 1.30152e-05
166, 68, 1.52605e-05, 1.28056e-05
166, 74, 1.41931e-05, 1.31254e-05
166, 75, 1.55465e-05, 1.3171e-05
166, 81, 1.43647e-05, 1.27212e-05
166, 84, 1.29684e-05, 1.32972e-05
166, 90, 1.40083e-05, 1.25832e-05
166, 95, 1.3889e-05, 1.24946e-05
166, 100, 1.31437e-05, 1.34935e-05
166, 106, 1.332e-05, 1.26364e-05
166, 123, 1.43023e-05, 1.33769e-05
166, 127, 1.34003e-05, 1.28921e-05
166, 134, 1.38276e-05, 1.29362e-05
166, 139, 1.32653e-05, 1.26159e-05
166, 145, 1.36228e-05, 1.28075e-05
166, 150, 1.35125e-05, 1.21809e-05
166, 151, 1.36485e-05, 1.30822e-05
166, 157, 1.49512e-05, 1.24677e-05
166, 160, 1.39602e-05, 1.24719e-05
166, 161, 1.39037e-05, 1.22298e-05
166, 162, 1.33214e-05, 1.24626e-05
166, 163, 1.31271e-05, 1.29041e-05
166, 164, 1.30836e-05, 1.22383e-05
168, 0, 1.29895e-05, 1.26713e-05
168, 13, 1.31007e-05, 1.27035e-05
168, 18, 1.51588e-05, 1.32485e-05
168, 40, 1.37318e-05, 1.26004e-05
168, 48, 1.46339e-05, 1.30672e-05
168, 55, 1.59236e-05, 1.27416e-05
168, 62, 1.39683e-05, 1.33088e-05
168, 75, 1.37179e-05, 1.20938e-05
168, 81, 1.41941e-05, 1.29994e-05
168, 84, 1.44415e-05, 1.32174e-05
168, 90, 1.32221e-05, 1.21539e-05
168, 95, 1.35487e-05, 1.27493e-05
168, 100, 1.63161e-05, 1.30714e-05
168, 106, 1.39907e-05, 1.29137e-05
168, 123, 1.50291e-05, 1.27487e-05
168, 127, 1.37269e-05, 1.27356e-05
168, 134, 1.4065e-05, 1.28345e-05
168, 139, 1.58255e-05, 1.25053e-05
168, 145, 1.39881e-05, 1.27743e-05
168, 150, 1.38616e-05, 1.27551e-05
168, 160, 1.43227e-05, 1.2633e-05
168, 161, 1.47781e-05, 1.28437e-05
168, 162, 1.45609e-05, 1.2746e-05
168, 163, 1.38324e-05, 1.32572e-05
168, 164, 1.43342e-05, 1.27763e-05
168, 166, 1.37147e-05, 1.30088e-05
170, 13, 1.35805e-05, 1.30168e-05
170, 18, 1.37248e-05, 1.29125e-05
170, 55, 1.44123e-05, 1.31592e-05
170, 62, 1.31839e-05, 1.30235e-05
170, 81, 1.33145e-05, 1.32243e-05
170, 90, 1.34645e-05, 1.31925e-05
170, 106, 1.32462e-05, 1.32779e-05
170, 134, 1.34131e-05, 1.29814e-05
170, 161, 1.32368e-05, 1.30706e-05
170, 162, 1.31661e-05, 1.31442e-05
170, 163, 1.44312e-05, 1.30958e-05
170, 164, 1.39341e-05, 1.29021e-05
170, 166, 1.34649e-05, 1.33997e-05
170, 168, 1.42305e-05, 1.33533e-05
171, 13, 1.74324e-05, 1.29682e-05
171, 55, 1.35661e-05, 1.29055e-05
171, 90, 1.50596e-05, 1.29741e-05
171, 106, 1.39514e-05, 1.3245e-05
171, 163, 1.46237e-05, 1.30482e-05
171, 164, 1.6058e-05, 1.28911e-05
171, 166, 1.39463e-05, 1.31558e-05
171, 168, 1.68912e-05, 1.31811e-05
171, 170, 1.50119e-05, 1.3367e-05
172, 55, 1.4732e-05, 1.29322e-05
172, 90, 1.38927e-05, 1.28825e-05
172, 164, 1.78364e-05, 1.36298e-05
172, 166, 1.27816e-05, 1.3001e-05
172, 168, 1.57209e-05, 1.308e-05
172, 170, 1.55739e-05, 1.32913e-05
172, 171, 1.28825e-05, 1.37869e-05
173, 55, 1.49583e-05, 1.28197e-05
173, 166, 1.32533e-05, 1.29919e-05
173, 168, 1.59752e-05, 1.30303e-05
173, 170, 1.56644e-05, 1.34973e-05
173, 171, 1.32343e-05, 1.30142e-05
173, 172, 1.46784e-05, 1.45821e-05
174, 168, 1.43641e-05, 1.28384e-05
174, 170, 1.34815e-05, 1.32723e-05
174, 171, 1.302e-05, 1.309e-05
174, 172, 1.31732e-05, 1.45267e-05
174, 173, 1.32971e-05, 1.31923e-05
175, 168, 1.65174e-05, 1.29925e-05
175, 170, 1.77969e-05, 1.33368e-05
175, 171, 1.43262e-05, 1.30133e-05
175, 172, 1.66197e-05, 1.47154e-05
175, 173, 1.65885e-05, 1.31487e-05
175, 174, 1.63935e-05, 1.31722e-05
176, 168, 1.26043e-05, 1.29251e-05
176, 170, 1.41224e-05, 1.34743e-05
176, 171, 1.30425e-05, 1.30279e-05
176, 172, 1.32125e-05, 1.44985e-05
176, 173, 1.46499e-05, 1.30529e-05
176, 174, 1.35596e-05, 1.3178e-05
176, 175, 1.33383e-05, 1.34654e-05
177, 168, 1.82555e-05, 1.30729e-05
177, 170, 1.41004e-05, 1.33931e-05
177, 171, 1.38636e-05, 1.32899e-05
177, 172, 1.41706e-05, 1.44659e-05
177, 173, 1.32689e-05, 1.27513e-05
177, 174, 1.32587e-05, 1.30956e-05
177, 175, 1.3507e-05, 1.31317e-05
177, 176, 1.35205e-05, 1.23496e-05
178, 171, 1.40801e-05, 1.29342e-05
178, 172, 1.32489e-05, 1.44931e-05
178, 173, 1.31964e-05, 1.28193e-05
178, 174, 1.30626e-05, 1.31868e-05
178, 175, 1.30352e-05, 1.3488e-05
178, 176, 1.42649e-05, 1.32274e-05
178, 177, 1.70039e-05, 1.31235e-05
179, 171, 1.52356e-05, 1.35556e-05
179, 172, 1.70605e-05, 1.51576e-05
179, 173, 1.75421e-05, 1.36657e-05
179, 174, 1.68221e-05, 1.34219e-05
179, 175, 1.71113e-05, 1.40378e-05
179, 176, 1.57143e-05, 1.33812e-05
179, 177, 1.44762e-05, 1.36976e-05
179, 178, 1.38941e-05, 1.39735e-05
180, 171, 1.31214e-05, 1.27652e-05
180, 172, 1.46124e-05, 1.41065e-05
180, 173, 1.37794e-05, 1.31344e-05
180, 174, 1.35275e-05, 1.31132e-05
180, 175, 1.3982e-05, 1.30202e-05
180, 176, 1.25799e-05, 1.30989e-05
180, 177, 1.56899e-05, 1.30653e-05
180, 178, 1.44121e-05, 1.30027e-05
180, 179, 1.43804e-05, 1.43122e-05
181, 174, 1.27918e-05, 1.33199e-05
181, 175, 1.31861e-05, 1.3868e-05
181, 176, 1.29771e-05, 1.29163e-05
181, 177, 1.5675e-05, 1.30455e-05
181, 178, 1.49515e-05, 1.33973e-05
181, 179, 1.52888e-05, 1.45214e-05
181, 180, 1.57348e-05, 1.31592e-05
182, 177, 1.62388e-05, 1.31803e-05
182, 178, 1.41924e-05, 1.33994e-05
182, 179, 1.29268e-05, 1.44361e-05
182, 180, 1.30967e-05, 1.32982e-05
182, 181, 1.22708e-05, 1.29033e-05
183, 178, 1.60329e-05, 1.30906e-05
183, 179, 1.49585e-05, 1.46621e-05
183, 180, 1.52898e-05, 1.25424e-05
183, 181, 1.48426e-05, 1.32409e-05
183, 182, 1.49274e-05, 1.33058e-05
184, 178, 1.38838e-05, 1.33513e-05
184, 179, 1.31884e-05, 1.4873e-05
184, 180, 1.3481e-05, 1.31432e-05
184, 181, 1.40617e-05, 1.37003e-05
184, 182, 1.34846e-05, 1.38634e-05
184, 183, 1.35458e-05, 1.31799e-05
185, 179, 1.31441e-05, 1.48884e-05
185, 180, 1.29121e-05, 1.27846e-05
185, 181, 1.42171e-05, 1.35057e-05
185, 182, 1.36824e-05, 1.38693e-05
185, 183, 1.36763e-05, 1.29116e-05
185, 184, 1.29101e-05, 1.30061e-05
186, 179, 1.41299e-05, 1.46354e-05
186, 180, 1.48622e-05, 1.24032e-05
186, 181, 1.39763e-05, 1.39233e-05
186, 182, 1.38678e-05, 1.33034e-05
186, 183, 1.40269e-05, 1.31507e-05
186, 184, 1.42992e-05, 1.2394e-05
186, 185, 1.39189e-05, 1.25156e-05
188, 179, 1.39065e-05, 1.48205e-05
188, 180, 1.35535e-05, 1.27972e-05
188, 181, 1.31897e-05, 1.35409e-05
188, 182, 1.34036e-05, 1.38774e-05
188, 183, 1.34267e-05, 1.26642e-05
188, 184, 1.36303e-05, 1.24768e-05
188, 185, 1.31124e-05, 1.24884e-05
188, 186, 1.32597e-05, 1.30934e-05
189, 179, 1.31838e-05, 1.55712e-05
189, 180, 1.35384e-05, 1.34566e-05
189, 181, 1.31586e-05, 1.40397e-05
189, 182, 1.32401e-05, 1.45886e-05
189, 183, 1.28487e-05, 1.35245e-05
189, 184, 1.28067e-05, 1.38833e-05
189, 185, 1.28017e-05, 1.33209e-05
189, 186, 1.26307e-05, 1.3596e-05
189, 188, 1.26781e-05, 1.332e-05
190, 179, 1.39818e-05, 1.39964e-05
190, 180, 1.42956e-05, 1.26185e-05
190, 181, 1.41003e-05, 1.32148e-05
190, 182, 1.36339e-05, 1.30701e-05
190, 183, 1.36159e-05, 1.28022e-05
190, 184, 1.41044e-05, 1.25151e-05
190, 185, 1.34914e-05, 1.25968e-05
190, 186, 1.37061e-05, 1.30007e-05
190, 188, 1.38945e-05, 1.24063e-05
190, 189, 1.42006e-05, 1.30625e-05
191, 179, 1.42087e-05, 1.52537e-05
191, 180, 1.39188e-05, 1.30487e-05
191, 181, 1.88862e-05, 1.37879e-05
191, 182, 1.55391e-05, 1.43856e-05
191, 183, 1.42313e-05, 1.33312e-05
191, 184, 1.53798e-05, 1.38275e-05
191, 185, 1.61432e-05, 1.30815e-05
191, 186, 1.56687e-05, 1.37141e-05
191, 188, 1.43218e-05, 1.29393e-05
191, 189, 1.49378e-05, 1.36334e-05
191, 190, 1.416e-05, 1.46549e-05
192, 180, 1.46577e-05, 1.34409e-05
192, 181, 1.35708e-05, 1.39798e-05
192, 182, 1.33431e-05, 1.37161e-05
192, 183, 1.2934e-05, 1.32378e-05
192, 184, 1.48109e-05, 1.32841e-05
192, 185, 1.30934e-05, 1.2959e-05
192, 186, 1.28241e-05, 1.36473e-05
192, 188, 1.31892e-05, 1.23739e-05
192, 189, 1.28035e-05, 1.28169e-05
192, 190, 1.39846e-05, 1.4617e-05
192, 191, 1.30852e-05, 1.48386e-05
195, 184, 1.38135e-05, 1.32131e-05
195, 185, 1.43859e-05, 1.31127e-05
195, 186, 1.37989e-05, 1.34307e-05
195, 188, 1.30502e-05, 1.22534e-05
195, 189, 1.30705e-05, 1.32252e-05
195, 190, 1.33578e-05, 1.33687e-05
195, 191, 1.44591e-05, 1.40498e-05
195, 192, 1.24448e-05, 1.30529e-05
196, 184, 1.45401e-05, 1.35745e-05
196, 185, 1.58641e-05, 1.28092e-05
196, 186, 1.5214e-05, 1.3277e-05
196, 188, 1.33137e-05, 1.29425e-05
196, 189, 1.28763e-05, 1.35074e-05
196, 190, 1.33833e-05, 1.44775e-05
196, 191, 1.56532e-05, 1.46457e-05
196, 192, 1.37286e-05, 1.27867e-05
196, 195, 1.32992e-05, 1.48147e-05
198, 184, 1.2322e-05, 1.38837e-05
198, 185, 1.35226e-05, 1.31038e-05
198, 186, 1.38726e-05, 1.33467e-05
198, 188, 1.24345e-05, 1.30175e-05
198, 189, 1.25601e-05, 1.3767e-05
198, 190, 1.3798e-05, 1.46511e-05
198, 191, 1.39514e-05, 1.46444e-05
198, 192, 1.45075e-05, 1.30381e-05
198, 195, 1.22361e-05, 1.49175e-05
198, 196, 1.41941e-05, 1.48667e-05
199, 184, 1.36904e-05, 1.31873e-05
199, 185, 1.50756e-05, 1.2671e-05
199, 186, 1.43928e-05, 1.29522e-05
199, 188, 1.39279e-05, 1.246e-05
199, 189, 1.34635e-05, 1.28752e-05
199, 190, 1.32599e-05, 1.40913e-05
199, 191, 1.4856e-05, 1.42757e-05
199, 192, 1.35659e-05, 1.31006e-05
199, 195, 1.47429e-05, 1.45948e-05
199, 196, 1.26921e-05, 1.42236e-05
199, 198, 1.62572e-05, 1.23227e-05
201, 185, 1.39899e-05, 1.29881e-05
201, 188, 1.32711e-05, 1.27859e-05
201, 189, 1.59617e-05, 1.32555e-05
201, 190, 1.33956e-05, 1.46317e-05
201, 191, 1.55561e-05, 1.45228e-05
201, 192, 1.36137e-05, 1.28343e-05
201, 195, 1.34412e-05, 1.48412e-05
201, 196, 1.2933e-05, 1.48629e-05
201, 198, 1.57765e-05, 1.29663e-05
201, 199, 1.34347e-05, 1.3811e-05
203, 188, 1.67239e-05, 1.28382e-05
203, 189, 1.76218e-05, 1.33141e-05
203, 190, 1.44165e-05, 1.42215e-05
203, 191, 1.30526e-05, 1.44861e-05
203, 192, 1.54375e-05, 1.31376e-05
203, 195, 1.36647e-05, 1.48749e-05
203, 196, 1.5365e-05, 1.45216e-05
203, 198, 1.30556e-05, 1.28291e-05
203, 199, 1.53965e-05, 1.40636e-05
203, 201, 1.52255e-05, 1.28638e-05
204, 188, 1.40499e-05, 1.24712e-05
204, 189, 1.31905e-05, 1.32624e-05
204, 190, 1.35453e-05, 1.40617e-05
204, 191, 1.56391e-05, 1.40371e-05
204, 192, 1.35368e-05, 1.27547e-05
204, 195, 1.43708e-05, 1.47076e-05
204, 196, 1.33951e-05, 1.43072e-05
204, 198, 1.49694e-05, 1.30168e-05
204, 199, 1.42367e-05, 1.3967e-05
204, 201, 1.38638e-05, 1.30825e-05
204, 203, 1.37231e-05, 1.42363e-05
205, 189, 1.41826e-05, 1.34611e-05
205, 190, 1.42438e-05, 1.40924e-05
205, 191, 1.43181e-05, 1.4366e-05
205, 192, 1.598e-05, 1.27809e-05
205, 195, 1.31039e-05, 1.46403e-05
205, 196, 1.52799e-05, 1.45734e-05
205, 198, 1.29147e-05, 1.28871e-05
205, 199, 1.5977e-05, 1.4147e-05
205, 201, 1.60879e-05, 1.29911e-05
205, 203, 1.41656e-05, 1.44433e-05
205, 204, 1.62442e-05, 1.33118e-05
206, 190, 1.26416e-05, 1.39777e-05
206, 191, 1.37846e-05, 1.42392e-05
206, 192, 1.30523e-05, 1.23383e-05
206, 195, 1.39735e-05, 1.47107e-05
206, 196, 1.27215e-05, 1.4314e-05
206, 198, 1.54658e-05, 1.28075e-05
206, 199, 1.31394e-05, 1.36222e-05
206, 201, 1.28817e-05, 1.29933e-05
206, 203, 1.31537e-05, 1.43035e-05
206, 204, 1.28142e-05, 1.3409e-05
206, 205, 1.29883e-05, 1.33046e-05
207, 190, 1.33025e-05, 1.39371e-05
207, 191, 1.50053e-05, 1.42881e-05
207, 192, 1.36564e-05, 1.28757e-05
207, 195, 1.42344e-05, 1.46167e-05
207, 196, 1.53126e-05, 1.40784e-05
207, 198, 1.58479e-05, 1.27784e-05
207, 199, 1.67195e-05, 1.37457e-05
207, 201, 1.37569e-05, 1.28625e-05
207, 203, 1.45523e-05, 1.39107e-05
207, 204, 1.44922e-05, 1.33808e-05
207, 205, 1.35364e-05, 1.31494e-05
207, 206, 1.41534e-05, 1.41182e-05
209, 192, 1.30514e-05, 1.29126e-05
209, 195, 1.45237e-05, 1.48434e-05
209, 196, 1.35441e-05, 1.4324e-05
209, 198, 1.44498e-05, 1.31196e-05
209, 199, 1.27876e-05, 1.40801e-05
209, 201, 1.33023e-05, 1.3003e-05
209, 203, 1.25279e-05, 1.44229e-05
209, 204, 1.30891e-05, 1.349e-05
209, 205, 1.33696e-05, 1.31308e-05
209, 206, 1.28903e-05, 1.44383e-05
209, 207, 1.2908e-05, 1.77472e-05
210, 195, 1.54175e-05, 1.47968e-05
210, 198, 1.7477e-05, 1.27918e-05
210, 199, 1.55377e-05, 1.36183e-05
210, 201, 1.30958e-05, 1.30947e-05
210, 203, 1.41922e-05, 1.43786e-05
210, 204, 1.31455e-05, 1.34126e-05
210, 205, 1.39005e-05, 1.29928e-05
210, 206, 1.43312e-05, 1.42153e-05
210, 207, 1.35639e-05, 1.75854e-05
210, 209, 1.59956e-05, 1.39556e-05
211, 195, 1.41043e-05, 1.48012e-05
211, 198, 1.47696e-05, 1.27775e-05
211, 199, 1.39827e-05, 1.39812e-05
211, 201, 1.47118e-05, 1.29712e-05
211, 203, 1.32652e-05, 1.43251e-05
211, 204, 1.39885e-05, 1.35866e-05
211, 205, 1.36971e-05, 1.30811e-05
211, 206, 1.33933e-05, 1.43927e-05
211, 207, 1.33076e-05, 1.77556e-05
211, 209, 1.38816e-05, 1.36123e-05
211, 210, 1.40798e-05, 1.36016e-05
212, 198, 1.7069e-05, 1.26825e-05
212, 199, 1.33086e-05, 1.42004e-05
212, 201, 1.29357e-05, 1.31786e-05
212, 203, 1.4378e-05, 1.44556e-05
212, 204, 1.29635e-05, 1.34989e-05
212, 205, 1.39896e-05, 1.31925e-05
212, 206, 1.55942e-05, 1.45758e-05
212, 207, 1.34986e-05, 1.77913e-05
212, 209, 1.61988e-05, 1.3641e-05
212, 210, 1.4766e-05, 1.37216e-05
212, 211, 1.56515e-05, 1.36119e-05
213, 199, 1.39396e-05, 1.38744e-05
213, 201, 1.46478e-05, 1.29302e-05
213, 203, 1.44477e-05, 1.40299e-05
213, 204, 1.4103e-05, 1.34342e-05
213, 205, 1.45008e-05, 1.31789e-05
213, 206, 1.30632e-05, 1.44122e-05
213, 207, 1.32549e-05, 1.76214e-05
213, 209, 1.48352e-05, 1.41811e-05
213, 210, 1.2943e-05, 1.35661e-05
213, 211, 1.4041e-05, 1.3304e-05
213, 212, 1.34706e-05, 1.34193e-05
214, 203, 1.29815e-05, 1.44318e-05
214, 204, 1.31491e-05, 1.34272e-05
214, 205, 1.29477e-05, 1.31288e-05
214, 206, 1.37134e-05, 1.43106e-05
214, 207, 1.25168e-05, 1.78347e-05
214, 209, 1.34417e-05, 1.38469e-05
214, 210, 1.29433e-05, 1.37147e-05
214, 211, 1.32456e-05, 1.33151e-05
214, 212, 1.37553e-05, 1.35064e-05
214, 213, 1.34093e-05, 1.43102e-05
215, 205, 1.7642e-05, 1.31711e-05
215, 206, 1.35767e-05, 1.45538e-05
215, 207, 1.69213e-05, 1.78671e-05
215, 209, 1.39769e-05, 1.4194e-05
215, 210, 1.43278e-05, 1.38884e-05
215, 211, 1.48502e-05, 1.35963e-05
215, 212, 1.47026e-05, 1.3451e-05
215, 213, 1.56325e-05, 1.43385e-05
215, 214, 1.33621e-05, 1.28065e-05
216, 207, 1.32025e-05, 1.7747e-05
216, 209, 1.44458e-05, 1.37654e-05
216, 210, 1.33981e-05, 1.35746e-05
216, 211, 1.46318e-05, 1.35042e-05
216, 212, 1.32421e-05, 1.3401e-05
216, 213, 1.42946e-05, 1.44979e-05
216, 214, 1.38812e-05, 1.3074e-05
216, 215, 1.38311e-05, 1.44314e-05
217, 209, 1.46146e-05, 1.34705e-05
217, 210, 1.4515e-05, 1.32159e-05
217, 211, 1.44894e-05, 1.41233e-05
217, 212, 1.4094e-05, 1.32792e-05
217, 213, 1.4316e-05, 1.4875e-05
217, 214, 1.5198e-05, 1.30573e-05
217, 215, 1.4476e-05, 1.43676e-05
217, 216, 1.44473e-05, 1.31551e-05
219, 210, 1.40064e-05, 1.37587e-05
219, 211, 1.35274e-05, 1.3879e-05
219, 212, 1.34199e-05, 1.28855e-05
219, 213, 1.37369e-05, 1.42211e-05
219, 214, 1.3883e-05, 1.31607e-05
219, 215, 1.32199e-05, 1.45671e-05
219, 216, 1.30638e-05, 1.28707e-05
219, 217, 1.455e-05, 1.61798e-05
220, 210, 1.3701e-05, 1.34998e-05
220, 211, 1.4852e-05, 1.38974e-05
220, 212, 1.30327e-05, 1.33462e-05
220, 213, 1.28843e-05, 1.45721e-05
220, 214, 1.39836e-05, 1.31179e-05
220, 215, 1.39117e-05, 1.45017e-05
220, 216, 1.36864e-05, 1.3089e-05
220, 217, 1.33446e-05, 1.62593e-05
220, 219, 1.42719e-05, 1.83473e-05
221, 210, 1.88336e-05, 1.35218e-05
221, 211, 1.77738e-05, 1.34821e-05
221, 212, 1.50184e-05, 1.3806e-05
221, 213, 1.3531e-05, 1.48136e-05
221, 214, 1.73096e-05, 1.30253e-05
221, 215, 1.65998e-05, 1.43351e-05
221, 216, 1.69525e-05, 1.31008e-05
221, 217, 1.39945e-05, 1.60134e-05
221, 219, 1.3744e-05, 1.83935e-05
221, 220, 1.53724e-05, 1.24806e-05
222, 212, 1.41113e-05, 1.3367e-05
222, 213, 1.46299e-05, 1.47221e-05
222, 214, 1.37606e-05, 1.32563e-05
222, 215, 1.38161e-05, 1.41707e-05
222, 216, 1.5129e-05, 1.31687e-05
222, 217, 1.39459e-05, 1.5762e-05
222, 219, 1.4562e-05, 1.88128e-05
222, 220, 1.36167e-05, 1.25709e-05
222, 221, 1.29695e-05, 1.34911e-05
223, 213, 1.37957e-05, 1.47782e-05
223, 214, 1.32766e-05, 1.26885e-05
223, 215, 1.29281e-05, 1.42318e-05
223, 216, 1.36333e-05, 1.34321e-05
223, 217, 1.43292e-05, 1.61471e-05
223, 219, 1.57354e-05, 1.884e-05
223, 220, 1.33003e-05, 1.29329e-05
223, 221, 1.40798e-05, 1.3648e-05
223, 222, 1.3401e-05, 1.29185e-05
224, 213, 1.33077e-05, 1.48118e-05
224, 214, 1.60816e-05, 1.24295e-05
224, 215, 1.4954e-05, 1.41948e-05
224, 216, 1.51424e-05, 1.28391e-05
224, 217, 1.48673e-05, 1.57585e-05
224, 219, 1.41201e-05, 1.86971e-05
224, 220, 1.42041e-05, 1.23586e-05
224, 221, 1.34738e-05, 1.38092e-05
224, 222, 1.42693e-05, 1.26539e-05
224, 223, 1.3704e-05, 1.41891e-05
225, 215, 1.68899e-05, 1.44646e-05
225, 216, 1.59655e-05, 1.3118e-05
225, 217, 1.47401e-05, 1.62178e-05
225, 219, 1.32101e-05, 1.85543e-05
225, 220, 1.41252e-05, 1.26598e-05
225, 221, 1.54684e-05, 1.36193e-05
225, 222, 1.38373e-05, 1.27108e-05
225, 223, 1.44344e-05, 1.41539e-05
225, 224, 1.32521e-05, 1.5882e-05
226, 216, 1.68927e-05, 1.29659e-05
226, 217, 1.42182e-05, 1.57823e-05
226, 219, 1.30888e-05, 1.85133e-05
226, 220, 1.43195e-05, 1.28376e-05
226, 221, 1.38526e-05, 1.35012e-05
226, 222, 1.42501e-05, 1.27499e-05
226, 223, 1.38769e-05, 1.42641e-05
226, 224, 1.3201e-05, 1.52709e-05
226, 225, 1.40665e-05, 1.52898e-05
227, 216, 1.36975e-05, 1.31344e-05
227, 217, 1.36348e-05, 1.61658e-05
227, 219, 1.50018e-05, 1.8267e-05
227, 220, 1.29873e-05, 1.28094e-05
227, 221, 1.33272e-05, 1.39927e-05
227, 222, 1.33672e-05, 1.30801e-05
227, 223, 1.28719e-05, 1.41777e-05
227, 224, 1.45692e-05, 1.57175e-05
227, 225, 1.49349e-05, 1.56792e-05
227, 226, 1.2928e-05, 1.49739e-05
228, 217, 1.35489e-05, 1.51793e-05
228, 219, 1.25502e-05, 1.80791e-05
228, 220, 1.40963e-05, 1.14602e-05
228, 221, 1.60712e-05, 1.30787e-05
228, 222, 1.40779e-05, 1.18965e-05
228, 223, 1.45683e-05, 1.38225e-05
228, 224, 1.3147e-05, 1.54796e-05
228, 225, 1.24688e-05, 1.56736e-05
228, 226, 1.47873e-05, 1.40372e-05
228, 227, 1.287e-05, 2.4111e-05
229, 219, 1.43056e-05, 1.84817e-05
229, 220, 1.73148e-05, 1.38476e-05
229, 221, 1.39446e-05, 1.40848e-05
229, 222, 1.83337e-05, 1.24824e-05
229, 223, 1.56843e-05, 1.42823e-05
229, 224, 1.35883e-05, 1.51833e-05
229, 225, 1.56928e-05, 1.58879e-05
229, 226, 1.41929e-05, 1.46365e-05
229, 227, 1.43934e-05, 2.44883e-05
229, 228, 1.57048e-05, 1.86551e-05
230, 219, 1.24355e-05, 1.86377e-05
230, 220, 1.39617e-05, 1.24853e-05
230, 221, 1.36012e-05, 1.37085e-05
230, 222, 1.50382e-05, 1.30773e-05
230, 223, 1.44571e-05, 1.43492e-05
230, 224, 1.20185e-05, 1.56429e-05
230, 225, 1.30907e-05, 1.57653e-05
230, 226, 1.36858e-05, 1.51601e-05
230, 227, 1.26084e-05, 2.41807e-05
230, 228, 1.29883e-05, 1.80003e-05
230, 229, 1.40704e-05, 1.66157e-05
231, 219, 1.36364e-05, 1.82338e-05
231, 220, 1.41955e-05, 1.24446e-05
231, 221, 1.67774e-05, 1.36481e-05
231, 222, 1.54333e-05, 1.27916e-05
231, 223, 1.49134e-05, 1.43819e-05
231, 224, 1.35772e-05, 1.53958e-05
231, 225, 1.37621e-05, 1.56199e-05
231, 226, 1.40981e-05, 1.48757e-05
231, 227, 1.35724e-05, 2.42926e-05
231, 228, 1.40476e-05, 1.80715e-05
231, 229, 1.39717e-05, 1.64617e-05
231, 230, 1.41579e-05, 1.48209e-05
232, 220, 1.65799e-05, 1.24015e-05
232, 221, 1.70813e-05, 1.41124e-05
232, 222, 1.57703e-05, 1.27936e-05
232, 223, 1.6833e-05, 1.40187e-05
232, 224, 1.49132e-05, 1.56837e-05
232, 225, 1.57919e-05, 1.55472e-05
232, 226, 1.54312e-05, 1.48139e-05
232, 227, 1.49004e-05, 2.4051e-05
232, 228, 1.52754e-05, 1.80089e-05
232, 229, 1.5913e-05, 1.63781e-05
232, 230, 1.63522e-05, 1.51427e-05
232, 231, 1.43459e-05, 1.35488e-05
233, 221, 1.32896e-05, 1.36645e-05
233, 222, 1.24385e-05, 1.27462e-05
233, 223, 1.31911e-05, 1.45118e-05
233, 224, 1.34007e-05, 1.53834e-05
233, 225, 1.36804e-05, 1.56719e-05
233, 226, 1.21524e-05, 1.4773e-05
233, 227, 1.30208e-05, 2.42063e-05
233, 228, 1.33458e-05, 1.79294e-05
233, 229, 1.21741e-05, 1.66556e-05
233, 230, 1.23569e-05, 1.47121e-05
233, 231, 1.36442e-05, 1.35853e-05
233, 232, 1.26082e-05, 1.66117e-05
235, 224, 1.33073e-05, 1.53864e-05
235, 225, 1.3574e-05, 1.54912e-05
235, 226, 1.25858e-05, 1.46549e-05
235, 227, 1.24433e-05, 2.42795e-05
235, 228, 1.43474e-05, 1.83973e-05
235, 229, 1.31324e-05, 1.66491e-05
235, 230, 1.32776e-05, 1.4817e-05
235, 231, 1.24006e-05, 1.38746e-05
235, 232, 1.22642e-05, 1.61028e-05
235, 233, 1.23199e-05, 1.23305e-05
236, 225, 1.32973e-05, 1.53175e-05
236, 226, 1.45121e-05, 1.50503e-05
236, 227, 1.39986e-05, 2.39189e-05
236, 228, 1.24009e-05, 1.86206e-05
236, 229, 1.64847e-05, 1.66665e-05
236, 230, 1.36167e-05, 1.49788e-05
236, 231, 1.42073e-05, 1.38262e-05
236, 232, 1.29246e-05, 1.66163e-05
236, 233, 1.30887e-05, 1.22842e-05
236, 235, 1.54817e-05, 1.85111e-05
237, 227, 1.46593e-05, 2.41317e-05
237, 228, 1.50434e-05, 1.80584e-05
237, 229, 1.43329e-05, 1.66621e-05
237, 230, 1.44937e-05, 1.3895e-05
237, 231, 1.62669e-05, 1.36756e-05
237, 232, 1.47227e-05, 1.62436e-05
237, 233, 1.55433e-05, 1.15257e-05
237, 235, 1.4657e-05, 1.82208e-05
237, 236, 1.43521e-05, 1.82826e-05
238, 229, 1.44625e-05, 1.6504e-05
238, 230, 1.40373e-05, 1.5285e-05
238, 231, 1.34959e-05, 1.37431e-05
238, 232, 1.56721e-05, 1.65081e-05
238, 233, 1.36367e-05, 1.25709e-05
238, 235, 1.59163e-05, 1.79809e-05
238, 236, 1.44182e-05, 1.87065e-05
238, 237, 1.6438e-05, 1.48742e-05
239, 230, 3.98431e-05, 1.53881e-05
239, 231, 3.44161e-05, 1.37175e-05
239, 232, 3.48305e-05, 1.68815e-05
239, 233, 3.2681e-05, 1.22548e-05
239, 235, 3.96513e-05, 1.78622e-05
239, 236, 3.85936e-05, 1.72473e-05
239, 237, 4.37187e-05, 1.41685e-05
239, 238, 4.06822e-05, 1.37707e-05
240, 232, 1.42841e-05, 1.6202e-05
240, 233, 1.65733e-05, 1.19897e-05
240, 235, 1.76558e-05, 1.8186e-05
240, 236, 1.67066e-05, 1.78646e-05
240, 237, 1.93587e-05, 1.41337e-05
240, 238, 1.76085e-05, 1.32048e-05
240, 239, 2.54751e-05, 2.85024e-05
241, 232, 3.8974e-05, 1.6387e-05
241, 233, 3.2291e-05, 1.20227e-05
241, 235, 3.48819e-05, 1.79995e-05
241, 236, 3.49196e-05, 1.79192e-05
241, 237, 3.04798e-05, 1.44387e-05
241, 238, 3.21406e-05, 1.30268e-05
241, 239, 2.34863e-05, 2.8558e-05
241, 240, 6.9021e-05, 2.85329e-05
242, 233, 4.99021e-05, 1.20887e-05
242, 235, 4.35922e-05, 1.8816e-05
242, 236, 4.35595e-05, 1.92971e-05
242, 237, 4.05215e-05, 1.52609e-05
242, 238, 4.26935e-05, 1.3844e-05
242, 239, 3.3894e-05, 2.88201e-05
242, 240, 8.00124e-05, 2.89979e-05
242, 241, 3.98415e-05, 1.63498e-05
243, 235, 2.42908e-05, 1.82429e-05
243, 236, 2.44396e-05, 1.70182e-05
243, 237, 2.35626e-05, 1.43593e-05
243, 238, 2.57721e-05, 1.3444e-05
243, 239, 1.69804e-05, 2.83005e-05
243, 240, 6.19136e-05, 2.89037e-05
243, 241, 2.2752e-05, 1.55083e-05
243, 242, 6.91038e-05, 2.20727e-05
244, 236, 2.85292e-05, 1.83176e-05
244, 237, 1.77678e-05, 1.4273e-05
244, 238, 2.20318e-05, 1.32222e-05
244, 239, 1.73746e-05, 2.89727e-05
244, 240, 5.45506e-05, 2.84621e-05
244, 241, 1.97666e-05, 1.54587e-05
244, 242, 6.3181e-05, 2.16359e-05
244, 243, 3.6384e-05, 1.27518e-05
245, 237, 4.50869e-05, 1.42214e-05
245, 238, 4.16669e-05, 1.30851e-05
245, 239, 4.0921e-05, 2.83168e-05
245, 240, 8.23792e-05, 2.83339e-05
245, 241, 4.22647e-05, 1.45972e-05
245, 242, 9.04412e-05, 2.09378e-05
245, 243, 6.26765e-05, 1.27479e-05
245, 244, 8.95088e-05, 3.29053e-05
246, 237, 1.43914e-05, 1.40776e-05
246, 238, 1.40262e-05, 1.30742e-05
246, 239, 1.49526e-05, 2.83609e-05
246, 240, 4.2249e-05, 2.87138e-05
246, 241, 1.35215e-05, 1.56765e-05
246, 242, 5.22155e-05, 2.17747e-05
246, 243, 2.54995e-05, 1.22454e-05
246, 244, 5.19951e-05, 3.18548e-05
246, 245, 2.35206e-05, 1.70251e-05
247, 238, 3.81552e-05, 1.37742e-05
247, 239, 2.94615e-05, 2.83344e-05
247, 240, 6.76237e-05, 2.86992e-05
247, 241, 3.43605e-05, 1.53733e-05
247, 242, 7.9644e-05, 2.09547e-05
247, 243, 5.19109e-05, 1.29141e-05
247, 244, 7.83107e-05, 3.22489e-05
247, 245, 4.90485e-05, 1.72808e-05
247, 246, 3.08253e-05, 1.45252e-05
248, 240, 8.45835e-05, 2.92443e-05
248, 241, 4.46312e-05, 1.56321e-05
248, 242, 9.49349e-05, 2.14023e-05
248, 243, 6.44728e-05, 1.27423e-05
248, 244, 9.12384e-05, 3.26979e-05
248, 245, 6.12082e-05, 1.70616e-05
248, 246, 4.31929e-05, 1.37149e-05
248, 247, 5.76481e-05, 1.46312e-05
249, 242, 4.70421e-05, 2.25617e-05
249, 243, 2.35323e-05, 1.37938e-05
249, 244, 5.07742e-05, 3.23962e-05
249, 245, 2.357e-05, 1.75068e-05
249, 246, 1.19494e-05, 1.36901e-05
249, 247, 1.92914e-05, 1.53091e-05
249, 248, 3.70672e-05, 1.73119e-05
250, 242, 1.83777e-05, 2.17437e-05
250, 243, 1.70693e-05, 1.36154e-05
250, 244, 2.26528e-05, 3.21306e-05
250, 245, 2.2965e-05, 1.74737e-05
250, 246, 3.86298e-05, 1.40879e-05
250, 247, 2.59259e-05, 1.52498e-05
250, 248, 7.29732e-05, 1.74665e-05
250, 249, 3.63611e-05, 1.99996e-05
251, 244, 6.68937e-05, 3.24857e-05
251, 245, 4.36991e-05, 1.71981e-05
251, 246, 2.23638e-05, 1.34479e-05
251, 247, 3.55182e-05, 1.46322e-05
251, 248, 2.14097e-05, 1.77342e-05
251, 249, 2.50623e-05, 2.0088e-05
251, 250, 2.57453e-05, 2.25412e-05
252, 248, 1.75376e-05, 1.79644e-05
252, 249, 3.24303e-05, 2.01833e-05
252, 250, 3.32079e-05, 2.28244e-05
252, 251, 2.13323e-05, 1.70372e-05
253, 249, 3.27577e-05, 2.01631e-05
253, 250, 3.24731e-05, 2.26893e-05
253, 251, 4.4232e-05, 1.69833e-05
253, 252, 8.39504e-05, 1.49785e-05
254, 251, 1.8673e-05, 1.69332e-05
254, 252, 3.99073e-05, 1.44454e-05
254, 253, 2.72853e-05, 1.38935e-05
255, 252, 6.42185e-05, 1.45876e-05
255, 253, 1.3881e-05, 1.33969e-05
255, 254, 6.25249e-05, 1.57313e-05
256, 253, 4.21862e-05, 1.58609e-05
256, 254, 2.18769e-05, 1.60439e-05
256, 255, 5.83026e-05, 1.96907e-05
257, 255, 8.3165e-05, 1.93359e-05
257, 256, 2.41136e-05, 2.20813e-05
258, 256, 3.66732e-05, 2.21022e-05
258, 257, 4.01076e-05, 2.6992e-05
259, 256, 2.42351e-05, 2.3137e-05
259, 257, 5.05416e-05, 2.64465e-05
259, 258, 3.62032e-05, 1.60312e-05
260, 256, 3.42768e-05, 2.27783e-05
260, 257, 3.36594e-05, 2.65061e-05
260, 258, 2.44566e-05, 1.67922e-05
260, 259, 1.97979e-05, 3.10288e-05
261, 258, 4.23202e-05, 1.72025e-05
261, 259, 1.51208e-05, 3.12112e-05
261, 260, 1.7177e-05, 2.65273e-05
262, 259, 1.81677e-05, 3.12157e-05
262, 260, 1.88232e-05, 2.61892e-05
262, 261, 1.86568e-05, 1.90164e-05
263, 259, 4.9086e-05, 3.22548e-05
263, 260, 4.70811e-05, 2.728e-05
263, 261, 3.42629e-05, 1.80344e-05
263, 262, 1.62189e-05, 2.60811e-05
264, 261, 5.5855e-05, 1.82597e-05
264, 262, 2.15217e-05, 2.6433e-05
264, 263, 7.59765e-05, 2.58001e-05
265, 261, 3.10761e-05, 1.81577e-05
265, 262, 2.04856e-05, 2.59381e-05
265, 263, 4.9187e-05, 2.51691e-05
265, 264, 5.76231e-05, 4.16348e-05
266, 261, 1.80035e-05, 1.89107e-05
266, 262, 3.75964e-05, 2.64543e-05
266, 263, 3.54472e-05, 2.54741e-05
266, 264, 4.25913e-05, 4.20694e-05
266, 265, 4.79954e-05, 1.65585e-05
267, 262, 1.78423e-05, 2.6686e-05
267, 263, 6.58461e-05, 2.51277e-05
267, 264, 7.56436e-05, 4.21387e-05
267, 265, 2.16976e-05, 1.73527e-05
267, 266, 6.69306e-05, 1.75048e-05
268, 262, 2.21369e-05, 2.65711e-05
268, 263, 4.46073e-05, 2.5574e-05
268, 264, 5.13034e-05, 4.23364e-05
268, 265, 3.4906e-05, 1.84885e-05
268, 266, 5.11164e-05, 1.87537e-05
268, 267, 4.60669e-05, 3.99196e-05
269, 262, 1.9678e-05, 2.77641e-05
269, 263, 5.79024e-05, 2.4636e-05
269, 264, 6.06237e-05, 4.1887e-05
269, 265, 2.56397e-05, 1.71204e-05
269, 266, 5.65745e-05, 1.73401e-05
269, 267, 5.8779e-05, 3.96906e-05
269, 268, 2.55153e-05, 2.34804e-05
271, 265, 7.30789e-05, 1.6936e-05
271, 266, 1.78622e-05, 1.95875e-05
271, 267, 1.3628e-05, 3.94262e-05
271, 268, 7.39961e-05, 2.22365e-05
271, 269, 7.3708e-05, 1.55616e-05
272, 267, 5.90181e-05, 3.96345e-05
272, 268, 2.1234e-05, 2.27363e-05
272, 269, 1.98042e-05, 1.54472e-05
272, 271, 1.70775e-05, 4.19512e-05
273, 268, 2.55904e-05, 2.2514e-05
273, 269, 2.42106e-05, 1.59095e-05
273, 271, 4.53441e-05, 4.32728e-05
273, 272, 5.92506e-05, 2.04158e-05
274, 269, 6.26117e-05, 1.51807e-05
274, 271, 4.02227e-05, 4.30112e-05
274, 272, 3.05893e-05, 2.02037e-05
274, 273, 5.11692e-05, 1.90106e-05
275, 271, 3.79529e-05, 4.30218e-05
275, 272, 2.13092e-05, 2.03297e-05
275, 273, 4.35803e-05, 1.65007e-05
275, 274, 1.7485e-05, 1.96481e-05
276, 272, 3.83477e-05, 2.05125e-05
276, 273, 1.62687e-05, 1.76485e-05
276, 274, 4.17753e-05, 2.03963e-05
276, 275, 5.51774e-05, 5.11124e-05
277, 273, 4.01762e-05, 1.83138e-05
277, 274, 6.80292e-05, 2.08218e-05
277, 275, 8.17151e-05, 5.04666e-05
277, 276, 1.66372e-05, 3.69595e-05
278, 273, 1.99568e-05, 1.72445e-05
278, 274, 4.05583e-05, 2.06661e-05
278, 275, 5.2845e-05, 5.03438e-05
278, 276, 3.68443e-05, 3.74847e-05
278, 277, 3.61639e-05, 1.62522e-05
279, 274, 2.73183e-05, 2.09345e-05
279, 275, 4.58205e-05, 5.05852e-05
279, 276, 4.3608e-05, 3.70414e-05
279, 277, 2.77741e-05, 1.75653e-05
279, 278, 2.63759e-05, 1.76876e-05
280, 275, 0.000109904, 5.06825e-05
280, 276, 3.19924e-05, 3.69504e-05
280, 277, 9.34711e-05, 1.74404e-05
280, 278, 9.13241e-05, 1.90595e-05
280, 279, 5.64577e-05, 5.86046e-05
281, 275, 6.7352e-05, 5.09726e-05
281, 276, 2.1987e-05, 3.7681e-05
281, 277, 5.18433e-05, 1.72786e-05
281, 278, 4.47523e-05, 1.79909e-05
281, 279, 1.79866e-05, 5.77026e-05
281, 280, 1.95463e-05, 3.06792e-05
282, 277, 2.6562e-05, 1.75797e-05
282, 278, 2.21796e-05, 1.77237e-05
282, 279, 3.34773e-05, 5.7961e-05
282, 280, 2.8344e-05, 3.03999e-05
282, 281, 2.81573e-05, 4.79804e-05
283, 277, 9.02235e-05, 1.65616e-05
283, 278, 9.52569e-05, 1.82769e-05
283, 279, 6.23016e-05, 5.86356e-05
283, 280, 6.29199e-05, 3.08581e-05
283, 281, 9.86773e-05, 4.8114e-05
283, 282, 9.00036e-05, 2.17625e-05
284, 277, 2.79549e-05, 1.70315e-05
284, 278, 2.53779e-05, 1.70124e-05
284, 279, 2.30614e-05, 5.75542e-05
284, 280, 1.98074e-05, 3.02452e-05
284, 281, 3.30324e-05, 4.77732e-05
284, 282, 2.63947e-05, 2.04701e-05
284, 283, 3.89713e-05, 2.19803e-05
285, 278, 2.71251e-05, 1.71012e-05
285, 279, 2.70324e-05, 5.79651e-05
285, 280, 2.04033e-05, 3.04046e-05
285, 281, 3.03563e-05, 4.7665e-05
285, 282, 2.42153e-05, 2.18238e-05
285, 283, 4.11415e-05, 2.05589e-05
285, 284, 3.81204e-05, 3.57693e-05
286, 277, 6.01356e-05, 1.83497e-05
286, 278, 6.18878e-05, 1.67112e-05
286, 279, 2.9176e-05, 5.87652e-05
286, 280, 3.21987e-05, 2.88837e-05
286, 281, 6.30612e-05, 4.79728e-05
286, 282, 5.78534e-05, 1.97352e-05
286, 283, 1.30871e-05, 2.19269e-05
286, 284, 1.3346e-05, 3.48145e-05
286, 285, 3.30687e-05, 2.04818e-05
287, 279, 3.19293e-05, 5.90493e-05
287, 280, 2.64003e-05, 3.09183e-05
287, 281, 2.7311e-05, 4.79884e-05
287, 282, 2.58057e-05, 2.21413e-05
287, 283, 5.24948e-05, 2.12406e-05
287, 284, 4.68882e-05, 3.50463e-05
287, 285, 2.6381e-05, 2.01404e-05
287, 286, 7.35113e-05, 3.22804e-05
288, 280, 7.38219e-05, 3.03789e-05
288, 281, 0.000114855, 4.81109e-05
288, 282, 9.98827e-05, 2.05722e-05
288, 283, 5.15131e-05, 2.09192e-05
288, 284, 5.14255e-05, 3.47615e-05
288, 285, 8.06128e-05, 2.15661e-05
288, 286, 2.31134e-05, 3.06024e-05
288, 287, 7.25169e-05, 6.56601e-05
289, 284, 3.79981e-05, 3.60177e-05
289, 285, 2.90899e-05, 2.11453e-05
289, 286, 6.0852e-05, 3.06828e-05
289, 287, 1.97408e-05, 6.53397e-05
289, 288, 5.08596e-05, 2.51885e-05
290, 285, 5.94365e-05, 2.06299e-05
290, 286, 3.27474e-05, 3.07446e-05
290, 287, 4.95012e-05, 6.5732e-05
290, 288, 1.59498e-05, 2.26673e-05
290, 289, 5.79252e-05, 4.79754e-05
291, 287, 7.24465e-05, 6.45032e-05
291, 288, 3.56926e-05, 2.31248e-05
291, 289, 7.1871e-05, 5.08361e-05
291, 290, 8.10744e-05, 2.57207e-05
292, 288, 2.74312e-05, 2.34807e-05
292, 289, 6.60121e-05, 4.7289e-05
292, 290, 6.54099e-05, 2.55498e-05
292, 291, 6.32895e-05, 7.16955e-05
293, 289, 0.000101003, 5.06616e-05
293, 290, 0.000107144, 2.39573e-05
293, 291, 3.24426e-05, 7.1723e-05
293, 292, 2.12241e-05, 6.79837e-05
294, 290, 0.000117692, 2.41236e-05
294, 291, 3.75955e-05, 7.18236e-05
294, 292, 2.98034e-05, 6.86462e-05
294, 293, 1.56257e-05, 3.93941e-05
295, 291, 6.15944e-05, 7.16757e-05
295, 292, 4.55103e-05, 6.8788e-05
295, 293, 4.68966e-05, 4.03114e-05
295, 294, 3.19672e-05, 3.71011e-05
296, 291, 5.58903e-05, 7.19503e-05
296, 292, 4.07933e-05, 6.79003e-05
296, 293, 3.39635e-05, 3.96315e-05
296, 294, 2.1725e-05, 3.73431e-05
296, 295, 2.5083e-05, 1.66456e-05
298, 292, 4.2105e-05, 6.87522e-05
298, 293, 3.53355e-05, 4.02409e-05
298, 294, 2.21786e-05, 3.66075e-05
298, 295, 2.33251e-05, 1.95755e-05
298, 296, 2.38062e-05, 4.12913e-05
299, 292, 4.32021e-05, 6.83984e-05
299, 293, 2.59333e-05, 4.05849e-05
299, 294, 3.96778e-05, 3.70783e-05
299, 295, 6.93319e-05, 2.08098e-05
299, 296, 5.08928e-05, 4.17274e-05
299, 298, 2.30509e-05, 2.97618e-05
300, 292, 4.41219e-05, 6.9358e-05
300, 293, 4.55115e-05, 4.06319e-05
300, 294, 3.0118e-05, 3.62456e-05
300, 295, 1.6761e-05, 1.90469e-05
300, 296, 2.26468e-05, 4.18015e-05
300, 298, 7.71571e-05, 2.91367e-05
300, 299, 3.22908e-05, 2.21227e-05
301, 294, 6.97774e-05, 3.66066e-05
301, 295, 0.000101838, 1.86276e-05
301, 296, 8.33414e-05, 4.05968e-05
301, 298, 2.81339e-05, 2.86145e-05
301, 299, 6.83444e-05, 2.04706e-05
301, 300, 4.08477e-05, 1.58945e-05
302, 294, 2.59828e-05, 3.59831e-05
302, 295, 2.63382e-05, 1.79885e-05
302, 296, 2.26548e-05, 4.11013e-05
302, 298, 6.50316e-05, 2.92265e-05
302, 299, 2.31343e-05, 2.15713e-05
302, 300, 4.64117e-05, 1.50891e-05
302, 301, 4.49256e-05, 1.91622e-05
303, 294, 6.67495e-05, 3.66414e-05
303, 295, 9.83635e-05, 1.88647e-05
303, 296, 8.23614e-05, 4.14413e-05
303, 298, 3.01004e-05, 3.00948e-05
303, 299, 6.51131e-05, 2.0855e-05
303, 300, 3.86505e-05, 1.57345e-05
303, 301, 3.96014e-05, 2.12133e-05
303, 302, 6.55567e-05, 6.31343e-05
304, 295, 7.52184e-05, 1.71103e-05
304, 296, 6.01224e-05, 4.18588e-05
304, 298, 2.4263e-05, 2.95538e-05
304, 299, 4.319e-05, 2.15217e-05
304, 300, 2.15484e-05, 1.57978e-05
304, 301, 1.97703e-05, 1.93934e-05
304, 302, 4.2615e-05, 6.27145e-05
304, 303, 2.72284e-05, 1.92015e-05
305, 296, 9.73178e-05, 4.25791e-05
305, 298, 4.92041e-05, 2.9269e-05
305, 299, 7.91856e-05, 2.13824e-05
305, 300, 5.42548e-05, 1.6847e-05
305, 301, 5.20522e-05, 2.06229e-05
305, 302, 7.89941e-05, 6.3169e-05
305, 303, 6.19117e-05, 1.94495e-05
305, 304, 0.000110814, 2.28438e-05
306, 298, 4.84689e-05, 2.93147e-05
306, 300, 5.4659e-05, 1.52046e-05
306, 301, 5.16641e-05, 1.92365e-05
306, 302, 8.03448e-05, 6.35046e-05
306, 303, 6.12966e-05, 1.78007e-05
306, 304, 0.000112144, 2.11721e-05
306, 305, 7.98389e-05, 1.9931e-05
307, 300, 5.40832e-05, 1.50857e-05
307, 301, 5.04285e-05, 1.93069e-05
307, 302, 7.7582e-05, 6.36064e-05
307, 303, 5.93134e-05, 1.88782e-05
307, 304, 0.000106508, 2.27774e-05
307, 305, 7.45869e-05, 2.06721e-05
307, 306, 1.71545e-05, 7.5574e-05
308, 302, 4.44124e-05, 6.30672e-05
308, 303, 3.42167e-05, 2.06264e-05
308, 304, 5.52786e-05, 2.06875e-05
308, 305, 3.48098e-05, 1.79368e-05
308, 306, 7.11088e-05, 7.6673e-05
308, 307, 6.4476e-05, 5.95012e-05
309, 304, 0.000142036, 2.32006e-05
309, 305, 0.000111095, 2.04581e-05
309, 306, 3.55032e-05, 7.69498e-05
309, 307, 5.10885e-05, 6.10001e-05
309, 308, 8.4191e-05, 3.63006e-05
310, 305, 9.72721e-05, 2.05169e-05
310, 306, 3.88985e-05, 7.62287e-05
310, 307, 4.44051e-05, 5.80324e-05
310, 308, 7.2051e-05, 3.79186e-05
310, 309, 8.00376e-05, 6.25136e-05
311, 305, 0.000120035, 2.06545e-05
311, 306, 5.41659e-05, 7.60085e-05
311, 307, 6.019e-05, 5.93493e-05
311, 308, 9.6241e-05, 3.81923e-05
311, 309, 0.00010204, 6.27452e-05
311, 310, 5.00601e-05, 2.34034e-05
313, 307, 6.50952e-05, 6.04412e-05
313, 308, 5.17372e-05, 3.6977e-05
313, 309, 5.24936e-05, 6.30218e-05
313, 310, 8.1993e-05, 2.14167e-05
313, 311, 3.08017e-05, 4.9177e-05
314, 308, 8.98576e-05, 3.58597e-05
314, 309, 9.89577e-05, 6.31875e-05
314, 310, 2.71478e-05, 2.35684e-05
314, 311, 0.000113367, 5.04955e-05
314, 313, 5.46185e-05, 3.11649e-05
316, 308, 6.26314e-05, 3.633e-05
316, 309, 7.07349e-05, 6.0874e-05
316, 310, 4.55071e-05, 2.1583e-05
316, 311, 6.12261e-05, 4.7045e-05
316, 313, 3.89265e-05, 3.26089e-05
316, 314, 4.53445e-05, 2.71036e-05
317, 309, 0.0001095, 6.41334e-05
317, 310, 4.66001e-05, 2.24128e-05
317, 311, 9.90992e-05, 4.77548e-05
317, 313, 2.33531e-05, 3.27665e-05
317, 314, 7.41998e-05, 2.654e-05
317, 316, 3.26765e-05, 2.17764e-05
318, 308, 9.6942e-05, 3.71091e-05
318, 309, 0.00010512, 6.2258e-05
318, 310, 5.03451e-05, 2.31476e-05
318, 311, 9.83678e-05, 4.88187e-05
318, 313, 2.37643e-05, 3.31855e-05
318, 314, 7.02793e-05, 2.56789e-05
318, 316, 3.21005e-05, 2.36147e-05
318, 317, 6.37502e-05, 1.56062e-05
319, 310, 5.55196e-05, 2.16634e-05
319, 311, 9.9378e-05, 5.08399e-05
319, 313, 2.41337e-05, 3.17735e-05
319, 314, 7.12012e-05, 2.77322e-05
319, 316, 3.65312e-05, 2.31908e-05
319, 317, 5.81843e-05, 1.60251e-05
319, 318, 4.37484e-05, 4.11969e-05
320, 310, 0.000102909, 2.33129e-05
320, 311, 3.29005e-05, 5.01926e-05
320, 313, 7.23036e-05, 3.12908e-05
320, 314, 2.17603e-05, 2.55681e-05
320, 316, 6.71013e-05, 2.30508e-05
320, 317, 7.95337e-05, 1.58373e-05
320, 318, 4.24634e-05, 3.8963e-05
320, 319, 8.12348e-05, 4.9808e-05
321, 311, 0.000111551, 4.98583e-05
321, 313, 4.25014e-05, 3.39312e-05
321, 314, 8.30381e-05, 2.62931e-05
321, 316, 3.61687e-05, 2.16764e-05
321, 317, 8.0556e-05, 1.5792e-05
321, 318, 5.94578e-05, 3.91011e-05
321, 319, 4.19764e-05, 4.73464e-05
321, 320, 0.000100939, 6.04046e-05
322, 311, 5.78404e-05, 4.78703e-05
322, 313, 3.6065e-05, 3.09091e-05
322, 314, 3.44441e-05, 2.68407e-05
322, 316, 3.30177e-05, 2.2743e-05
322, 317, 7.27479e-05, 1.60104e-05
322, 318, 2.2747e-05, 3.88361e-05
322, 319, 5.36795e-05, 4.76386e-05
322, 320, 5.64066e-05, 6.34324e-05
322, 321, 3.75137e-05, 2.87904e-05
323, 310, 9.09878e-05, 2.22752e-05
323, 311, 3.79644e-05, 4.68404e-05
323, 313, 5.83355e-05, 3.17489e-05
323, 314, 1.76626e-05, 2.53531e-05
323, 316, 6.12611e-05, 2.26344e-05
323, 317, 7.07268e-05, 1.67686e-05
323, 318, 3.34279e-05, 3.95963e-05
323, 319, 7.25337e-05, 4.80286e-05
323, 320, 5.3349e-05, 6.26038e-05
323, 321, 2.83341e-05, 2.77935e-05
323, 322, 5.15392e-05, 4.99084e-05
324, 317, 8.80315e-05, 1.64394e-05
324, 318, 5.94093e-05, 3.93292e-05
324, 319, 4.32066e-05, 4.90698e-05
324, 320, 9.78962e-05, 6.06265e-05
324, 321, 7.69544e-05, 2.92836e-05
324, 322, 5.07452e-05, 4.96164e-05
324, 323, 8.33044e-05, 2.83885e-05
325, 316, 2.2974e-05, 2.3586e-05
325, 317, 8.36548e-05, 1.60914e-05
325, 318, 3.06907e-05, 3.91471e-05
325, 319, 5.6291e-05, 4.93613e-05
325, 320, 5.70046e-05, 5.97429e-05
325, 321, 4.8991e-05, 2.83565e-05
325, 322, 4.18568e-05, 4.90527e-05
325, 323, 6.66929e-05, 2.99134e-05
325, 324, 3.80697e-05, 7.38922e-05
326, 317, 2.89152e-05, 1.73327e-05
326, 318, 5.21613e-05, 4.02556e-05
326, 319, 3.14118e-05, 4.7938e-05
326, 320, 0.000118075, 6.00574e-05
326, 321, 5.54467e-05, 2.72778e-05
326, 322, 4.12323e-05, 4.85607e-05
326, 323, 3.53021e-05, 2.67664e-05
326, 324, 4.89612e-05, 7.08778e-05
326, 325, 6.10378e-05, 3.94497e-05
327, 317, 7.07951e-05, 1.48488e-05
327, 318, 5.65534e-05, 3.93035e-05
327, 319, 3.086e-05, 4.91629e-05
327, 320, 0.000105492, 6.18078e-05
327, 321, 7.56871e-05, 2.84864e-05
327, 322, 4.02259e-05, 5.10067e-05
327, 323, 6.94933e-05, 2.82868e-05
327, 324, 2.66052e-05, 7.34522e-05
327, 325, 8.61695e-05, 3.8586e-05
327, 326, 9.33648e-05, 1.8997e-05
328, 318, 4.9773e-05, 3.86282e-05
328, 319, 8.66828e-05, 4.91983e-05
328, 320, 6.18632e-05, 6.19763e-05
328, 321, 3.6791e-05, 2.83189e-05
328, 322, 6.52987e-05, 4.92614e-05
328, 323, 5.72043e-05, 3.10521e-05
328, 324, 8.26099e-05, 7.25967e-05
328, 325, 3.0639e-05, 4.04144e-05
328, 326, 2.40843e-05, 1.93337e-05
328, 327, 8.11195e-05, 3.47615e-05
329, 318, 4.79359e-05, 3.9841e-05
329, 321, 3.37302e-05, 2.55585e-05
329, 322, 6.19001e-05, 4.66747e-05
329, 323, 5.39713e-05, 2.71137e-05
329, 324, 7.80596e-05, 7.11435e-05
329, 325, 2.89947e-05, 3.99565e-05
329, 326, 2.3465e-05, 1.97861e-05
329, 327, 7.66992e-05, 3.3733e-05
329, 328, 4.85721e-05, 5.92815e-05
330, 319, 4.35002e-05, 4.84461e-05
330, 321, 3.40678e-05, 2.85721e-05
330, 322, 2.68753e-05, 4.94767e-05
330, 323, 4.66899e-05, 2.93464e-05
330, 324, 3.72561e-05, 7.25023e-05
330, 325, 4.23014e-05, 4.03183e-05
330, 326, 5.10146e-05, 1.70301e-05
330, 327, 3.81256e-05, 3.46364e-05
330, 328, 4.21654e-05, 6.33925e-05
330, 329, 6.55548e-05, 4.21782e-05
331, 321, 7.84165e-05, 2.6495e-05
331, 322, 5.0127e-05, 5.04119e-05
331, 323, 6.45493e-05, 2.87035e-05
331, 324, 4.78691e-05, 7.17181e-05
331, 325, 8.64446e-05, 3.96816e-05
331, 326, 9.38697e-05, 2.08174e-05
331, 327, 4.38441e-05, 3.47874e-05
331, 328, 6.75537e-05, 5.71633e-05
331, 329, 8.91865e-05, 4.28591e-05
331, 330, 7.17074e-05, 6.40692e-05
332, 320, 8.22931e-05, 6.02882e-05
332, 323, 4.28848e-05, 2.99655e-05
332, 324, 1.81602e-05, 7.05185e-05
332, 325, 5.62039e-05, 4.07185e-05
332, 326, 5.5688e-05, 1.91352e-05
332, 327, 2.18471e-05, 3.45182e-05
332, 328, 4.74285e-05, 5.90232e-05
332, 329, 6.98277e-05, 4.07055e-05
332, 330, 6.28697e-05, 6.45061e-05
332, 331, 6.83255e-05, 5.69614e-05
333, 323, 5.11354e-05, 2.80245e-05
333, 325, 4.71019e-05, 4.17155e-05
333, 326, 4.82082e-05, 1.93411e-05
333, 327, 0.000103597, 3.53835e-05
333, 328, 4.98609e-05, 5.99335e-05
333, 329, 2.98687e-05, 4.20382e-05
333, 330, 3.83049e-05, 6.28283e-05
333, 331, 6.01115e-05, 5.69184e-05
333, 332, 6.65366e-05, 3.02303e-05
334, 320, 0.000121818, 6.19987e-05
334, 326, 4.99852e-05, 1.80185e-05
334, 327, 6.69545e-05, 3.45575e-05
334, 328, 3.07667e-05, 5.86882e-05
334, 329, 2.90521e-05, 4.06963e-05
334, 330, 1.75601e-05, 6.27511e-05
334, 331, 2.88586e-05, 5.84836e-05
334, 332, 3.95254e-05, 3.26731e-05
334, 333, 1.94609e-05, 2.30522e-05
335, 328, 7.36908e-05, 5.89962e-05
335, 330, 5.95959e-05, 6.89455e-05
335, 331, 3.86042e-05, 5.79505e-05
335, 332, 7.13284e-05, 3.28478e-05
335, 333, 4.81977e-05, 2.30874e-05
335, 334, 5.94313e-05, 7.18679e-05
336, 329, 3.46711e-05, 4.17441e-05
336, 330, 2.28188e-05, 6.49643e-05
336, 331, 3.65867e-05, 6.03819e-05
336, 332, 2.62873e-05, 3.01368e-05
336, 333, 2.81859e-05, 2.31229e-05
336, 334, 2.99702e-05, 7.14546e-05
336, 335, 4.28609e-05, 1.51311e-05
338, 331, 2.93734e-05, 5.98382e-05
338, 332, 5.38144e-05, 3.12126e-05
338, 333, 2.62666e-05, 2.4481e-05
338, 334, 5.61071e-05, 7.13427e-05
338, 335, 3.04058e-05, 1.48753e-05
338, 336, 3.67336e-05, 7.06705e-05
339, 331, 3.53951e-05, 5.92405e-05
339, 332, 2.93077e-05, 3.00316e-05
339, 333, 2.29103e-05, 2.21105e-05
339, 334, 3.32585e-05, 6.98727e-05
339, 335, 4.33558e-05, 1.56154e-05
339, 336, 4.03017e-05, 6.96409e-05
339, 338, 5.25389e-05, 7.6302e-05
340, 331, 2.79576e-05, 5.98457e-05
340, 333, 3.35883e-05, 2.36302e-05
340, 334, 6.675e-05, 7.02922e-05
340, 335, 2.60689e-05, 1.68593e-05
340, 336, 4.06015e-05, 6.98623e-05
340, 338, 4.24919e-05, 7.29704e-05
340, 339, 3.35539e-05, 2.88591e-05
341, 333, 3.23672e-05, 2.31364e-05
341, 334, 3.99144e-05, 7.19539e-05
341, 335, 5.11969e-05, 1.43225e-05
341, 336, 5.20765e-05, 6.7946e-05
341, 338, 3.54165e-05, 7.34456e-05
341, 339, 5.96473e-05, 2.76128e-05
341, 340, 7.46449e-05, 3.4298e-05
342, 333, 2.88511e-05, 2.26564e-05
342, 334, 6.46774e-05, 6.71266e-05
342, 335, 2.16786e-05, 1.71185e-05
342, 336, 3.23134e-05, 7.00907e-05
342, 338, 4.76176e-05, 7.56943e-05
342, 339, 2.82473e-05, 2.50706e-05
342, 340, 5.09045e-05, 3.5775e-05
342, 341, 5.61352e-05, 2.74975e-05
343, 335, 5.83622e-05, 1.52928e-05
343, 336, 7.15955e-05, 6.82132e-05
343, 338, 6.03686e-05, 7.45062e-05
343, 339, 4.8988e-05, 2.44681e-05
343, 340, 2.8028e-05, 3.41517e-05
343, 341, 3.31744e-05, 2.66905e-05
343, 342, 2.22936e-05, 3.42532e-05
344, 338, 6.059e-05, 7.42971e-05
344, 339, 0.000103274, 2.79277e-05
344, 340, 3.54404e-05, 3.38161e-05
344, 341, 9.10537e-05, 3.04944e-05
344, 342, 7.1005e-05, 3.30579e-05
344, 343, 3.76452e-05, 5.87066e-05
346, 338, 5.33482e-05, 7.85445e-05
346, 339, 3.76905e-05, 2.77425e-05
346, 340, 3.91957e-05, 3.43875e-05
346, 341, 3.71472e-05, 2.91398e-05
346, 342, 1.79848e-05, 3.49988e-05
346, 343, 5.27848e-05, 5.71692e-05
346, 344, 2.35918e-05, 8.56753e-05
347, 338, 7.5681e-05, 7.54156e-05
347, 339, 2.0027e-05, 2.72771e-05
347, 340, 7.41426e-05, 3.4591e-05
347, 341, 4.75813e-05, 2.58219e-05
347, 342, 4.20112e-05, 3.41443e-05
347, 343, 8.39757e-05, 5.82457e-05
347, 344, 2.70798e-05, 8.68184e-05
347, 346, 8.05735e-05, 6.73104e-05
349, 338, 3.34292e-05, 7.54571e-05
349, 339, 4.46075e-05, 2.62761e-05
349, 340, 4.89579e-05, 3.27842e-05
349, 341, 7.01493e-05, 2.67663e-05
349, 342, 4.5603e-05, 3.58815e-05
349, 343, 4.8704e-05, 5.46373e-05
349, 344, 3.92014e-05, 8.57519e-05
349, 346, 9.79829e-05, 6.99005e-05
349, 347, 0.000109302, 5.07654e-05
350, 339, 3.04081e-05, 2.8162e-05
350, 340, 4.65007e-05, 3.56315e-05
350, 341, 2.73108e-05, 2.75287e-05
350, 342, 2.36141e-05, 3.3989e-05
350, 343, 6.57288e-05, 5.61754e-05
350, 344, 2.81952e-05, 8.17592e-05
350, 346, 6.28913e-05, 7.25426e-05
350, 347, 7.82238e-05, 5.22739e-05
350, 349, 6.84558e-05, 4.49865e-05
351, 339, 6.75971e-05, 2.7621e-05
351, 340, 3.24818e-05, 3.65136e-05
351, 341, 4.22726e-05, 2.97411e-05
351, 342, 3.51999e-05, 3.27445e-05
351, 343, 5.11232e-05, 5.46411e-05
351, 344, 5.57826e-05, 8.08133e-05
351, 346, 5.04133e-05, 7.18251e-05
351, 347, 5.53579e-05, 4.8309e-05
351, 349, 3.56731e-05, 4.77284e-05
351, 350, 5.0124e-05, 4.31223e-05
353, 342, 6.03279e-05, 3.66219e-05
353, 343, 9.3043e-05, 5.8525e-05
353, 344, 7.71326e-05, 8.13624e-05
353, 346, 2.41187e-05, 7.24457e-05
353, 347, 2.62179e-05, 5.15476e-05
353, 349, 4.36262e-05, 4.84266e-05
353, 350, 4.38769e-05, 4.2093e-05
353, 351, 6.36808e-05, 4.36744e-05
354, 344, 5.14641e-05, 8.56541e-05
354, 346, 3.43704e-05, 7.19851e-05
354, 347, 4.05446e-05, 5.05502e-05
354, 349, 5.00533e-05, 4.73755e-05
354, 350, 2.6826e-05, 4.229e-05
354, 351, 3.81129e-05, 4.26543e-05
354, 353, 4.28213e-05, 5.65612e-05
355, 346, 4.32074e-05, 7.2522e-05
355, 347, 5.58487e-05, 5.2837e-05
355, 349, 4.44274e-05, 5.23107e-05
355, 350, 3.87623e-05, 4.3655e-05
355, 351, 3.3578e-05, 4.31863e-05
355, 353, 3.60089e-05, 5.52625e-05
355, 354, 5.41468e-05, 2.726e-05
356, 346, 3.42459e-05, 7.05305e-05
356, 347, 3.65377e-05, 4.88092e-05
356, 349, 3.92939e-05, 4.83863e-05
356, 350, 4.33831e-05, 4.0885e-05
356, 351, 5.02711e-05, 4.31868e-05
356, 353, 3.32185e-05, 5.75593e-05
356, 354, 4.82446e-05, 2.8792e-05
356, 355, 5.83494e-05, 8.09919e-05
357, 346, 2.31059e-05, 7.09287e-05
357, 347, 3.25285e-05, 5.08967e-05
357, 349, 6.09001e-05, 4.90717e-05
357, 350, 3.01681e-05, 4.30226e-05
357, 351, 7.04587e-05, 4.34659e-05
357, 353, 6.21732e-05, 5.91227e-05
357, 354, 5.85704e-05, 2.78689e-05
357, 355, 8.93935e-05, 8.41928e-05
357, 356, 4.62863e-05, 6.13637e-05
358, 347, 6.582e-05, 4.92118e-05
358, 349, 4.53114e-05, 4.74854e-05
358, 350, 0.000109477, 4.35779e-05
358, 351, 0.000107054, 4.34016e-05
358, 353, 5.55598e-05, 5.7586e-05
358, 354, 3.30384e-05, 2.77091e-05
358, 355, 7.2611e-05, 7.82865e-05
358, 356, 5.73949e-05, 6.33891e-05
358, 357, 7.6264e-05, 4.36328e-05
359, 349, 6.01365e-05, 4.63499e-05
359, 350, 0.000113221, 3.91788e-05
359, 351, 0.000116381, 4.50766e-05
359, 353, 8.24544e-05, 6.13981e-05
359, 354, 4.88838e-05, 2.76085e-05
359, 355, 9.12062e-05, 8.63322e-05
359, 356, 5.62249e-05, 6.56538e-05
359, 357, 7.47556e-05, 4.62801e-05
359, 358, 8.42574e-05, 0.000120423
360, 350, 0.000103472, 4.19407e-05
360, 351, 0.000112902, 4.38494e-05
360, 353, 7.02457e-05, 5.86062e-05
360, 354, 4.31878e-05, 2.67256e-05
360, 355, 8.98697e-05, 8.24828e-05
360, 356, 5.3975e-05, 6.54784e-05
360, 357, 6.98923e-05, 4.53565e-05
360, 358, 7.0278e-05, 0.000120542
360, 359, 6.54656e-05, 3.68396e-05
361, 353, 7.6376e-05, 5.63574e-05
361, 354, 4.35452e-05, 2.7149e-05
361, 355, 9.93666e-05, 8.41438e-05
361, 356, 2.48687e-05, 6.27912e-05
361, 357, 3.8301e-05, 4.67298e-05
361, 358, 8.64429e-05, 0.000118369
361, 359, 3.71072e-05, 3.3213e-05
361, 360, 2.00904e-05, 4.0414e-05
362, 353, 6.61435e-05, 5.73306e-05
362, 354, 4.25233e-05, 2.77518e-05
362, 355, 8.83e-05, 8.14479e-05
362, 356, 2.92389e-05, 6.07843e-05
362, 357, 3.24891e-05, 4.24335e-05
362, 358, 7.12628e-05, 0.000125108
362, 359, 6.12343e-05, 3.91529e-05
362, 360, 4.42223e-05, 4.27661e-05
362, 361, 5.55374e-05, 7.30923e-05
363, 353, 6.40547e-05, 5.6581e-05
363, 354, 4.33099e-05, 2.60745e-05
363, 355, 9.15477e-05, 8.23205e-05
363, 356, 2.2803e-05, 5.89487e-05
363, 357, 2.60453e-05, 4.41205e-05
363, 358, 8.23568e-05, 0.000120741
363, 359, 5.58644e-05, 3.60062e-05
363, 360, 3.64775e-05, 4.20991e-05
363, 361, 5.66901e-05, 6.77621e-05
363, 362, 6.41281e-05, 9.29604e-05
364, 355, 8.71377e-05, 8.85581e-05
364, 356, 6.16851e-05, 6.33831e-05
364, 357, 7.37423e-05, 4.31027e-05
364, 358, 7.79071e-05, 0.000122567
364, 359, 6.73775e-05, 3.82992e-05
364, 360, 5.33221e-05, 4.28905e-05
364, 361, 3.55948e-05, 7.37181e-05
364, 362, 6.75833e-05, 9.63128e-05
364, 363, 8.88299e-05, 3.01282e-05
365, 357, 6.77084e-05, 4.39003e-05
365, 358, 5.28728e-05, 0.000118891
365, 359, 8.73876e-05, 3.83882e-05
365, 360, 6.15318e-05, 4.30352e-05
365, 361, 2.18636e-05, 7.13977e-05
365, 362, 8.23726e-05, 9.08918e-05
365, 363, 9.3148e-05, 3.44906e-05
365, 364, 5.17494e-05, 6.86303e-05
366, 357, 3.5769e-05, 4.18596e-05
366, 358, 8.22152e-05, 0.000118488
366, 359, 4.1964e-05, 3.9669e-05
366, 360, 2.10002e-05, 4.1678e-05
366, 361, 5.223e-05, 7.37764e-05
366, 362, 4.83491e-05, 9.6716e-05
366, 363, 4.34169e-05, 3.48685e-05
366, 364, 3.7965e-05, 6.8897e-05
366, 365, 4.67686e-05, 4.17929e-05
367, 357, 9.05922e-05, 4.1834e-05
367, 358, 9.68714e-05, 0.000117901
367, 359, 8.03585e-05, 3.77719e-05
367, 360, 6.34702e-05, 4.18431e-05
367, 361, 5.20054e-05, 7.13958e-05
367, 362, 6.37907e-05, 9.24056e-05
367, 363, 0.000107951, 2.88391e-05
367, 364, 4.14932e-05, 6.60613e-05
367, 365, 6.83866e-05, 4.1318e-05
367, 366, 7.01161e-05, 3.1889e-05
368, 359, 3.30122e-05, 3.39923e-05
368, 360, 2.88063e-05, 4.3726e-05
368, 361, 7.42191e-05, 7.65399e-05
368, 362, 4.13706e-05, 9.82618e-05
368, 363, 5.08628e-05, 3.04312e-05
368, 364, 4.63556e-05, 6.65893e-05
368, 365, 6.94396e-05, 4.02974e-05
368, 366, 5.45425e-05, 3.1687e-05
368, 367, 4.93006e-05, 3.84829e-05
369, 360, 8.01993e-05, 4.00481e-05
369, 361, 0.000104635, 7.5793e-05
369, 362, 6.46909e-05, 9.52349e-05
369, 363, 0.000128319, 2.7259e-05
369, 364, 5.79702e-05, 6.94561e-05
369, 365, 0.000113016, 4.48573e-05
369, 366, 0.000116762, 3.22945e-05
369, 367, 5.25082e-05, 4.338e-05
369, 368, 3.58999e-05, 0.000120049
371, 362, 7.06951e-05, 9.83852e-05
371, 363, 0.000128239, 2.93635e-05
371, 364, 9.50461e-05, 6.93043e-05
371, 365, 0.000149826, 4.01383e-05
371, 366, 0.000149708, 3.01167e-05
371, 367, 9.31343e-05, 3.84988e-05
371, 368, 5.48521e-05, 0.000117235
371, 369, 0.00010131, 3.22866e-05
372, 364, 5.9708e-05, 6.96047e-05
372, 365, 0.000116976, 4.41531e-05
372, 366, 0.000103696, 3.05927e-05
372, 367, 6.85501e-05, 3.55208e-05
372, 368, 5.26768e-05, 0.000120154
372, 369, 4.58874e-05, 3.41997e-05
372, 371, 9.45877e-05, 6.49336e-05
373, 367, 0.000138527, 3.94457e-05
373, 368, 0.000103439, 0.000117047
373, 369, 0.000165066, 3.70415e-05
373, 371, 0.000135202, 6.43492e-05
373, 372, 0.000144254, 2.91276e-05
374, 368, 0.000149624, 0.000123122
374, 369, 0.000202699, 3.15737e-05
374, 371, 0.000194772, 6.25655e-05
374, 372, 0.000197979, 2.73066e-05
374, 373, 4.81446e-05, 0.000106847
375, 368, 8.61432e-05, 0.000121284
375, 369, 0.000125154, 3.01292e-05
375, 371, 0.000126451, 6.29706e-05
375, 372, 0.000137445, 2.66407e-05
375, 373, 5.17815e-05, 0.000105
375, 374, 0.000125521, 6.66695e-05
376, 371, 0.000136198, 6.4228e-05
376, 372, 0.000140712, 3.05703e-05
376, 373, 3.28707e-05, 0.000106233
376, 374, 8.17337e-05, 6.46755e-05
376, 375, 9.25454e-05, 6.39475e-05
377, 371, 0.000192133, 6.47879e-05
377, 372, 0.000190037, 2.76524e-05
377, 373, 4.8265e-05, 0.000108508
377, 374, 9.53779e-05, 5.96149e-05
377, 375, 0.000140929, 5.72539e-05
377, 376, 0.000125331, 4.34004e-05
379, 373, 4.43627e-05, 0.000109578
379, 374, 3.81471e-05, 6.3954e-05
379, 375, 0.000131451, 6.06975e-05
379, 376, 0.000103252, 4.14118e-05
379, 377, 2.91974e-05, 9.09116e-05
380, 373, 6.11742e-05, 0.000109197
380, 374, 2.92809e-05, 6.56889e-05
380, 375, 0.000142943, 6.32982e-05
380, 376, 0.000110247, 4.02776e-05
380, 377, 4.09064e-05, 8.92353e-05
380, 379, 4.40302e-05, 8.37324e-05
381, 373, 5.38694e-05, 0.000109033
381, 374, 5.24336e-05, 6.22189e-05
381, 375, 0.000141179, 5.89426e-05
381, 376, 0.000114611, 4.33158e-05
381, 377, 4.13394e-05, 9.0829e-05
381, 379, 3.26378e-05, 8.38537e-05
381, 380, 4.99374e-05, 3.52846e-05
382, 373, 8.55349e-05, 0.000105207
382, 374, 2.689e-05, 6.75065e-05
382, 375, 0.000159485, 6.46676e-05
382, 376, 0.000120388, 4.25901e-05
382, 377, 5.69933e-05, 8.75965e-05
382, 379, 7.85032e-05, 8.40095e-05
382, 380, 7.61216e-05, 3.75014e-05
382, 381, 7.54942e-05, 6.44932e-05
383, 373, 0.000186828, 0.000111378
383, 374, 0.000111301, 6.8014e-05
383, 375, 0.000261929, 6.34908e-05
383, 376, 0.000226973, 4.48024e-05
383, 377, 0.00016109, 9.48404e-05
383, 379, 0.000153871, 8.54998e-05
383, 380, 0.000180164, 3.75067e-05
383, 381, 0.000137533, 6.7555e-05
383, 382, 0.000138266, 5.36114e-05
384, 373, 0.000123295, 0.000109385
384, 374, 6.1144e-05, 6.43495e-05
384, 375, 0.000208612, 5.98075e-05
384, 376, 0.000176344, 4.42679e-05
384, 377, 0.000104108, 9.50253e-05
384, 379, 0.000103737, 8.97373e-05
384, 380, 0.000124386, 3.56988e-05
384, 381, 7.80957e-05, 6.58555e-05
384, 382, 8.81382e-05, 5.37636e-05
384, 383, 3.71297e-05, 8.2904e-05
387, 373, 0.000210509, 0.000105865
387, 376, 0.000260166, 3.9584e-05
387, 377, 0.000197593, 9.21108e-05
387, 379, 0.00017475, 8.8032e-05
387, 380, 0.000211604, 3.77272e-05
387, 381, 0.000152583, 6.53537e-05
387, 382, 0.000174705, 5.11959e-05
387, 383, 0.000108751, 7.70258e-05
387, 384, 8.56567e-05, 3.55021e-05
388, 373, 0.000172763, 0.00010813
388, 376, 0.000209658, 4.30989e-05
388, 377, 0.000146252, 9.52099e-05
388, 379, 0.000149976, 8.96163e-05
388, 380, 0.000169073, 3.89308e-05
388, 381, 0.000133954, 6.63627e-05
388, 382, 0.000122846, 5.39927e-05
388, 383, 5.45575e-05, 8.24346e-05
388, 384, 3.81407e-05, 4.05096e-05
388, 387, 6.16914e-05, 4.43016e-05
389, 377, 0.00017537, 9.09016e-05
389, 379, 0.000165416, 8.31036e-05
389, 380, 0.000186353, 3.77239e-05
389, 381, 0.000146279, 6.71057e-05
389, 382, 0.000154433, 5.13648e-05
389, 383, 8.38598e-05, 8.19927e-05
389, 384, 6.57541e-05, 3.71928e-05
389, 387, 3.95232e-05, 4.29513e-05
389, 388, 8.89398e-05, 7.25056e-05
390, 377, 0.000295552, 9.13596e-05
390, 379, 0.000280939, 8.7617e-05
390, 380, 0.000313613, 3.94184e-05
390, 381, 0.000252605, 6.77893e-05
390, 382, 0.000267249, 5.25697e-05
390, 383, 0.000203201, 8.05803e-05
390, 384, 0.000175993, 3.96011e-05
390, 387, 0.000125994, 4.54806e-05
390, 388, 0.0001437, 6.96067e-05
390, 389, 0.000106408, 9.06358e-05
391, 380, 0.000343576, 3.68913e-05
391, 381, 0.000292131, 6.59875e-05
391, 382, 0.000306719, 5.2302e-05
391, 383, 0.000235104, 8.06759e-05
391, 384, 0.000211537, 3.9299e-05
391, 387, 0.000161597, 4.44049e-05
391, 388, 0.000172895, 6.80098e-05
391, 389, 0.000132711, 9.26223e-05
391, 390, 0.000113795, 3.48731e-05
392, 381, 0.000308351, 6.8401e-05
392, 382, 0.000332432, 4.88239e-05
392, 383, 0.000263036, 8.17193e-05
392, 384, 0.000245134, 4.06088e-05
392, 387, 0.000186171, 4.30148e-05
392, 388, 0.000185894, 7.15241e-05
392, 389, 0.000143796, 9.61117e-05
392, 390, 0.000142191, 3.93748e-05
392, 391, 0.000150113, 4.06544e-05
393, 381, 0.000368161, 6.67191e-05
393, 382, 0.000384341, 5.33447e-05
393, 383, 0.000312593, 8.06658e-05
393, 384, 0.00029925, 4.07373e-05
393, 387, 0.000243569, 4.68512e-05
393, 388, 0.000240953, 7.00386e-05
393, 389, 0.000194016, 9.8383e-05
393, 390, 0.000191102, 3.95001e-05
393, 391, 0.000201339, 4.07488e-05
393, 392, 0.000130894, 0.000105085
395, 383, 0.000421547, 7.94464e-05
395, 384, 0.000403806, 4.28994e-05
395, 387, 0.000352557, 4.62344e-05
395, 388, 0.000354027, 7.31716e-05
395, 389, 0.000311209, 9.84856e-05
395, 390, 0.000287595, 4.05595e-05
395, 391, 0.000320078, 4.01022e-05
395, 392, 0.000243374, 0.000108997
395, 393, 0.000190456, 4.0544e-05
396, 383, 0.000436271, 8.25332e-05
396, 384, 0.000418771, 4.54176e-05
396, 387, 0.000355148, 5.23852e-05
396, 388, 0.000348613, 7.54985e-05
396, 389, 0.000304391, 9.75619e-05
396, 390, 0.00030537, 4.67854e-05
396, 391, 0.0003136, 4.41843e-05
396, 392, 0.000249908, 0.000108026
396, 393, 0.000168514, 3.8587e-05
396, 395, 0.000110526, 0.000115365
397, 387, 0.000637241, 5.26819e-05
397, 388, 0.000632432, 7.68603e-05
397, 389, 0.000586663, 0.000104852
397, 390, 0.000588753, 4.86501e-05
397, 391, 0.000604051, 4.74713e-05
397, 392, 0.000534966, 0.000109438
397, 393, 0.000457801, 4.66845e-05
397, 395, 0.000395028, 0.000121271
397, 396, 0.000307383, 5.27669e-05
398, 388, 0.000656362, 7.75738e-05
398, 389, 0.000618688, 9.97034e-05
398, 390, 0.000614791, 4.73173e-05
398, 391, 0.000628535, 4.62539e-05
398, 392, 0.000557366, 0.000107106
398, 393, 0.000481292, 4.93761e-05
398, 395, 0.000419696, 0.000120496
398, 396, 0.000333911, 5.75699e-05
398, 397, 5.31327e-05, 4.63126e-05
399, 390, 0.000775033, 5.36061e-05
399, 391, 0.000785246, 5.42214e-05
399, 392, 0.000719884, 0.000110598
399, 393, 0.000642071, 5.36461e-05
399, 395, 0.000586599, 0.000119644
399, 396, 0.00049086, 6.19216e-05
399, 397, 0.00018249, 5.18839e-05
399, 398, 0.000192068, 5.08342e-05
400, 392, 0.000859294, 0.000112627
400, 393, 0.000780393, 5.67021e-05
400, 395, 0.000721289, 0.000124103
400, 396, 0.000635606, 6.11337e-05
400, 397, 0.000328118, 5.39537e-05
400, 398, 0.00032004, 5.47265e-05
400, 399, 7.86663e-05, 4.78879e-05
401, 393, 0.000850524, 5.77221e-05
401, 395, 0.000782767, 0.000125136
401, 396, 0.00069135, 6.35843e-05
401, 397, 0.000385318, 5.35169e-05
401, 398, 0.00039189, 5.71262e-05
401, 399, 0.000143801, 5.41748e-05
401, 400, 0.000100059, 6.76757e-05
402, 396, 0.000791822, 6.52577e-05
402, 397, 0.000485152, 5.67256e-05
402, 398, 0.00048308, 5.53477e-05
402, 399, 0.000228615, 5.10297e-05
402, 400, 0.000214935, 7.06262e-05
402, 401, 0.000180405, 6.5933e-05
403, 395, 0.000841857, 0.000123494
403, 396, 0.000749724, 6.43225e-05
403, 397, 0.000445562, 5.79938e-05
403, 398, 0.000435463, 5.77553e-05
403, 399, 0.000185439, 5.45085e-05
403, 400, 0.000180884, 7.00251e-05
403, 401, 0.000146377, 6.61227e-05
403, 402, 0.00011779, 6.02012e-05
404, 396, 0.000999372, 7.16443e-05
404, 397, 0.000695349, 6.00694e-05
404, 398, 0.000691989, 6.80675e-05
404, 399, 0.000439254, 5.68568e-05
404, 400, 0.000408921, 7.47625e-05
404, 401, 0.000374806, 7.06412e-05
404, 402, 0.000178612, 6.08484e-05
404, 403, 0.000292537, 0.00015081
406, 397, 0.00122982, 7.31921e-05
406, 399, 0.000985265, 6.85504e-05
406, 400, 0.000947742, 8.48638e-05
406, 401, 0.000905493, 8.00774e-05
406, 402, 0.000721976, 7.79494e-05
406, 403, 0.000830384, 0.000158253
406, 404, 0.000560675, 9.65972e-05
407, 398, 0.00127649, 7.85435e-05
407, 399, 0.00101776, 7.20968e-05
407, 400, 0.000987109, 8.50254e-05
407, 401, 0.00094594, 8.57949e-05
407, 402, 0.000751745, 7.5216e-05
407, 403, 0.00087027, 0.000158266
407, 404, 0.000598495, 9.25958e-05
407, 406, 8.73275e-05, 0.000127177
408, 399, 0.00116488, 7.39936e-05
408, 400, 0.00112278, 8.859e-05
408, 401, 0.00108992, 7.9757e-05
408, 402, 0.00089101, 7.67196e-05
408, 403, 0.00101081, 0.000157713
408, 404, 0.000738967, 9.77044e-05
408, 406, 0.000149662, 0.000131371
408, 407, 0.000154266, 0.000109879
410, 404, 0.00209617, 0.00012277
410, 406, 0.00147748, 0.000148194
410, 407, 0.00148281, 0.00013214
410, 408, 0.00138571, 0.000204198
411, 406, 0.00175626, 0.000158112
411, 407, 0.0017502, 0.000140934
411, 408, 0.00165488, 0.000209436
411, 410, 0.000332635, 0.000126246
412, 406, 0.00312411, 0.000182623
412, 407, 0.00311885, 0.000162105
412, 408, 0.00301872, 0.000220615
412, 410, 0.0016817, 0.000151824
412, 411, 0.00139123, 0.000156653
413, 410, 0.0046508, 0.000219384
413, 411, 0.00435558, 0.000221889
413, 412, 0.00301284, 0.000227185
414, 412, 0.00469604, 0.000259241
414, 413, 0.00161707, 0.000269006
415, 412, 0.00472611, 0.000261638
415, 413, 0.00165515, 0.000267611
415, 414, 0.000254213, 0.000266951
416, 413, 0.00223084, 0.000282391
416, 414, 0.000674653, 0.000282189
416, 415, 0.000696719, 0.000277172
417, 413, 0.00221611, 0.000280441
417, 414, 0.000663463, 0.000281423
417, 415, 0.000684715, 0.00027715
417, 416, 0.000266278, 0.000274835
420, 413, 0.00225879, 0.000283959
420, 414, 0.000703212, 0.000282389
420, 415, 0.000723257, 0.000279416
420, 416, 0.000262947, 0.000276397
420, 417, 0.000270987, 0.000262572
421, 413, 0.00227623, 0.00028157
421, 414, 0.00072094, 0.000281545
421, 415, 0.000739099, 0.000281531
421, 416, 0.000266835, 0.000277626
421, 417, 0.000276105, 0.000265497
421, 420, 0.000283998, 0.000277311
422, 414, 0.00102181, 0.000288985
422, 415, 0.00104321, 0.000286398
422, 416, 0.000438381, 0.000283228
422, 417, 0.00047693, 0.000271906
422, 420, 0.000337749, 0.00028102
422, 421, 0.00041074, 0.000274997
423, 414, 0.00103966, 0.000288336
423, 415, 0.00105389, 0.000284512
423, 416, 0.000448634, 0.000285986
423, 417, 0.000480498, 0.000274124
423, 420, 0.000343457, 0.000281714
423, 421, 0.000417027, 0.000275287
423, 422, 0.00028578, 0.000288206
424, 414, 0.00110122, 0.000287945
424, 415, 0.00111859, 0.00028624
424, 416, 0.000494315, 0.000284877
424, 417, 0.000538814, 0.000270751
424, 420, 0.000383074, 0.000284375
424, 421, 0.0004616, 0.000278782
424, 422, 0.000308143, 0.000291046
424, 423, 0.000283471, 0.000273801
425, 414, 0.00113317, 0.000292626
425, 415, 0.00115545, 0.000284497
425, 416, 0.000533618, 0.000281699
425, 417, 0.000566188, 0.000275823
425, 420, 0.000412714, 0.0002868
425, 421, 0.000494787, 0.000276465
425, 422, 0.000328966, 0.000289552
425, 423, 0.000297676, 0.000279284
425, 424, 0.00026555, 0.000292031
426, 416, 0.000642229, 0.000286062
426, 417, 0.000676842, 0.000275918
426, 420, 0.000507791, 0.000288331
426, 421, 0.000597125, 0.000282251
426, 422, 0.000405732, 0.000295022
426, 423, 0.000365945, 0.000279965
426, 424, 0.000303269, 0.0002941
426, 425, 0.000334007, 0.000271538
427, 416, 0.000893093, 0.000298172
427, 417, 0.000926324, 0.00028824
427, 420, 0.000737979, 0.000294368
427, 421, 0.000829367, 0.000288287
427, 422, 0.000612536, 0.000299851
427, 423, 0.000557898, 0.000287735
427, 424, 0.00046331, 0.000296018
427, 425, 0.000508157, 0.000277814
427, 426, 0.000387634, 0.000286693
428, 416, 0.000840601, 0.000293752
428, 417, 0.000875789, 0.000282866
428, 420, 0.000688181, 0.000293726
428, 421, 0.000779898, 0.000285961
428, 422, 0.000571203, 0.000300912
428, 423, 0.000518424, 0.000284144
428, 424, 0.000419089, 0.000299132
428, 425, 0.000467766, 0.000281371
428, 426, 0.000350111, 0.000284871
428, 427, 0.000291922, 0.00027921
430, 420, 0.00104804, 0.0003017
430, 421, 0.00113802, 0.000298307
430, 422, 0.000912177, 0.00031256
430, 423, 0.000843988, 0.00029644
430, 424, 0.000732927, 0.000305623
430, 425, 0.000784088, 0.000290896
430, 426, 0.000629605, 0.000296286
430, 427, 0.000407394, 0.000286731
430, 428, 0.000419636, 0.000296845
431, 422, 0.00145804, 0.000325118
431, 423, 0.00138716, 0.000311497
431, 424, 0.00125704, 0.00031781
431, 425, 0.00130926, 0.000302366
431, 426, 0.00114116, 0.000310351
431, 427, 0.000879662, 0.000302973
431, 428, 0.000892449, 0.000314662
431, 430, 0.000562487, 0.000297725
432, 424, 0.00121269, 0.000321471
432, 425, 0.00126214, 0.000302787
432, 426, 0.00109245, 0.000310164
432, 427, 0.000828476, 0.00030589
432, 428, 0.000844175, 0.000309229
432, 430, 0.000521144, 0.000299609
432, 431, 0.000308801, 0.000302254
433, 427, 0.00159844, 0.000323804
433, 428, 0.00159796, 0.000331067
433, 430, 0.00122678, 0.000316143
433, 431, 0.000841811, 0.000325837
433, 432, 0.00075878, 0.000328936
434, 427, 0.00164851, 0.000325795
434, 428, 0.00165118, 0.000337871
434, 430, 0.00127712, 0.000327142
434, 431, 0.000884477, 0.000331134
434, 432, 0.000801503, 0.000331014
434, 433, 0.000346796, 0.000336717
435, 430, 0.00187969, 0.000344904
435, 431, 0.00146918, 0.000346191
435, 432, 0.00137104, 0.000351255
435, 433, 0.000789677, 0.000352437
435, 434, 0.000587595, 0.000361922
436, 430, 0.00205934, 0.000349635
436, 431, 0.00164584, 0.000351651
436, 432, 0.00154948, 0.000356618
436, 433, 0.000953543, 0.000360046
436, 434, 0.000739123, 0.000370307
436, 435, 0.000386981, 0.000359818
437, 431, 0.00202802, 0.000361677
437, 432, 0.00192349, 0.000367575
437, 433, 0.00131212, 0.000368088
437, 434, 0.00108677, 0.000380435
437, 435, 0.000636677, 0.000371266
437, 436, 0.000503777, 0.000368066
438, 431, 0.00225924, 0.000371977
438, 433, 0.00153702, 0.000379143
438, 434, 0.00130147, 0.000388767
438, 435, 0.000830616, 0.000378979
438, 436, 0.000674735, 0.000376571
438, 437, 0.000437983, 0.00037809
439, 433, 0.00174885, 0.000385693
439, 434, 0.00150814, 0.000395242
439, 435, 0.00102848, 0.000386072
439, 436, 0.000862845, 0.000385676
439, 437, 0.000578912, 0.000383566
439, 438, 0.000425843, 0.000386917
440, 434, 0.00159381, 0.000399894
440, 435, 0.00110455, 0.000391824
440, 436, 0.000937167, 0.000387382
440, 437, 0.000643112, 0.000387827
440, 438, 0.00047265, 0.000385389
440, 439, 0.000393604, 0.000385528
441, 435, 0.00139339, 0.000398257
441, 436, 0.00121395, 0.000394099
441, 437, 0.000902436, 0.000396915
441, 438, 0.00069157, 0.000392604
441, 439, 0.000546209, 0.000394066
441, 440, 0.000487347, 0.000391883
442, 435, 0.00132676, 0.000398091
442, 436, 0.00114954, 0.000394178
442, 437, 0.000840847, 0.000395182
442, 438, 0.000637174, 0.000398577
442, 439, 0.000499656, 0.00039213
442, 440, 0.000449919, 0.000389154
442, 441, 0.000398235, 0.000399822
443, 436, 0.00134264, 0.000399079
443, 437, 0.00102119, 0.000403035
443, 438, 0.000799278, 0.000396259
443, 439, 0.0006442, 0.000394774
443, 440, 0.000575655, 0.000395104
443, 441, 0.00042158, 0.000401321
443, 442, 0.000404635, 0.000393092
445, 436, 0.00135105, 0.000398301
445, 437, 0.00102869, 0.000399139
445, 438, 0.000808406, 0.000402539
445, 439, 0.000652379, 0.000395089
445, 440, 0.000584445, 0.000396188
445, 441, 0.000429663, 0.000405167
445, 442, 0.000412499, 0.000392874
445, 443, 0.000398941, 0.000402589
447, 437, 0.00122559, 0.000409402
447, 438, 0.000996323, 0.000406115
447, 439, 0.000825983, 0.000409501
447, 440, 0.000746691, 0.000403384
447, 441, 0.000538098, 0.000412979
447, 442, 0.000504836, 0.000398925
447, 443, 0.000449899, 0.000411353
447, 445, 0.000470767, 0.000421852
448, 437, 0.00123187, 0.000408454
448, 438, 0.00100359, 0.000408957
448, 439, 0.000833115, 0.000403583
448, 440, 0.000754961, 0.000400635
448, 441, 0.000545335, 0.000409838
448, 442, 0.000511915, 0.000400535
448, 443, 0.000455624, 0.000412274
448, 445, 0.00047714, 0.000424246
448, 447, 0.000409497, 0.000398991
449, 438, 0.00106701, 0.000407516
449, 439, 0.000892088, 0.000405773
449, 440, 0.000812536, 0.000403323
449, 441, 0.000593304, 0.000413672
449, 442, 0.000554573, 0.000400048
449, 443, 0.000491659, 0.000412382
449, 445, 0.000517424, 0.000421099
449, 447, 0.000409862, 0.000401905
449, 448, 0.000408422, 0.000405893
450, 438, 0.00112422, 0.000410061
450, 439, 0.000949809, 0.000410047
450, 440, 0.000868417, 0.00040827
450, 441, 0.000633637, 0.00041245
450, 442, 0.000597976, 0.00040181
450, 443, 0.000532063, 0.000415183
450, 445, 0.000554807, 0.000427868
450, 447, 0.000411941, 0.000402621
450, 448, 0.000416958, 0.0004093
450, 449, 0.000421554, 0.00040322
452, 439, 0.00121921, 0.000418945
452, 440, 0.00112556, 0.000420684
452, 441, 0.000874961, 0.000421611
452, 442, 0.000826499, 0.00040874
452, 443, 0.000742411, 0.000424918
452, 445, 0.000773334, 0.000431967
452, 447, 0.000533461, 0.000412903
452, 448, 0.000548895, 0.000419708
452, 449, 0.000554206, 0.00041395
452, 450, 0.000464901, 0.000423022
453, 441, 0.00107548, 0.000428658
453, 442, 0.00102794, 0.000419191
453, 443, 0.000936664, 0.000427257
453, 445, 0.000966116, 0.000442027
453, 447, 0.000696911, 0.00041525
453, 448, 0.000713141, 0.000426185
453, 449, 0.000717478, 0.000421677
453, 450, 0.000601383, 0.000428828
453, 452, 0.000462977, 0.000419989
454, 441, 0.00103063, 0.000430245
454, 442, 0.000979662, 0.000422187
454, 443, 0.000891384, 0.000432042
454, 445, 0.000920254, 0.000441503
454, 447, 0.000655792, 0.000419595
454, 448, 0.000672946, 0.000424891
454, 449, 0.000675195, 0.000423479
454, 450, 0.000563015, 0.000425807
454, 452, 0.000442429, 0.000420087
454, 453, 0.000427956, 0.000430492
456, 443, 0.0012295, 0.000437285
456, 445, 0.00126313, 0.00045086
456, 447, 0.000968215, 0.000429797
456, 448, 0.000986497, 0.000436501
456, 449, 0.000987145, 0.000432809
456, 450, 0.000853438, 0.000436896
456, 452, 0.000642809, 0.000429817
456, 453, 0.000520788, 0.00043975
456, 454, 0.00054408, 0.000436521
457, 447, 0.00119688, 0.000439183
457, 448, 0.00122001, 0.000444256
457, 449, 0.00121864, 0.000442613
457, 450, 0.00107558, 0.000452823
457, 452, 0.000843082, 0.000440657
457, 453, 0.000689865, 0.000444643
457, 454, 0.000721299, 0.000443372
457, 456, 0.000502701, 0.00044972
458, 447, 0.00124387, 0.000438557
458, 448, 0.00126233, 0.000444287
458, 449, 0.00126285, 0.000442606
458, 450, 0.00111839, 0.000450762
458, 452, 0.000889118, 0.000439527
458, 453, 0.000727353, 0.000451008
458, 454, 0.000766118, 0.000445548
458, 456, 0.000531612, 0.000450731
458, 457, 0.000441136, 0.000444097
459, 450, 0.00133533, 0.000456183
459, 452, 0.00108975, 0.000447994
459, 453, 0.000922955, 0.000460009
459, 454, 0.000962424, 0.000448682
459, 456, 0.000684375, 0.000457911
459, 457, 0.000495319, 0.000449177
459, 458, 0.00050748, 0.000465109
460, 452, 0.00120935, 0.00045156
460, 453, 0.00103641, 0.000462608
460, 454, 0.00107042, 0.000458296
460, 456, 0.00078893, 0.000460449
460, 457, 0.000561819, 0.000452652
460, 458, 0.000576456, 0.000468894
460, 459, 0.000464364, 0.000467174
461, 452, 0.00120477, 0.000451451
461, 453, 0.00102625, 0.00046019
461, 454, 0.00106707, 0.000456662
461, 456, 0.00077898, 0.000461963
461, 457, 0.000562936, 0.000453594
461, 458, 0.000571495, 0.000469328
461, 459, 0.0004638, 0.000467716
461, 460, 0.000451858, 0.000467646
462, 452, 0.00129848, 0.000453469
462, 453, 0.00112833, 0.000462015
462, 454, 0.00115977, 0.000461096
462, 456, 0.000875027, 0.000463319
462, 457, 0.000633034, 0.000453596
462, 458, 0.000646869, 0.000472469
462, 459, 0.000501552, 0.000469951
462, 460, 0.000461813, 0.000471641
462, 461, 0.000461228, 0.000459843
463, 453, 0.00123093, 0.000468058
463, 454, 0.00127333, 0.000461237
463, 456, 0.000965291, 0.000467644
463, 457, 0.000708238, 0.000458267
463, 458, 0.000725743, 0.000476013
463, 459, 0.000551958, 0.000476282
463, 460, 0.000489618, 0.000471503
463, 461, 0.000483773, 0.000460765
463, 462, 0.000476751, 0.000469538
464, 456, 0.00101109, 0.000468284
464, 457, 0.000750509, 0.000462625
464, 458, 0.000767143, 0.000476961
464, 459, 0.000583586, 0.000479319
464, 460, 0.000513232, 0.000477979
464, 461, 0.000508231, 0.00046462
464, 462, 0.000496311, 0.000472876
464, 463, 0.000467311, 0.000460856
465, 456, 0.00111296, 0.000471787
465, 457, 0.000838457, 0.000465791
465, 458, 0.000857426, 0.000478477
465, 459, 0.000660051, 0.000481833
465, 460, 0.000568009, 0.0004783
465, 461, 0.00056185, 0.000466074
465, 462, 0.000544327, 0.000475624
465, 463, 0.000488657, 0.000460523
465, 464, 0.000469574, 0.000470477
466, 456, 0.00119635, 0.00047304
466, 457, 0.000916468, 0.000463761
466, 458, 0.000938696, 0.000485487
466, 459, 0.00072215, 0.000486527
466, 460, 0.000625172, 0.000480087
466, 461, 0.000615303, 0.000465587
466, 462, 0.000601097, 0.000476604
466, 463, 0.000522723, 0.000466439
466, 464, 0.0004883, 0.000469043
466, 465, 0.000462218, 0.000464621
467, 457, 0.000977482, 0.000468358
467, 458, 0.000999893, 0.000481452
467, 459, 0.000781909, 0.000481919
467, 460, 0.000672824, 0.000482034
467, 461, 0.000667524, 0.000472292
467, 462, 0.000648349, 0.000477651
467, 463, 0.000559722, 0.000467976
467, 464, 0.000518138, 0.000471904
467, 465, 0.00047922, 0.000466324
467, 466, 0.000487478, 0.000465017
468, 457, 0.000933858, 0.000469064
468, 458, 0.000952799, 0.000481812
468, 459, 0.000744695, 0.000484375
468, 460, 0.000646436, 0.000483283
468, 461, 0.000637281, 0.000470368
468, 462, 0.000616591, 0.000479593
468, 463, 0.000537576, 0.000463519
468, 464, 0.000502806, 0.00047204
468, 465, 0.000475199, 0.000464469
468, 466, 0.000482281, 0.000463421
468, 467, 0.000470177, 0.000464309
469, 457, 0.00103132, 0.000472902
469, 458, 0.00104061, 0.000482328
469, 459, 0.000827906, 0.000487627
469, 460, 0.000723685, 0.000484846
469, 461, 0.000704086, 0.000470118
469, 462, 0.00069195, 0.000481603
469, 463, 0.000595445, 0.000467696
469, 464, 0.000549302, 0.000475632
469, 465, 0.000497569, 0.000470815
469, 466, 0.000508326, 0.000466977
469, 467, 0.000488487, 0.000465166
469, 468, 0.00048953, 0.00046925
470, 457, 0.00103505, 0.000471029
470, 458, 0.00105449, 0.000484575
470, 459, 0.000832223, 0.000484421
470, 460, 0.000725691, 0.000483626
470, 461, 0.00071214, 0.000468457
470, 462, 0.000687424, 0.000480796
470, 463, 0.00059401, 0.000467731
470, 464, 0.000548833, 0.000477969
470, 465, 0.000495151, 0.000471034
470, 466, 0.00050754, 0.000467156
470, 467, 0.00048598, 0.000470377
470, 468, 0.000487358, 0.000469785
470, 469, 0.000468093, 0.0004715
471, 459, 0.00105418, 0.00049516
471, 460, 0.00093788, 0.000490798
471, 461, 0.00092681, 0.000478611
471, 462, 0.000901653, 0.000492766
471, 463, 0.000787019, 0.000473661
471, 464, 0.000722469, 0.000483756
471, 465, 0.00064114, 0.000478405
471, 466, 0.00066136, 0.000474115
471, 467, 0.000610357, 0.000475966
471, 468, 0.00062004, 0.000477774
471, 469, 0.000563357, 0.000480544
471, 470, 0.000548332, 0.000484659
472, 460, 0.00102346, 0.000494102
472, 461, 0.00101589, 0.000484346
472, 462, 0.000984053, 0.000492298
472, 463, 0.00087159, 0.000475988
472, 464, 0.000801759, 0.000483636
472, 465, 0.000711916, 0.000478317
472, 466, 0.000738219, 0.000478847
472, 467, 0.000673548, 0.000475754
472, 468, 0.000695344, 0.000478666
472, 469, 0.000630696, 0.00048682
472, 470, 0.000609633, 0.000487782
472, 471, 0.000487424, 0.000483479
473, 462, 0.00103629, 0.000493982
473, 463, 0.000920955, 0.000477584
473, 464, 0.000851396, 0.000489596
473, 465, 0.000754728, 0.000483746
473, 466, 0.000779749, 0.000479775
473, 467, 0.000721428, 0.000482265
473, 468, 0.000731467, 0.000485635
473, 469, 0.000667025, 0.000484409
473, 470, 0.000645897, 0.000492918
473, 471, 0.000499467, 0.000482892
473, 472, 0.00049094, 0.000484934
474, 463, 0.00113937, 0.000486875
474, 464, 0.00106626, 0.000497441
474, 465, 0.000962061, 0.000488111
474, 466, 0.000983624, 0.0004862
474, 467, 0.000916242, 0.000485693
474, 468, 0.000935741, 0.000488044
474, 469, 0.000856253, 0.000490629
474, 470, 0.000826221, 0.000493062
474, 471, 0.000604358, 0.000490261
474, 472, 0.000581917, 0.000492497
474, 473, 0.000530751, 0.000491975
475, 465, 0.00135705, 0.000502008
475, 466, 0.00137284, 0.000501869
475, 467, 0.00130166, 0.000500441
475, 468, 0.00132336, 0.000502739
475, 469, 0.00123463, 0.000509585
475, 470, 0.00120375, 0.000509773
475, 471, 0.00093643, 0.000504925
475, 472, 0.000896732, 0.000509962
475, 473, 0.000811495, 0.000503426
475, 474, 0.000707362, 0.000507293
476, 466, 0.00136251, 0.000499876
476, 467, 0.00129468, 0.000499146
476, 468, 0.00131478, 0.000500403
476, 469, 0.00122703, 0.000506948
476, 470, 0.00119448, 0.000506714
476, 471, 0.000930884, 0.000501894
476, 472, 0.000894353, 0.000504257
476, 473, 0.000805548, 0.000505992
476, 474, 0.000700256, 0.000500878
476, 475, 0.000515117, 0.000508221
477, 469, 0.00200842, 0.000531347
477, 470, 0.00198061, 0.000530758
477, 471, 0.00169004, 0.000526477
477, 472, 0.00164249, 0.000530034
477, 473, 0.00153787, 0.000527902
477, 474, 0.00140561, 0.000528092
477, 475, 0.000937376, 0.000535542
477, 476, 0.000996229, 0.000545941
478, 471, 0.00191287, 0.000534282
478, 472, 0.00186176, 0.000534483
478, 473, 0.00175584, 0.000532903
478, 474, 0.00161906, 0.000537175
478, 475, 0.00113362, 0.000539244
478, 476, 0.00119644, 0.000551698
478, 477, 0.000580588, 0.00052989
479, 471, 0.00190709, 0.000533461
479, 472, 0.00185923, 0.000540801
479, 473, 0.00175148, 0.000534618
479, 474, 0.00161853, 0.000537684
479, 475, 0.00113056, 0.00054192
479, 476, 0.00119828, 0.000550539
479, 477, 0.000580808, 0.000534267
479, 478, 0.00053421, 0.000530514
480, 474, 0.00233957, 0.000551382
480, 475, 0.00182838, 0.000561574
480, 476, 0.00189661, 0.00057048
480, 477, 0.00111684, 0.000553096
480, 478, 0.000945843, 0.000549223
480, 479, 0.000945512, 0.000558329
481, 475, 0.00209291, 0.00056944
481, 476, 0.0021608, 0.000581711
481, 477, 0.00136106, 0.000561757
481, 478, 0.00118105, 0.000558494
481, 479, 0.00118109, 0.00056277
481, 480, 0.000633547, 0.000569843
482, 475, 0.00223278, 0.000574188
482, 476, 0.00229836, 0.000582098
482, 477, 0.00150025, 0.000566189
482, 478, 0.00130636, 0.000558591
482, 479, 0.00130485, 0.000570779
482, 480, 0.000717381, 0.000572254
482, 481, 0.000582897, 0.000565797
483, 475, 0.00230205, 0.000577143
483, 477, 0.00156611, 0.00056983
483, 478, 0.00137036, 0.000568196
483, 479, 0.00137662, 0.00057347
483, 480, 0.000758246, 0.00057693
483, 481, 0.000603081, 0.000567112
483, 482, 0.00057361, 0.000573249
484, 477, 0.00208477, 0.000580388
484, 478, 0.00188742, 0.000575181
484, 479, 0.00188698, 0.000586814
484, 480, 0.00119841, 0.000587365
484, 481, 0.000947504, 0.000580467
484, 482, 0.000863471, 0.000586887
484, 483, 0.000732429, 0.000577742
485, 477, 0.00202872, 0.000580854
485, 478, 0.0018292, 0.00057742
485, 479, 0.00182874, 0.000584591
485, 480, 0.00115247, 0.00058837
485, 481, 0.000902408, 0.000580309
485, 482, 0.000819466, 0.000583667
485, 483, 0.000698369, 0.000578939
485, 484, 0.000579954, 0.000577327
486, 477, 0.00231463, 0.000588303
486, 478, 0.0021083, 0.00058586
486, 479, 0.0021114, 0.000592103
486, 480, 0.0014089, 0.00059663
486, 481, 0.00114677, 0.000585227
486, 482, 0.00105122, 0.000594682
486, 483, 0.000902251, 0.000584556
486, 484, 0.000665604, 0.000582527
486, 485, 0.000657587, 0.000591032
487, 480, 0.00193473, 0.000609581
487, 481, 0.00165861, 0.000602956
487, 482, 0.00155178, 0.000607803
487, 483, 0.00137053, 0.000601877
487, 484, 0.00105297, 0.000600073
487, 485, 0.00102889, 0.000606951
487, 486, 0.000824688, 0.000604144
488, 480, 0.00214915, 0.000620997
488, 481, 0.00186084, 0.000608814
488, 482, 0.00175665, 0.000613428
488, 483, 0.0015785, 0.000606879
488, 484, 0.00123801, 0.000605285
488, 485, 0.00121361, 0.000614865
488, 486, 0.000985482, 0.000610406
488, 487, 0.000640788, 0.000609091
489, 481, 0.0020863, 0.000616217
489, 482, 0.00198145, 0.000622955
489, 483, 0.00179568, 0.000614498
489, 484, 0.00144739, 0.000611076
489, 485, 0.00142857, 0.000624628
489, 486, 0.00118052, 0.000615055
489, 487, 0.000746888, 0.00061702
489, 488, 0.00065837, 0.000619259
490, 482, 0.00214706, 0.000626122
490, 483, 0.00196503, 0.000617623
490, 484, 0.00161528, 0.000616012
490, 485, 0.00159109, 0.000625923
490, 486, 0.00134101, 0.000620962
490, 487, 0.000862243, 0.000619839
490, 488, 0.000744334, 0.000624318
490, 489, 0.0006473, 0.0006167
491, 484, 0.0017818, 0.000623082
491, 485, 0.00175435, 0.000629762
491, 486, 0.0014979, 0.000627891
491, 487, 0.000997642, 0.000626723
491, 488, 0.000858495, 0.000628739
491, 489, 0.000721187, 0.000626802
491, 490, 0.000661567, 0.000627171
492, 484, 0.00209032, 0.000632354
492, 485, 0.00206197, 0.000639174
492, 486, 0.00179372, 0.000634565
492, 487, 0.00126627, 0.000635167
492, 488, 0.00110802, 0.000635624
492, 489, 0.000920979, 0.000637257
492, 490, 0.000825419, 0.000636496
492, 491, 0.000700646, 0.000642363
493, 486, 0.00221902, 0.000644698
493, 487, 0.00166088, 0.000645913
493, 488, 0.0014879, 0.000647676
493, 489, 0.00127595, 0.00064239
493, 490, 0.00115758, 0.000649671
493, 491, 0.000964412, 0.000654357
493, 492, 0.000768272, 0.000646864
494, 486, 0.00218404, 0.000645495
494, 487, 0.00163369, 0.00064304
494, 488, 0.00145795, 0.00064738
494, 489, 0.00124985, 0.000646293
494, 490, 0.00113396, 0.000646841
494, 491, 0.000935706, 0.000654225
494, 492, 0.000750273, 0.000645442
494, 493, 0.000650516, 0.000656627
495, 487, 0.00217061, 0.000661132
495, 488, 0.00199411, 0.000663126
495, 489, 0.00176047, 0.000661056
495, 490, 0.00163187, 0.000664463
495, 491, 0.00140849, 0.00066895
495, 492, 0.00115308, 0.000660521
495, 493, 0.000885525, 0.000673513
495, 494, 0.000887609, 0.000660398
496, 488, 0.0022202, 0.000671802
496, 489, 0.00199286, 0.000667658
496, 490, 0.0018661, 0.000669041
496, 491, 0.00163614, 0.000675877
496, 492, 0.00135862, 0.000663604
496, 493, 0.00106304, 0.000675166
496, 494, 0.00106202, 0.000666785
496, 495, 0.00071523, 0.000670479
497, 488, 0.00230669, 0.000673246
497, 489, 0.00207929, 0.000671263
497, 490, 0.00194842, 0.0006745
497, 491, 0.00171736, 0.00068185
497, 492, 0.00143688, 0.000670781
497, 493, 0.001138, 0.000679697
497, 494, 0.00113675, 0.000670704
497, 495, 0.000751996, 0.000676854
497, 496, 0.000678252, 0.000670627
498, 489, 0.00207797, 0.000673156
498, 490, 0.00194411, 0.000671147
498, 491, 0.00171546, 0.000679315
498, 492, 0.00143973, 0.000674163
498, 493, 0.00114236, 0.000683165
498, 494, 0.00113475, 0.000671049
498, 495, 0.00075475, 0.000673739
498, 496, 0.000685657, 0.000674426
498, 497, 0.000676678, 0.00066792
499, 492, 0.00201905, 0.000689162
499, 493, 0.00169466, 0.000697157
499, 494, 0.00168936, 0.00068705
499, 495, 0.00118576, 0.000694942
499, 496, 0.00100459, 0.000689563
499, 497, 0.00094666, 0.000687937
499, 498, 0.000902972, 0.000692621
500, 493, 0.00197124, 0.000707611
500, 494, 0.00196198, 0.000696565
500, 495, 0.00143597, 0.000700434
500, 496, 0.00123845, 0.000699296
500, 497, 0.00117069, 0.000697082
500, 498, 0.00111741, 0.000700361
500, 499, 0.000739077, 0.000696477
501, 492, 0.00231186, 0.000695832
501, 493, 0.00197863, 0.000704524
501, 494, 0.00197343, 0.000696603
501, 495, 0.00144875, 0.000697338
501, 496, 0.00125329, 0.000695916
501, 497, 0.00118115, 0.00069548
501, 498, 0.0011249, 0.000698413
501, 499, 0.000745247, 0.000696788
501, 500, 0.000702712, 0.000694673
502, 495, 0.00208173, 0.000716677
502, 496, 0.0018579, 0.000712429
502, 497, 0.0017781, 0.000712803
502, 498, 0.0017255, 0.000718911
502, 499, 0.00117832, 0.000717071
502, 500, 0.000997868, 0.00071194
502, 501, 0.000926141, 0.000716021
503, 495, 0.00204873, 0.000716394
503, 496, 0.00183164, 0.00071307
503, 497, 0.00174363, 0.000715774
503, 498, 0.00168089, 0.000718705
503, 499, 0.00114709, 0.000717343
503, 500, 0.000969615, 0.000714401
503, 501, 0.000903861, 0.000716029
503, 502, 0.000715077, 0.000716416
504, 496, 0.00225262, 0.000721185
504, 497, 0.00216371, 0.000722032
504, 498, 0.00209818, 0.000726563
504, 499, 0.0015286, 0.000728894
504, 500, 0.00132181, 0.00072102
504, 501, 0.00122898, 0.000727914
504, 502, 0.000845263, 0.000727666
504, 503, 0.000861762, 0.000723152
505, 495, 0.00244912, 0.00072766
505, 496, 0.0022281, 0.000724245
505, 497, 0.00214135, 0.000722136
505, 498, 0.00207231, 0.000730232
505, 499, 0.00150714, 0.000723305
505, 500, 0.00129973, 0.000725545
505, 501, 0.00121035, 0.000729513
505, 502, 0.000837754, 0.000727029
505, 503, 0.000849444, 0.000720818
505, 504, 0.000733048, 0.000727584
506, 497, 0.00261025, 0.000736016
506, 499, 0.00194178, 0.000737216
506, 500, 0.00172942, 0.000734991
506, 501, 0.00162794, 0.000738705
506, 502, 0.00115386, 0.000739702
506, 503, 0.00117753, 0.000736222
506, 504, 0.000897072, 0.000738082
506, 505, 0.000909975, 0.000742311
508, 499, 0.00223904, 0.000747692
508, 500, 0.00201886, 0.000744805
508, 501, 0.00191274, 0.000749137
508, 502, 0.00141401, 0.000748871
508, 503, 0.00143123, 0.000744437
508, 504, 0.00110971, 0.00074907
508, 505, 0.00112715, 0.000750023
508, 506, 0.000826268, 0.000744742
509, 500, 0.00225026, 0.00075009
509, 501, 0.00215069, 0.000752233
509, 502, 0.00163855, 0.000754379
509, 503, 0.00166146, 0.000750284
509, 504, 0.00130867, 0.000755032
509, 505, 0.00132956, 0.000756057
509, 506, 0.000968539, 0.000748775
509, 508, 0.000788924, 0.00075111
510, 501, 0.00237921, 0.000760154
510, 502, 0.00185418, 0.000760428
510, 503, 0.00188312, 0.000756136
510, 504, 0.00151807, 0.000758642
510, 505, 0.00153247, 0.000761888
510, 506, 0.00113237, 0.000757192
510, 508, 0.000894365, 0.00075668
510, 509, 0.000815294, 0.000759905
511, 502, 0.00199721, 0.000765323
511, 503, 0.00201873, 0.000760277
511, 504, 0.00165138, 0.00076293
511, 505, 0.00167437, 0.00077098
511, 506, 0.00125267, 0.00075839
511, 508, 0.000985837, 0.000763634
511, 509, 0.000885663, 0.000771072
511, 510, 0.000788181, 0.000767598
512, 502, 0.00210344, 0.000764276
512, 503, 0.00212539, 0.000765395
512, 504, 0.00175878, 0.000768982
512, 505, 0.00177178, 0.000775366
512, 506, 0.00134697, 0.000761013
512, 508, 0.00106318, 0.000766968
512, 509, 0.000949099, 0.000773785
512, 510, 0.000825347, 0.000769525
512, 511, 0.00077231, 0.00076415
513, 504, 0.00221363, 0.000781543
513, 505, 0.00223634, 0.000783359
513, 506, 0.00177594, 0.000772764
513, 508, 0.00145572, 0.000781858
513, 509, 0.00130714, 0.00078618
513, 510, 0.00111332, 0.000780072
513, 511, 0.00096946, 0.000777286
513, 512, 0.000916552, 0.000785088
514, 504, 0.00213746, 0.00077988
514, 505, 0.00215968, 0.000782748
514, 506, 0.00170415, 0.00077129
514, 508, 0.00138753, 0.000774267
514, 509, 0.00124558, 0.000781668
514, 510, 0.00105874, 0.00078288
514, 511, 0.000921946, 0.000770733
514, 512, 0.00087587, 0.000780405
514, 513, 0.00078049, 0.000778872
515, 505, 0.00220666, 0.000786282
515, 506, 0.0017526, 0.000774682
515, 508, 0.00142162, 0.000778707
515, 509, 0.00128028, 0.000783347
515, 510, 0.00109003, 0.000783786
515, 511, 0.000950209, 0.000777607
515, 512, 0.000899647, 0.000784341
515, 513, 0.000777951, 0.000778543
515, 514, 0.000780251, 0.00078229
516, 506, 0.00204257, 0.000782689
516, 508, 0.00170206, 0.00078939
516, 509, 0.00155098, 0.000788777
516, 510, 0.00133546, 0.000784873
516, 511, 0.00116682, 0.000786641
516, 512, 0.00110188, 0.000792982
516, 513, 0.000832344, 0.000783771
516, 514, 0.000869235, 0.000786497
516, 515, 0.000821757, 0.000785775
517, 508, 0.0017378, 0.00078945
517, 509, 0.00157747, 0.000793141
517, 510, 0.00136466, 0.000790231
517, 511, 0.00119156, 0.000786757
517, 512, 0.00112853, 0.000793017
517, 513, 0.000848691, 0.000788888
517, 514, 0.000890969, 0.000789059
517, 515, 0.000837054, 0.000789165
517, 516, 0.000793749, 0.000787615
519, 508, 0.00181824, 0.000788941
519, 509, 0.00165949, 0.000795092
519, 510, 0.00144481, 0.000793043
519, 511, 0.00126873, 0.000788746
519, 512, 0.00119333, 0.000794606
519, 513, 0.000887944, 0.00079086
519, 514, 0.000933515, 0.000788493
519, 515, 0.000872357, 0.000786762
519, 516, 0.000803973, 0.000787105
519, 517, 0.000793332, 0.000789961
520, 509, 0.00220977, 0.000805487
520, 510, 0.00197387, 0.000806841
520, 511, 0.00177537, 0.000802586
520, 512, 0.00169341, 0.000807265
520, 513, 0.00128176, 0.000804359
520, 514, 0.00135658, 0.000803831
520, 515, 0.00125622, 0.000803784
520, 516, 0.00108934, 0.000803707
520, 517, 0.00104782, 0.000805065
520, 519, 0.00103578, 0.000802919
521, 511, 0.00208394, 0.000811819
521, 512, 0.00200079, 0.000818807
521, 513, 0.00155925, 0.000812907
521, 514, 0.00163987, 0.000814675
521, 515, 0.00153199, 0.000812678
521, 516, 0.00133886, 0.000813529
521, 517, 0.00129209, 0.000814591
521, 519, 0.00127482, 0.000814846
521, 520, 0.000883902, 0.000816232
522, 510, 0.00222259, 0.000814208
522, 511, 0.00201739, 0.000808769
522, 512, 0.00193929, 0.000816965
522, 513, 0.00150199, 0.000811618
522, 514, 0.00157681, 0.000810914
522, 515, 0.00147357, 0.000810417
522, 516, 0.00128307, 0.000810587
522, 517, 0.00124017, 0.000814792
522, 519, 0.00122278, 0.000811255
522, 520, 0.000858849, 0.000813451
522, 521, 0.000820927, 0.000810781
523, 512, 0.00209021, 0.000821561
523, 513, 0.0016506, 0.0008154
523, 514, 0.00172573, 0.000815996
523, 515, 0.00161302, 0.000816269
523, 516, 0.00141979, 0.000815886
523, 517, 0.0013716, 0.000819597
523, 519, 0.00135396, 0.000817268
523, 520, 0.000926406, 0.000818866
523, 521, 0.000814741, 0.000815758
523, 522, 0.000844361, 0.000818046
525, 513, 0.00254562, 0.000835202
525, 514, 0.00263231, 0.000838162
525, 515, 0.00251038, 0.000837634
525, 516, 0.00229774, 0.000836119
525, 517, 0.00223761, 0.000840195
525, 519, 0.0022123, 0.000836075
525, 520, 0.00163748, 0.000838166
525, 521, 0.00131772, 0.000837359
525, 522, 0.00145066, 0.000838431
525, 523, 0.00122488, 0.000833615
526, 513, 0.0028103, 0.000844652
526, 516, 0.00255773, 0.000843507
526, 517, 0.00249358, 0.000847976
526, 519, 0.00246628, 0.000843524
526, 520, 0.0018751, 0.000845791
526, 521, 0.00153416, 0.000844879
526, 522, 0.00168026, 0.000845832
526, 523, 0.00144057, 0.000841391
526, 525, 0.000889621, 0.00084444
527, 520, 0.00244314, 0.000863639
527, 521, 0.00208033, 0.000862378
527, 522, 0.00223481, 0.000862889
527, 523, 0.00197027, 0.000856536
527, 525, 0.0012248, 0.000860553
527, 526, 0.00108043, 0.000865551
528, 520, 0.0028103, 0.000873326
528, 521, 0.00243454, 0.000872111
528, 522, 0.00259561, 0.000872581
528, 523, 0.00232614, 0.000866979
528, 525, 0.00152779, 0.000870353
528, 526, 0.00135741, 0.00087332
528, 527, 0.000917614, 0.000869725
529, 520, 0.00301447, 0.000874747
529, 521, 0.00263626, 0.000874642
529, 522, 0.00280019, 0.000877685
529, 523, 0.00251517, 0.000868995
529, 525, 0.0016996, 0.00087305
529, 526, 0.00152108, 0.000879022
529, 527, 0.00100106, 0.000871106
529, 528, 0.000888527, 0.00087325
530, 521, 0.00302217, 0.000884482
530, 522, 0.00318496, 0.000884862
530, 523, 0.00290465, 0.00087936
530, 525, 0.00206609, 0.000881946
530, 526, 0.00187209, 0.000885802
530, 527, 0.00125657, 0.000882096
530, 528, 0.001054, 0.000882117
530, 529, 0.000944697, 0.000875635
531, 525, 0.00291482, 0.000905511
531, 526, 0.00271003, 0.000908017
531, 527, 0.00201276, 0.0009042
531, 528, 0.00173613, 0.000905208
531, 529, 0.00153571, 0.000900762
531, 530, 0.0013131, 0.000902813
532, 525, 0.0031974, 0.000910589
532, 526, 0.00299096, 0.000913468
532, 527, 0.00228188, 0.000910358
532, 528, 0.00199338, 0.000911819
532, 529, 0.0017828, 0.000907348
532, 530, 0.0015413, 0.000910325
532, 531, 0.000954758, 0.000909545
533, 525, 0.00331978, 0.000911555
533, 526, 0.00310431, 0.000917053
533, 527, 0.00239522, 0.000912803
533, 528, 0.00210493, 0.00091293
533, 529, 0.00189005, 0.000908246
533, 530, 0.00164089, 0.000912496
533, 531, 0.00100106, 0.000911019
533, 532, 0.000926903, 0.000913701
535, 525, 0.00336494, 0.000915805
535, 526, 0.00314975, 0.000920733
535, 527, 0.00243732, 0.000914755
535, 528, 0.00214846, 0.000915978
535, 529, 0.00193301, 0.000912348
535, 530, 0.00167881, 0.00091554
535, 531, 0.00102227, 0.000914408
535, 532, 0.000939205, 0.000916099
535, 533, 0.000920035, 0.000916432
537, 528, 0.00295798, 0.000936474
537, 529, 0.00273119, 0.000933105
537, 530, 0.00245859, 0.000936875
537, 531, 0.0016144, 0.000934335
537, 532, 0.00141413, 0.000938167
537, 533, 0.00133148, 0.000935405
537, 535, 0.00126354, 0.000933115
538, 529, 0.00291137, 0.000939612
538, 530, 0.00263318, 0.000938262
538, 531, 0.00177141, 0.00093945
538, 532, 0.00156867, 0.000942648
538, 533, 0.00147406, 0.000943406
538, 535, 0.00140079, 0.000938928
538, 537, 0.000970078, 0.000943432
539, 528, 0.00300654, 0.000939445
539, 529, 0.00278099, 0.000934382
539, 530, 0.00251197, 0.000936317
539, 531, 0.00166033, 0.000938643
539, 532, 0.00145738, 0.000939458
539, 533, 0.00137039, 0.000938456
539, 535, 0.00129996, 0.000935585
539, 537, 0.000944577, 0.000939852
539, 538, 0.000950097, 0.000939314
540, 530, 0.00304696, 0.000950378
540, 531, 0.00215843, 0.000950735
540, 532, 0.00193565, 0.000952967
540, 533, 0.00183663, 0.000949948
540, 535, 0.00175436, 0.00094944
540, 537, 0.00115528, 0.000953015
540, 538, 0.00104056, 0.000953311
540, 539, 0.00108759, 0.000952378
541, 531, 0.00232335, 0.00095335
541, 532, 0.00209868, 0.000955242
541, 533, 0.00199189, 0.000953818
541, 535, 0.00190388, 0.000950726
541, 537, 0.00127033, 0.000954784
541, 538, 0.00112192, 0.000954818
541, 539, 0.00118376, 0.000954311
541, 540, 0.000978859, 0.000958147
542, 531, 0.00240187, 0.00095252
542, 532, 0.00216789, 0.000954827
542, 533, 0.00206095, 0.000955796
542, 535, 0.00197818, 0.0009522
542, 537, 0.0013188, 0.000958057
542, 538, 0.00117011, 0.000955693
542, 539, 0.00123403, 0.000955999
542, 540, 0.00100076, 0.000957547
542, 541, 0.000958983, 0.000952867
543, 532, 0.0022504, 0.000959784
543, 533, 0.00214084, 0.000958193
543, 535, 0.00204899, 0.000956127
543, 537, 0.00138587, 0.000959924
543, 538, 0.00122472, 0.000958355
543, 539, 0.00129675, 0.000958581
543, 540, 0.00103585, 0.00096239
543, 541, 0.00097283, 0.000956598
543, 542, 0.000972317, 0.000956344
544, 532, 0.00218999, 0.000959999
544, 533, 0.00208646, 0.000958992
544, 535, 0.00200422, 0.000956536
544, 537, 0.00134186, 0.000961238
544, 538, 0.00118751, 0.000958062
544, 539, 0.00125165, 0.000960112
544, 540, 0.00100976, 0.00096005
544, 541, 0.000962757, 0.000958571
544, 542, 0.000960032, 0.000956284
544, 543, 0.000956922, 0.000960239
545, 533, 0.00228519, 0.000964152
545, 535, 0.00219091, 0.000960761
545, 537, 0.00150422, 0.000963828
545, 538, 0.00132543, 0.000963475
545, 539, 0.00140862, 0.000961899
545, 540, 0.00110576, 0.000966514
545, 541, 0.00101401, 0.000961818
545, 542, 0.00101291, 0.000961057
545, 543, 0.000976854, 0.00096642
545, 544, 0.000978648, 0.000960939
546, 535, 0.00247197, 0.000966556
546, 537, 0.00175426, 0.00097045
546, 538, 0.00156036, 0.000970308
546, 539, 0.00164239, 0.00096981
546, 540, 0.00129039, 0.000974154
546, 541, 0.00115536, 0.000967853
546, 542, 0.00114864, 0.000968233
546, 543, 0.00107566, 0.000973859
546, 544, 0.00108233, 0.000967592
546, 545, 0.00103444, 0.000968263
547, 537, 0.00195371, 0.000975574
547, 538, 0.00175199, 0.000975451
547, 539, 0.00184519, 0.000974854
547, 540, 0.00146093, 0.000978419
547, 541, 0.00129746, 0.000972952
547, 542, 0.00129157, 0.000973519
547, 543, 0.00119689, 0.000977373
547, 544, 0.00120464, 0.000972658
547, 545, 0.0011384, 0.000973826
547, 546, 0.000998366, 0.000978006
548, 537, 0.00206172, 0.000977011
548, 538, 0.00184904, 0.000978284
548, 539, 0.00193956, 0.000976222
548, 540, 0.00155171, 0.000979301
548, 541, 0.00137981, 0.000974721
548, 542, 0.0013767, 0.000974919
548, 543, 0.00127147, 0.000977055
548, 544, 0.00127808, 0.000974188
548, 545, 0.00120621, 0.000975935
548, 546, 0.00102405, 0.000980633
548, 547, 0.000979948, 0.000975633
549, 537, 0.00209304, 0.000979817
549, 538, 0.00187238, 0.000977396
549, 539, 0.00197484, 0.000978586
549, 540, 0.00157242, 0.00098199
549, 541, 0.00140185, 0.000975796
549, 542, 0.00139794, 0.000975455
549, 543, 0.00129325, 0.000980531
549, 544, 0.00130172, 0.000976461
549, 545, 0.00122409, 0.000977418
549, 546, 0.00103611, 0.000982816
549, 547, 0.00098671, 0.000978217
549, 548, 0.000980637, 0.00097967
550, 538, 0.00193115, 0.000980654
550, 539, 0.00202133, 0.000981309
550, 540, 0.00162432, 0.000982401
550, 541, 0.00144914, 0.000978045
550, 542, 0.00143911, 0.000976705
550, 543, 0.00132952, 0.00098253
550, 544, 0.00134397, 0.000977072
550, 545, 0.00126039, 0.000977217
550, 546, 0.00105788, 0.000981989
550, 547, 0.00099531, 0.000978837
550, 548, 0.000980815, 0.000980352
550, 549, 0.000983336, 0.000980497
551, 540, 0.0018106, 0.000986688
551, 541, 0.00162491, 0.000982989
551, 542, 0.00162027, 0.000982989
551, 543, 0.00149972, 0.000986032
551, 544, 0.00150777, 0.00098186
551, 545, 0.00142086, 0.00098465
551, 546, 0.00117101, 0.000987464
551, 547, 0.00106155, 0.000984172
551, 548, 0.00102566, 0.000984532
551, 549, 0.00102991, 0.000989877
551, 550, 0.000999753, 0.000983477
552, 540, 0.00190685, 0.000990401
552, 541, 0.00171047, 0.000983545
552, 542, 0.00170746, 0.000984097
552, 543, 0.00158072, 0.000986756
552, 544, 0.00159353, 0.000985051
552, 545, 0.0015008, 0.000986372
552, 546, 0.00122866, 0.000988543
552, 547, 0.00111328, 0.000987497
552, 548, 0.00106528, 0.000987169
552, 549, 0.00106662, 0.000988453
552, 550, 0.00102256, 0.000986018
552, 551, 0.000993102, 0.000986038
553, 540, 0.00201891, 0.000990332
553, 541, 0.0018257, 0.000986062
553, 542, 0.00182204, 0.000984129
553, 543, 0.00168814, 0.000991256
553, 544, 0.00170443, 0.000984989
553, 545, 0.00160627, 0.000985875
553, 546, 0.00131764, 0.000989859
553, 547, 0.00117961, 0.000987476
553, 548, 0.00112157, 0.000989162
553, 549, 0.00112721, 0.000990983
553, 550, 0.00106664, 0.000988566
553, 551, 0.00101965, 0.000987988
553, 552, 0.000998713, 0.000987695
555, 542, 0.00194363, 0.000989203
555, 543, 0.00180922, 0.000992565
555, 544, 0.00182414, 0.000987065
555, 545, 0.00172244, 0.000989124
555, 546, 0.00141725, 0.000994435
555, 547, 0.00126546, 0.000991352
555, 548, 0.00119686, 0.000991083
555, 549, 0.00120087, 0.000993387
555, 550, 0.00113075, 0.000988705
555, 551, 0.00106027, 0.000991232
555, 552, 0.0010255, 0.00099099
555, 553, 0.0010109, 0.000992547
556, 545, 0.00204406, 0.000998171
556, 546, 0.0017147, 0.00100092
556, 547, 0.00153751, 0.00100045
556, 548, 0.00145379, 0.00100156
556, 549, 0.00145672, 0.00100249
556, 550, 0.00135657, 0.000999753
556, 551, 0.00125433, 0.0010003
556, 552, 0.00119039, 0.00100089
556, 553, 0.00115922, 0.00100158
556, 555, 0.0011015, 0.000999437
557, 546, 0.00173869, 0.00100323
557, 547, 0.00155636, 0.00100264
557, 548, 0.00147373, 0.00100307
557, 549, 0.00148256, 0.00100356
557, 550, 0.00138258, 0.00100018
557, 551, 0.00127649, 0.00100137
557, 552, 0.00120722, 0.00100285
557, 553, 0.00117097, 0.00100266
557, 555, 0.0011151, 0.00100049
557, 556, 0.00100095, 0.00100153
558, 546, 0.00174311, 0.00100317
558, 547, 0.00156383, 0.00100243
558, 548, 0.00148146, 0.00100394
558, 549, 0.00148585, 0.00100482
558, 550, 0.00138773, 0.00100154
558, 551, 0.00128118, 0.00100107
558, 552, 0.00121253, 0.00100261
558, 553, 0.00117874, 0.0010044
558, 555, 0.00111786, 0.000999019
558, 556, 0.00100259, 0.00100113
558, 557, 0.00100304, 0.0010018
559, 546, 0.00184965, 0.00100715
559, 547, 0.00165981, 0.00100504
559, 548, 0.00157334, 0.00100651
559, 549, 0.0015796, 0.00100634
559, 550, 0.00147042, 0.00100305
559, 551, 0.00136368, 0.00100554
559, 552, 0.00129158, 0.00100323
559, 553, 0.00124587, 0.0010065
559, 555, 0.00118052, 0.00100353
559, 556, 0.0010182, 0.00100571
559, 557, 0.00100432, 0.00100259
559, 558, 0.0010074, 0.00100239
560, 547, 0.00162846, 0.00100497
560, 548, 0.001544, 0.00100424
560, 549, 0.00155094, 0.00100465
560, 550, 0.00143872, 0.0010031
560, 551, 0.00133658, 0.00100373
560, 552, 0.00126645, 0.001003
560, 553, 0.00122229, 0.00100502
560, 555, 0.00115894, 0.00100299
560, 556, 0.0010139, 0.00100435
560, 557, 0.00100458, 0.00100394
560, 558, 0.0010042, 0.00100252
560, 559, 0.00100963, 0.00100252
561, 547, 0.00178856, 0.00100549
561, 548, 0.00170391, 0.00100681
561, 549, 0.00170693, 0.00100728
561, 550, 0.00159199, 0.00100613
561, 551, 0.00147317, 0.00100557
561, 552, 0.00139548, 0.00100602
561, 553, 0.00135202, 0.00100622
561, 555, 0.00127213, 0.00100422
561, 556, 0.00105989, 0.00100634
561, 557, 0.00102733, 0.00100514
561, 558, 0.00103645, 0.00100577
561, 559, 0.00101261, 0.00100453
561, 560, 0.0010138, 0.00100331
562, 548, 0.00197624, 0.00101276
562, 549, 0.00198414, 0.00101561
562, 550, 0.00186399, 0.00101221
562, 551, 0.00173266, 0.00101355
562, 552, 0.00164299, 0.00101198
562, 553, 0.0015914, 0.00101452
562, 555, 0.00150415, 0.00101271
562, 556, 0.00121256, 0.00101244
562, 557, 0.00114946, 0.00101241
562, 558, 0.00117029, 0.00101123
562, 559, 0.00110641, 0.00101062
562, 560, 0.00111485, 0.00101093
562, 561, 0.00106953, 0.00101078
563, 549, 0.0019663, 0.00101384
563, 550, 0.00184208, 0.0010106
563, 551, 0.0017102, 0.00101133
563, 552, 0.0016292, 0.00101291
563, 553, 0.00157462, 0.00101288
563, 555, 0.00148276, 0.00101061
563, 556, 0.00120155, 0.00101145
563, 557, 0.00113819, 0.00101148
563, 558, 0.0011568, 0.00100949
563, 559, 0.00109912, 0.00100897
563, 560, 0.00110541, 0.00101058
563, 561, 0.00106314, 0.00101035
563, 562, 0.00101536, 0.00101245
565, 551, 0.00207754, 0.0010213
565, 552, 0.00198767, 0.00102276
565, 553, 0.00192699, 0.00102522
565, 555, 0.00182518, 0.00102051
565, 556, 0.00148067, 0.00102204
565, 557, 0.00139792, 0.00102023
565, 558, 0.0014206, 0.00101897
565, 559, 0.00133333, 0.00102016
565, 560, 0.00134188, 0.00102009
565, 561, 0.00126875, 0.00102169
565, 562, 0.00107917, 0.00102117
565, 563, 0.00111083, 0.00102034
566, 552, 0.00228467, 0.00102623
566, 553, 0.00222943, 0.00103001
566, 555, 0.0021142, 0.00102759
566, 556, 0.00174451, 0.00102678
566, 557, 0.00164885, 0.00102793
566, 558, 0.00167808, 0.00102614
566, 559, 0.00157549, 0.00102544
566, 560, 0.00159073, 0.0010247
566, 561, 0.00149877, 0.001025
566, 562, 0.0012415, 0.00102704
566, 563, 0.00129038, 0.0010272
566, 565, 0.00106335, 0.00102166
567, 553, 0.00246609, 0.00103518
567, 555, 0.00234798, 0.00103046
567, 556, 0.00196132, 0.00103325
567, 557, 0.00186757, 0.0010321
567, 558, 0.00189195, 0.00103079
567, 559, 0.00178654, 0.00103077
567, 560, 0.00180157, 0.00102998
567, 561, 0.00169737, 0.00103104
567, 562, 0.00140739, 0.00103294
567, 563, 0.00146623, 0.00103213
567, 565, 0.00116162, 0.00102817
567, 566, 0.00108029, 0.00103479
568, 556, 0.00231559, 0.00104331
568, 557, 0.00220567, 0.00103961
568, 558, 0.00223964, 0.00103905
568, 559, 0.00211938, 0.00103835
568, 560, 0.00213741, 0.00103954
568, 561, 0.00203474, 0.00104121
568, 562, 0.00170508, 0.00103932
568, 563, 0.00176804, 0.00104101
568, 565, 0.001392, 0.00103756
568, 566, 0.00126462, 0.00104233
568, 567, 0.00112067, 0.00103813
569, 556, 0.00256254, 0.00104655
569, 557, 0.00245228, 0.00104287
569, 558, 0.00248974, 0.00104401
569, 559, 0.00236374, 0.00104108
569, 560, 0.00237866, 0.00104253
569, 561, 0.00227224, 0.00104543
569, 562, 0.00192668, 0.00104439
569, 563, 0.00200848, 0.00104539
569, 565, 0.00159108, 0.00104027
569, 566, 0.00143806, 0.00104557
569, 567, 0.00124998, 0.00104263
569, 568, 0.00107222, 0.0010469
570, 559, 0.00302804, 0.00105726
570, 561, 0.00293063, 0.00105885
570, 562, 0.00256118, 0.00105764
570, 563, 0.00264122, 0.00105934
570, 565, 0.00218943, 0.00105476
570, 566, 0.00200536, 0.00106128
570, 567, 0.00175114, 0.00105644
570, 568, 0.00142238, 0.00106103
570, 569, 0.00130315, 0.0010569
572, 562, 0.00333817, 0.00107512
572, 563, 0.00341557, 0.00107688
572, 565, 0.00293621, 0.00107166
572, 566, 0.00274264, 0.00107573
572, 567, 0.00246848, 0.00107349
572, 568, 0.0020718, 0.00107682
572, 569, 0.0019122, 0.00107316
572, 570, 0.00138725, 0.00107412
573, 562, 0.00346384, 0.00107776
573, 565, 0.00306627, 0.00107478
573, 566, 0.00287663, 0.00107958
573, 567, 0.0025918, 0.001076
573, 568, 0.00219447, 0.00108112
573, 569, 0.00203268, 0.00107761
573, 570, 0.00147815, 0.0010779
573, 572, 0.0010872, 0.00107893
574, 565, 0.0034783, 0.00108355
574, 566, 0.00327744, 0.00108827
574, 567, 0.00299392, 0.00108598
574, 568, 0.0025784, 0.00108997
574, 569, 0.00240974, 0.00108562
574, 570, 0.00180593, 0.00108662
574, 572, 0.00123154, 0.00108813
574, 573, 0.0011694, 0.00108464
575, 566, 0.00398387, 0.00110227
575, 567, 0.0036904, 0.00109878
575, 568, 0.00326712, 0.00110198
575, 569, 0.00308706, 0.00109798
575, 570, 0.00244225, 0.00109946
575, 572, 0.00171912, 0.0011005
575, 573, 0.00160511, 0.00109746
575, 574, 0.00132149, 0.00109922
576, 567, 0.00387059, 0.00110267
576, 568, 0.00344579, 0.00110584
576, 569, 0.00326957, 0.00110244
576, 570, 0.00261277, 0.00110338
576, 572, 0.00186583, 0.00110379
576, 573, 0.00174863, 0.00110258
576, 574, 0.00143679, 0.0011039
576, 575, 0.00112737, 0.00110339
577, 568, 0.00391763, 0.00111477
577, 569, 0.00373522, 0.00111084
577, 570, 0.00306356, 0.00111117
577, 572, 0.00228584, 0.0011129
577, 573, 0.00215028, 0.00111042
577, 574, 0.0017975, 0.00111231
577, 575, 0.00133085, 0.00111185
577, 576, 0.00120264, 0.00110933
579, 569, 0.00412586, 0.00111969
579, 570, 0.00345763, 0.0011194
579, 572, 0.00265643, 0.00112088
579, 573, 0.00251872, 0.00111871
579, 574, 0.00214194, 0.00112032
579, 575, 0.00159946, 0.00112001
579, 576, 0.00142052, 0.00111803
579, 577, 0.00121447, 0.00112107
580, 570, 0.00391357, 0.00112864
580, 572, 0.00309496, 0.00112897
580, 573, 0.00296155, 0.00112725
580, 574, 0.00256114, 0.00112897
580, 575, 0.0019743, 0.00112804
580, 576, 0.00175805, 0.00112671
580, 577, 0.00147224, 0.00112907
580, 579, 0.00122341, 0.00112848
581, 572, 0.00398613, 0.00114643
581, 573, 0.00383451, 0.0011442
581, 574, 0.00342749, 0.00114524
581, 575, 0.00279268, 0.00114489
581, 576, 0.00254453, 0.00114358
581, 577, 0.00219716, 0.00114656
581, 579, 0.00180725, 0.00114606
581, 580, 0.0014379, 0.00114504
582, 572, 0.00386458, 0.00114401
582, 573, 0.00372262, 0.00114189
582, 574, 0.00330797, 0.0011441
582, 575, 0.0026853, 0.00114254
582, 576, 0.00243656, 0.00114171
582, 577, 0.00209453, 0.001143
582, 579, 0.0017165, 0.00114441
582, 580, 0.00136736, 0.00114165
582, 581, 0.00115286, 0.00114134
583, 574, 0.00403389, 0.00115686
583, 575, 0.00338748, 0.00115583
583, 576, 0.00313104, 0.00115384
583, 577, 0.00276304, 0.0011576
583, 579, 0.002338, 0.00115697
583, 580, 0.00189679, 0.00115551
583, 581, 0.00130407, 0.00115649
583, 582, 0.00138274, 0.00115608
584, 575, 0.00378753, 0.001163
584, 576, 0.00353009, 0.00116158
584, 577, 0.00315548, 0.00116456
584, 579, 0.00271982, 0.00116473
584, 580, 0.00225061, 0.00116242
584, 581, 0.001554, 0.00116227
584, 582, 0.00165789, 0.00116423
584, 583, 0.00124223, 0.00116362
585, 575, 0.00397253, 0.00116691
585, 576, 0.00371256, 0.00116601
585, 577, 0.00333614, 0.00116852
585, 579, 0.0028953, 0.00116787
585, 580, 0.00242366, 0.00116606
585, 581, 0.00169112, 0.00116658
585, 582, 0.00180511, 0.00116749
585, 583, 0.00132374, 0.00116733
585, 584, 0.00118501, 0.00116931
586, 577, 0.00396194, 0.00117952
586, 579, 0.00351029, 0.00117954
586, 580, 0.00301777, 0.0011773
586, 581, 0.00221944, 0.00117835
586, 582, 0.00235463, 0.00117906
586, 583, 0.00173918, 0.00117843
586, 584, 0.00145832, 0.00118113
586, 585, 0.00136233, 0.00117912
587, 579, 0.00370611, 0.0011822
587, 580, 0.00320603, 0.00118119
587, 581, 0.00239712, 0.00118106
587, 582, 0.0025292, 0.00118183
587, 583, 0.00189127, 0.00118234
587, 584, 0.00158474, 0.00118551
587, 585, 0.00147764, 0.00118302
587, 586, 0.00119855, 0.00118498
589, 580, 0.00370463, 0.00118977
589, 581, 0.00286312, 0.00119035
589, 582, 0.00300376, 0.00119159
589, 583, 0.00233339, 0.0011909
589, 584, 0.00198253, 0.00119354
589, 585, 0.00184616, 0.00119107
589, 586, 0.00139235, 0.00119478
589, 587, 0.00129843, 0.00119163
590, 581, 0.00305347, 0.00119389
590, 582, 0.00319071, 0.00119503
590, 583, 0.00250801, 0.00119384
590, 584, 0.00214584, 0.00119652
590, 585, 0.00200358, 0.00119585
590, 586, 0.00150779, 0.00119786
590, 587, 0.00139229, 0.00119572
590, 589, 0.00121123, 0.00119617
591, 581, 0.00305886, 0.00119465
591, 582, 0.00320574, 0.00119601
591, 583, 0.002522, 0.00119462
591, 584, 0.00214953, 0.00119722
591, 585, 0.00200996, 0.00119471
591, 586, 0.00151153, 0.00119852
591, 587, 0.00139889, 0.00119473
591, 589, 0.00121371, 0.00119528
591, 590, 0.00119568, 0.00119473
592, 581, 0.00306088, 0.00119455
592, 582, 0.00319963, 0.00119482
592, 583, 0.00251811, 0.00119589
592, 584, 0.00215518, 0.00119753
592, 585, 0.00201002, 0.00119576
592, 586, 0.00151729, 0.00119814
592, 587, 0.00140399, 0.00119522
592, 589, 0.00122066, 0.00119526
592, 590, 0.00119979, 0.00119442
592, 591, 0.00119899, 0.00119582
593, 581, 0.00322304, 0.00119868
593, 583, 0.00267405, 0.00119889
593, 584, 0.00230285, 0.00120127
593, 585, 0.00215602, 0.00119969
593, 586, 0.00163264, 0.00120125
593, 587, 0.00150049, 0.00119902
593, 589, 0.0012614, 0.00119816
593, 590, 0.00121309, 0.00119806
593, 591, 0.00121226, 0.00119906
593, 592, 0.00121208, 0.00120088
594, 583, 0.0034198, 0.00121122
594, 584, 0.00302373, 0.0012143
594, 585, 0.00287132, 0.00121298
594, 586, 0.00226372, 0.0012153
594, 587, 0.0020948, 0.00121222
594, 589, 0.00170145, 0.0012116
594, 590, 0.0015686, 0.00121141
594, 591, 0.00156592, 0.00121274
594, 592, 0.00156449, 0.00121516
594, 593, 0.00145685, 0.00121115
595, 584, 0.00398036, 0.00123061
595, 585, 0.00380969, 0.0012292
595, 586, 0.00317273, 0.00123126
595, 587, 0.00298498, 0.00122885
595, 589, 0.00252847, 0.00122794
595, 590, 0.00235038, 0.00122864
595, 591, 0.00234759, 0.00122802
595, 592, 0.00235126, 0.00123198
595, 593, 0.00219821, 0.00122738
595, 594, 0.00159523, 0.00122976
596, 585, 0.00405637, 0.00123437
596, 586, 0.00340223, 0.00123633
596, 587, 0.00321327, 0.0012325
596, 589, 0.00274496, 0.00123248
596, 590, 0.00257029, 0.00123151
596, 591, 0.00256817, 0.00123327
596, 592, 0.00256861, 0.00123607
596, 593, 0.00240452, 0.00123222
596, 594, 0.00176399, 0.0012325
596, 595, 0.00125967, 0.00123365
597, 586, 0.00454406, 0.0012556
597, 587, 0.00435543, 0.00125299
597, 589, 0.0038656, 0.0012522
597, 590, 0.00366789, 0.00125238
597, 591, 0.00367251, 0.00125316
597, 592, 0.00367575, 0.00125561
597, 593, 0.00350903, 0.00125201
597, 594, 0.00276776, 0.00125346
597, 595, 0.00192167, 0.00125341
597, 596, 0.0017383, 0.00125362
599, 589, 0.00542785, 0.00127856
599, 590, 0.00523045, 0.00127861
599, 591, 0.00522584, 0.00127903
599, 592, 0.00523372, 0.00128147
599, 593, 0.00506415, 0.00127872
599, 594, 0.00428236, 0.00127946
599, 595, 0.00333678, 0.00127977
599, 596, 0.00310461, 0.00128017
599, 597, 0.00206569, 0.00127914
601, 594, 0.00910474, 0.00135769
601, 595, 0.00811351, 0.00135957
601, 596, 0.00787055, 0.00135843
601, 597, 0.00668382, 0.0013576
601, 599, 0.00510081, 0.00135682
602, 595, 0.0120327, 0.00142005
602, 596, 0.0117928, 0.00141979
602, 597, 0.0105954, 0.00141858
602, 599, 0.00899119, 0.00141744
602, 601, 0.00421535, 0.00141877
604, 597, 0.0130907, 0.00145788
604, 599, 0.0114791, 0.00145727
604, 601, 0.00664545, 0.00145692
604, 602, 0.0028977, 0.00145661
605, 599, 0.0125571, 0.00147345
605, 601, 0.00770698, 0.00147371
605, 602, 0.00388149, 0.00147474
605, 604, 0.00183206, 0.00147451
606, 601, 0.0095664, 0.00150222
606, 602, 0.00567524, 0.00150236
606, 604, 0.00333236, 0.00150375
606, 605, 0.00241132, 0.00150374
607, 601, 0.00957458, 0.00150195
607, 602, 0.0056809, 0.00150219
607, 604, 0.00333889, 0.00150347
607, 605, 0.00241753, 0.00150308
607, 606, 0.00150539, 0.00150332
609, 602, 0.00735442, 0.00152855
609, 604, 0.00493505, 0.00152914
609, 605, 0.0039165, 0.00152877
609, 606, 0.00230473, 0.00152896
609, 607, 0.00229603, 0.00152935
610, 602, 0.00761909, 0.00153236
610, 604, 0.00519755, 0.00153281
610, 605, 0.00416846, 0.00153279
610, 606, 0.00251997, 0.00153344
610, 607, 0.00251088, 0.0015329
610, 609, 0.00155726, 0.00153242
611, 602, 0.00793476, 0.00153687
611, 604, 0.00551655, 0.00153795
611, 605, 0.00448382, 0.00153829
611, 606, 0.00279049, 0.00153786
611, 607, 0.00278018, 0.00153754
611, 609, 0.00165086, 0.0015375
611, 610, 0.00157448, 0.00153793
612, 602, 0.00823814, 0.00154175
612, 604, 0.00580987, 0.00154166
612, 605, 0.00476483, 0.00154247
612, 606, 0.00305331, 0.00154275
612, 607, 0.00304296, 0.00154195
612, 609, 0.00178857, 0.00154078
612, 610, 0.00166836, 0.0015435
612, 611, 0.0015707, 0.00154263
613, 604, 0.00656749, 0.00155347
613, 605, 0.00552049, 0.00155317
613, 606, 0.00375091, 0.00155391
613, 607, 0.00374068, 0.0015538
613, 609, 0.00229461, 0.00155193
613, 610, 0.00210788, 0.00155327
613, 611, 0.00189581, 0.00155444
613, 612, 0.00173679, 0.00155248
615, 606, 0.00442331, 0.00156468
615, 607, 0.00441897, 0.00156398
615, 609, 0.0028763, 0.00156351
615, 610, 0.00266271, 0.00156417
615, 611, 0.002394, 0.00156467
615, 612, 0.00216886, 0.00156409
615, 613, 0.00173128, 0.00156428
616, 606, 0.0044181, 0.00156419
616, 607, 0.00440821, 0.00156396
616, 609, 0.0028718, 0.00156279
616, 610, 0.00265671, 0.00156487
616, 611, 0.00238908, 0.00156458
616, 612, 0.00216531, 0.00156412
616, 613, 0.00172912, 0.00156558
616, 615, 0.00156465, 0.00156604
617, 609, 0.00383, 0.00157815
617, 610, 0.00358691, 0.00157934
617, 611, 0.00328624, 0.00157983
617, 612, 0.00301745, 0.00157852
617, 613, 0.00240748, 0.00158004
617, 615, 0.00190859, 0.00158054
617, 616, 0.00191352, 0.00157942
618, 609, 0.00382712, 0.00157912
618, 610, 0.0035925, 0.00157973
618, 611, 0.00328865, 0.00158036
618, 612, 0.00302497, 0.00157893
618, 613, 0.0024037, 0.00157922
618, 615, 0.00190901, 0.001581
618, 616, 0.00191411, 0.00157848
618, 617, 0.00157837, 0.00157833
619, 609, 0.00444362, 0.00158712
619, 610, 0.00420263, 0.00158795
619, 611, 0.00388995, 0.00158947
619, 612, 0.00360752, 0.00158854
619, 613, 0.00294561, 0.00158861
619, 615, 0.00236104, 0.00159071
619, 616, 0.00236495, 0.00158755
619, 617, 0.00172868, 0.00158794
619, 618, 0.00173191, 0.00158676
620, 610, 0.00446171, 0.00159301
620, 611, 0.00414682, 0.00159336
620, 612, 0.00386302, 0.00159237
620, 613, 0.00319149, 0.00159387
620, 615, 0.00257429, 0.00159402
620, 616, 0.00258339, 0.00159277
620, 617, 0.00185829, 0.00159167
620, 618, 0.00186174, 0.00159132
620, 619, 0.00161999, 0.00159304
621, 611, 0.00546139, 0.00161314
621, 612, 0.00516703, 0.00161165
621, 613, 0.00445602, 0.00161222
621, 615, 0.00377176, 0.00161266
621, 616, 0.0037814, 0.00161063
621, 617, 0.00284926, 0.001611
621, 618, 0.00285584, 0.00160983
621, 619, 0.00233516, 0.00161204
621, 620, 0.00212872, 0.00161095
622, 612, 0.00553926, 0.00161727
622, 613, 0.00482138, 0.00161793
622, 615, 0.00412602, 0.00161842
622, 616, 0.00413972, 0.00161553
622, 617, 0.00317994, 0.00161646
622, 618, 0.00318473, 0.00161538
622, 619, 0.00263158, 0.00161721
622, 620, 0.0024031, 0.00161588
622, 621, 0.00165945, 0.00161714
623, 613, 0.00521931, 0.00162222
623, 615, 0.00452352, 0.00162401
623, 616, 0.00453011, 0.00162143
623, 617, 0.00354598, 0.00162318
623, 618, 0.0035602, 0.00162088
623, 619, 0.00297871, 0.0016226
623, 620, 0.00273371, 0.00162274
623, 621, 0.00180686, 0.00162121
623, 622, 0.0016753, 0.0016216
624, 617, 0.006939, 0.0016697
624, 618, 0.00694807, 0.00166795
624, 619, 0.00630569, 0.00167091
624, 620, 0.00602138, 0.0016702
624, 621, 0.00469222, 0.00166975
624, 622, 0.00434504, 0.00166923
624, 623, 0.00397251, 0.00166922
625, 619, 0.0101794, 0.00172121
625, 620, 0.00988897, 0.0017212
625, 621, 0.00851817, 0.00172086
625, 622, 0.00815317, 0.00172063
625, 623, 0.00776561, 0.00171967
625, 624, 0.00432534, 0.00172222
626, 621, 0.015659, 0.00180823
626, 622, 0.0152987, 0.00180979
626, 623, 0.0149157, 0.00180814
626, 624, 0.0113659, 0.00181002
626, 625, 0.00750397, 0.00180977
627, 624, 0.0224592, 0.00193377
627, 625, 0.0185781, 0.00193327
627, 626, 0.0113979, 0.0019322
628, 625, 0.0221516, 0.0019735
628, 626, 0.0149594, 0.00197216
628, 627, 0.00411294, 0.0019725
630, 626, 0.0182862, 0.00200922
630, 627, 0.00724638, 0.00200748
630, 628, 0.00392957, 0.0020122
631, 626, 0.0199111, 0.00202472
631, 627, 0.0088365, 0.00202393
631, 628, 0.0054166, 0.00202778
631, 630, 0.00261474, 0.00202718
632, 627, 0.0105706, 0.00203729
632, 628, 0.00710207, 0.00204134
632, 630, 0.00400449, 0.00204266
632, 631, 0.00272347, 0.00203954
633, 627, 0.0112126, 0.00204451
633, 628, 0.00773377, 0.00204825
633, 630, 0.00458828, 0.00204865
633, 631, 0.00320119, 0.00204542
633, 632, 0.00215289, 0.00204544
634, 627, 0.0112261, 0.00204576
634, 628, 0.00774733, 0.00204999
634, 630, 0.00460368, 0.00204941
634, 631, 0.00321779, 0.00204728
634, 632, 0.00215978, 0.00204733
634, 633, 0.00204609, 0.00204735
635, 628, 0.0100135, 0.00206313
635, 630, 0.00678117, 0.00206349
635, 631, 0.00524651, 0.00206184
635, 632, 0.0036734, 0.00206018
635, 633, 0.00313851, 0.00206292
635, 634, 0.0031386, 0.00206016
636, 630, 0.00829003, 0.00207264
636, 631, 0.00672022, 0.00206809
636, 632, 0.00505763, 0.00206929
636, 633, 0.00445652, 0.00207069
636, 634, 0.00445808, 0.00206677
636, 635, 0.00260049, 0.00206711
637, 631, 0.0080128, 0.0020769
637, 632, 0.00631452, 0.0020756
637, 633, 0.00569294, 0.00207835
637, 634, 0.00569568, 0.00207288
637, 635, 0.0035897, 0.00207217
637, 636, 0.00247916, 0.00207863
638, 631, 0.00862511, 0.00208037
638, 632, 0.00691704, 0.00208052
638, 633, 0.00628664, 0.00207918
638, 634, 0.00629308, 0.00207806
638, 635, 0.00412983, 0.00207698
638, 636, 0.00288442, 0.00208231
638, 637, 0.00217445, 0.00208195
639, 633, 0.00747585, 0.00208468
639, 634, 0.00748438, 0.00208206
639, 635, 0.00524645, 0.00208105
639, 636, 0.00385649, 0.00208648
639, 637, 0.00280863, 0.00208727
639, 638, 0.00242753, 0.00208746
640, 635, 0.00717626, 0.00208576
640, 636, 0.00569407, 0.00209107
640, 637, 0.0044533, 0.00209181
640, 638, 0.00390232, 0.0020921
640, 639, 0.00294618, 0.00208904
641, 635, 0.00825371, 0.00208774
641, 636, 0.00675093, 0.00209397
641, 637, 0.00547364, 0.0020939
641, 638, 0.00488803, 0.00209421
641, 639, 0.00382608, 0.00209223
641, 640, 0.00238737, 0.00209189
642, 636, 0.00911353, 0.00209417
642, 637, 0.00779293, 0.00209483
642, 638, 0.00718349, 0.00209792
642, 639, 0.00603428, 0.00209485
642, 640, 0.00417457, 0.00209403
642, 641, 0.00323626, 0.00209092
643, 637, 0.0084054, 0.00209602
643, 638, 0.00778939, 0.00209768
643, 639, 0.00663051, 0.00209467
643, 640, 0.00473635, 0.00209545
643, 641, 0.00374566, 0.00209081
643, 642, 0.00217976, 0.00209225
644, 638, 0.00834982, 0.00209807
644, 639, 0.00718817, 0.0020951
644, 640, 0.0052608, 0.00209567
644, 641, 0.00423526, 0.00209102
644, 642, 0.0024056, 0.00209374
644, 643, 0.00217925, 0.00209533
645, 640, 0.00642516, 0.00209447
645, 641, 0.00535463, 0.00209137
645, 642, 0.00320694, 0.00209282
645, 643, 0.00279224, 0.00209526
645, 644, 0.00244869, 0.00209493
646, 641, 0.00651802, 0.0020896
646, 642, 0.00422971, 0.00209248
646, 643, 0.00373212, 0.00209145
646, 644, 0.00327098, 0.00209223
646, 645, 0.0024405, 0.00209463
647, 641, 0.00654899, 0.00209087
647, 642, 0.00425134, 0.00209242
647, 643, 0.00375919, 0.00209403
647, 644, 0.0032926, 0.0020938
647, 645, 0.00245579, 0.00209494
647, 646, 0.00209309, 0.00209407
648, 642, 0.00475538, 0.00209151
648, 643, 0.00424178, 0.002091
648, 644, 0.00375109, 0.00209342
648, 645, 0.00279616, 0.00209321
648, 646, 0.00216366, 0.00209434
648, 647, 0.0021721, 0.0020909
649, 642, 0.00476637, 0.00209099
649, 643, 0.00425047, 0.00209295
649, 644, 0.00376047, 0.00209322
649, 645, 0.00280525, 0.00209501
649, 646, 0.00216742, 0.00209287
649, 647, 0.0021764, 0.00208993
649, 648, 0.00209367, 0.00209423
650, 642, 0.00605943, 0.00208685
650, 643, 0.00551676, 0.00208939
650, 644, 0.0049876, 0.00208978
650, 645, 0.00388409, 0.00209122
650, 646, 0.00286907, 0.00208903
650, 647, 0.00289665, 0.00208865
650, 648, 0.00252459, 0.00209029
650, 649, 0.00253925, 0.00209137
651, 642, 0.00743051, 0.00208336
651, 643, 0.00688092, 0.00208536
651, 644, 0.00633335, 0.0020873
651, 645, 0.00517571, 0.00208785
651, 646, 0.00400696, 0.00208768
651, 647, 0.00404472, 0.00208451
651, 648, 0.00355742, 0.00208749
651, 649, 0.00357765, 0.00208668
651, 650, 0.00255534, 0.00208593
652, 646, 0.00807596, 0.00207307
652, 647, 0.00811138, 0.00206945
652, 648, 0.00754329, 0.0020706
652, 649, 0.0075648, 0.00207312
652, 650, 0.00620127, 0.00207054
652, 651, 0.00482904, 0.00207378
654, 650, 0.0157867, 0.00202807
654, 651, 0.0143022, 0.00202971
654, 652, 0.0100176, 0.00202808
655, 651, 0.0170837, 0.00201545
655, 652, 0.0127818, 0.00201524
655, 654, 0.00346191, 0.00201378
656, 652, 0.0147665, 0.00200352
656, 654, 0.00522202, 0.00200455
656, 655, 0.00285905, 0.00200341
657, 654, 0.00682565, 0.00199817
657, 655, 0.00424188, 0.00199694
657, 656, 0.00264531, 0.00199332
658, 654, 0.00680244, 0.00199787
658, 655, 0.00421984, 0.00199502
658, 656, 0.00262797, 0.00199312
658, 657, 0.00199644, 0.00199529
659, 654, 0.00696626, 0.00199415
659, 655, 0.00439151, 0.00199272
659, 656, 0.0027852, 0.00198932
659, 657, 0.00203102, 0.00199381
659, 658, 0.0020273, 0.00199584
660, 654, 0.00678922, 0.00199795
660, 655, 0.00420717, 0.0019945
660, 656, 0.00261724, 0.00199141
660, 657, 0.00199674, 0.00199502
660, 658, 0.0019976, 0.00199774
660, 659, 0.00205547, 0.00199489
661, 655, 0.00491272, 0.00198937
661, 656, 0.00324105, 0.00198737
661, 657, 0.0022038, 0.00199096
661, 658, 0.00219551, 0.00199254
661, 659, 0.00207538, 0.00199054
661, 660, 0.00221083, 0.00199038
662, 655, 0.00493307, 0.0019881
662, 656, 0.00326402, 0.00198796
662, 657, 0.00221604, 0.00198887
662, 658, 0.00220802, 0.00199182
662, 659, 0.00208256, 0.00198929
662, 660, 0.00222421, 0.00198872
662, 661, 0.00198818, 0.00198849
663, 656, 0.00351511, 0.00198524
663, 657, 0.00234003, 0.00198877
663, 658, 0.00233181, 0.0019903
663, 659, 0.00219253, 0.00198831
663, 660, 0.00235147, 0.00198846
663, 661, 0.00200961, 0.00198613
663, 662, 0.00201802, 0.00198418
664, 657, 0.00263062, 0.00198824
664, 658, 0.00261874, 0.00198874
664, 659, 0.00240413, 0.00198688
664, 660, 0.00264462, 0.00198823
664, 661, 0.00210989, 0.00198471
664, 662, 0.00213529, 0.00198238
664, 663, 0.00204806, 0.00198405
665, 657, 0.00282992, 0.00198661
665, 658, 0.00281715, 0.00198718
665, 659, 0.00255292, 0.00198636
665, 660, 0.00284442, 0.00198512
665, 661, 0.00225349, 0.00198288
665, 662, 0.00228553, 0.00198108
665, 663, 0.00221498, 0.00198384
665, 664, 0.00205857, 0.00198418
666, 659, 0.00335119, 0.00198421
666, 661, 0.00300438, 0.00198228
666, 662, 0.00305032, 0.00198054
666, 663, 0.00296445, 0.00198448
666, 664, 0.00264642, 0.00198219
666, 665, 0.00230596, 0.00198146
667, 659, 0.00336566, 0.00198418
667, 661, 0.00301992, 0.00198183
667, 662, 0.00306342, 0.00198001
667, 663, 0.00297651, 0.00198276
667, 664, 0.00265546, 0.00198224
667, 665, 0.00231695, 0.00197953
667, 666, 0.00198666, 0.00198146
668, 661, 0.0038714, 0.001981
668, 662, 0.00391477, 0.00198039
668, 663, 0.0038596, 0.00198171
668, 664, 0.00349432, 0.00198387
668, 665, 0.00303529, 0.00198026
668, 666, 0.00226757, 0.00197998
668, 667, 0.00227807, 0.00198748
669, 664, 0.00535175, 0.00198333
669, 665, 0.00482335, 0.00198368
669, 666, 0.0037566, 0.00198215
669, 667, 0.0037739, 0.00198961
669, 668, 0.00287772, 0.00198455
670, 665, 0.00773369, 0.00198546
670, 666, 0.00661102, 0.00198652
670, 667, 0.00663137, 0.00199108
670, 668, 0.00555401, 0.00198791
670, 669, 0.00370559, 0.00198955
672, 666, 0.00943202, 0.00198895
672, 667, 0.00945284, 0.00199433
672, 668, 0.00835518, 0.00199078
672, 669, 0.00640248, 0.00199243
672, 670, 0.00356281, 0.00199045
673, 668, 0.0111026, 0.00199666
673, 669, 0.00912027, 0.00199892
673, 670, 0.00610493, 0.00199611
673, 672, 0.00343693, 0.00199557
674, 669, 0.0099607, 0.00200024
674, 670, 0.00691502, 0.00199642
674, 672, 0.00416425, 0.00199691
674, 673, 0.00216185, 0.00200204
675, 670, 0.00767022, 0.00199876
675, 672, 0.00486937, 0.0019976
675, 673, 0.00256016, 0.00200297
675, 674, 0.00216765, 0.00199942
676, 670, 0.00759478, 0.00199775
676, 672, 0.00479154, 0.00199884
676, 673, 0.00251096, 0.00200342
676, 674, 0.0021334, 0.00199913
676, 675, 0.00199946, 0.002002
677, 670, 0.00959913, 0.00199983
677, 672, 0.0067263, 0.00199976
677, 673, 0.00410935, 0.00200552
677, 674, 0.00347805, 0.00199979
677, 675, 0.002886, 0.00200412
677, 676, 0.00291207, 0.00200244
678, 672, 0.00790633, 0.00200357
678, 673, 0.00522962, 0.0020076
678, 674, 0.00454258, 0.00200522
678, 675, 0.00385869, 0.00200804
678, 676, 0.00388998, 0.0020047
678, 677, 0.00237019, 0.00200341
679, 672, 0.00793248, 0.00200312
679, 673, 0.00525085, 0.00200639
679, 674, 0.00455391, 0.00200319
679, 675, 0.00387166, 0.00200772
679, 676, 0.00390704, 0.00200516
679, 677, 0.00237957, 0.00200321
679, 678, 0.00200396, 0.00200588
680, 672, 0.0107931, 0.00200772
680, 673, 0.00805579, 0.00201167
680, 674, 0.00734274, 0.00200932
680, 675, 0.0066187, 0.00201087
680, 676, 0.00664143, 0.0020099
680, 677, 0.00470611, 0.00200894
680, 678, 0.00358864, 0.00200841
680, 679, 0.00357804, 0.00200773
681, 673, 0.00766941, 0.00201133
681, 674, 0.00695795, 0.0020087
681, 675, 0.00622378, 0.00200933
681, 676, 0.00625201, 0.0020094
681, 677, 0.0043368, 0.00200924
681, 678, 0.00325403, 0.00200873
681, 679, 0.0032392, 0.00200747
681, 680, 0.00205067, 0.00200659
682, 673, 0.00872728, 0.00201267
682, 674, 0.00799997, 0.00200967
682, 675, 0.00725991, 0.00201316
682, 676, 0.00729614, 0.00201213
682, 677, 0.00532699, 0.00200992
682, 678, 0.00416119, 0.00201119
682, 679, 0.00415094, 0.00200753
682, 680, 0.00212855, 0.00200729
682, 681, 0.00228222, 0.00200755
683, 677, 0.0086859, 0.00201534
683, 678, 0.00744487, 0.00201564
683, 679, 0.00742945, 0.0020132
683, 680, 0.00466343, 0.00201249
683, 681, 0.00502079, 0.00201168
683, 682, 0.00403915, 0.00201536
684, 678, 0.0056164, 0.00201378
684, 679, 0.0056065, 0.00201129
684, 680, 0.00305985, 0.00201214
684, 681, 0.00335178, 0.00201127
684, 682, 0.00256731, 0.00201434
684, 683, 0.00277999, 0.00201583
685, 678, 0.00810653, 0.00201554
685, 679, 0.0080924, 0.0020134
685, 680, 0.00528021, 0.00201198
685, 681, 0.00565575, 0.00201457
685, 682, 0.00463832, 0.0020173
685, 683, 0.00213475, 0.00201959
685, 684, 0.00326419, 0.00201827
686, 678, 0.00990368, 0.0020181
686, 679, 0.00989242, 0.00201506
686, 680, 0.00703232, 0.00201546
686, 681, 0.00741404, 0.00201641
686, 682, 0.00636727, 0.00201842
686, 683, 0.00325629, 0.00202142
686, 684, 0.00485868, 0.00201973
686, 685, 0.00277303, 0.00201856
687, 677, 0.0167406, 0.0020222
687, 680, 0.0125386, 0.00202017
687, 681, 0.0129416, 0.00202262
687, 682, 0.0118539, 0.002025
687, 683, 0.00845632, 0.00202683
687, 684, 0.0102737, 0.00202488
687, 685, 0.00782037, 0.00202272
687, 686, 0.00595035, 0.00202406
688, 680, 0.0155261, 0.00202521
688, 681, 0.015924, 0.00202526
688, 682, 0.0148396, 0.00202748
688, 683, 0.0114068, 0.00202921
688, 684, 0.0132506, 0.00202982
688, 685, 0.0107662, 0.00202526
688, 686, 0.00885405, 0.00202652
688, 687, 0.00365108, 0.00202349
690, 683, 0.0163496, 0.00203461
690, 685, 0.015706, 0.00203039
690, 686, 0.0137657, 0.00203252
690, 687, 0.00828992, 0.00202742
690, 688, 0.00533562, 0.00203526
691, 680, 0.0176352, 0.00202532
691, 682, 0.016945, 0.00202757
691, 683, 0.013507, 0.00203195
691, 685, 0.0128625, 0.002029
691, 686, 0.0109344, 0.00202924
691, 687, 0.00554419, 0.00202601
691, 688, 0.00289473, 0.00203118
691, 690, 0.00346167, 0.00203106
692, 686, 0.024594, 0.0020422
692, 687, 0.0190389, 0.00203658
692, 688, 0.0159566, 0.00204255
692, 690, 0.0111485, 0.00204118
692, 691, 0.0139334, 0.00204076
693, 687, 0.0187599, 0.00203505
693, 688, 0.0156802, 0.00204264
693, 690, 0.0108793, 0.0020405
693, 691, 0.0136614, 0.00203986
693, 692, 0.00207041, 0.00203879
694, 687, 0.023224, 0.00203713
694, 688, 0.0201435, 0.00204365
694, 690, 0.0153084, 0.00204201
694, 691, 0.0181047, 0.00203946
694, 692, 0.00460769, 0.00203976
694, 693, 0.00497291, 0.0020414
695, 687, 0.0233163, 0.00203943
695, 688, 0.0202278, 0.00204457
695, 690, 0.0154027, 0.00204339
695, 691, 0.0182009, 0.00204293
695, 692, 0.00469629, 0.00204217
695, 693, 0.00506268, 0.00204155
695, 694, 0.00204115, 0.00204117
696, 688, 0.029156, 0.00205182
696, 690, 0.0243075, 0.00204792
696, 691, 0.0271229, 0.00204866
696, 692, 0.01334, 0.00204545
696, 693, 0.0137326, 0.0020482
696, 694, 0.00918635, 0.00204691
696, 695, 0.00919079, 0.00204556
698, 692, 0.0240394, 0.00205263
698, 693, 0.0244379, 0.00205285
698, 694, 0.0198376, 0.00205162
698, 695, 0.0198438, 0.0020492
698, 696, 0.0109892, 0.00205558
699, 692, 0.0250704, 0.00205229
699, 693, 0.0254668, 0.00205414
699, 694, 0.0208557, 0.00205387
699, 695, 0.0208576, 0.00205275
699, 696, 0.0120056, 0.00205728
699, 698, 0.00228085, 0.00205415
701, 692, 0.0282516, 0.00205354
701, 694, 0.0240353, 0.00205455
701, 695, 0.0240448, 0.00205227
701, 696, 0.0151582, 0.00205635
701, 698, 0.00466735, 0.00205624
701, 699, 0.00380797, 0.00205699
702, 694, 0.0256927, 0.00205467
702, 695, 0.0257006, 0.00205315
702, 696, 0.0168089, 0.00205841
702, 698, 0.006208, 0.00205523
702, 699, 0.00529046, 0.00205628
702, 701, 0.002628, 0.00205454
703, 696, 0.0200064, 0.00205895
703, 698, 0.00929617, 0.0020556
703, 699, 0.00834943, 0.00205431
703, 701, 0.00526425, 0.00205385
703, 702, 0.00383791, 0.00205856
704, 696, 0.0209161, 0.00205752
704, 698, 0.0101912, 0.00205673
704, 699, 0.00923511, 0.00205662
704, 701, 0.00612099, 0.00205624
704, 702, 0.00463755, 0.00205717
704, 703, 0.00225275, 0.00205476
705, 696, 0.020865, 0.00205868
705, 698, 0.0101456, 0.00205654
705, 699, 0.00918826, 0.00205791
705, 701, 0.00607542, 0.00205705
705, 702, 0.00459186, 0.00205811
705, 703, 0.00222669, 0.00205335
705, 704, 0.00205423, 0.00205856
706, 696, 0.0227589, 0.00205772
706, 698, 0.0120172, 0.00205841
706, 699, 0.011054, 0.00205964
706, 701, 0.00789331, 0.00205619
706, 702, 0.00635309, 0.00205608
706, 703, 0.00344947, 0.00205374
706, 704, 0.00276615, 0.00205912
706, 705, 0.00278284, 0.00205197
707, 698, 0.0133427, 0.00205727
707, 699, 0.0123774, 0.00205829
707, 701, 0.00919841, 0.00205627
707, 702, 0.00763486, 0.00205715
707, 703, 0.00459981, 0.00205368
707, 704, 0.00379619, 0.00205893
707, 705, 0.0038253, 0.00205203
707, 706, 0.00243508, 0.00205711
708, 698, 0.0143178, 0.0020569
708, 699, 0.0133454, 0.00205937
708, 701, 0.0101608, 0.00205435
708, 702, 0.00858438, 0.00205613
708, 703, 0.00549515, 0.00205642
708, 704, 0.00464829, 0.0020574
708, 705, 0.00467806, 0.00205127
708, 706, 0.00306944, 0.00205612
708, 707, 0.0022945, 0.00205504
709, 698, 0.0153162, 0.0020571
709, 699, 0.0143567, 0.00205717
709, 701, 0.0111618, 0.00205488
709, 702, 0.00957951, 0.00205499
709, 703, 0.00645777, 0.00205267
709, 704, 0.00559039, 0.00205664
709, 705, 0.00560914, 0.00205192
709, 706, 0.00388808, 0.00205708
709, 707, 0.00290052, 0.00205698
709, 708, 0.00231472, 0.00205082
710, 698, 0.0163794, 0.00205662
710, 699, 0.0154094, 0.00205638
710, 701, 0.0122066, 0.00205555
710, 702, 0.0106248, 0.00205659
710, 703, 0.00747117, 0.00205293
710, 704, 0.0065883, 0.00205703
710, 705, 0.00662058, 0.00204993
710, 706, 0.00482365, 0.00205756
710, 707, 0.0037369, 0.00205622
710, 708, 0.00296326, 0.00205121
710, 709, 0.00229297, 0.00205537
711, 699, 0.0162444, 0.00205894
711, 701, 0.0130393, 0.0020545
711, 702, 0.0114526, 0.00205544
711, 703, 0.00828472, 0.00205318
711, 704, 0.00739574, 0.00205695
711, 705, 0.00742013, 0.00205132
711, 706, 0.00559722, 0.00205665
711, 707, 0.00446441, 0.00205519
711, 708, 0.00361649, 0.00204928
711, 709, 0.00276637, 0.00205336
711, 710, 0.00224402, 0.00205546
712, 701, 0.0149978, 0.00205267
712, 702, 0.0134078, 0.00205616
712, 703, 0.0102208, 0.00204889
712, 704, 0.0093124, 0.00205788
712, 705, 0.00934683, 0.00205073
712, 706, 0.00748358, 0.00205469
712, 707, 0.0062856, 0.00205458
712, 708, 0.00537423, 0.00204965
712, 709, 0.00435761, 0.00204917
712, 710, 0.0035434, 0.00205523
712, 711, 0.00285315, 0.00205501
713, 701, 0.0149959, 0.00205328
713, 702, 0.0134033, 0.00205667
713, 703, 0.0102174, 0.002053
713, 704, 0.00931174, 0.00205666
713, 705, 0.00933315, 0.0020497
713, 706, 0.00747203, 0.00205667
713, 707, 0.00628268, 0.00205414
713, 708, 0.00536503, 0.00204808
713, 709, 0.00435163, 0.00205431
713, 710, 0.00353491, 0.00205661
713, 711, 0.00285344, 0.00205359
713, 712, 0.00205332, 0.00205259
714, 704, 0.0143713, 0.00205297
714, 705, 0.0144016, 0.00204601
714, 706, 0.0124994, 0.00205224
714, 707, 0.0112739, 0.00205085
714, 708, 0.0103047, 0.00204739
714, 709, 0.00920955, 0.00205054
714, 710, 0.00828206, 0.00205038
714, 711, 0.00740705, 0.0020499
714, 712, 0.00557014, 0.00204829
714, 713, 0.00557363, 0.00205374
715, 706, 0.0160748, 0.00204828
715, 707, 0.0148386, 0.00204821
715, 708, 0.0138663, 0.00203959
715, 709, 0.0127571, 0.00204762
715, 710, 0.0118116, 0.00205006
715, 711, 0.010926, 0.00204737
715, 712, 0.00902766, 0.00204435
715, 713, 0.00903083, 0.00204723
715, 714, 0.00409788, 0.00205325
716, 706, 0.0161458, 0.00204723
716, 707, 0.0149054, 0.00204635
716, 708, 0.0139346, 0.00204245
716, 709, 0.0128237, 0.00205061
716, 710, 0.0118858, 0.00204768
716, 711, 0.0109942, 0.00204676
716, 712, 0.00909784, 0.00204715
716, 713, 0.0091034, 0.00204817
716, 714, 0.00415845, 0.00205328
716, 715, 0.00205152, 0.00205344
717, 708, 0.0176809, 0.00203769
717, 709, 0.0165754, 0.00204529
717, 710, 0.0156283, 0.00204511
717, 711, 0.0147327, 0.00204558
717, 712, 0.0128127, 0.00203847
717, 713, 0.012811, 0.00204408
717, 714, 0.00768185, 0.00204959
717, 715, 0.00439594, 0.00204632
717, 716, 0.0043988, 0.00204595
718, 709, 0.0199803, 0.00204223
718, 710, 0.0190347, 0.00204186
718, 711, 0.018134, 0.00203786
718, 712, 0.0162148, 0.00203644
718, 713, 0.0162144, 0.00204057
718, 714, 0.0110268, 0.00204769
718, 715, 0.00760085, 0.00204286
718, 716, 0.00760511, 0.00203908
718, 717, 0.00399506, 0.00203907
719, 710, 0.0202836, 0.00204021
719, 711, 0.0193808, 0.00203816
719, 712, 0.0174576, 0.00203741
719, 713, 0.0174517, 0.00203917
719, 714, 0.0122667, 0.0020461
719, 715, 0.00881842, 0.00204152
719, 716, 0.00882267, 0.0020399
719, 717, 0.00511237, 0.00203866
719, 718, 0.00242106, 0.00203818
720, 712, 0.0206694, 0.0020337
720, 713, 0.0206699, 0.00203507
720, 714, 0.015464, 0.00204012
720, 715, 0.0119872, 0.00203651
720, 716, 0.0119868, 0.00203915
720, 717, 0.00818551, 0.00203498
720, 718, 0.00496438, 0.00203548
720, 719, 0.0038265, 0.00204264
721, 714, 0.0256913, 0.00202429
721, 715, 0.0221913, 0.00201793
721, 716, 0.0221971, 0.00201803
721, 717, 0.018316, 0.00201915
721, 718, 0.0149545, 0.00201935
721, 719, 0.0136786, 0.00202139
721, 720, 0.0104692, 0.00201764
722, 714, 0.0224801, 0.00203308
722, 715, 0.0189798, 0.00202833
722, 716, 0.0189874, 0.00202687
722, 717, 0.0151207, 0.00202561
722, 718, 0.011765, 0.00202368
722, 719, 0.010498, 0.00203214
722, 720, 0.00732821, 0.00202152
722, 721, 0.00381435, 0.00202907
723, 717, 0.02889, 0.00199665
723, 718, 0.0255149, 0.0019988
723, 719, 0.0242252, 0.00200509
723, 720, 0.0209769, 0.00199731
723, 721, 0.0107869, 0.00200104
723, 722, 0.0139907, 0.00199181
724, 715, 0.0314077, 0.00200669
724, 716, 0.0314116, 0.00199998
724, 717, 0.0275257, 0.00200363
724, 718, 0.0241484, 0.00200281
724, 719, 0.022853, 0.00200689
724, 720, 0.019609, 0.00199922
724, 721, 0.00944348, 0.00200472
724, 722, 0.0126318, 0.00199205
724, 723, 0.00240637, 0.00200155
725, 718, 0.0354211, 0.00197891
725, 719, 0.0341274, 0.0019896
725, 720, 0.0308758, 0.00197676
725, 721, 0.0206238, 0.00198038
725, 722, 0.0238503, 0.0019667
725, 723, 0.0101604, 0.00198041
725, 724, 0.0114753, 0.0019803
726, 721, 0.037365, 0.00193891
726, 722, 0.0405979, 0.00192432
726, 723, 0.0268151, 0.00193513
726, 724, 0.0281482, 0.00193945
726, 725, 0.0169609, 0.00194122
727, 721, 0.0411298, 0.00193183
727, 723, 0.0305861, 0.00193136
727, 724, 0.0319096, 0.00193136
727, 725, 0.0207138, 0.00193582
727, 726, 0.00427619, 0.00192999
728, 723, 0.0420496, 0.00189152
728, 724, 0.0433776, 0.00189363
728, 725, 0.032158, 0.00189296
728, 726, 0.0154089, 0.00189141
728, 727, 0.0115966, 0.00189776
729, 724, 0.0472585, 0.00188208
729, 725, 0.0360399, 0.00188403
729, 726, 0.0192727, 0.00187981
729, 727, 0.0154481, 0.0018871
729, 728, 0.00431231, 0.00187726
730, 726, 0.0288227, 0.00185435
730, 727, 0.0249827, 0.0018652
730, 728, 0.013591, 0.00185224
730, 729, 0.00973501, 0.00186168
731, 725, 0.0409815, 0.0018738
731, 726, 0.0242078, 0.00186831
731, 727, 0.0203627, 0.00187235
731, 728, 0.00902466, 0.00186788
731, 729, 0.00526628, 0.00186865
731, 730, 0.00500007, 0.00187124
732, 726, 0.0328448, 0.00183723
732, 727, 0.0290005, 0.00184117
732, 728, 0.0175916, 0.00183687
732, 729, 0.0137124, 0.00184051
732, 730, 0.00442831, 0.00184385
732, 731, 0.00886471, 0.00183859
733, 728, 0.0339894, 0.00176515
733, 729, 0.0300935, 0.00177051
733, 730, 0.0205557, 0.00176966
733, 731, 0.0251819, 0.00176685
733, 732, 0.0165619, 0.00177541
734, 728, 0.0372683, 0.00172908
734, 729, 0.0333736, 0.00173507
734, 730, 0.0238237, 0.00174057
734, 731, 0.0284561, 0.00173525
734, 732, 0.0198258, 0.00173973
734, 733, 0.00367426, 0.00172736
735, 732, 0.0356165, 0.00166708
735, 733, 0.0191317, 0.00165217
735, 734, 0.0159014, 0.00165227
736, 733, 0.0227771, 0.00163328
736, 734, 0.0195415, 0.00163319
736, 735, 0.00393226, 0.00164284
737, 733, 0.0227873, 0.0016323
737, 734, 0.019544, 0.00163514
737, 735, 0.00394031, 0.00164201
737, 736, 0.00164475, 0.00164087
738, 733, 0.0227374, 0.00163634
738, 734, 0.019496, 0.00163345
738, 735, 0.00389418, 0.00164287
738, 736, 0.00164583, 0.00164139
738, 737, 0.0016436, 0.00163853
739, 735, 0.00903934, 0.00161645
739, 736, 0.00556179, 0.00160983
739, 737, 0.00561994, 0.0016133
739, 738, 0.00552564, 0.00160675
740, 735, 0.00899918, 0.00161503
740, 736, 0.00551784, 0.00161265
740, 737, 0.00557009, 0.00161421
740, 738, 0.00547704, 0.00160768
740, 739, 0.00160751, 0.00161793
741, 734, 0.0220235, 0.00162119
741, 735, 0.00628063, 0.00162809
741, 736, 0.00297758, 0.00162482
741, 737, 0.00302463, 0.00162847
741, 738, 0.00294133, 0.0016205
741, 739, 0.00322033, 0.00163248
741, 740, 0.00320285, 0.00162189
742, 734, 0.0146082, 0.00146307
742, 735, 0.00299852, 0.00146599
742, 736, 0.00572649, 0.00146444
742, 737, 0.00570884, 0.00146775
742, 738, 0.00583629, 0.00146029
742, 739, 0.0107404, 0.00147316
742, 740, 0.0107231, 0.00146002
742, 741, 0.00809175, 0.0014663
