13, 0, 5.73146e-05, 5.70915e-05
18, 0, 5.75972e-05, 5.75352e-05
18, 13, 5.7602e-05, 5.73976e-05
30, 0, 5.72978e-05, 5.70527e-05
30, 13, 5.73768e-05, 5.72822e-05
30, 18, 5.73528e-05, 5.70665e-05
40, 0, 5.8347e-05, 5.83867e-05
40, 13, 5.83437e-05, 5.81885e-05
40, 18, 5.83462e-05, 5.84194e-05
40, 30, 5.83395e-05, 5.83048e-05
48, 0, 5.76535e-05, 5.79633e-05
48, 13, 5.76877e-05, 5.80521e-05
48, 18, 5.76496e-05, 5.75235e-05
48, 30, 5.77571e-05, 5.78905e-05
48, 40, 5.76649e-05, 5.7963e-05
55, 0, 5.77627e-05, 5.76158e-05
55, 13, 5.75918e-05, 5.73092e-05
55, 18, 5.7609e-05, 5.77396e-05
55, 30, 5.79097e-05, 5.74033e-05
55, 40, 5.7747e-05, 5.76586e-05
55, 48, 5.76351e-05, 5.77754e-05
62, 0, 5.76018e-05, 5.78118e-05
62, 13, 5.76099e-05, 5.77951e-05
62, 18, 5.76128e-05, 5.79006e-05
62, 30, 5.78082e-05, 5.78893e-05
62, 40, 5.76039e-05, 5.78403e-05
62, 48, 5.76029e-05, 5.80387e-05
62, 55, 5.76849e-05, 5.78176e-05
68, 0, 5.75339e-05, 5.70637e-05
68, 13, 5.76596e-05, 5.61142e-05
68, 18, 5.76953e-05, 5.68951e-05
68, 30, 5.75385e-05, 5.69679e-05
68, 40, 5.75894e-05, 5.70289e-05
68, 48, 5.76639e-05, 5.70253e-05
68, 55, 5.76599e-05, 5.70247e-05
68, 62, 5.75662e-05, 5.69496e-05
74, 0, 5.7384e-05, 5.76403e-05
74, 13, 5.7482e-05, 5.73407e-05
74, 18, 5.73506e-05, 5.76907e-05
74, 30, 5.73789e-05, 5.75967e-05
74, 40, 5.74189e-05, 5.77686e-05
74, 48, 5.75222e-05, 5.77944e-05
74, 55, 5.78872e-05, 5.75077e-05
74, 62, 5.76161e-05, 5.7656e-05
74, 68, 5.73963e-05, 5.762e-05
75, 0, 5.73693e-05, 5.7245e-05
75, 13, 5.75438e-05, 5.7197e-05
75, 18, 5.75341e-05, 5.74787e-05
75, 30, 5.73859e-05, 5.71661e-05
75, 40, 5.74181e-05, 5.72599e-05
75, 48, 5.74606e-05, 5.79601e-05
75, 55, 5.74538e-05, 5.73201e-05
75, 62, 5.74077e-05, 5.7165e-05
75, 68, 5.73722e-05, 5.72828e-05
75, 74, 5.73726e-05, 5.71997e-05
81, 0, 5.76699e-05, 5.81479e-05
81, 13, 5.76489e-05, 5.81616e-05
81, 18, 5.76812e-05, 5.81924e-05
81, 30, 5.78571e-05, 5.81145e-05
81, 40, 5.76631e-05, 5.81696e-05
81, 48, 5.76753e-05, 5.82414e-05
81, 55, 5.76694e-05, 5.82241e-05
81, 62, 5.76701e-05, 5.81306e-05
81, 68, 5.77945e-05, 5.80302e-05
81, 74, 5.77581e-05, 5.81594e-05
81, 75, 5.76852e-05, 5.82925e-05
84, 0, 5.80619e-05, 5.75567e-05
84, 13, 5.77515e-05, 5.74327e-05
84, 18, 5.7738e-05, 5.76632e-05
84, 30, 5.80131e-05, 5.77783e-05
84, 40, 5.76074e-05, 5.74908e-05
84, 48, 5.77689e-05, 5.78143e-05
84, 55, 5.75295e-05, 5.75993e-05
84, 62, 5.77994e-05, 5.75277e-05
84, 68, 5.77951e-05, 5.77022e-05
84, 74, 5.77774e-05, 5.75455e-05
84, 75, 5.82495e-05, 5.75733e-05
84, 81, 5.77913e-05, 5.7637e-05
90, 0, 5.74304e-05, 5.75337e-05
90, 13, 5.74304e-05, 5.73646e-05
90, 18, 5.74344e-05, 5.76343e-05
90, 30, 5.73547e-05, 5.76503e-05
90, 40, 5.75899e-05, 5.76131e-05
90, 48, 5.74513e-05, 5.77645e-05
90, 55, 5.74646e-05, 5.74885e-05
90, 62, 5.74265e-05, 5.75393e-05
90, 68, 5.7509e-05, 5.75003e-05
90, 74, 5.74875e-05, 5.75708e-05
90, 75, 5.76195e-05, 5.76832e-05
90, 81, 5.74222e-05, 5.7559e-05
90, 84, 5.7441e-05, 5.76886e-05
95, 0, 5.74964e-05, 5.74706e-05
95, 13, 5.75649e-05, 5.72829e-05
95, 18, 5.76962e-05, 5.75964e-05
95, 30, 5.74962e-05, 5.74496e-05
95, 40, 5.74801e-05, 5.7476e-05
95, 48, 5.74835e-05, 5.78784e-05
95, 55, 5.77202e-05, 5.75946e-05
95, 62, 5.75184e-05, 5.74392e-05
95, 68, 5.7506e-05, 5.75265e-05
95, 74, 5.74869e-05, 5.74664e-05
95, 75, 5.74819e-05, 5.75655e-05
95, 81, 5.77134e-05, 5.75311e-05
95, 84, 5.75411e-05, 5.7617e-05
95, 90, 5.77056e-05, 5.73668e-05
100, 0, 5.81455e-05, 5.83205e-05
100, 13, 5.83567e-05, 5.74174e-05
100, 18, 5.82185e-05, 5.77302e-05
100, 30, 5.82013e-05, 5.80427e-05
100, 40, 5.81504e-05, 5.81098e-05
100, 48, 5.81382e-05, 5.79533e-05
100, 55, 5.81906e-05, 5.76902e-05
100, 62, 5.81391e-05, 5.80814e-05
100, 68, 5.81515e-05, 5.76404e-05
100, 74, 5.81405e-05, 5.78661e-05
100, 75, 5.81393e-05, 5.7934e-05
100, 81, 5.8191e-05, 5.79167e-05
100, 84, 5.81513e-05, 5.83724e-05
100, 90, 5.8341e-05, 5.78127e-05
100, 95, 5.82132e-05, 5.79308e-05
106, 0, 5.71147e-05, 5.70833e-05
106, 13, 5.71459e-05, 5.7088e-05
106, 18, 5.71526e-05, 5.72988e-05
106, 30, 5.71564e-05, 5.69055e-05
106, 40, 5.70969e-05, 5.70717e-05
106, 48, 5.71356e-05, 5.77197e-05
106, 55, 5.70548e-05, 5.70192e-05
106, 62, 5.72005e-05, 5.70295e-05
106, 68, 5.76658e-05, 5.72632e-05
106, 74, 5.71712e-05, 5.69146e-05
106, 75, 5.7569e-05, 5.69638e-05
106, 81, 5.71532e-05, 5.69978e-05
106, 84, 5.70591e-05, 5.71132e-05
106, 90, 5.74552e-05, 5.68778e-05
106, 95, 5.75173e-05, 5.69398e-05
106, 100, 5.72426e-05, 5.71537e-05
114, 0, 5.75513e-05, 5.80008e-05
114, 13, 5.7647e-05, 5.80491e-05
114, 18, 5.76464e-05, 5.81981e-05
114, 30, 5.74976e-05, 5.74423e-05
114, 40, 5.74997e-05, 5.80083e-05
114, 48, 5.75782e-05, 5.8166e-05
114, 55, 5.74021e-05, 5.80132e-05
114, 62, 5.74941e-05, 5.75367e-05
114, 68, 5.77097e-05, 5.79288e-05
114, 74, 5.74997e-05, 5.74763e-05
114, 75, 5.74933e-05, 5.76234e-05
114, 81, 5.69702e-05, 5.75967e-05
114, 84, 5.76802e-05, 5.76313e-05
114, 90, 5.76536e-05, 5.6924e-05
114, 95, 5.74415e-05, 5.75872e-05
114, 100, 5.74985e-05, 5.80158e-05
114, 106, 5.75427e-05, 5.81122e-05
123, 0, 5.6441e-05, 5.78164e-05
123, 13, 5.66855e-05, 5.69464e-05
123, 18, 5.64894e-05, 5.77264e-05
123, 30, 5.64807e-05, 5.77689e-05
123, 40, 5.64823e-05, 5.71172e-05
123, 48, 5.65216e-05, 5.72089e-05
123, 55, 5.67878e-05, 5.78833e-05
123, 62, 5.64892e-05, 5.70362e-05
123, 68, 5.65017e-05, 5.76711e-05
123, 74, 5.64539e-05, 5.70557e-05
123, 75, 5.64652e-05, 5.64887e-05
123, 81, 5.64226e-05, 5.71269e-05
123, 84, 5.65056e-05, 5.7205e-05
123, 90, 5.72041e-05, 5.6249e-05
123, 95, 5.64648e-05, 5.64637e-05
123, 100, 5.64692e-05, 5.71371e-05
123, 106, 5.66787e-05, 5.72255e-05
123, 114, 5.6455e-05, 5.63841e-05
127, 0, 5.74422e-05, 5.77638e-05
127, 13, 5.73704e-05, 5.73835e-05
127, 18, 5.74468e-05, 5.78429e-05
127, 30, 5.74782e-05, 5.76567e-05
127, 40, 5.74429e-05, 5.76558e-05
127, 48, 5.74465e-05, 5.77707e-05
127, 55, 5.74705e-05, 5.77517e-05
127, 62, 5.74417e-05, 5.75973e-05
127, 68, 5.77361e-05, 5.74162e-05
127, 74, 5.73714e-05, 5.75409e-05
127, 75, 5.75667e-05, 5.77837e-05
127, 81, 5.74461e-05, 5.76912e-05
127, 84, 5.74844e-05, 5.76206e-05
127, 90, 5.74466e-05, 5.74693e-05
127, 95, 5.73729e-05, 5.76643e-05
127, 100, 5.7448e-05, 5.77005e-05
127, 106, 5.73758e-05, 5.76918e-05
127, 114, 5.73478e-05, 5.74928e-05
127, 123, 5.73596e-05, 5.75775e-05
134, 0, 5.76301e-05, 5.72922e-05
134, 13, 5.78249e-05, 5.7263e-05
134, 18, 5.76328e-05, 5.72986e-05
134, 30, 5.79233e-05, 5.72159e-05
134, 40, 5.76324e-05, 5.72787e-05
134, 48, 5.76362e-05, 5.73993e-05
134, 55, 5.76609e-05, 5.73065e-05
134, 62, 5.76338e-05, 5.72274e-05
134, 68, 5.7765e-05, 5.73033e-05
134, 74, 5.76563e-05, 5.72777e-05
134, 75, 5.76522e-05, 5.72901e-05
134, 81, 5.763e-05, 5.73133e-05
134, 84, 5.77838e-05, 5.74447e-05
134, 90, 5.77563e-05, 5.71631e-05
134, 95, 5.76358e-05, 5.73129e-05
134, 100, 5.76275e-05, 5.72797e-05
134, 106, 5.76268e-05, 5.7203e-05
134, 114, 5.76447e-05, 5.73674e-05
134, 123, 5.76299e-05, 5.71742e-05
134, 127, 5.76321e-05, 5.72042e-05
139, 0, 5.74372e-05, 5.75244e-05
139, 13, 5.77158e-05, 5.74886e-05
139, 18, 5.76142e-05, 5.76756e-05
139, 30, 5.7469e-05, 5.74998e-05
139, 40, 5.74372e-05, 5.75257e-05
139, 48, 5.74504e-05, 5.76294e-05
139, 55, 5.76171e-05, 5.74846e-05
139, 62, 5.77053e-05, 5.73849e-05
139, 68, 5.78962e-05, 5.76365e-05
139, 74, 5.74525e-05, 5.73468e-05
139, 75, 5.74427e-05, 5.74614e-05
139, 81, 5.75307e-05, 5.74656e-05
139, 84, 5.75445e-05, 5.76733e-05
139, 90, 5.74166e-05, 5.73079e-05
139, 95, 5.74846e-05, 5.74459e-05
139, 100, 5.74391e-05, 5.75215e-05
139, 106, 5.73646e-05, 5.75132e-05
139, 114, 5.74477e-05, 5.75009e-05
139, 123, 5.74455e-05, 5.74283e-05
139, 127, 5.74561e-05, 5.74776e-05
139, 134, 5.7447e-05, 5.74434e-05
145, 0, 5.71785e-05, 5.76705e-05
145, 13, 5.72397e-05, 5.77264e-05
145, 18, 5.72154e-05, 5.77651e-05
145, 30, 5.71897e-05, 5.7562e-05
145, 40, 5.71863e-05, 5.76549e-05
145, 48, 5.72174e-05, 5.765e-05
145, 55, 5.72545e-05, 5.77342e-05
145, 62, 5.72121e-05, 5.75748e-05
145, 68, 5.72361e-05, 5.76757e-05
145, 74, 5.72323e-05, 5.75794e-05
145, 75, 5.71956e-05, 5.76274e-05
145, 81, 5.71902e-05, 5.76894e-05
145, 84, 5.74551e-05, 5.78443e-05
145, 90, 5.74225e-05, 5.74892e-05
145, 95, 5.71902e-05, 5.76587e-05
145, 100, 5.72099e-05, 5.76571e-05
145, 106, 5.71595e-05, 5.76719e-05
145, 114, 5.72107e-05, 5.76721e-05
145, 123, 5.72069e-05, 5.768e-05
145, 127, 5.71969e-05, 5.76372e-05
145, 134, 5.71889e-05, 5.75948e-05
145, 139, 5.71747e-05, 5.77247e-05
150, 0, 5.71632e-05, 5.75995e-05
150, 13, 5.70702e-05, 5.75917e-05
150, 18, 5.71017e-05, 5.79494e-05
150, 30, 5.71994e-05, 5.72244e-05
150, 40, 5.71573e-05, 5.75884e-05
150, 48, 5.71311e-05, 5.73796e-05
150, 55, 5.72997e-05, 5.74189e-05
150, 62, 5.71733e-05, 5.75775e-05
150, 68, 5.71308e-05, 5.7858e-05
150, 74, 5.71001e-05, 5.73121e-05
150, 75, 5.71603e-05, 5.74e-05
150, 81, 5.7134e-05, 5.73324e-05
150, 84, 5.7227e-05, 5.76155e-05
150, 90, 5.73649e-05, 5.7293e-05
150, 95, 5.71374e-05, 5.73493e-05
150, 100, 5.71578e-05, 5.76039e-05
150, 106, 5.72025e-05, 5.73639e-05
150, 114, 5.72155e-05, 5.72891e-05
150, 123, 5.71542e-05, 5.7276e-05
150, 127, 5.71794e-05, 5.75225e-05
150, 134, 5.71546e-05, 5.75793e-05
150, 145, 5.7151e-05, 5.77353e-05
151, 0, 5.80617e-05, 5.72452e-05
151, 13, 5.81837e-05, 5.71713e-05
151, 18, 5.81559e-05, 5.68678e-05
151, 30, 5.80752e-05, 5.71435e-05
151, 40, 5.80737e-05, 5.72208e-05
151, 48, 5.8082e-05, 5.70234e-05
151, 55, 5.8251e-05, 5.72385e-05
151, 62, 5.80743e-05, 5.71685e-05
151, 68, 5.80927e-05, 5.68351e-05
151, 74, 5.80766e-05, 5.66197e-05
151, 75, 5.80568e-05, 5.70369e-05
151, 81, 5.80553e-05, 5.70191e-05
151, 84, 5.81529e-05, 5.72824e-05
151, 90, 5.8116e-05, 5.68831e-05
151, 95, 5.80812e-05, 5.70555e-05
151, 100, 5.80693e-05, 5.72351e-05
151, 106, 5.80716e-05, 5.69926e-05
151, 114, 5.8086e-05, 5.70543e-05
151, 123, 5.80723e-05, 5.7552e-05
151, 127, 5.80648e-05, 5.72547e-05
151, 134, 5.80646e-05, 5.66276e-05
151, 139, 5.80617e-05, 5.69958e-05
151, 145, 5.80678e-05, 5.71794e-05
151, 150, 5.80644e-05, 5.71994e-05
157, 0, 5.73768e-05, 5.77112e-05
157, 13, 5.74337e-05, 5.71633e-05
157, 18, 5.75065e-05, 5.7821e-05
157, 30, 5.73739e-05, 5.80097e-05
157, 40, 5.73812e-05, 5.77175e-05
157, 48, 5.73449e-05, 5.80933e-05
157, 55, 5.74858e-05, 5.7757e-05
157, 62, 5.73401e-05, 5.81225e-05
157, 68, 5.74038e-05, 5.76663e-05
157, 74, 5.73533e-05, 5.80467e-05
157, 75, 5.74065e-05, 5.81424e-05
157, 81, 5.73444e-05, 5.80797e-05
157, 84, 5.74281e-05, 5.77547e-05
157, 90, 5.74923e-05, 5.79714e-05
157, 95, 5.73748e-05, 5.81572e-05
157, 100, 5.73824e-05, 5.77029e-05
157, 106, 5.73538e-05, 5.80914e-05
157, 114, 5.74303e-05, 5.74906e-05
157, 123, 5.73831e-05, 5.80785e-05
157, 127, 5.73831e-05, 5.77449e-05
157, 134, 5.73751e-05, 5.77563e-05
157, 139, 5.73877e-05, 5.75421e-05
157, 145, 5.73758e-05, 5.76728e-05
157, 150, 5.73732e-05, 5.77132e-05
157, 151, 5.73764e-05, 5.8073e-05
160, 0, 5.75754e-05, 5.70418e-05
160, 13, 5.75838e-05, 5.69982e-05
160, 18, 5.75274e-05, 5.71211e-05
160, 30, 5.75525e-05, 5.70138e-05
160, 40, 5.75688e-05, 5.70709e-05
160, 48, 5.75493e-05, 5.68015e-05
160, 55, 5.7736e-05, 5.71128e-05
160, 62, 5.75748e-05, 5.69955e-05
160, 68, 5.76548e-05, 5.70114e-05
160, 74, 5.76422e-05, 5.67203e-05
160, 75, 5.75788e-05, 5.68115e-05
160, 81, 5.75979e-05, 5.706e-05
160, 84, 5.75733e-05, 5.72492e-05
160, 90, 5.79137e-05, 5.66635e-05
160, 95, 5.755e-05, 5.67761e-05
160, 100, 5.75473e-05, 5.70555e-05
160, 106, 5.75766e-05, 5.68176e-05
160, 114, 5.7562e-05, 5.67862e-05
160, 123, 5.75766e-05, 5.67117e-05
160, 127, 5.75959e-05, 5.70904e-05
160, 134, 5.75706e-05, 5.70348e-05
160, 139, 5.75467e-05, 5.6785e-05
160, 145, 5.75792e-05, 5.70116e-05
160, 150, 5.75786e-05, 5.70404e-05
160, 151, 5.75711e-05, 5.67589e-05
160, 157, 5.75733e-05, 5.6785e-05
161, 0, 5.80609e-05, 5.77445e-05
161, 13, 5.80852e-05, 5.80019e-05
161, 18, 5.80606e-05, 5.81344e-05
161, 30, 5.81609e-05, 5.76431e-05
161, 40, 5.80612e-05, 5.77386e-05
161, 48, 5.80612e-05, 5.84324e-05
161, 55, 5.81543e-05, 5.78197e-05
161, 62, 5.80634e-05, 5.76704e-05
161, 68, 5.81603e-05, 5.79678e-05
161, 74, 5.83058e-05, 5.77807e-05
161, 75, 5.80592e-05, 5.77585e-05
161, 81, 5.8093e-05, 5.77811e-05
161, 84, 5.81476e-05, 5.78666e-05
161, 90, 5.85266e-05, 5.75825e-05
161, 95, 5.8035e-05, 5.77202e-05
161, 100, 5.80627e-05, 5.77412e-05
161, 106, 5.80457e-05, 5.83811e-05
161, 114, 5.80745e-05, 5.78077e-05
161, 123, 5.80651e-05, 5.76713e-05
161, 127, 5.80574e-05, 5.77465e-05
161, 134, 5.80633e-05, 5.77465e-05
161, 139, 5.80814e-05, 5.79899e-05
161, 145, 5.80655e-05, 5.76877e-05
161, 150, 5.80643e-05, 5.77282e-05
161, 151, 5.80662e-05, 5.8342e-05
161, 157, 5.80823e-05, 5.77316e-05
161, 160, 5.80306e-05, 5.77307e-05
162, 0, 5.77677e-05, 5.67281e-05
162, 13, 5.77773e-05, 5.71533e-05
162, 18, 5.77821e-05, 5.72522e-05
162, 30, 5.77766e-05, 5.66242e-05
162, 40, 5.77697e-05, 5.67471e-05
162, 48, 5.77822e-05, 5.73165e-05
162, 55, 5.7801e-05, 5.67646e-05
162, 62, 5.7775e-05, 5.67016e-05
162, 68, 5.78264e-05, 5.7127e-05
162, 74, 5.7953e-05, 5.66614e-05
162, 75, 5.78837e-05, 5.68476e-05
162, 81, 5.77684e-05, 5.67548e-05
162, 84, 5.77941e-05, 5.6854e-05
162, 90, 5.79014e-05, 5.66594e-05
162, 95, 5.77778e-05, 5.67367e-05
162, 100, 5.79287e-05, 5.6781e-05
162, 106, 5.77806e-05, 5.73394e-05
162, 123, 5.80354e-05, 5.66761e-05
162, 127, 5.77879e-05, 5.6719e-05
162, 134, 5.77678e-05, 5.67471e-05
162, 139, 5.79367e-05, 5.73883e-05
162, 145, 5.78057e-05, 5.67167e-05
162, 150, 5.77718e-05, 5.6742e-05
162, 151, 5.77757e-05, 5.67328e-05
162, 157, 5.77806e-05, 5.67458e-05
162, 160, 5.77728e-05, 5.67918e-05
162, 161, 5.77733e-05, 5.67536e-05
163, 0, 5.77367e-05, 5.77692e-05
163, 13, 5.76985e-05, 5.71555e-05
163, 18, 5.77022e-05, 5.78108e-05
163, 40, 5.7732e-05, 5.77653e-05
163, 48, 5.77696e-05, 5.78251e-05
163, 55, 5.78185e-05, 5.78258e-05
163, 62, 5.77196e-05, 5.71905e-05
163, 68, 5.76972e-05, 5.77236e-05
163, 74, 5.79179e-05, 5.77355e-05
163, 75, 5.76683e-05, 5.78629e-05
163, 81, 5.77238e-05, 5.77762e-05
163, 84, 5.78467e-05, 5.73693e-05
163, 90, 5.76467e-05, 5.75986e-05
163, 95, 5.73103e-05, 5.77109e-05
163, 100, 5.76968e-05, 5.77497e-05
163, 106, 5.77324e-05, 5.73107e-05
163, 123, 5.78395e-05, 5.76664e-05
163, 127, 5.77722e-05, 5.72604e-05
163, 134, 5.77661e-05, 5.77823e-05
163, 139, 5.77294e-05, 5.77617e-05
163, 145, 5.77154e-05, 5.76699e-05
163, 150, 5.77805e-05, 5.77411e-05
163, 151, 5.77199e-05, 5.77764e-05
163, 157, 5.77206e-05, 5.77956e-05
163, 160, 5.77489e-05, 5.77208e-05
163, 161, 5.77646e-05, 5.77835e-05
163, 162, 5.77749e-05, 5.78802e-05
164, 0, 5.73437e-05, 5.79192e-05
164, 13, 5.73373e-05, 5.78842e-05
164, 18, 5.734e-05, 5.79557e-05
164, 40, 5.74477e-05, 5.79257e-05
164, 48, 5.75357e-05, 5.82022e-05
164, 55, 5.73804e-05, 5.79561e-05
164, 62, 5.73409e-05, 5.78598e-05
164, 68, 5.746e-05, 5.78569e-05
164, 74, 5.75642e-05, 5.74006e-05
164, 75, 5.74761e-05, 5.85748e-05
164, 81, 5.7338e-05, 5.79554e-05
164, 84, 5.73651e-05, 5.79753e-05
164, 90, 5.74558e-05, 5.78609e-05
164, 95, 5.76641e-05, 5.78138e-05
164, 100, 5.74053e-05, 5.79177e-05
164, 106, 5.73379e-05, 5.76062e-05
164, 123, 5.741e-05, 5.73486e-05
164, 127, 5.73385e-05, 5.78583e-05
164, 134, 5.74773e-05, 5.78792e-05
164, 139, 5.76185e-05, 5.82493e-05
164, 145, 5.74639e-05, 5.78398e-05
164, 150, 5.7347e-05, 5.78971e-05
164, 151, 5.73555e-05, 5.78719e-05
164, 157, 5.73551e-05, 5.74738e-05
164, 160, 5.73526e-05, 5.79103e-05
164, 161, 5.73428e-05, 5.78926e-05
164, 162, 5.7336e-05, 5.79856e-05
164, 163, 5.73353e-05, 5.85912e-05
166, 0, 5.68553e-05, 5.71195e-05
166, 13, 5.68208e-05, 5.73961e-05
166, 18, 5.68334e-05, 5.72365e-05
166, 40, 5.68579e-05, 5.72377e-05
166, 48, 5.68694e-05, 5.78889e-05
166, 55, 5.69504e-05, 5.72126e-05
166, 62, 5.699e-05, 5.71437e-05
166, 68, 5.67616e-05, 5.74223e-05
166, 74, 5.74609e-05, 5.70641e-05
166, 75, 5.71552e-05, 5.71615e-05
166, 81, 5.70559e-05, 5.71541e-05
166, 84, 5.70086e-05, 5.72969e-05
166, 90, 5.67309e-05, 5.70758e-05
166, 95, 5.69572e-05, 5.71576e-05
166, 100, 5.68551e-05, 5.71018e-05
166, 106, 5.68348e-05, 5.71292e-05
166, 123, 5.67322e-05, 5.71228e-05
166, 127, 5.69877e-05, 5.71005e-05
166, 134, 5.68368e-05, 5.71954e-05
166, 139, 5.68541e-05, 5.74462e-05
166, 145, 5.68235e-05, 5.70732e-05
166, 150, 5.69139e-05, 5.71403e-05
166, 151, 5.68637e-05, 5.72224e-05
166, 157, 5.72253e-05, 5.72002e-05
166, 160, 5.7167e-05, 5.71395e-05
166, 161, 5.72143e-05, 5.71734e-05
166, 162, 5.68843e-05, 5.7263e-05
166, 163, 5.68214e-05, 5.72254e-05
166, 164, 5.69453e-05, 5.70758e-05
168, 0, 5.88853e-05, 5.7266e-05
168, 13, 5.85064e-05, 5.7218e-05
168, 18, 5.89866e-05, 5.72906e-05
168, 40, 5.86159e-05, 5.73643e-05
168, 48, 5.84851e-05, 5.80173e-05
168, 55, 5.85048e-05, 5.73562e-05
168, 62, 5.86371e-05, 5.72395e-05
168, 75, 5.91679e-05, 5.73348e-05
168, 81, 5.85065e-05, 5.79508e-05
168, 84, 5.89063e-05, 5.80449e-05
168, 90, 5.86561e-05, 5.72205e-05
168, 95, 5.84805e-05, 5.79687e-05
168, 100, 5.80751e-05, 5.73416e-05
168, 106, 5.8513e-05, 5.79348e-05
168, 123, 5.88784e-05, 5.78288e-05
168, 127, 5.85978e-05, 5.72209e-05
168, 134, 5.85123e-05, 5.73067e-05
168, 139, 5.88853e-05, 5.77212e-05
168, 145, 5.84936e-05, 5.72131e-05
168, 150, 5.86202e-05, 5.72164e-05
168, 160, 5.85162e-05, 5.73461e-05
168, 161, 5.849e-05, 5.73266e-05
168, 162, 5.84892e-05, 5.73956e-05
168, 163, 5.85261e-05, 5.74408e-05
168, 164, 5.8589e-05, 5.7246e-05
168, 166, 5.85127e-05, 5.82023e-05
170, 13, 5.68149e-05, 5.73371e-05
170, 18, 5.68379e-05, 5.75364e-05
170, 55, 5.69547e-05, 5.74252e-05
170, 62, 5.68278e-05, 5.73709e-05
170, 81, 5.67869e-05, 5.7364e-05
170, 90, 5.67458e-05, 5.73385e-05
170, 106, 5.68071e-05, 5.72397e-05
170, 134, 5.67731e-05, 5.74695e-05
170, 161, 5.68765e-05, 5.73867e-05
170, 162, 5.69114e-05, 5.75592e-05
170, 163, 5.6923e-05, 5.75278e-05
170, 164, 5.68661e-05, 5.7335e-05
170, 166, 5.71368e-05, 5.71532e-05
170, 168, 5.71311e-05, 5.74622e-05
171, 13, 5.75381e-05, 5.79045e-05
171, 55, 5.81426e-05, 5.79421e-05
171, 90, 5.79066e-05, 5.78765e-05
171, 106, 5.79652e-05, 5.77164e-05
171, 163, 5.85311e-05, 5.74096e-05
171, 164, 5.90109e-05, 5.7138e-05
171, 166, 5.79233e-05, 5.78217e-05
171, 168, 5.73351e-05, 5.80209e-05
171, 170, 5.75536e-05, 5.79402e-05
172, 55, 5.85576e-05, 5.7214e-05
172, 90, 5.84364e-05, 5.71195e-05
172, 164, 5.94146e-05, 5.72048e-05
172, 166, 5.82822e-05, 5.72416e-05
172, 168, 5.77993e-05, 5.7293e-05
172, 170, 5.77966e-05, 5.73431e-05
172, 171, 5.78012e-05, 5.73499e-05
173, 55, 5.92001e-05, 5.76296e-05
173, 166, 5.82341e-05, 5.76677e-05
173, 168, 5.78333e-05, 5.76151e-05
173, 170, 5.82723e-05, 5.76571e-05
173, 171, 5.81718e-05, 5.76179e-05
173, 172, 5.74926e-05, 5.7503e-05
174, 168, 5.8552e-05, 5.75866e-05
174, 170, 5.80077e-05, 5.76385e-05
174, 171, 5.78563e-05, 5.75539e-05
174, 172, 5.80318e-05, 5.75681e-05
174, 173, 5.7948e-05, 5.70897e-05
175, 168, 5.74336e-05, 5.77892e-05
175, 170, 5.7045e-05, 5.78459e-05
175, 171, 5.70204e-05, 5.76183e-05
175, 172, 5.75067e-05, 5.75714e-05
175, 173, 5.70388e-05, 5.73504e-05
175, 174, 5.70661e-05, 5.75337e-05
176, 168, 5.81933e-05, 5.76744e-05
176, 170, 5.77651e-05, 5.77314e-05
176, 171, 5.77719e-05, 5.7571e-05
176, 172, 5.81105e-05, 5.75435e-05
176, 173, 5.77649e-05, 5.71667e-05
176, 174, 5.78e-05, 5.74142e-05
176, 175, 5.78772e-05, 5.72743e-05
177, 168, 5.84345e-05, 5.7183e-05
177, 170, 5.90636e-05, 5.70712e-05
177, 171, 5.9178e-05, 5.72881e-05
177, 172, 5.84142e-05, 5.69494e-05
177, 173, 5.92002e-05, 5.71116e-05
177, 174, 5.90295e-05, 5.71613e-05
177, 175, 5.87857e-05, 5.69596e-05
177, 176, 5.84996e-05, 5.75627e-05
178, 171, 5.8102e-05, 5.75034e-05
178, 172, 5.76369e-05, 5.75237e-05
178, 173, 5.81651e-05, 5.74996e-05
178, 174, 5.81605e-05, 5.74738e-05
178, 175, 5.7347e-05, 5.67858e-05
178, 176, 5.74893e-05, 5.77635e-05
178, 177, 5.73256e-05, 5.76237e-05
179, 171, 5.91244e-05, 5.76057e-05
179, 172, 5.8241e-05, 5.76563e-05
179, 173, 5.93446e-05, 5.80729e-05
179, 174, 5.91387e-05, 5.74589e-05
179, 175, 5.80583e-05, 5.7452e-05
179, 176, 5.83575e-05, 5.83981e-05
179, 177, 5.81988e-05, 5.75719e-05
179, 178, 5.85556e-05, 5.79726e-05
180, 171, 5.82756e-05, 5.78499e-05
180, 172, 5.7813e-05, 5.75024e-05
180, 173, 5.83454e-05, 5.64697e-05
180, 174, 5.84855e-05, 5.78155e-05
180, 175, 5.7539e-05, 5.68054e-05
180, 176, 5.77861e-05, 5.77997e-05
180, 177, 5.75041e-05, 5.71875e-05
180, 178, 5.77194e-05, 5.83221e-05
180, 179, 5.76126e-05, 5.80393e-05
181, 174, 6.06867e-05, 5.83502e-05
181, 175, 5.87321e-05, 5.74469e-05
181, 176, 5.94386e-05, 5.80857e-05
181, 177, 5.84782e-05, 5.7786e-05
181, 178, 5.93561e-05, 5.73572e-05
181, 179, 5.85203e-05, 5.80191e-05
181, 180, 5.81432e-05, 5.79116e-05
182, 177, 5.81008e-05, 5.76786e-05
182, 178, 5.85781e-05, 5.80762e-05
182, 179, 5.84143e-05, 5.80284e-05
182, 180, 5.83617e-05, 5.7904e-05
182, 181, 5.80727e-05, 5.85413e-05
183, 178, 5.97063e-05, 5.84605e-05
183, 179, 5.90403e-05, 5.85652e-05
183, 180, 5.8736e-05, 5.78252e-05
183, 181, 5.88377e-05, 5.69756e-05
183, 182, 5.89109e-05, 5.70769e-05
184, 178, 5.90172e-05, 5.8223e-05
184, 179, 5.90458e-05, 5.82537e-05
184, 180, 5.83298e-05, 5.79678e-05
184, 181, 5.83837e-05, 5.80283e-05
184, 182, 5.75525e-05, 5.73894e-05
184, 183, 5.74899e-05, 5.78823e-05
185, 179, 5.82373e-05, 5.80196e-05
185, 180, 5.79636e-05, 5.79776e-05
185, 181, 5.77931e-05, 5.78272e-05
185, 182, 5.78377e-05, 5.75979e-05
185, 183, 5.74119e-05, 5.78184e-05
185, 184, 5.74644e-05, 5.79449e-05
186, 179, 5.76079e-05, 5.70727e-05
186, 180, 5.74133e-05, 5.69525e-05
186, 181, 5.74572e-05, 5.74225e-05
186, 182, 5.7983e-05, 5.71559e-05
186, 183, 5.74978e-05, 5.78339e-05
186, 184, 5.74689e-05, 5.74816e-05
186, 185, 5.72113e-05, 5.6787e-05
188, 179, 5.81496e-05, 5.73588e-05
188, 180, 5.71004e-05, 5.79602e-05
188, 181, 5.71986e-05, 5.78517e-05
188, 182, 5.72722e-05, 5.72198e-05
188, 183, 5.69489e-05, 5.70138e-05
188, 184, 5.69387e-05, 5.75916e-05
188, 185, 5.68893e-05, 5.6951e-05
188, 186, 5.69617e-05, 5.72097e-05
189, 179, 5.8328e-05, 5.75923e-05
189, 180, 5.86973e-05, 5.81695e-05
189, 181, 5.84859e-05, 5.70653e-05
189, 182, 5.73591e-05, 5.67767e-05
189, 183, 5.74602e-05, 5.73347e-05
189, 184, 5.71715e-05, 5.78707e-05
189, 185, 5.77454e-05, 5.71143e-05
189, 186, 5.72044e-05, 5.68294e-05
189, 188, 5.71486e-05, 5.69959e-05
190, 179, 5.86003e-05, 5.7919e-05
190, 180, 5.78794e-05, 5.78157e-05
190, 181, 5.80962e-05, 5.77486e-05
190, 182, 5.71926e-05, 5.77479e-05
190, 183, 5.72053e-05, 5.7961e-05
190, 184, 5.71295e-05, 5.82081e-05
190, 185, 5.72695e-05, 5.71197e-05
190, 186, 5.71644e-05, 5.71626e-05
190, 188, 5.71262e-05, 5.75402e-05
190, 189, 5.73286e-05, 5.74938e-05
191, 179, 5.89504e-05, 5.80878e-05
191, 180, 5.78306e-05, 5.81954e-05
191, 181, 5.80852e-05, 5.80598e-05
191, 182, 5.73062e-05, 5.73955e-05
191, 183, 5.74614e-05, 5.74909e-05
191, 184, 5.70906e-05, 5.79211e-05
191, 185, 5.75341e-05, 5.72391e-05
191, 186, 5.71409e-05, 5.75714e-05
191, 188, 5.69967e-05, 5.77839e-05
191, 189, 5.6992e-05, 5.78563e-05
191, 190, 5.71192e-05, 5.76551e-05
192, 180, 5.99999e-05, 5.78148e-05
192, 181, 5.94691e-05, 5.85005e-05
192, 182, 5.78882e-05, 5.77815e-05
192, 183, 5.78345e-05, 5.76333e-05
192, 184, 5.82194e-05, 5.80836e-05
192, 185, 5.89319e-05, 5.74726e-05
192, 186, 5.79453e-05, 5.78376e-05
192, 188, 5.79004e-05, 5.73227e-05
192, 189, 5.77193e-05, 5.72975e-05
192, 190, 5.76977e-05, 5.71956e-05
192, 191, 5.78047e-05, 5.79949e-05
195, 184, 5.7657e-05, 5.79671e-05
195, 185, 5.79471e-05, 5.73644e-05
195, 186, 5.73945e-05, 5.75726e-05
195, 188, 5.72718e-05, 5.7938e-05
195, 189, 5.72036e-05, 5.77938e-05
195, 190, 5.71055e-05, 5.7643e-05
195, 191, 5.71989e-05, 5.82572e-05
195, 192, 5.747e-05, 5.79103e-05
196, 184, 5.79581e-05, 5.87557e-05
196, 185, 5.85861e-05, 5.82024e-05
196, 186, 5.79259e-05, 5.86397e-05
196, 188, 5.80082e-05, 5.80901e-05
196, 189, 5.78572e-05, 5.81184e-05
196, 190, 5.79163e-05, 5.77854e-05
196, 191, 5.78993e-05, 5.85559e-05
196, 192, 5.81623e-05, 5.81621e-05
196, 195, 5.80518e-05, 5.82864e-05
198, 184, 5.7441e-05, 5.78037e-05
198, 185, 5.83285e-05, 5.7191e-05
198, 186, 5.74054e-05, 5.72928e-05
198, 188, 5.75308e-05, 5.75232e-05
198, 189, 5.73635e-05, 5.75799e-05
198, 190, 5.72977e-05, 5.73142e-05
198, 191, 5.74655e-05, 5.83565e-05
198, 192, 5.78716e-05, 5.78755e-05
198, 195, 5.73715e-05, 5.73717e-05
198, 196, 5.73877e-05, 5.72572e-05
199, 184, 5.76728e-05, 5.78549e-05
199, 185, 5.77299e-05, 5.77694e-05
199, 186, 5.76492e-05, 5.80041e-05
199, 188, 5.77759e-05, 5.78404e-05
199, 189, 5.74147e-05, 5.76231e-05
199, 190, 5.78663e-05, 5.73675e-05
199, 191, 5.72374e-05, 5.82371e-05
199, 192, 5.74451e-05, 5.77203e-05
199, 195, 5.7458e-05, 5.80196e-05
199, 196, 5.70875e-05, 5.82615e-05
199, 198, 5.7117e-05, 5.77075e-05
201, 185, 5.756e-05, 5.75534e-05
201, 188, 5.67065e-05, 5.81369e-05
201, 189, 5.67557e-05, 5.74133e-05
201, 190, 5.67893e-05, 5.73174e-05
201, 191, 5.71857e-05, 5.811e-05
201, 192, 5.74479e-05, 5.75949e-05
201, 195, 5.69618e-05, 5.78745e-05
201, 196, 5.70449e-05, 5.80191e-05
201, 198, 5.69574e-05, 5.74796e-05
201, 199, 5.67383e-05, 5.69283e-05
203, 188, 5.73454e-05, 5.80007e-05
203, 189, 5.73276e-05, 5.7859e-05
203, 190, 5.74061e-05, 5.78638e-05
203, 191, 5.72754e-05, 5.8203e-05
203, 192, 5.77286e-05, 5.79368e-05
203, 195, 5.73549e-05, 5.7378e-05
203, 196, 5.77172e-05, 5.7471e-05
203, 198, 5.7245e-05, 5.73929e-05
203, 199, 5.71907e-05, 5.74169e-05
203, 201, 5.74131e-05, 5.82607e-05
204, 188, 5.87283e-05, 5.77025e-05
204, 189, 5.79919e-05, 5.77877e-05
204, 190, 5.77993e-05, 5.75553e-05
204, 191, 5.84717e-05, 5.84473e-05
204, 192, 5.90291e-05, 5.73819e-05
204, 195, 5.77495e-05, 5.75988e-05
204, 196, 5.79761e-05, 5.76274e-05
204, 198, 5.81036e-05, 5.7093e-05
204, 199, 5.82522e-05, 5.71555e-05
204, 201, 5.83814e-05, 5.7907e-05
204, 203, 5.80492e-05, 5.7617e-05
205, 189, 5.8379e-05, 5.76837e-05
205, 190, 5.80436e-05, 5.7433e-05
205, 191, 5.82539e-05, 5.79399e-05
205, 192, 5.89768e-05, 5.7344e-05
205, 195, 5.76858e-05, 5.75317e-05
205, 196, 5.78792e-05, 5.78274e-05
205, 198, 5.78775e-05, 5.74998e-05
205, 199, 5.80731e-05, 5.72012e-05
205, 201, 5.80365e-05, 5.78723e-05
205, 203, 5.80135e-05, 5.78206e-05
205, 204, 5.84209e-05, 5.79868e-05
206, 190, 5.9704e-05, 5.77118e-05
206, 191, 5.92546e-05, 5.81159e-05
206, 192, 6.01393e-05, 5.76493e-05
206, 195, 5.77748e-05, 5.77766e-05
206, 196, 5.85135e-05, 5.78043e-05
206, 198, 5.7872e-05, 5.74073e-05
206, 199, 5.85661e-05, 5.71928e-05
206, 201, 5.78556e-05, 5.81821e-05
206, 203, 5.86493e-05, 5.78841e-05
206, 204, 5.82346e-05, 5.82989e-05
206, 205, 5.76125e-05, 5.80392e-05
207, 190, 5.77766e-05, 5.78666e-05
207, 191, 5.80993e-05, 5.81031e-05
207, 192, 5.8609e-05, 5.77626e-05
207, 195, 5.80054e-05, 5.76846e-05
207, 196, 5.85127e-05, 5.7665e-05
207, 198, 5.79355e-05, 5.72138e-05
207, 199, 5.80209e-05, 5.73585e-05
207, 201, 5.83176e-05, 5.79812e-05
207, 203, 5.79722e-05, 5.81265e-05
207, 204, 5.83041e-05, 5.81603e-05
207, 205, 5.8389e-05, 5.80645e-05
207, 206, 5.83169e-05, 5.77535e-05
209, 192, 5.86587e-05, 5.75523e-05
209, 195, 5.81536e-05, 5.77406e-05
209, 196, 5.78262e-05, 5.74728e-05
209, 198, 5.78358e-05, 5.71674e-05
209, 199, 5.78772e-05, 5.71282e-05
209, 201, 5.78141e-05, 5.81263e-05
209, 203, 5.79362e-05, 5.78655e-05
209, 204, 5.79542e-05, 5.80093e-05
209, 205, 5.78946e-05, 5.78815e-05
209, 206, 5.79536e-05, 5.7642e-05
209, 207, 5.82988e-05, 5.87908e-05
210, 195, 5.81491e-05, 5.77025e-05
210, 198, 5.78129e-05, 5.7375e-05
210, 199, 5.80479e-05, 5.71404e-05
210, 201, 5.75454e-05, 5.82986e-05
210, 203, 5.92442e-05, 5.79493e-05
210, 204, 5.78726e-05, 5.81443e-05
210, 205, 5.73385e-05, 5.82256e-05
210, 206, 5.81581e-05, 5.7777e-05
210, 207, 5.75917e-05, 5.86914e-05
210, 209, 5.724e-05, 5.90366e-05
211, 195, 5.77395e-05, 5.75105e-05
211, 198, 5.82038e-05, 5.71779e-05
211, 199, 5.85339e-05, 5.73405e-05
211, 201, 5.8555e-05, 5.7932e-05
211, 203, 5.86065e-05, 5.76549e-05
211, 204, 5.85087e-05, 5.81405e-05
211, 205, 5.79673e-05, 5.8097e-05
211, 206, 5.87669e-05, 5.77653e-05
211, 207, 5.75043e-05, 5.89616e-05
211, 209, 5.77959e-05, 5.92292e-05
211, 210, 5.75539e-05, 5.75771e-05
212, 198, 5.88051e-05, 5.72951e-05
212, 199, 5.92272e-05, 5.73369e-05
212, 201, 5.86571e-05, 5.80162e-05
212, 203, 5.91402e-05, 5.8045e-05
212, 204, 5.9236e-05, 5.80833e-05
212, 205, 5.87636e-05, 5.79047e-05
212, 206, 5.95616e-05, 5.79371e-05
212, 207, 5.76766e-05, 5.89742e-05
212, 209, 5.81772e-05, 5.90459e-05
212, 210, 5.76601e-05, 5.71211e-05
212, 211, 5.80051e-05, 5.73974e-05
213, 199, 5.89888e-05, 5.73543e-05
213, 201, 5.86051e-05, 5.79431e-05
213, 203, 5.91207e-05, 5.80167e-05
213, 204, 5.88559e-05, 5.8032e-05
213, 205, 5.83294e-05, 5.80251e-05
213, 206, 5.8948e-05, 5.78113e-05
213, 207, 5.80373e-05, 5.90324e-05
213, 209, 5.80733e-05, 5.90567e-05
213, 210, 5.86903e-05, 5.74166e-05
213, 211, 5.80083e-05, 5.70586e-05
213, 212, 5.80041e-05, 5.833e-05
214, 203, 5.83585e-05, 5.78605e-05
214, 204, 5.84493e-05, 5.78305e-05
214, 205, 5.78813e-05, 5.81584e-05
214, 206, 5.85064e-05, 5.77455e-05
214, 207, 5.74686e-05, 5.8797e-05
214, 209, 5.76167e-05, 5.89439e-05
214, 210, 5.7474e-05, 5.74238e-05
214, 211, 5.7523e-05, 5.75642e-05
214, 212, 5.78529e-05, 5.79897e-05
214, 213, 5.74828e-05, 5.8418e-05
215, 205, 5.84623e-05, 5.79453e-05
215, 206, 5.98371e-05, 5.76356e-05
215, 207, 5.80134e-05, 5.87062e-05
215, 209, 5.79743e-05, 5.92776e-05
215, 210, 5.90679e-05, 5.71017e-05
215, 211, 5.75203e-05, 5.71997e-05
215, 212, 5.77717e-05, 5.79908e-05
215, 213, 5.75768e-05, 5.82575e-05
215, 214, 5.7528e-05, 5.70388e-05
216, 207, 5.99275e-05, 5.88796e-05
216, 209, 6.02708e-05, 5.88638e-05
216, 210, 6.06241e-05, 5.71817e-05
216, 211, 5.92442e-05, 5.73629e-05
216, 212, 5.98872e-05, 5.8153e-05
216, 213, 5.92535e-05, 5.80645e-05
216, 214, 5.89522e-05, 5.77143e-05
216, 215, 5.87153e-05, 5.80758e-05
217, 209, 5.79632e-05, 5.90514e-05
217, 210, 5.80472e-05, 5.69362e-05
217, 211, 5.75437e-05, 5.6848e-05
217, 212, 5.77479e-05, 5.80211e-05
217, 213, 5.73944e-05, 5.75864e-05
217, 214, 5.72047e-05, 5.73987e-05
217, 215, 5.70965e-05, 5.80604e-05
217, 216, 5.73106e-05, 5.84476e-05
219, 210, 5.95138e-05, 5.68725e-05
219, 211, 5.8274e-05, 5.698e-05
219, 212, 5.94865e-05, 5.79505e-05
219, 213, 5.8122e-05, 5.81991e-05
219, 214, 5.75574e-05, 5.72592e-05
219, 215, 5.73529e-05, 5.71499e-05
219, 216, 5.73469e-05, 5.83873e-05
219, 217, 5.73135e-05, 5.74664e-05
220, 210, 6.08164e-05, 5.63564e-05
220, 211, 5.85601e-05, 5.7365e-05
220, 212, 5.9085e-05, 5.75244e-05
220, 213, 5.82032e-05, 5.88716e-05
220, 214, 5.83827e-05, 5.77311e-05
220, 215, 5.78502e-05, 5.74953e-05
220, 216, 5.8042e-05, 5.83765e-05
220, 217, 5.75163e-05, 5.73956e-05
220, 219, 5.77323e-05, 5.80614e-05
221, 210, 5.8383e-05, 5.71647e-05
221, 211, 5.79269e-05, 5.76677e-05
221, 212, 5.85432e-05, 5.81886e-05
221, 213, 5.7704e-05, 5.83568e-05
221, 214, 5.75067e-05, 5.75479e-05
221, 215, 5.7399e-05, 5.80503e-05
221, 216, 5.73462e-05, 5.81426e-05
221, 217, 5.78012e-05, 5.74205e-05
221, 219, 5.73767e-05, 5.82141e-05
221, 220, 5.83782e-05, 5.8402e-05
222, 212, 6.00236e-05, 5.79067e-05
222, 213, 5.92424e-05, 5.84289e-05
222, 214, 5.9164e-05, 5.75692e-05
222, 215, 5.93256e-05, 5.79928e-05
222, 216, 5.89271e-05, 5.8598e-05
222, 217, 5.81009e-05, 5.75627e-05
222, 219, 5.86481e-05, 5.85457e-05
222, 220, 5.81174e-05, 5.8024e-05
222, 221, 5.86171e-05, 5.67757e-05
223, 213, 5.94421e-05, 5.78394e-05
223, 214, 5.83622e-05, 5.77329e-05
223, 215, 5.78916e-05, 5.77545e-05
223, 216, 5.7705e-05, 5.86136e-05
223, 217, 5.71638e-05, 5.74232e-05
223, 219, 5.73326e-05, 5.82621e-05
223, 220, 5.73421e-05, 5.79583e-05
223, 221, 5.7694e-05, 5.69248e-05
223, 222, 5.72765e-05, 5.80834e-05
224, 213, 5.98393e-05, 5.81096e-05
224, 214, 5.93048e-05, 5.7517e-05
224, 215, 5.87297e-05, 5.76783e-05
224, 216, 5.99217e-05, 5.83045e-05
224, 217, 5.7763e-05, 5.77358e-05
224, 219, 5.8245e-05, 5.79965e-05
224, 220, 5.77323e-05, 5.83012e-05
224, 221, 5.86273e-05, 5.68961e-05
224, 222, 5.73885e-05, 5.82288e-05
224, 223, 5.78747e-05, 5.79232e-05
225, 215, 5.90517e-05, 5.80128e-05
225, 216, 5.87119e-05, 5.79578e-05
225, 217, 5.83353e-05, 5.73007e-05
225, 219, 5.81641e-05, 5.78474e-05
225, 220, 5.86809e-05, 5.80352e-05
225, 221, 5.86608e-05, 5.71765e-05
225, 222, 5.78599e-05, 5.78615e-05
225, 223, 5.84138e-05, 5.75109e-05
225, 224, 5.76463e-05, 5.76356e-05
226, 216, 5.82294e-05, 5.79149e-05
226, 217, 5.85868e-05, 5.74135e-05
226, 219, 5.76666e-05, 5.86355e-05
226, 220, 5.8649e-05, 5.80187e-05
226, 221, 5.78471e-05, 5.68718e-05
226, 222, 5.88676e-05, 5.79905e-05
226, 223, 5.7941e-05, 5.7933e-05
226, 224, 5.75696e-05, 5.75887e-05
226, 225, 5.75316e-05, 5.81349e-05
227, 216, 5.83506e-05, 5.81595e-05
227, 217, 5.86238e-05, 5.73428e-05
227, 219, 5.80505e-05, 5.83275e-05
227, 220, 5.8446e-05, 5.82644e-05
227, 221, 5.82116e-05, 5.67942e-05
227, 222, 5.90345e-05, 5.79873e-05
227, 223, 5.82148e-05, 5.76867e-05
227, 224, 5.80494e-05, 5.75922e-05
227, 225, 5.81029e-05, 5.82668e-05
227, 226, 5.8154e-05, 5.72993e-05
228, 217, 5.7309e-05, 5.75099e-05
228, 219, 5.78538e-05, 5.84593e-05
228, 220, 5.74351e-05, 5.82126e-05
228, 221, 5.80309e-05, 5.70105e-05
228, 222, 5.7155e-05, 5.81907e-05
228, 223, 5.7261e-05, 5.76298e-05
228, 224, 5.70446e-05, 5.83957e-05
228, 225, 5.73156e-05, 5.79556e-05
228, 226, 5.71166e-05, 5.71051e-05
228, 227, 5.69115e-05, 6.03625e-05
229, 219, 5.81371e-05, 5.80069e-05
229, 220, 5.77656e-05, 5.84155e-05
229, 221, 5.81563e-05, 5.69672e-05
229, 222, 5.84109e-05, 5.73395e-05
229, 223, 5.77688e-05, 5.75725e-05
229, 224, 5.75937e-05, 5.77046e-05
229, 225, 5.77817e-05, 5.8596e-05
229, 226, 5.7607e-05, 5.75537e-05
229, 227, 5.75728e-05, 5.96668e-05
229, 228, 5.81266e-05, 5.91207e-05
230, 219, 5.82268e-05, 5.81127e-05
230, 220, 5.88848e-05, 5.82008e-05
230, 221, 5.8289e-05, 5.69462e-05
230, 222, 5.71859e-05, 5.77651e-05
230, 223, 5.84087e-05, 5.78434e-05
230, 224, 5.73274e-05, 5.75193e-05
230, 225, 5.72785e-05, 5.8173e-05
230, 226, 5.79624e-05, 5.76928e-05
230, 227, 5.71401e-05, 6.01246e-05
230, 228, 5.87772e-05, 5.94748e-05
230, 229, 5.73606e-05, 5.8725e-05
231, 219, 5.97915e-05, 5.82464e-05
231, 220, 5.86537e-05, 5.78967e-05
231, 221, 5.92306e-05, 5.72693e-05
231, 222, 5.73471e-05, 5.81315e-05
231, 223, 5.86015e-05, 5.77756e-05
231, 224, 5.76474e-05, 5.76824e-05
231, 225, 5.85188e-05, 5.83249e-05
231, 226, 5.83108e-05, 5.7647e-05
231, 227, 5.7666e-05, 6.02547e-05
231, 228, 5.79766e-05, 5.95112e-05
231, 229, 5.70643e-05, 5.83474e-05
231, 230, 5.78523e-05, 5.80056e-05
232, 220, 6.06628e-05, 5.76501e-05
232, 221, 6.04978e-05, 5.69309e-05
232, 222, 5.95198e-05, 5.77147e-05
232, 223, 6.03001e-05, 5.77312e-05
232, 224, 5.91018e-05, 5.75764e-05
232, 225, 5.90787e-05, 5.80941e-05
232, 226, 5.96179e-05, 5.7409e-05
232, 227, 5.87417e-05, 6.01248e-05
232, 228, 5.98823e-05, 5.95133e-05
232, 229, 5.86272e-05, 5.84169e-05
232, 230, 5.88244e-05, 5.83216e-05
232, 231, 5.82809e-05, 5.64393e-05
233, 221, 5.96013e-05, 5.70987e-05
233, 222, 5.72294e-05, 5.79081e-05
233, 223, 5.83315e-05, 5.77499e-05
233, 224, 5.75558e-05, 5.75844e-05
233, 225, 5.79631e-05, 5.83214e-05
233, 226, 5.79971e-05, 5.76505e-05
233, 227, 5.75598e-05, 6.01568e-05
233, 228, 5.76591e-05, 5.88849e-05
233, 229, 5.71416e-05, 5.89941e-05
233, 230, 5.8199e-05, 5.81976e-05
233, 231, 5.74096e-05, 5.70787e-05
233, 232, 5.7198e-05, 5.83092e-05
235, 224, 5.94123e-05, 5.76049e-05
235, 225, 5.93771e-05, 5.82818e-05
235, 226, 5.97215e-05, 5.7548e-05
235, 227, 5.84869e-05, 5.9908e-05
235, 228, 5.92781e-05, 5.93652e-05
235, 229, 5.77086e-05, 5.8909e-05
235, 230, 5.82761e-05, 5.80066e-05
235, 231, 5.75448e-05, 5.6267e-05
235, 232, 5.79889e-05, 5.77664e-05
235, 233, 5.71556e-05, 5.63307e-05
236, 225, 6.1789e-05, 5.80986e-05
236, 226, 6.11846e-05, 5.71781e-05
236, 227, 6.0816e-05, 5.98989e-05
236, 228, 6.06581e-05, 5.96047e-05
236, 229, 5.82308e-05, 5.83105e-05
236, 230, 5.96188e-05, 5.90417e-05
236, 231, 5.82451e-05, 5.66541e-05
236, 232, 5.88029e-05, 5.7909e-05
236, 233, 5.80226e-05, 5.5834e-05
236, 235, 5.72345e-05, 5.67944e-05
237, 227, 5.969e-05, 6.00169e-05
237, 228, 6.0353e-05, 5.92279e-05
237, 229, 5.8942e-05, 5.82463e-05
237, 230, 6.01895e-05, 5.88805e-05
237, 231, 5.87014e-05, 5.69077e-05
237, 232, 5.87757e-05, 5.86119e-05
237, 233, 5.83617e-05, 5.69071e-05
237, 235, 5.81423e-05, 5.65663e-05
237, 236, 5.79903e-05, 5.81416e-05
238, 229, 5.87993e-05, 5.89781e-05
238, 230, 6.03186e-05, 5.82203e-05
238, 231, 5.82444e-05, 5.70092e-05
238, 232, 5.91397e-05, 5.8412e-05
238, 233, 5.8503e-05, 5.61802e-05
238, 235, 5.7919e-05, 5.71166e-05
238, 236, 5.79007e-05, 5.82869e-05
238, 237, 5.7003e-05, 6.22169e-05
239, 230, 6.53713e-05, 5.76405e-05
239, 231, 6.28737e-05, 5.63809e-05
239, 232, 6.23322e-05, 5.83216e-05
239, 233, 6.29549e-05, 5.63141e-05
239, 235, 6.08885e-05, 5.71282e-05
239, 236, 6.09166e-05, 5.78561e-05
239, 237, 5.7437e-05, 6.15726e-05
239, 238, 5.70951e-05, 5.61372e-05
240, 232, 6.28919e-05, 5.77644e-05
240, 233, 6.04438e-05, 5.7151e-05
240, 235, 5.82603e-05, 5.65519e-05
240, 236, 5.88471e-05, 5.86453e-05
240, 237, 5.98045e-05, 6.19048e-05
240, 238, 5.8979e-05, 5.61728e-05
240, 239, 6.2418e-05, 5.65987e-05
241, 232, 7.84229e-05, 5.85249e-05
241, 233, 8.1098e-05, 5.63913e-05
241, 235, 8.63555e-05, 5.71397e-05
241, 236, 8.33906e-05, 5.76801e-05
241, 237, 7.48583e-05, 6.16314e-05
241, 238, 7.26935e-05, 5.68418e-05
241, 239, 0.000100584, 5.63334e-05
241, 240, 5.93684e-05, 5.73826e-05
242, 233, 8.08389e-05, 5.72735e-05
242, 235, 7.80554e-05, 5.69748e-05
242, 236, 8.06332e-05, 5.84969e-05
242, 237, 7.06548e-05, 6.2094e-05
242, 238, 6.64314e-05, 5.64817e-05
242, 239, 9.37601e-05, 5.6679e-05
242, 240, 5.53265e-05, 5.69164e-05
242, 241, 8.90219e-05, 5.75905e-05
243, 235, 6.80572e-05, 5.66375e-05
243, 236, 6.7879e-05, 5.74142e-05
243, 237, 7.28288e-05, 6.16469e-05
243, 238, 7.51594e-05, 5.56217e-05
243, 239, 6.14116e-05, 5.598e-05
243, 240, 0.000101808, 5.65582e-05
243, 241, 5.9559e-05, 5.68582e-05
243, 242, 5.75307e-05, 5.96006e-05
244, 236, 6.46059e-05, 5.73238e-05
244, 237, 7.27072e-05, 6.16193e-05
244, 238, 6.73713e-05, 5.60009e-05
244, 239, 6.08977e-05, 5.64658e-05
244, 240, 9.4068e-05, 5.68204e-05
244, 241, 5.79949e-05, 5.73926e-05
244, 242, 5.8506e-05, 5.84496e-05
244, 243, 8.50283e-05, 5.64875e-05
245, 237, 7.18637e-05, 6.11806e-05
245, 238, 6.68191e-05, 5.60011e-05
245, 239, 9.50301e-05, 5.62064e-05
245, 240, 5.71216e-05, 5.73355e-05
245, 241, 9.02901e-05, 5.7357e-05
245, 242, 0.000101985, 5.92303e-05
245, 243, 5.77692e-05, 5.76562e-05
245, 244, 6.68167e-05, 5.89781e-05
246, 237, 6.68184e-05, 6.14653e-05
246, 238, 6.65075e-05, 5.60795e-05
246, 239, 6.2799e-05, 5.68192e-05
246, 240, 8.34447e-05, 5.74651e-05
246, 241, 5.97217e-05, 5.70548e-05
246, 242, 6.24841e-05, 5.88039e-05
246, 243, 7.62476e-05, 5.68746e-05
246, 244, 6.14412e-05, 5.89223e-05
246, 245, 6.9915e-05, 5.8968e-05
247, 238, 7.91543e-05, 5.6048e-05
247, 239, 0.000109282, 5.62375e-05
247, 240, 6.0501e-05, 5.73406e-05
247, 241, 9.93807e-05, 5.73415e-05
247, 242, 0.000114669, 5.87998e-05
247, 243, 6.27325e-05, 5.75906e-05
247, 244, 7.56844e-05, 5.96761e-05
247, 245, 6.57334e-05, 5.83371e-05
247, 246, 5.80023e-05, 5.61447e-05
248, 240, 5.8704e-05, 5.6886e-05
248, 241, 9.47668e-05, 5.74494e-05
248, 242, 0.000108791, 5.90331e-05
248, 243, 6.0851e-05, 5.69301e-05
248, 244, 7.16643e-05, 5.97087e-05
248, 245, 6.28758e-05, 5.83272e-05
248, 246, 5.80695e-05, 5.6429e-05
248, 247, 0.000107935, 5.75253e-05
249, 242, 7.92857e-05, 5.82704e-05
249, 243, 7.20281e-05, 5.70217e-05
249, 244, 6.12195e-05, 5.90919e-05
249, 245, 6.36977e-05, 5.832e-05
249, 246, 8.36031e-05, 5.5899e-05
249, 247, 7.19843e-05, 5.7583e-05
249, 248, 6.81487e-05, 5.89923e-05
250, 242, 9.96066e-05, 5.8916e-05
250, 243, 6.75678e-05, 5.63403e-05
250, 244, 7.04692e-05, 5.84083e-05
250, 245, 6.31202e-05, 5.80013e-05
250, 246, 6.82205e-05, 5.5881e-05
250, 247, 9.90894e-05, 5.75059e-05
250, 248, 5.8827e-05, 5.95218e-05
250, 249, 6.58004e-05, 5.79913e-05
251, 244, 7.11797e-05, 5.88143e-05
251, 245, 7.31725e-05, 5.79017e-05
251, 246, 9.68958e-05, 5.56237e-05
251, 247, 7.6513e-05, 5.7689e-05
251, 248, 7.57171e-05, 5.94694e-05
251, 249, 5.91669e-05, 5.81016e-05
251, 250, 6.08453e-05, 5.92697e-05
252, 248, 9.40617e-05, 5.84291e-05
252, 249, 8.35658e-05, 5.73286e-05
252, 250, 8.71194e-05, 5.9581e-05
252, 251, 8.32425e-05, 5.79453e-05
253, 249, 0.000115964, 5.71244e-05
253, 250, 0.000120073, 5.82073e-05
253, 251, 0.000106972, 5.76657e-05
253, 252, 7.03075e-05, 5.44337e-05
254, 251, 0.000171616, 5.75043e-05
254, 252, 0.000120891, 5.49178e-05
254, 253, 7.50476e-05, 5.62571e-05
255, 252, 0.000161356, 5.3672e-05
255, 253, 0.000118783, 5.49434e-05
255, 254, 9.71912e-05, 5.31217e-05
256, 253, 0.000237478, 5.23973e-05
256, 254, 0.000197314, 5.19078e-05
256, 255, 0.000147143, 5.31648e-05
257, 255, 0.000212729, 5.36639e-05
257, 256, 8.82302e-05, 5.2915e-05
258, 256, 0.000162631, 5.24516e-05
258, 257, 9.13152e-05, 5.46706e-05
259, 256, 0.000200675, 5.18232e-05
259, 257, 0.000126676, 5.50813e-05
259, 258, 0.000101423, 5.05071e-05
260, 256, 0.000206738, 5.13779e-05
260, 257, 0.000132041, 5.40771e-05
260, 258, 0.000110694, 5.08117e-05
260, 259, 9.01213e-05, 5.73394e-05
261, 258, 0.000133344, 4.85103e-05
261, 259, 8.89547e-05, 5.60636e-05
261, 260, 9.39504e-05, 5.37872e-05
262, 259, 0.000127788, 5.57697e-05
262, 260, 0.000131864, 5.44606e-05
262, 261, 6.49463e-05, 5.37654e-05
263, 259, 0.000158589, 5.58188e-05
263, 260, 0.000162165, 5.43025e-05
263, 261, 9.44289e-05, 5.1952e-05
263, 262, 7.66475e-05, 5.17711e-05
264, 261, 0.000105227, 5.25184e-05
264, 262, 8.08952e-05, 5.15384e-05
264, 263, 5.87449e-05, 5.56948e-05
265, 261, 8.98306e-05, 5.23459e-05
265, 262, 6.05466e-05, 5.15323e-05
265, 263, 7.05773e-05, 5.56827e-05
265, 264, 8.1016e-05, 4.73286e-05
266, 261, 8.83196e-05, 5.26825e-05
266, 262, 5.73183e-05, 5.18638e-05
266, 263, 6.18399e-05, 5.60469e-05
266, 264, 6.94478e-05, 4.72286e-05
266, 265, 5.66064e-05, 5.0097e-05
267, 262, 7.65716e-05, 5.11453e-05
267, 263, 8.4102e-05, 5.4946e-05
267, 264, 8.83573e-05, 4.59047e-05
267, 265, 7.10849e-05, 5.12112e-05
267, 266, 5.28389e-05, 6.61346e-05
268, 262, 8.43199e-05, 5.12812e-05
268, 263, 8.54345e-05, 5.5009e-05
268, 264, 7.98233e-05, 4.69039e-05
268, 265, 6.57097e-05, 4.99226e-05
268, 266, 5.85684e-05, 6.55308e-05
268, 267, 5.13856e-05, 6.1598e-05
269, 262, 9.06213e-05, 5.11751e-05
269, 263, 8.98068e-05, 5.41163e-05
269, 264, 8.28048e-05, 4.77801e-05
269, 265, 6.80927e-05, 5.10095e-05
269, 266, 6.26687e-05, 6.55548e-05
269, 267, 5.19556e-05, 6.05683e-05
269, 268, 6.11862e-05, 4.92348e-05
271, 265, 0.000116197, 4.85588e-05
271, 266, 0.000129252, 6.44247e-05
271, 267, 0.000118859, 6.06593e-05
271, 268, 8.29209e-05, 4.91726e-05
271, 269, 6.79427e-05, 4.52831e-05
272, 267, 0.000111554, 5.89807e-05
272, 268, 9.20786e-05, 4.98415e-05
272, 269, 7.93802e-05, 4.37932e-05
272, 271, 5.93119e-05, 5.70029e-05
273, 268, 0.000126984, 4.8204e-05
273, 269, 0.000111133, 4.35103e-05
273, 271, 8.65425e-05, 5.59081e-05
273, 272, 5.35502e-05, 5.31814e-05
274, 269, 0.000143201, 4.30962e-05
274, 271, 0.000117036, 5.64979e-05
274, 272, 7.48001e-05, 5.2962e-05
274, 273, 9.68967e-05, 4.3822e-05
275, 271, 0.000140439, 5.52526e-05
275, 272, 0.000101028, 5.25391e-05
275, 273, 0.000100783, 4.28801e-05
275, 274, 8.44083e-05, 4.69897e-05
276, 272, 0.000128193, 5.15326e-05
276, 273, 8.14782e-05, 4.21876e-05
276, 274, 6.6334e-05, 4.7141e-05
276, 275, 6.15479e-05, 4.37956e-05
277, 273, 0.000114132, 4.17741e-05
277, 274, 9.58304e-05, 4.54506e-05
277, 275, 7.39582e-05, 4.34019e-05
277, 276, 5.46829e-05, 4.77918e-05
278, 273, 0.000118374, 4.20124e-05
278, 274, 9.97121e-05, 4.66048e-05
278, 275, 9.42913e-05, 4.2072e-05
278, 276, 6.00323e-05, 4.79534e-05
278, 277, 6.91802e-05, 4.24964e-05
279, 274, 0.000114739, 4.59392e-05
279, 275, 0.000116953, 4.31503e-05
279, 276, 7.03772e-05, 4.77088e-05
279, 277, 8.27991e-05, 4.21515e-05
279, 278, 5.47134e-05, 4.62175e-05
280, 275, 8.4267e-05, 4.20224e-05
280, 276, 6.89219e-05, 4.77102e-05
280, 277, 5.10737e-05, 4.23224e-05
280, 278, 5.63554e-05, 4.6043e-05
280, 279, 4.89297e-05, 4.59756e-05
281, 275, 0.000111375, 4.17053e-05
281, 276, 7.30537e-05, 4.72594e-05
281, 277, 7.56974e-05, 4.12088e-05
281, 278, 5.23168e-05, 4.57092e-05
281, 279, 8.49109e-05, 4.46726e-05
281, 280, 8.97365e-05, 4.79839e-05
282, 277, 6.29853e-05, 4.18607e-05
282, 278, 7.24199e-05, 4.5896e-05
282, 279, 5.14544e-05, 4.70583e-05
282, 280, 4.7633e-05, 4.84994e-05
282, 281, 5.58186e-05, 6.69122e-05
283, 277, 6.48364e-05, 4.09758e-05
283, 278, 6.2917e-05, 4.59791e-05
283, 279, 5.80795e-05, 4.50904e-05
283, 280, 5.84189e-05, 4.73027e-05
283, 281, 4.74826e-05, 6.68809e-05
283, 282, 5.28209e-05, 4.25618e-05
284, 277, 6.97104e-05, 4.16837e-05
284, 278, 8.50596e-05, 4.59874e-05
284, 279, 5.74433e-05, 4.56448e-05
284, 280, 5.02625e-05, 4.83469e-05
284, 281, 6.04514e-05, 6.64231e-05
284, 282, 6.69974e-05, 4.13351e-05
284, 283, 9.29394e-05, 4.65577e-05
285, 278, 8.2313e-05, 4.4387e-05
285, 279, 6.49919e-05, 4.55024e-05
285, 280, 5.71212e-05, 4.69753e-05
285, 281, 6.00862e-05, 6.58205e-05
285, 282, 6.22801e-05, 4.23968e-05
285, 283, 8.65208e-05, 4.70971e-05
285, 284, 4.46562e-05, 4.44971e-05
286, 277, 9.58878e-05, 4.1329e-05
286, 278, 7.62167e-05, 4.51167e-05
286, 279, 0.000102478, 4.66763e-05
286, 280, 9.60842e-05, 4.71914e-05
286, 281, 5.9379e-05, 6.57491e-05
286, 282, 4.9088e-05, 4.2047e-05
286, 283, 4.76174e-05, 4.72231e-05
286, 284, 7.66288e-05, 4.6595e-05
286, 285, 4.42671e-05, 4.53896e-05
287, 279, 8.79717e-05, 4.53188e-05
287, 280, 8.10647e-05, 4.70501e-05
287, 281, 6.69136e-05, 6.6161e-05
287, 282, 6.45708e-05, 4.29222e-05
287, 283, 7.87733e-05, 4.76069e-05
287, 284, 5.79848e-05, 4.58664e-05
287, 285, 7.30621e-05, 4.39206e-05
287, 286, 6.55054e-05, 5.68329e-05
288, 280, 9.84177e-05, 4.77137e-05
288, 281, 7.89806e-05, 6.55775e-05
288, 282, 6.98398e-05, 4.01916e-05
288, 283, 7.53101e-05, 4.64284e-05
288, 284, 7.67178e-05, 4.50486e-05
288, 285, 6.80772e-05, 4.4125e-05
288, 286, 5.58022e-05, 5.77954e-05
288, 287, 5.09781e-05, 8.19874e-05
289, 284, 0.000108544, 4.34009e-05
289, 285, 9.45754e-05, 4.47397e-05
289, 286, 7.50134e-05, 5.60515e-05
289, 287, 7.57895e-05, 7.92433e-05
289, 288, 9.10875e-05, 8.32447e-05
290, 285, 0.000134773, 4.14519e-05
290, 286, 0.000117279, 5.53916e-05
290, 287, 9.77769e-05, 7.94183e-05
290, 288, 9.61776e-05, 8.40009e-05
290, 289, 0.000112479, 5.12705e-05
291, 287, 0.000183455, 8.02409e-05
291, 288, 0.00020368, 8.28477e-05
291, 289, 0.000115511, 5.39027e-05
291, 290, 0.00012455, 7.16934e-05
292, 288, 0.000214422, 8.20372e-05
292, 289, 0.00016103, 5.0129e-05
292, 290, 0.00015016, 7.20552e-05
292, 291, 7.81697e-05, 4.25473e-05
293, 289, 0.000186374, 4.90675e-05
293, 290, 0.000163981, 7.28564e-05
293, 291, 6.31261e-05, 4.47633e-05
293, 292, 4.06089e-05, 5.15192e-05
294, 290, 0.000196875, 7.15894e-05
294, 291, 9.85229e-05, 4.28187e-05
294, 292, 6.2379e-05, 4.88596e-05
294, 293, 6.26886e-05, 5.04173e-05
295, 291, 0.000146586, 4.28678e-05
295, 292, 9.94324e-05, 4.88935e-05
295, 293, 7.53204e-05, 5.05505e-05
295, 294, 4.65639e-05, 4.80288e-05
296, 291, 0.00014343, 4.2098e-05
296, 292, 9.5885e-05, 4.86451e-05
296, 293, 6.99321e-05, 5.08154e-05
296, 294, 4.17297e-05, 4.86667e-05
296, 295, 4.60687e-05, 3.7365e-05
298, 292, 0.000120762, 4.69885e-05
298, 293, 9.66481e-05, 4.98093e-05
298, 294, 6.20922e-05, 4.7695e-05
298, 295, 4.26462e-05, 3.7121e-05
298, 296, 3.94263e-05, 3.99299e-05
299, 292, 9.29011e-05, 4.92775e-05
299, 293, 7.89912e-05, 5.1003e-05
299, 294, 6.45907e-05, 4.75601e-05
299, 295, 7.28502e-05, 3.67325e-05
299, 296, 7.10846e-05, 3.86618e-05
299, 298, 5.09655e-05, 5.28581e-05
300, 292, 0.000146137, 4.80085e-05
300, 293, 0.000121096, 5.01058e-05
300, 294, 8.70026e-05, 4.72063e-05
300, 295, 4.88418e-05, 3.56652e-05
300, 296, 4.53294e-05, 3.91913e-05
300, 298, 5.60718e-05, 5.16525e-05
300, 299, 6.72357e-05, 3.69435e-05
301, 294, 9.41908e-05, 4.66824e-05
301, 295, 9.16462e-05, 3.63656e-05
301, 296, 8.44627e-05, 3.80016e-05
301, 298, 6.22752e-05, 5.18198e-05
301, 299, 4.50331e-05, 3.63367e-05
301, 300, 5.20804e-05, 3.79119e-05
302, 294, 0.000102576, 4.66087e-05
302, 295, 9.9442e-05, 3.62709e-05
302, 296, 9.20844e-05, 3.81872e-05
302, 298, 7.17514e-05, 5.10124e-05
302, 299, 5.11752e-05, 3.66568e-05
302, 300, 6.06828e-05, 3.88876e-05
302, 301, 6.4352e-05, 3.6782e-05
303, 294, 8.43252e-05, 4.69161e-05
303, 295, 7.89813e-05, 3.57732e-05
303, 296, 7.20977e-05, 3.90588e-05
303, 298, 5.30158e-05, 5.0595e-05
303, 299, 3.78504e-05, 3.67428e-05
303, 300, 4.05834e-05, 3.89243e-05
303, 301, 4.34631e-05, 3.80657e-05
303, 302, 3.4221e-05, 3.6729e-05
304, 295, 7.62451e-05, 3.67035e-05
304, 296, 6.2564e-05, 3.80479e-05
304, 298, 6.6152e-05, 5.07464e-05
304, 299, 5.5407e-05, 3.52948e-05
304, 300, 5.47721e-05, 3.88969e-05
304, 301, 4.57925e-05, 3.86433e-05
304, 302, 5.83998e-05, 3.73545e-05
304, 303, 4.03367e-05, 3.33408e-05
305, 296, 8.60986e-05, 3.88918e-05
305, 298, 8.7803e-05, 5.06854e-05
305, 299, 7.36598e-05, 3.57438e-05
305, 300, 6.86065e-05, 3.86527e-05
305, 301, 5.99326e-05, 3.55373e-05
305, 302, 6.20731e-05, 3.56022e-05
305, 303, 5.20642e-05, 3.37721e-05
305, 304, 5.41405e-05, 3.60423e-05
306, 298, 9.59299e-05, 4.83749e-05
306, 300, 8.49624e-05, 3.69748e-05
306, 301, 6.99398e-05, 3.3943e-05
306, 302, 7.68364e-05, 3.51938e-05
306, 303, 6.42485e-05, 3.54816e-05
306, 304, 6.0056e-05, 3.63397e-05
306, 305, 3.8017e-05, 4.07023e-05
307, 300, 9.9791e-05, 3.72344e-05
307, 301, 8.3713e-05, 3.65024e-05
307, 302, 9.58738e-05, 3.50946e-05
307, 303, 8.28649e-05, 3.40308e-05
307, 304, 6.41725e-05, 3.60723e-05
307, 305, 5.17576e-05, 3.83327e-05
307, 306, 6.12146e-05, 3.77841e-05
308, 302, 0.000121144, 3.42165e-05
308, 303, 0.000112362, 3.34649e-05
308, 304, 0.000101344, 3.73558e-05
308, 305, 8.3881e-05, 3.81304e-05
308, 306, 9.27295e-05, 3.75508e-05
308, 307, 6.24684e-05, 3.20411e-05
309, 304, 0.000112947, 3.61412e-05
309, 305, 9.95348e-05, 3.78268e-05
309, 306, 9.83604e-05, 3.74218e-05
309, 307, 6.60638e-05, 3.23362e-05
309, 308, 3.87721e-05, 4.66513e-05
310, 305, 0.000141265, 3.69119e-05
310, 306, 0.000130148, 3.65739e-05
310, 307, 9.92594e-05, 3.14728e-05
310, 308, 6.91672e-05, 4.60179e-05
310, 309, 3.69664e-05, 6.9412e-05
311, 305, 0.000153316, 3.80184e-05
311, 306, 0.000142531, 3.62685e-05
311, 307, 0.000112209, 3.06447e-05
311, 308, 7.81669e-05, 4.60481e-05
311, 309, 3.28322e-05, 6.81546e-05
311, 310, 3.58292e-05, 3.48825e-05
313, 307, 8.05095e-05, 3.17338e-05
313, 308, 5.35405e-05, 4.58964e-05
313, 309, 4.09226e-05, 6.77059e-05
313, 310, 5.67899e-05, 3.46226e-05
313, 311, 0.000117708, 5.10116e-05
314, 308, 0.000116035, 4.76732e-05
314, 309, 8.35976e-05, 6.85533e-05
314, 310, 6.73384e-05, 3.56067e-05
314, 311, 3.9202e-05, 5.12925e-05
314, 313, 6.92446e-05, 4.16115e-05
316, 308, 6.73937e-05, 4.60296e-05
316, 309, 3.23172e-05, 6.92735e-05
316, 310, 3.22458e-05, 3.3492e-05
316, 311, 8.17871e-05, 5.03298e-05
316, 313, 4.20819e-05, 4.09927e-05
316, 314, 7.98888e-05, 3.68555e-05
317, 309, 6.44294e-05, 6.97628e-05
317, 310, 4.59049e-05, 3.30017e-05
317, 311, 4.81746e-05, 5.07012e-05
317, 313, 4.72443e-05, 3.95452e-05
317, 314, 7.16801e-05, 3.56018e-05
317, 316, 7.19101e-05, 3.88132e-05
318, 308, 0.000100964, 4.66898e-05
318, 309, 5.68737e-05, 6.73186e-05
318, 310, 4.15445e-05, 3.18804e-05
318, 311, 5.21566e-05, 4.89298e-05
318, 313, 4.05618e-05, 4.00746e-05
318, 314, 6.57033e-05, 3.6589e-05
318, 316, 6.66789e-05, 4.0011e-05
318, 317, 6.1006e-05, 3.34052e-05
319, 310, 4.8711e-05, 3.38313e-05
319, 311, 5.39636e-05, 4.82689e-05
319, 313, 4.10798e-05, 4.09576e-05
319, 314, 4.94377e-05, 3.59941e-05
319, 316, 5.59449e-05, 3.71971e-05
319, 317, 5.92252e-05, 3.36464e-05
319, 318, 5.38456e-05, 7.19843e-05
320, 310, 4.24152e-05, 3.31135e-05
320, 311, 5.79341e-05, 4.90266e-05
320, 313, 4.85104e-05, 3.84938e-05
320, 314, 8.51867e-05, 3.70629e-05
320, 316, 8.50827e-05, 4.08467e-05
320, 317, 6.85475e-05, 3.32928e-05
320, 318, 8.209e-05, 7.08672e-05
320, 319, 7.56827e-05, 6.67799e-05
321, 311, 7.36934e-05, 5.17381e-05
321, 313, 7.54895e-05, 4.05703e-05
321, 314, 4.27368e-05, 3.58052e-05
321, 316, 6.01242e-05, 3.69086e-05
321, 317, 9.24197e-05, 3.26736e-05
321, 318, 5.44492e-05, 7.16032e-05
321, 319, 4.63661e-05, 6.88901e-05
321, 320, 4.41813e-05, 6.79792e-05
322, 311, 3.34072e-05, 4.85156e-05
322, 313, 6.79681e-05, 4.05524e-05
322, 314, 6.95657e-05, 3.88595e-05
322, 316, 8.27643e-05, 3.84892e-05
322, 317, 9.36954e-05, 3.2219e-05
322, 318, 7.8748e-05, 7.14953e-05
322, 319, 4.26918e-05, 6.72879e-05
322, 320, 4.45729e-05, 6.91285e-05
322, 321, 6.39946e-05, 4.86305e-05
323, 310, 4.40174e-05, 3.37703e-05
323, 311, 5.01389e-05, 5.05015e-05
323, 313, 4.05015e-05, 3.95501e-05
323, 314, 6.38686e-05, 3.62532e-05
323, 316, 6.36044e-05, 3.85651e-05
323, 317, 6.29407e-05, 3.08705e-05
323, 318, 6.34744e-05, 7.16212e-05
323, 319, 5.47926e-05, 6.55708e-05
323, 320, 5.34939e-05, 6.97419e-05
323, 321, 3.82187e-05, 4.84645e-05
323, 322, 6.74962e-05, 5.35067e-05
324, 317, 0.00011287, 3.34701e-05
324, 318, 7.074e-05, 7.17111e-05
324, 319, 7.31091e-05, 6.60937e-05
324, 320, 7.18398e-05, 6.92692e-05
324, 321, 0.000108608, 4.63592e-05
324, 322, 9.96951e-05, 5.42957e-05
324, 323, 8.49781e-05, 4.61552e-05
325, 316, 8.59732e-05, 3.74649e-05
325, 317, 0.000111747, 3.23124e-05
325, 318, 7.63064e-05, 7.10905e-05
325, 319, 3.67166e-05, 6.71344e-05
325, 320, 3.97989e-05, 6.78751e-05
325, 321, 9.20434e-05, 4.85043e-05
325, 322, 0.000105397, 5.49069e-05
325, 323, 4.21119e-05, 4.59595e-05
325, 324, 4.31963e-05, 3.61126e-05
326, 317, 6.91423e-05, 3.19696e-05
326, 318, 3.61674e-05, 7.16333e-05
326, 319, 6.05883e-05, 6.71992e-05
326, 320, 5.28789e-05, 6.70365e-05
326, 321, 7.06816e-05, 4.83419e-05
326, 322, 6.36162e-05, 5.43411e-05
326, 323, 7.0664e-05, 4.3178e-05
326, 324, 6.1542e-05, 3.71056e-05
326, 325, 2.88647e-05, 4.53958e-05
327, 317, 0.000120198, 3.14077e-05
327, 318, 8.31223e-05, 7.14043e-05
327, 319, 9.01121e-05, 6.50031e-05
327, 320, 8.72652e-05, 6.85497e-05
327, 321, 0.000115547, 4.76919e-05
327, 322, 0.000104437, 5.17529e-05
327, 323, 9.89949e-05, 4.73559e-05
327, 324, 9.18675e-05, 3.57654e-05
327, 325, 5.39267e-05, 4.79097e-05
327, 326, 3.55749e-05, 3.85605e-05
328, 318, 3.44829e-05, 7.13643e-05
328, 319, 6.2644e-05, 6.73291e-05
328, 320, 5.37665e-05, 6.84429e-05
328, 321, 6.5315e-05, 4.8097e-05
328, 322, 5.79165e-05, 5.17217e-05
328, 323, 7.06101e-05, 4.54929e-05
328, 324, 6.10664e-05, 3.59959e-05
328, 325, 3.69095e-05, 4.72647e-05
328, 326, 6.21515e-05, 3.77094e-05
328, 327, 4.27009e-05, 5.23369e-05
329, 318, 4.18905e-05, 7.1226e-05
329, 321, 8.21082e-05, 4.84694e-05
329, 322, 6.46902e-05, 5.18325e-05
329, 323, 8.06974e-05, 4.4859e-05
329, 324, 7.24624e-05, 3.62288e-05
329, 325, 3.3969e-05, 4.78294e-05
329, 326, 5.80953e-05, 3.72083e-05
329, 327, 4.18896e-05, 5.5338e-05
329, 328, 7.56534e-05, 6.71217e-05
330, 319, 6.46154e-05, 6.48854e-05
330, 321, 0.000110385, 4.82389e-05
330, 322, 0.000108847, 5.25143e-05
330, 323, 7.00871e-05, 4.31967e-05
330, 324, 7.50204e-05, 3.81714e-05
330, 325, 5.21057e-05, 4.63649e-05
330, 326, 3.6704e-05, 3.47412e-05
330, 327, 8.83466e-05, 5.49452e-05
330, 328, 3.40007e-05, 6.70168e-05
330, 329, 5.54131e-05, 3.28091e-05
331, 321, 9.29624e-05, 4.96363e-05
331, 322, 6.81287e-05, 5.35317e-05
331, 323, 0.000104697, 4.57871e-05
331, 324, 9.3913e-05, 3.6855e-05
331, 325, 4.99373e-05, 4.54873e-05
331, 326, 6.61764e-05, 3.64544e-05
331, 327, 4.45615e-05, 5.42344e-05
331, 328, 9.42222e-05, 7.23692e-05
331, 329, 4.23147e-05, 3.46958e-05
331, 330, 7.12178e-05, 6.83764e-05
332, 320, 0.000106158, 6.84958e-05
332, 323, 0.00011447, 4.46129e-05
332, 324, 0.000122117, 3.58127e-05
332, 325, 0.000100438, 4.64265e-05
332, 326, 5.98674e-05, 3.46714e-05
332, 327, 0.000132694, 5.46785e-05
332, 328, 4.79495e-05, 7.07711e-05
332, 329, 9.27819e-05, 3.33123e-05
332, 330, 0.000109918, 6.58117e-05
332, 331, 7.23331e-05, 6.10235e-05
333, 323, 0.000113777, 4.38454e-05
333, 325, 6.71782e-05, 4.56621e-05
333, 326, 4.38581e-05, 3.91682e-05
333, 327, 9.258e-05, 5.19241e-05
333, 328, 6.07284e-05, 6.93216e-05
333, 329, 6.33754e-05, 3.5205e-05
333, 330, 8.95651e-05, 6.92844e-05
333, 331, 4.19538e-05, 5.96491e-05
333, 332, 6.34199e-05, 4.68331e-05
334, 320, 0.000120612, 6.70832e-05
334, 326, 5.637e-05, 3.87764e-05
334, 327, 0.000125805, 5.35325e-05
334, 328, 5.99777e-05, 7.10087e-05
334, 329, 9.11919e-05, 3.28416e-05
334, 330, 0.000110191, 6.79933e-05
334, 331, 6.86175e-05, 6.05885e-05
334, 332, 5.65916e-05, 4.31231e-05
334, 333, 6.18885e-05, 3.39838e-05
335, 328, 3.38821e-05, 7.0056e-05
335, 330, 8.42995e-05, 6.89368e-05
335, 331, 6.30545e-05, 5.84282e-05
335, 332, 3.453e-05, 4.3029e-05
335, 333, 4.38267e-05, 3.71672e-05
335, 334, 7.38499e-05, 9.3591e-05
336, 329, 7.19502e-05, 3.46778e-05
336, 330, 0.000105922, 6.87563e-05
336, 331, 4.70013e-05, 5.86358e-05
336, 332, 8.9284e-05, 4.55913e-05
336, 333, 0.000100869, 3.78902e-05
336, 334, 5.79659e-05, 9.20029e-05
336, 335, 6.81575e-05, 3.36037e-05
338, 331, 9.02529e-05, 5.82036e-05
338, 332, 4.30212e-05, 4.40174e-05
338, 333, 4.10757e-05, 3.44563e-05
338, 334, 0.000111988, 9.15636e-05
338, 335, 4.58509e-05, 3.4062e-05
338, 336, 7.06954e-05, 0.000102323
339, 331, 0.00011815, 5.82918e-05
339, 332, 8.87071e-05, 4.401e-05
339, 333, 8.36188e-05, 3.57752e-05
339, 334, 0.000134791, 9.19091e-05
339, 335, 7.95764e-05, 3.46245e-05
339, 336, 4.52474e-05, 0.000101395
339, 338, 5.60217e-05, 4.01594e-05
340, 331, 0.000108704, 5.77523e-05
340, 333, 6.94995e-05, 3.64179e-05
340, 334, 0.00012166, 9.39857e-05
340, 335, 6.12301e-05, 3.43301e-05
340, 336, 4.23158e-05, 0.000102593
340, 338, 6.31739e-05, 4.12874e-05
340, 339, 5.49735e-05, 3.80191e-05
341, 333, 0.000113237, 3.69146e-05
341, 334, 0.000151726, 9.20918e-05
341, 335, 9.52912e-05, 3.27539e-05
341, 336, 4.37466e-05, 0.000102433
341, 338, 8.76298e-05, 4.25995e-05
341, 339, 3.29654e-05, 3.64134e-05
341, 340, 3.13546e-05, 3.42794e-05
342, 333, 9.78139e-05, 3.67026e-05
342, 334, 0.0001418, 8.9524e-05
342, 335, 9.15472e-05, 3.41517e-05
342, 336, 4.18819e-05, 0.000102623
342, 338, 6.76413e-05, 4.14879e-05
342, 339, 3.41755e-05, 3.59834e-05
342, 340, 4.72442e-05, 3.12949e-05
342, 341, 6.75237e-05, 7.56105e-05
343, 335, 8.49173e-05, 3.40434e-05
343, 336, 3.46836e-05, 0.000100175
343, 338, 7.52588e-05, 4.00935e-05
343, 339, 3.74991e-05, 3.91235e-05
343, 340, 4.35975e-05, 3.29729e-05
343, 341, 8.11174e-05, 7.62273e-05
343, 342, 4.30608e-05, 4.00592e-05
344, 338, 8.76329e-05, 3.98941e-05
344, 339, 8.39996e-05, 3.69643e-05
344, 340, 9.90571e-05, 3.42577e-05
344, 341, 4.48044e-05, 7.736e-05
344, 342, 8.37739e-05, 4.24868e-05
344, 343, 0.000108342, 4.45422e-05
346, 338, 6.54489e-05, 3.94847e-05
346, 339, 8.41839e-05, 3.80537e-05
346, 340, 0.000100867, 3.23422e-05
346, 341, 4.23677e-05, 7.67115e-05
346, 342, 7.00563e-05, 3.98747e-05
346, 343, 9.15691e-05, 4.42526e-05
346, 344, 8.81555e-05, 6.08246e-05
347, 338, 0.000147733, 4.03247e-05
347, 339, 0.000107523, 3.63955e-05
347, 340, 0.000102466, 3.31715e-05
347, 341, 9.31347e-05, 7.51021e-05
347, 342, 0.000129668, 4.0326e-05
347, 343, 0.000141025, 4.21187e-05
347, 344, 9.65573e-05, 5.89935e-05
347, 346, 3.35016e-05, 9.22881e-05
349, 338, 0.000126879, 3.82566e-05
349, 339, 0.000100882, 3.62629e-05
349, 340, 9.97674e-05, 3.52259e-05
349, 341, 7.29421e-05, 7.44515e-05
349, 342, 0.000112419, 4.08393e-05
349, 343, 0.000125308, 4.41015e-05
349, 344, 8.70332e-05, 6.01334e-05
349, 346, 3.55734e-05, 9.39497e-05
349, 347, 3.19503e-05, 6.50757e-05
350, 339, 0.000108002, 3.63672e-05
350, 340, 0.000117642, 3.38782e-05
350, 341, 6.68689e-05, 7.81087e-05
350, 342, 0.000110518, 3.92418e-05
350, 343, 0.000133117, 4.28583e-05
350, 344, 0.00010146, 6.00139e-05
350, 346, 6.71536e-05, 9.3004e-05
350, 347, 5.96486e-05, 6.25416e-05
350, 349, 2.52225e-05, 5.54816e-05
351, 339, 6.7595e-05, 3.60634e-05
351, 340, 7.21136e-05, 3.34353e-05
351, 341, 5.20648e-05, 7.54843e-05
351, 342, 8.95079e-05, 3.90907e-05
351, 343, 9.90544e-05, 4.27701e-05
351, 344, 6.46788e-05, 6.17269e-05
351, 346, 3.80134e-05, 9.37356e-05
351, 347, 3.9615e-05, 6.27715e-05
351, 349, 6.9009e-05, 5.62486e-05
351, 350, 5.18006e-05, 6.47692e-05
353, 342, 0.000120234, 4.19144e-05
353, 343, 0.000132421, 4.52374e-05
353, 344, 0.000105086, 6.23848e-05
353, 346, 4.10505e-05, 9.16906e-05
353, 347, 3.12808e-05, 6.75426e-05
353, 349, 5.40676e-05, 5.36989e-05
353, 350, 4.62534e-05, 6.59365e-05
353, 351, 5.14005e-05, 4.83741e-05
354, 344, 0.000136461, 6.00785e-05
354, 346, 6.2538e-05, 9.26238e-05
354, 347, 5.32533e-05, 6.4979e-05
354, 349, 8.73446e-05, 5.19993e-05
354, 350, 7.12861e-05, 6.36221e-05
354, 351, 8.3409e-05, 5.03167e-05
354, 353, 7.33229e-05, 5.72534e-05
355, 346, 8.64632e-05, 9.38913e-05
355, 347, 7.59927e-05, 6.35582e-05
355, 349, 0.000119122, 5.34237e-05
355, 350, 0.000106964, 6.58683e-05
355, 351, 0.000108951, 5.70696e-05
355, 353, 0.000104202, 6.01233e-05
355, 354, 8.96968e-05, 3.36991e-05
356, 346, 9.3468e-05, 9.3113e-05
356, 347, 8.70987e-05, 6.5096e-05
356, 349, 5.05811e-05, 5.58018e-05
356, 350, 6.14802e-05, 6.96066e-05
356, 351, 9.57882e-05, 4.93986e-05
356, 353, 5.17898e-05, 6.04657e-05
356, 354, 4.43375e-05, 2.73459e-05
356, 355, 7.54219e-05, 4.09966e-05
357, 346, 0.000100217, 9.31476e-05
357, 347, 9.21466e-05, 6.31881e-05
357, 349, 0.000118748, 5.47679e-05
357, 350, 0.00011111, 6.09688e-05
357, 351, 0.000116889, 5.05932e-05
357, 353, 0.00010304, 5.69937e-05
357, 354, 9.40428e-05, 3.57238e-05
357, 355, 0.000115578, 4.17974e-05
357, 356, 9.23916e-05, 6.08938e-05
358, 347, 3.68335e-05, 6.13324e-05
358, 349, 6.6389e-05, 5.58886e-05
358, 350, 5.39277e-05, 6.29665e-05
358, 351, 6.0214e-05, 5.06526e-05
358, 353, 5.24147e-05, 5.67963e-05
358, 354, 4.52341e-05, 3.24503e-05
358, 355, 5.29044e-05, 4.11824e-05
358, 356, 4.82073e-05, 6.52054e-05
358, 357, 2.89641e-05, 5.20024e-05
359, 349, 6.28201e-05, 5.56429e-05
359, 350, 5.12845e-05, 6.92588e-05
359, 351, 6.65102e-05, 5.01103e-05
359, 353, 5.40874e-05, 6.04941e-05
359, 354, 4.32284e-05, 3.30535e-05
359, 355, 5.39787e-05, 3.69766e-05
359, 356, 5.27578e-05, 6.20364e-05
359, 357, 2.71733e-05, 5.17916e-05
359, 358, 6.38338e-05, 3.27797e-05
360, 350, 7.02851e-05, 6.45948e-05
360, 351, 8.77533e-05, 4.95994e-05
360, 353, 7.07105e-05, 5.7904e-05
360, 354, 5.73078e-05, 3.19728e-05
360, 355, 8.1941e-05, 3.97466e-05
360, 356, 6.38591e-05, 6.38481e-05
360, 357, 3.3094e-05, 5.529e-05
360, 358, 4.5314e-05, 4.12195e-05
360, 359, 3.76007e-05, 3.79923e-05
361, 353, 8.76077e-05, 5.63794e-05
361, 354, 6.3841e-05, 3.47421e-05
361, 355, 0.000101731, 4.0056e-05
361, 356, 6.74102e-05, 6.60009e-05
361, 357, 5.07734e-05, 4.90711e-05
361, 358, 4.69227e-05, 3.76296e-05
361, 359, 4.41825e-05, 3.80373e-05
361, 360, 3.08833e-05, 8.77848e-05
362, 353, 0.000116832, 5.69156e-05
362, 354, 9.95306e-05, 3.20552e-05
362, 355, 0.000137413, 4.11861e-05
362, 356, 0.000100937, 6.18048e-05
362, 357, 8.07456e-05, 5.29452e-05
362, 358, 4.75325e-05, 3.82246e-05
362, 359, 5.34787e-05, 3.79884e-05
362, 360, 4.5872e-05, 8.77306e-05
362, 361, 5.07973e-05, 4.50929e-05
363, 353, 0.000133884, 5.94176e-05
363, 354, 0.000105147, 3.52082e-05
363, 355, 0.000146494, 4.2297e-05
363, 356, 0.000113463, 6.27991e-05
363, 357, 8.57205e-05, 5.07581e-05
363, 358, 5.41713e-05, 3.56074e-05
363, 359, 6.54812e-05, 3.75252e-05
363, 360, 4.55529e-05, 8.87004e-05
363, 361, 5.9189e-05, 4.54958e-05
363, 362, 0.000106383, 0.00011591
364, 355, 0.000131212, 4.09842e-05
364, 356, 8.59264e-05, 6.27108e-05
364, 357, 9.39001e-05, 5.27102e-05
364, 358, 8.03666e-05, 3.8542e-05
364, 359, 8.36074e-05, 3.52544e-05
364, 360, 6.85702e-05, 8.54821e-05
364, 361, 5.93442e-05, 4.69433e-05
364, 362, 7.45364e-05, 0.00011918
364, 363, 5.68986e-05, 4.47019e-05
365, 357, 0.000113126, 4.97154e-05
365, 358, 8.34866e-05, 3.74067e-05
365, 359, 9.71938e-05, 3.28861e-05
365, 360, 7.90553e-05, 8.9197e-05
365, 361, 8.24607e-05, 4.46756e-05
365, 362, 0.000112558, 0.000119078
365, 363, 9.07477e-05, 4.4446e-05
365, 364, 7.71996e-05, 7.56781e-05
366, 357, 0.000127875, 5.13854e-05
366, 358, 0.000100783, 3.77263e-05
366, 359, 9.82291e-05, 3.64706e-05
366, 360, 8.81179e-05, 8.70918e-05
366, 361, 8.54308e-05, 4.58826e-05
366, 362, 0.000105622, 0.000117079
366, 363, 9.33476e-05, 4.15199e-05
366, 364, 8.26266e-05, 7.60656e-05
366, 365, 3.60021e-05, 3.72845e-05
367, 357, 0.000134095, 5.06714e-05
367, 358, 8.81064e-05, 3.72845e-05
367, 359, 9.97764e-05, 3.2344e-05
367, 360, 8.35005e-05, 8.94005e-05
367, 361, 9.21693e-05, 4.7489e-05
367, 362, 0.000130839, 0.000118464
367, 363, 0.000107238, 4.19969e-05
367, 364, 9.16575e-05, 7.2772e-05
367, 365, 5.63528e-05, 3.26795e-05
367, 366, 5.65951e-05, 0.000109583
368, 359, 7.76844e-05, 3.60792e-05
368, 360, 6.43272e-05, 8.72842e-05
368, 361, 6.86913e-05, 4.41659e-05
368, 362, 9.46958e-05, 0.000121208
368, 363, 8.06811e-05, 4.30529e-05
368, 364, 6.01332e-05, 7.58724e-05
368, 365, 3.29892e-05, 3.74044e-05
368, 366, 7.14809e-05, 0.000108087
368, 367, 7.31295e-05, 4.0991e-05
369, 360, 0.000101814, 8.78992e-05
369, 361, 0.000107887, 4.5836e-05
369, 362, 0.000152041, 0.000116936
369, 363, 0.000122878, 4.04332e-05
369, 364, 0.000113052, 7.08177e-05
369, 365, 8.37049e-05, 4.11077e-05
369, 366, 6.24285e-05, 0.000106343
369, 367, 0.000102576, 4.75954e-05
369, 368, 6.15975e-05, 6.03831e-05
371, 362, 0.000174215, 0.000119785
371, 363, 0.000148781, 4.25878e-05
371, 364, 0.000132734, 7.54944e-05
371, 365, 9.46037e-05, 3.73146e-05
371, 366, 0.000100006, 0.000108098
371, 367, 0.000146039, 4.24076e-05
371, 368, 5.82684e-05, 6.11084e-05
371, 369, 5.73157e-05, 5.00457e-05
372, 364, 0.000216009, 7.44964e-05
372, 365, 0.000174801, 3.4872e-05
372, 366, 0.000175978, 0.000109045
372, 367, 0.000220579, 4.20044e-05
372, 368, 8.57688e-05, 6.0495e-05
372, 369, 8.00655e-05, 5.12505e-05
372, 371, 0.000137401, 6.46777e-05
373, 367, 0.000192224, 3.96999e-05
373, 368, 7.34988e-05, 5.93971e-05
373, 369, 7.97016e-05, 4.85584e-05
373, 371, 0.000119064, 6.3626e-05
373, 372, 3.95891e-05, 2.99188e-05
374, 368, 6.53196e-05, 6.27659e-05
374, 369, 6.66465e-05, 5.26533e-05
374, 371, 0.000113237, 6.63673e-05
374, 372, 3.61661e-05, 3.132e-05
374, 373, 5.69429e-05, 3.81522e-05
375, 368, 0.000326245, 6.10392e-05
375, 369, 0.000323209, 4.93125e-05
375, 371, 0.000369197, 6.26665e-05
375, 372, 0.000271509, 2.94957e-05
375, 373, 0.000346941, 4.06431e-05
375, 374, 0.000277988, 0.000125088
376, 371, 0.000328372, 6.40668e-05
376, 372, 0.000229779, 2.6928e-05
376, 373, 0.000297752, 4.00137e-05
376, 374, 0.000232956, 0.000125951
376, 375, 0.000131849, 6.57403e-05
377, 371, 0.000203361, 6.00896e-05
377, 372, 0.000128016, 3.02147e-05
377, 373, 0.00019497, 3.95729e-05
377, 374, 0.000134853, 0.000124855
377, 375, 0.000252766, 6.72223e-05
377, 376, 0.000124339, 4.18588e-05
379, 373, 0.000290079, 3.82095e-05
379, 374, 0.000221112, 0.00012654
379, 375, 0.000146862, 6.05813e-05
379, 376, 3.04845e-05, 4.59626e-05
379, 377, 6.02383e-05, 3.90629e-05
380, 373, 0.000138407, 3.79003e-05
380, 374, 7.65965e-05, 0.000126915
380, 375, 0.000293549, 6.09037e-05
380, 376, 0.000161971, 4.32184e-05
380, 377, 0.00011241, 3.64593e-05
380, 379, 9.87824e-05, 0.000117033
381, 373, 6.54508e-05, 3.3568e-05
381, 374, 4.03494e-05, 0.000129601
381, 375, 0.000384802, 6.57073e-05
381, 376, 0.000264253, 4.61083e-05
381, 377, 0.000205789, 3.56816e-05
381, 379, 0.000198579, 0.000119349
381, 380, 0.000174453, 0.000115898
382, 373, 4.36318e-05, 4.08999e-05
382, 374, 4.96154e-05, 0.000126685
382, 375, 0.000392788, 6.69257e-05
382, 376, 0.000257554, 4.7386e-05
382, 377, 0.000199721, 4.24548e-05
382, 379, 0.000190225, 0.000116857
382, 380, 0.000175694, 0.000118749
382, 381, 5.51282e-05, 7.0941e-05
383, 373, 0.000201437, 3.98485e-05
383, 374, 0.000263207, 0.000125732
383, 375, 0.000625705, 6.34715e-05
383, 376, 0.000495599, 4.47221e-05
383, 377, 0.000437793, 4.17019e-05
383, 379, 0.000423863, 0.00011694
383, 380, 0.000412837, 0.000121982
383, 381, 0.000200925, 7.11793e-05
383, 382, 0.000194427, 5.79108e-05
384, 373, 0.000153638, 4.22445e-05
384, 374, 0.000212089, 0.000124383
384, 375, 0.000574289, 6.4032e-05
384, 376, 0.00044638, 4.75234e-05
384, 377, 0.000393078, 4.662e-05
384, 379, 0.000374109, 0.000118455
384, 380, 0.000361839, 0.000116789
384, 381, 0.000164362, 6.96768e-05
384, 382, 0.000150773, 5.88401e-05
384, 383, 9.44239e-05, 9.38065e-05
387, 373, 0.000401164, 3.873e-05
387, 376, 0.000693254, 5.02533e-05
387, 377, 0.000639635, 4.20514e-05
387, 379, 0.000626785, 0.000117559
387, 380, 0.000611765, 0.00011962
387, 381, 0.000391596, 7.00636e-05
387, 382, 0.000390871, 5.91706e-05
387, 383, 0.000222044, 9.49286e-05
387, 384, 0.000250517, 3.77404e-05
388, 373, 0.000508774, 4.05864e-05
388, 376, 0.000797343, 4.99016e-05
388, 377, 0.000750051, 4.47818e-05
388, 379, 0.000729288, 0.000118845
388, 380, 0.000714132, 0.000120134
388, 381, 0.000504865, 7.26407e-05
388, 382, 0.000496452, 5.7957e-05
388, 383, 0.000333939, 9.58359e-05
388, 384, 0.000360093, 4.10545e-05
388, 387, 0.000167155, 5.41913e-05
389, 377, 0.00088188, 3.95948e-05
389, 379, 0.000866613, 0.000119471
389, 380, 0.000856517, 0.000117577
389, 381, 0.000647531, 7.11266e-05
389, 382, 0.000637478, 5.87058e-05
389, 383, 0.000476575, 9.29559e-05
389, 384, 0.000499716, 4.25029e-05
389, 387, 0.000306377, 5.40578e-05
389, 388, 0.000116483, 6.35755e-05
390, 377, 0.000992431, 4.91077e-05
390, 379, 0.000975261, 0.000119363
390, 380, 0.000965931, 0.000116699
390, 381, 0.000754862, 7.44356e-05
390, 382, 0.000745228, 5.90718e-05
390, 383, 0.000575377, 9.47631e-05
390, 384, 0.000606337, 3.95814e-05
390, 387, 0.000415399, 5.35742e-05
390, 388, 0.000198021, 6.6848e-05
390, 389, 0.000234941, 0.000136502
391, 380, 0.00110494, 0.000119639
391, 381, 0.000893476, 6.88991e-05
391, 382, 0.000882243, 6.47322e-05
391, 383, 0.000713996, 9.36288e-05
391, 384, 0.000746624, 4.00848e-05
391, 387, 0.000554329, 5.61247e-05
391, 388, 0.000338279, 6.59431e-05
391, 389, 0.000374116, 0.000128993
391, 390, 7.65358e-05, 4.51168e-05
392, 381, 0.00120288, 7.27304e-05
392, 382, 0.00119781, 6.06711e-05
392, 383, 0.00102669, 9.51958e-05
392, 384, 0.00105175, 4.09049e-05
392, 387, 0.000859599, 5.66325e-05
392, 388, 0.000640907, 6.19018e-05
392, 389, 0.00068015, 0.000138964
392, 390, 0.000370863, 4.73879e-05
392, 391, 0.000331488, 0.000117145
393, 381, 0.00142343, 7.48766e-05
393, 382, 0.00142652, 6.36726e-05
393, 383, 0.00125275, 9.34943e-05
393, 384, 0.00128701, 4.35867e-05
393, 387, 0.00109658, 6.15328e-05
393, 388, 0.000872005, 7.01319e-05
393, 389, 0.000912996, 0.000137635
393, 390, 0.000595456, 4.87805e-05
393, 391, 0.000563994, 0.000119731
393, 392, 0.00022392, 0.000104909
395, 383, 0.00161266, 9.83144e-05
395, 384, 0.00164279, 4.56642e-05
395, 387, 0.00145015, 6.15964e-05
395, 388, 0.00122417, 7.04886e-05
395, 389, 0.00127268, 0.000139483
395, 390, 0.000947697, 4.52387e-05
395, 391, 0.000913782, 0.000118884
395, 392, 0.000575039, 0.000109961
395, 393, 0.000333732, 0.000111081
396, 383, 0.00202325, 9.30855e-05
396, 384, 0.00205266, 4.79689e-05
396, 387, 0.00185838, 5.92436e-05
396, 388, 0.00164257, 7.08588e-05
396, 389, 0.0016864, 0.000137788
396, 390, 0.001366, 5.06065e-05
396, 391, 0.00132855, 0.000121045
396, 392, 0.000987506, 0.000107689
396, 393, 0.000750332, 0.000114664
396, 395, 0.000447751, 0.000114044
397, 387, 0.0029097, 6.30933e-05
397, 388, 0.00269618, 7.22192e-05
397, 389, 0.00274024, 0.000133768
397, 390, 0.00241123, 5.49314e-05
397, 391, 0.00238561, 0.00012162
397, 392, 0.0020474, 0.000111872
397, 393, 0.00180899, 0.000109032
397, 395, 0.00149379, 0.000114872
397, 396, 0.00103641, 5.8088e-05
398, 388, 0.00292623, 7.03357e-05
398, 389, 0.00297503, 0.000138808
398, 390, 0.00264718, 5.66866e-05
398, 391, 0.00261436, 0.000128994
398, 392, 0.00227552, 0.000109312
398, 393, 0.00203716, 0.000112949
398, 395, 0.00172806, 0.000115163
398, 396, 0.00127011, 5.76824e-05
398, 397, 0.000218488, 5.34959e-05
399, 390, 0.00367445, 5.88537e-05
399, 391, 0.00363749, 0.000124194
399, 392, 0.00329938, 0.000113785
399, 393, 0.00305519, 0.000114714
399, 395, 0.00274596, 0.000117628
399, 396, 0.0022898, 6.27276e-05
399, 397, 0.00122735, 5.47406e-05
399, 398, 0.00112697, 0.000109564
400, 392, 0.00380228, 0.000113121
400, 393, 0.00355726, 0.000118184
400, 395, 0.00324775, 0.000120548
400, 396, 0.00279404, 6.13057e-05
400, 397, 0.00172554, 5.48905e-05
400, 398, 0.00162816, 0.000113242
400, 399, 0.000503419, 5.3888e-05
401, 393, 0.00378573, 0.000115157
401, 395, 0.00348065, 0.000121262
401, 396, 0.00302365, 6.60389e-05
401, 397, 0.00195706, 5.97125e-05
401, 398, 0.00186165, 0.00011498
401, 399, 0.000728188, 5.7526e-05
401, 400, 0.000320924, 5.49973e-05
402, 396, 0.00365882, 6.83016e-05
402, 397, 0.00259725, 6.0246e-05
402, 398, 0.0024947, 0.000113148
402, 399, 0.0013646, 5.71307e-05
402, 400, 0.000948554, 5.66454e-05
402, 401, 0.000588551, 0.000154017
403, 395, 0.00377858, 0.000123793
403, 396, 0.00331756, 6.70944e-05
403, 397, 0.0022495, 5.78079e-05
403, 398, 0.00215103, 0.000111988
403, 399, 0.00101946, 5.87391e-05
403, 400, 0.000606924, 5.51109e-05
403, 401, 0.000246504, 0.000155526
403, 402, 0.000365515, 6.23497e-05
404, 396, 0.00444131, 7.12994e-05
404, 397, 0.00336631, 6.10739e-05
404, 398, 0.00326788, 0.000113438
404, 399, 0.00213905, 6.30339e-05
404, 400, 0.00172065, 6.13735e-05
404, 401, 0.00136345, 0.000154698
404, 402, 0.000765505, 6.13419e-05
404, 403, 0.00106804, 7.77928e-05
406, 397, 0.00608706, 7.55633e-05
406, 399, 0.00485436, 6.56195e-05
406, 400, 0.00444497, 6.56778e-05
406, 401, 0.00408429, 0.000157485
406, 402, 0.00348225, 7.71405e-05
406, 403, 0.00378832, 8.63897e-05
406, 404, 0.00272566, 9.64084e-05
407, 398, 0.00600971, 0.000120938
407, 399, 0.00488432, 7.00629e-05
407, 400, 0.00446113, 7.15679e-05
407, 401, 0.00410224, 0.000159292
407, 402, 0.00350576, 7.49972e-05
407, 403, 0.00381362, 8.88105e-05
407, 404, 0.00274222, 9.72497e-05
407, 406, 0.000107147, 8.5404e-05
408, 399, 0.0053993, 7.19128e-05
408, 400, 0.00497712, 7.17048e-05
408, 401, 0.00461623, 0.000153879
408, 402, 0.00402473, 7.48306e-05
408, 403, 0.00431753, 8.54026e-05
408, 404, 0.00326151, 9.73121e-05
408, 406, 0.000523969, 8.66546e-05
408, 407, 0.000463027, 0.000107307
410, 404, 0.00956339, 0.000106183
410, 406, 0.00682682, 9.92538e-05
410, 407, 0.00676639, 0.000119517
410, 408, 0.00631744, 0.000157785
411, 406, 0.00813435, 0.000104155
411, 407, 0.00807341, 0.000120881
411, 408, 0.00761984, 0.000155518
411, 410, 0.00136124, 0.000105642
412, 406, 0.0140888, 0.000111419
412, 407, 0.0140274, 0.000128064
412, 408, 0.0135734, 0.000161092
412, 410, 0.00731899, 0.000114967
412, 411, 0.00594996, 0.000156959
413, 410, 0.0207524, 0.000122239
413, 411, 0.0193895, 0.000162176
413, 412, 0.013503, 0.000134967
414, 412, 0.020547, 0.000133438
414, 413, 0.00710208, 0.000181701
415, 412, 0.0205053, 0.000133114
415, 413, 0.00705676, 0.00017874
415, 414, 0.000128923, 0.000128464
416, 413, 0.00976567, 0.000180333
416, 414, 0.00264557, 0.000124143
416, 415, 0.00270107, 0.000130011
417, 413, 0.00974025, 0.000178868
417, 414, 0.00262301, 0.000126696
417, 415, 0.00267476, 0.000128185
417, 416, 0.000119507, 0.000117946
420, 413, 0.0100064, 0.000179199
420, 414, 0.00289158, 0.000125956
420, 415, 0.00294874, 0.000128913
420, 416, 0.000334989, 0.00011956
420, 417, 0.000288652, 0.00011617
421, 413, 0.0100367, 0.000178271
421, 414, 0.0029183, 0.000129161
421, 415, 0.00297243, 0.000133308
421, 416, 0.000361512, 0.000119891
421, 417, 0.000313033, 0.000120212
421, 420, 0.00014626, 0.000127459
422, 414, 0.00392606, 0.000123493
422, 415, 0.00398148, 0.000129359
422, 416, 0.00135549, 0.000117053
422, 417, 0.00130683, 0.000112488
422, 420, 0.00110816, 0.000126881
422, 421, 0.00101409, 0.000175745
423, 414, 0.00388576, 0.000121323
423, 415, 0.0039387, 0.00012745
423, 416, 0.00131588, 0.000116647
423, 417, 0.00126177, 0.000112666
423, 420, 0.00107141, 0.000126416
423, 421, 0.000980775, 0.000176883
423, 422, 0.000123686, 0.000121779
424, 414, 0.00421442, 0.000119725
424, 415, 0.00426659, 0.000130067
424, 416, 0.00163353, 0.000116874
424, 417, 0.00158608, 0.00011523
424, 420, 0.00138217, 0.000119083
424, 421, 0.00128978, 0.000176514
424, 422, 0.000347123, 0.000121906
424, 423, 0.000337047, 0.000178316
425, 414, 0.00414673, 0.000122786
425, 415, 0.00420429, 0.000130471
425, 416, 0.00157825, 0.000114951
425, 417, 0.00152637, 0.000117284
425, 420, 0.00132891, 0.0001231
425, 421, 0.00123523, 0.000175279
425, 422, 0.00029337, 0.000120815
425, 423, 0.000287696, 0.000183143
425, 424, 0.000132175, 0.000140676
426, 416, 0.00226256, 0.000112983
426, 417, 0.00220655, 0.000113252
426, 420, 0.00200507, 0.000121049
426, 421, 0.00191046, 0.000175545
426, 422, 0.000958289, 0.000116961
426, 423, 0.000944813, 0.000176987
426, 424, 0.000612363, 0.00013809
426, 425, 0.000667231, 0.000182993
427, 416, 0.00304158, 0.000106404
427, 417, 0.0029832, 0.000104304
427, 420, 0.00276779, 0.000114176
427, 421, 0.00267116, 0.000169622
427, 422, 0.00171346, 0.0001128
427, 423, 0.0016954, 0.000176414
427, 424, 0.00135937, 0.000138316
427, 425, 0.00141725, 0.000178622
427, 426, 0.000841921, 0.000102118
428, 416, 0.00306626, 0.000105774
428, 417, 0.003012, 0.00010511
428, 420, 0.00279669, 0.000116396
428, 421, 0.00269872, 0.000171339
428, 422, 0.001739, 0.000115537
428, 423, 0.00172919, 0.000175193
428, 424, 0.00138749, 0.000133859
428, 425, 0.00144509, 0.000182053
428, 426, 0.000869006, 9.98151e-05
428, 427, 0.000119501, 0.000117441
430, 420, 0.00410404, 0.000107002
430, 421, 0.00400132, 0.000167421
430, 422, 0.00303251, 0.000101948
430, 423, 0.00301481, 0.000169532
430, 424, 0.00266817, 0.000123582
430, 425, 0.00272364, 0.000174305
430, 426, 0.00213627, 8.68181e-05
430, 427, 0.00130483, 0.000105301
430, 428, 0.00128494, 8.47686e-05
431, 422, 0.00456828, 8.97506e-05
431, 423, 0.00453638, 0.000159582
431, 424, 0.00418223, 0.000108709
431, 425, 0.00422477, 0.000167509
431, 426, 0.00363812, 7.03197e-05
431, 427, 0.00278877, 9.46573e-05
431, 428, 0.00276807, 6.38363e-05
431, 430, 0.00140334, 8.09525e-05
432, 424, 0.0043889, 0.000108234
432, 425, 0.00442866, 0.000166247
432, 426, 0.00383938, 6.69704e-05
432, 427, 0.00298938, 9.0922e-05
432, 428, 0.00296379, 6.32471e-05
432, 430, 0.00160239, 8.31393e-05
432, 431, 0.000147822, 8.16949e-05
433, 427, 0.00520112, 7.70834e-05
433, 428, 0.00515631, 4.26246e-05
433, 430, 0.0037705, 6.60797e-05
433, 431, 0.00228814, 5.94843e-05
433, 432, 0.00212797, 4.0343e-05
434, 427, 0.00566439, 7.75773e-05
434, 428, 0.00561537, 3.93767e-05
434, 430, 0.0042253, 6.70379e-05
434, 431, 0.00273685, 5.53685e-05
434, 432, 0.00257575, 3.65996e-05
434, 433, 0.000419998, 3.42512e-05
435, 430, 0.00596848, 6.73652e-05
435, 431, 0.00447708, 5.60778e-05
435, 432, 0.0043, 2.95947e-05
435, 433, 0.00212877, 3.17435e-05
435, 434, 0.00167437, 2.6834e-05
436, 430, 0.0065721, 6.99952e-05
436, 431, 0.0050719, 5.93517e-05
436, 432, 0.00489084, 3.29946e-05
436, 433, 0.00271328, 3.80182e-05
436, 434, 0.00225493, 2.9297e-05
436, 435, 0.000601306, 5.12663e-05
437, 431, 0.00604976, 6.96895e-05
437, 432, 0.00586252, 4.47561e-05
437, 433, 0.00367817, 5.09975e-05
437, 434, 0.00321579, 4.19446e-05
437, 435, 0.00154909, 6.14403e-05
437, 436, 0.000964596, 7.84412e-05
438, 431, 0.0068149, 8.02709e-05
438, 433, 0.00443518, 6.15324e-05
438, 434, 0.00396617, 5.27147e-05
438, 435, 0.00229179, 7.19538e-05
438, 436, 0.00170282, 9.05999e-05
438, 437, 0.000723023, 8.63733e-05
439, 433, 0.0051061, 7.58129e-05
439, 434, 0.00462784, 6.67548e-05
439, 435, 0.00294804, 8.388e-05
439, 436, 0.00235274, 0.000100141
439, 437, 0.0013666, 9.52905e-05
439, 438, 0.000605427, 0.000126051
440, 434, 0.00497772, 7.48695e-05
440, 435, 0.00329946, 8.75534e-05
440, 436, 0.00269659, 0.000108229
440, 437, 0.00170997, 0.000102109
440, 438, 0.000942669, 0.000131457
440, 439, 0.000344076, 0.000103091
441, 435, 0.00395314, 9.84979e-05
441, 436, 0.00334356, 0.00011671
441, 437, 0.00235307, 0.000117136
441, 438, 0.00158035, 0.000140432
441, 439, 0.000970981, 0.000112962
441, 440, 0.000673179, 0.000160062
442, 435, 0.00396616, 0.000100066
442, 436, 0.00335819, 0.000119608
442, 437, 0.00236744, 0.000116223
442, 438, 0.00159451, 0.000141772
442, 439, 0.000986499, 0.000114986
442, 440, 0.000687684, 0.000158202
442, 441, 0.000121874, 0.000105488
443, 436, 0.00378019, 0.00012542
443, 437, 0.00278796, 0.000120575
443, 438, 0.00200999, 0.000146204
443, 439, 0.00139609, 0.000125311
443, 440, 0.00109641, 0.000166836
443, 441, 0.000413319, 0.000111501
443, 442, 0.000378878, 0.000114376
445, 436, 0.00377217, 0.000128016
445, 437, 0.00278269, 0.000122455
445, 438, 0.00200384, 0.000150225
445, 439, 0.00139695, 0.000126261
445, 440, 0.00109809, 0.00016671
445, 441, 0.000411537, 0.000110395
445, 442, 0.00038036, 0.000117809
445, 443, 0.000128485, 0.000152398
447, 437, 0.00337853, 0.000134878
447, 438, 0.00260214, 0.000159628
447, 439, 0.00198837, 0.000135604
447, 440, 0.00168246, 0.000173786
447, 441, 0.000993525, 0.000125119
447, 442, 0.000953671, 0.000126202
447, 443, 0.000639286, 0.000163058
447, 445, 0.000562145, 0.000138177
448, 437, 0.00336777, 0.000134453
448, 438, 0.00258571, 0.00015868
448, 439, 0.00197406, 0.000135348
448, 440, 0.00166756, 0.000174382
448, 441, 0.000976641, 0.000127948
448, 442, 0.000937378, 0.000127052
448, 443, 0.000620106, 0.000162465
448, 445, 0.000548761, 0.000138847
448, 447, 0.000126355, 0.000122272
449, 438, 0.00278763, 0.000164507
449, 439, 0.00216804, 0.000140159
449, 440, 0.00186704, 0.000180311
449, 441, 0.00117843, 0.000132239
449, 442, 0.00113234, 0.000131777
449, 443, 0.000814683, 0.00016601
449, 445, 0.000739231, 0.000144578
449, 447, 0.000217958, 0.000129867
449, 448, 0.000204657, 0.000143888
450, 438, 0.00300082, 0.000170075
450, 439, 0.00238101, 0.000141878
450, 440, 0.00207633, 0.000181112
450, 441, 0.00138846, 0.000135665
450, 442, 0.00134172, 0.000134126
450, 443, 0.00102178, 0.000170429
450, 445, 0.000943697, 0.000147157
450, 447, 0.000405276, 0.000128744
450, 448, 0.00039236, 0.000149625
450, 449, 0.000245814, 0.000145125
452, 439, 0.00308275, 0.000155572
452, 440, 0.00276482, 0.000194342
452, 441, 0.0020736, 0.000146276
452, 442, 0.00202569, 0.000150932
452, 443, 0.00170319, 0.000187523
452, 445, 0.00162098, 0.000160394
452, 447, 0.00106025, 0.000148462
452, 448, 0.00105744, 0.000158493
452, 449, 0.00087481, 0.000150659
452, 450, 0.00068962, 0.000145196
453, 441, 0.00255067, 0.00016575
453, 442, 0.00249697, 0.000163588
453, 443, 0.00218022, 0.000197621
453, 445, 0.00208579, 0.000168272
453, 447, 0.00153442, 0.000158938
453, 448, 0.00151936, 0.000175172
453, 449, 0.00133364, 0.000169374
453, 450, 0.00114755, 0.000154566
453, 452, 0.000541998, 0.000171534
454, 441, 0.00247717, 0.000162256
454, 442, 0.0024343, 0.000163157
454, 443, 0.0021051, 0.000192844
454, 445, 0.00203238, 0.000172434
454, 447, 0.00146104, 0.000155617
454, 448, 0.00145435, 0.000171421
454, 449, 0.00126558, 0.000167064
454, 450, 0.00108726, 0.000154464
454, 452, 0.000475394, 0.00017039
454, 453, 0.000152232, 0.000166463
456, 443, 0.00288216, 0.0002043
456, 445, 0.00280407, 0.000187376
456, 447, 0.00222947, 0.00017473
456, 448, 0.00222101, 0.00018988
456, 449, 0.00203161, 0.000183533
456, 450, 0.00185083, 0.000174021
456, 452, 0.00122905, 0.000188928
456, 453, 0.000769152, 0.000183721
456, 454, 0.000741544, 0.000189848
457, 447, 0.00296898, 0.000192196
457, 448, 0.0029599, 0.000206842
457, 449, 0.00276682, 0.000202411
457, 450, 0.00257574, 0.000192286
457, 452, 0.00195541, 0.000206647
457, 453, 0.00148822, 0.00020367
457, 454, 0.00145654, 0.000207426
457, 456, 0.000813377, 0.000202953
458, 447, 0.00296501, 0.000193008
458, 448, 0.00296327, 0.000207572
458, 449, 0.00275831, 0.000201001
458, 450, 0.00257774, 0.000192872
458, 452, 0.0019533, 0.000204243
458, 453, 0.00148667, 0.000202564
458, 454, 0.00145552, 0.000208914
458, 456, 0.000810379, 0.000204586
458, 457, 0.000204101, 0.000216577
459, 450, 0.00308004, 0.000205618
459, 452, 0.0024517, 0.000218101
459, 453, 0.00198309, 0.000218535
459, 454, 0.00195473, 0.000221459
459, 456, 0.00130383, 0.000220402
459, 457, 0.000537904, 0.000229505
459, 458, 0.000565596, 0.000229973
460, 452, 0.00269273, 0.000222921
460, 453, 0.00223182, 0.000222651
460, 454, 0.00219521, 0.000228677
460, 456, 0.00154044, 0.000224396
460, 457, 0.000767787, 0.000235894
460, 458, 0.000793786, 0.000234838
460, 459, 0.000315402, 0.000220019
461, 452, 0.00273742, 0.000223463
461, 453, 0.00227002, 0.000223836
461, 454, 0.00223543, 0.00022699
461, 456, 0.00158081, 0.000225001
461, 457, 0.000809941, 0.000235476
461, 458, 0.000831859, 0.000234698
461, 459, 0.000345981, 0.000216962
461, 460, 0.000211882, 0.000223446
462, 452, 0.00278471, 0.000228368
462, 453, 0.00231889, 0.000227363
462, 454, 0.00228688, 0.000234125
462, 456, 0.00163175, 0.000228944
462, 457, 0.000861884, 0.000238277
462, 458, 0.000881432, 0.000236507
462, 459, 0.000389051, 0.000223131
462, 460, 0.00022125, 0.000228777
462, 461, 0.000233648, 0.000222908
463, 453, 0.00263789, 0.000229321
463, 454, 0.00260646, 0.000237493
463, 456, 0.00194946, 0.000234522
463, 457, 0.00116376, 0.000246035
463, 458, 0.00120006, 0.000243015
463, 459, 0.000680173, 0.00023104
463, 460, 0.000435471, 0.00023429
463, 461, 0.00046397, 0.000229775
463, 462, 0.000315416, 0.000232168
464, 456, 0.00219728, 0.000235477
464, 457, 0.00142248, 0.000254251
464, 458, 0.00144628, 0.000250825
464, 459, 0.000919442, 0.000234945
464, 460, 0.000665964, 0.000238809
464, 461, 0.000699114, 0.000235171
464, 462, 0.000528544, 0.000242992
464, 463, 0.000367267, 0.000234792
465, 456, 0.00232292, 0.000246086
465, 457, 0.00153119, 0.000253811
465, 458, 0.00155853, 0.000253885
465, 459, 0.00103324, 0.000241527
465, 460, 0.000779463, 0.000245723
465, 461, 0.000806478, 0.000240627
465, 462, 0.000638996, 0.00024935
465, 463, 0.000465304, 0.000239371
465, 464, 0.000283166, 0.000244612
466, 456, 0.00240188, 0.00024899
466, 457, 0.00162576, 0.000253897
466, 458, 0.00164812, 0.000255926
466, 459, 0.00112466, 0.000240865
466, 460, 0.00086367, 0.000249519
466, 461, 0.000899436, 0.000242859
466, 462, 0.000721279, 0.000251058
466, 463, 0.000542446, 0.00024217
466, 464, 0.000344477, 0.000242416
466, 465, 0.00026758, 0.000243589
467, 457, 0.00172906, 0.000263748
467, 458, 0.00175578, 0.000259046
467, 459, 0.00123456, 0.000245333
467, 460, 0.000973394, 0.000252902
467, 461, 0.00100266, 0.000245459
467, 462, 0.000828249, 0.000253131
467, 463, 0.000647842, 0.000241656
467, 464, 0.000433165, 0.000245917
467, 465, 0.000331083, 0.000246736
467, 466, 0.000262629, 0.000242
468, 457, 0.00169637, 0.000261077
468, 458, 0.00171886, 0.000264219
468, 459, 0.00119632, 0.000246408
468, 460, 0.000938764, 0.000254171
468, 461, 0.000969217, 0.000246423
468, 462, 0.000791614, 0.000254056
468, 463, 0.000612441, 0.000244939
468, 464, 0.000403236, 0.00025018
468, 465, 0.000309836, 0.00024743
468, 466, 0.000250729, 0.000244048
468, 467, 0.00024474, 0.000236603
469, 457, 0.00191726, 0.000265472
469, 458, 0.00194805, 0.00026537
469, 459, 0.00142216, 0.000250425
469, 460, 0.00115873, 0.000255266
469, 461, 0.00119148, 0.000250006
469, 462, 0.00101172, 0.000257987
469, 463, 0.000831235, 0.000247994
469, 464, 0.000603902, 0.000248668
469, 465, 0.000487244, 0.000252947
469, 466, 0.00037566, 0.000248737
469, 467, 0.000311495, 0.000245067
469, 468, 0.000304234, 0.000246475
470, 457, 0.0018784, 0.000264836
470, 458, 0.00190135, 0.00026162
470, 459, 0.00138511, 0.000253463
470, 460, 0.00111304, 0.000259088
470, 461, 0.0011452, 0.000250262
470, 462, 0.000968051, 0.000258248
470, 463, 0.000791784, 0.000248311
470, 464, 0.000566955, 0.000251364
470, 465, 0.000451008, 0.000250941
470, 466, 0.000346071, 0.000247733
470, 467, 0.000291106, 0.000242954
470, 468, 0.000280312, 0.000245814
470, 469, 0.000248134, 0.000251891
471, 459, 0.00196372, 0.000266218
471, 460, 0.00169599, 0.000272792
471, 461, 0.00172828, 0.000265445
471, 462, 0.00154782, 0.000272213
471, 463, 0.00136627, 0.000265575
471, 464, 0.00113173, 0.000264501
471, 465, 0.00100086, 0.000267321
471, 466, 0.000874947, 0.000265578
471, 467, 0.000783711, 0.000259848
471, 468, 0.000769747, 0.000263803
471, 469, 0.000642357, 0.000264573
471, 470, 0.000632824, 0.000263684
472, 460, 0.00175781, 0.000276812
472, 461, 0.00179206, 0.000267719
472, 462, 0.00160358, 0.000272098
472, 463, 0.0014234, 0.000265178
472, 464, 0.00118476, 0.000269439
472, 465, 0.00106462, 0.000268832
472, 466, 0.00093092, 0.000265218
472, 467, 0.00084094, 0.000265438
472, 468, 0.000828977, 0.000266741
472, 469, 0.000700465, 0.000268373
472, 470, 0.000692014, 0.000263844
472, 471, 0.000266591, 0.000264723
473, 462, 0.00178188, 0.000280156
473, 463, 0.00159928, 0.000271881
473, 464, 0.0013659, 0.000273492
473, 465, 0.00123473, 0.000274288
473, 466, 0.00110604, 0.000270431
473, 467, 0.00102237, 0.000267013
473, 468, 0.00100305, 0.000271555
473, 469, 0.000870414, 0.000277225
473, 470, 0.000862382, 0.00026762
473, 471, 0.000363319, 0.000269591
473, 472, 0.000330503, 0.000263692
474, 463, 0.00192687, 0.000283185
474, 464, 0.0016915, 0.000280811
474, 465, 0.00156296, 0.000284109
474, 466, 0.00142837, 0.000282876
474, 467, 0.00134942, 0.000276849
474, 468, 0.00132822, 0.000280475
474, 469, 0.00119547, 0.000283787
474, 470, 0.00118595, 0.000278659
474, 471, 0.000641675, 0.000280191
474, 472, 0.00059681, 0.000273866
474, 473, 0.000446046, 0.000293828
475, 465, 0.0024776, 0.000308967
475, 466, 0.00235197, 0.000311361
475, 467, 0.00226172, 0.000303125
475, 468, 0.00224805, 0.000304357
475, 469, 0.00211482, 0.000309375
475, 470, 0.00211723, 0.000303217
475, 471, 0.00154797, 0.000303233
475, 472, 0.00150111, 0.000300827
475, 473, 0.0013306, 0.000317721
475, 474, 0.000993701, 0.000307154
476, 466, 0.00226056, 0.000306374
476, 467, 0.00217674, 0.000301938
476, 468, 0.00214726, 0.000303205
476, 469, 0.00202136, 0.0003099
476, 470, 0.00201945, 0.000301863
476, 471, 0.00144934, 0.00030386
476, 472, 0.00140604, 0.000297558
476, 473, 0.00123023, 0.000313435
476, 474, 0.000900063, 0.000303143
476, 475, 0.000309294, 0.000305755
477, 469, 0.0032616, 0.000342786
477, 470, 0.00326367, 0.000336494
477, 471, 0.00269001, 0.000336296
477, 472, 0.00265263, 0.000337127
477, 473, 0.00248442, 0.000349042
477, 474, 0.00214757, 0.000340194
477, 475, 0.00125938, 0.000341054
477, 476, 0.00136417, 0.000356963
478, 471, 0.00312604, 0.000351046
478, 472, 0.00308801, 0.000344772
478, 473, 0.00292272, 0.000364565
478, 474, 0.00258839, 0.000350231
478, 475, 0.00169476, 0.000351172
478, 476, 0.00179891, 0.000368486
478, 477, 0.000573996, 0.000353253
479, 471, 0.00319243, 0.000350219
479, 472, 0.00314996, 0.000345659
479, 473, 0.00298202, 0.000361583
479, 474, 0.00265005, 0.00034696
479, 475, 0.00175136, 0.000350568
479, 476, 0.00186146, 0.000368331
479, 477, 0.000621934, 0.000354389
479, 478, 0.000360715, 0.000362182
480, 474, 0.00370366, 0.000379802
480, 475, 0.00281476, 0.000381684
480, 476, 0.00291963, 0.000398133
480, 477, 0.00163578, 0.000380679
480, 478, 0.00120632, 0.000388726
480, 479, 0.00120951, 0.00038472
481, 475, 0.00328412, 0.000395321
481, 476, 0.00340083, 0.000414202
481, 477, 0.00209938, 0.000395165
481, 478, 0.00167751, 0.000398354
481, 479, 0.00168293, 0.00039688
481, 480, 0.000592424, 0.000393112
482, 475, 0.00353338, 0.000399157
482, 476, 0.003646, 0.000414992
482, 477, 0.00235316, 0.000400098
482, 478, 0.00193035, 0.000406912
482, 479, 0.00192698, 0.000404279
482, 480, 0.000803427, 0.00040057
482, 481, 0.000464299, 0.000408322
483, 475, 0.00373836, 0.000405534
483, 477, 0.00256223, 0.000406011
483, 478, 0.00212903, 0.000412261
483, 479, 0.00213484, 0.000408161
483, 480, 0.000981328, 0.000404135
483, 481, 0.000605464, 0.000414259
483, 482, 0.000463012, 0.000409467
484, 477, 0.00320987, 0.000424304
484, 478, 0.00277968, 0.000426286
484, 479, 0.00279218, 0.000427284
484, 480, 0.00162406, 0.000423774
484, 481, 0.00119089, 0.000424192
484, 482, 0.000990635, 0.000424544
484, 483, 0.000818106, 0.000417891
485, 477, 0.00317593, 0.000423534
485, 478, 0.00275077, 0.000426843
485, 479, 0.00275849, 0.00042474
485, 480, 0.00158924, 0.000421392
485, 481, 0.00115974, 0.000425716
485, 482, 0.000955429, 0.000426543
485, 483, 0.000786277, 0.000419099
485, 484, 0.000421201, 0.000428506
486, 477, 0.00353243, 0.000434434
486, 478, 0.00310416, 0.000437605
486, 479, 0.00311965, 0.000434049
486, 480, 0.00194748, 0.000431799
486, 481, 0.00150807, 0.000442214
486, 482, 0.00130681, 0.00043564
486, 483, 0.00112584, 0.000430099
486, 484, 0.000547818, 0.000434943
486, 485, 0.000561346, 0.000430296
487, 480, 0.00270312, 0.000451794
487, 481, 0.00226477, 0.000461357
487, 482, 0.00205366, 0.000455005
487, 483, 0.00186547, 0.000447974
487, 484, 0.0012046, 0.000454615
487, 485, 0.00122075, 0.000450075
487, 486, 0.000899442, 0.000449983
488, 480, 0.00307695, 0.000460983
488, 481, 0.0026361, 0.00046999
488, 482, 0.0024313, 0.000463483
488, 483, 0.00224405, 0.000458721
488, 484, 0.00156933, 0.000463373
488, 485, 0.00158543, 0.000460764
488, 486, 0.00125647, 0.000460942
488, 487, 0.00061277, 0.000459019
489, 481, 0.00296704, 0.000478455
489, 482, 0.00275837, 0.000469375
489, 483, 0.00256734, 0.00046442
489, 484, 0.00189383, 0.000473337
489, 485, 0.00191431, 0.000468364
489, 486, 0.00157463, 0.000469434
489, 487, 0.000890697, 0.000467743
489, 488, 0.00057824, 0.000471963
490, 482, 0.0029953, 0.000477764
490, 483, 0.00280072, 0.000467639
490, 484, 0.00213187, 0.000477948
490, 485, 0.00214626, 0.000472016
490, 486, 0.00180787, 0.000470688
490, 487, 0.00109741, 0.000468999
490, 488, 0.000741412, 0.000474038
490, 489, 0.000531327, 0.000479766
491, 484, 0.00242213, 0.00048765
491, 485, 0.00244007, 0.00048056
491, 486, 0.00210469, 0.000479132
491, 487, 0.00137996, 0.00047587
491, 488, 0.000997875, 0.000487199
491, 489, 0.000723531, 0.000486585
491, 490, 0.000610077, 0.000484073
492, 484, 0.00282313, 0.000491595
492, 485, 0.00283859, 0.000488182
492, 486, 0.00250379, 0.000490353
492, 487, 0.00177714, 0.00048668
492, 488, 0.00138011, 0.00049359
492, 489, 0.0010751, 0.000494356
492, 490, 0.000930559, 0.000491289
492, 491, 0.000609251, 0.000488292
493, 486, 0.00296957, 0.000501474
493, 487, 0.00222896, 0.000499105
493, 488, 0.00182683, 0.000502068
493, 489, 0.00151293, 0.000507273
493, 490, 0.00135892, 0.000505296
493, 491, 0.000985121, 0.000499668
493, 492, 0.000709651, 0.000505798
494, 486, 0.003017, 0.000501551
494, 487, 0.00228123, 0.000496927
494, 488, 0.00188378, 0.000506558
494, 489, 0.00156334, 0.000504178
494, 490, 0.00141182, 0.00050448
494, 491, 0.00102388, 0.000503912
494, 492, 0.000746359, 0.000502208
494, 493, 0.00049738, 0.000494736
495, 487, 0.00287099, 0.000514466
495, 488, 0.0024718, 0.000519808
495, 489, 0.00214666, 0.000517631
495, 490, 0.00199225, 0.000519933
495, 491, 0.00159752, 0.000514468
495, 492, 0.00128222, 0.00052095
495, 493, 0.000790873, 0.000512894
495, 494, 0.000840688, 0.000517661
496, 488, 0.00276899, 0.000528264
496, 489, 0.00244184, 0.000526847
496, 490, 0.00229132, 0.000526517
496, 491, 0.0018806, 0.000520554
496, 492, 0.00156775, 0.000524953
496, 493, 0.00104046, 0.000521959
496, 494, 0.00109659, 0.000521964
496, 495, 0.000591055, 0.000531164
497, 488, 0.00292453, 0.00053422
497, 489, 0.00260311, 0.000532801
497, 490, 0.00245251, 0.000532621
497, 491, 0.0020387, 0.000526722
497, 492, 0.00172381, 0.000531052
497, 493, 0.00119268, 0.000524087
497, 494, 0.00125042, 0.000527129
497, 495, 0.000693204, 0.000528977
497, 496, 0.000561944, 0.000528902
498, 489, 0.00261419, 0.000530314
498, 490, 0.00246402, 0.000530768
498, 491, 0.00205425, 0.000529315
498, 492, 0.00173085, 0.000531858
498, 493, 0.00119926, 0.000524016
498, 494, 0.0012589, 0.000526832
498, 495, 0.000698614, 0.000529768
498, 496, 0.000567932, 0.000529183
498, 497, 0.000534079, 0.000519264
499, 492, 0.00254644, 0.00054915
499, 493, 0.00199215, 0.000540361
499, 494, 0.00205355, 0.000546202
499, 495, 0.00140567, 0.00055122
499, 496, 0.00118297, 0.000545129
499, 497, 0.00101348, 0.000542742
499, 498, 0.00100411, 0.000539992
500, 493, 0.00225567, 0.000549993
500, 494, 0.00232722, 0.000553965
500, 495, 0.00167196, 0.000558913
500, 496, 0.00144364, 0.000553659
500, 497, 0.00126275, 0.00054952
500, 498, 0.00125789, 0.000548368
500, 499, 0.00062395, 0.000548766
501, 492, 0.00278845, 0.000555201
501, 493, 0.0022334, 0.000547449
501, 494, 0.00229977, 0.000552526
501, 495, 0.00164354, 0.000553567
501, 496, 0.00141954, 0.000552381
501, 497, 0.0012395, 0.00055007
501, 498, 0.00123335, 0.000548452
501, 499, 0.000614855, 0.000549149
501, 500, 0.000553713, 0.000557652
502, 495, 0.0024043, 0.000568432
502, 496, 0.0021754, 0.0005695
502, 497, 0.0019872, 0.000565556
502, 498, 0.00198453, 0.000564549
502, 499, 0.00120369, 0.000567929
502, 500, 0.000965055, 0.000572068
502, 501, 0.000970676, 0.000573225
503, 495, 0.00235387, 0.000571535
503, 496, 0.00212304, 0.000568423
503, 497, 0.00193922, 0.000563998
503, 498, 0.00193542, 0.000562178
503, 499, 0.00116438, 0.000568634
503, 500, 0.000925068, 0.000572483
503, 501, 0.000927768, 0.000571516
503, 502, 0.000560797, 0.000563539
504, 496, 0.00251187, 0.00057811
504, 497, 0.00232092, 0.000572397
504, 498, 0.00232053, 0.000578639
504, 499, 0.00153321, 0.000576726
504, 500, 0.00127727, 0.000582811
504, 501, 0.00128129, 0.000579863
504, 502, 0.000708975, 0.000573804
504, 503, 0.000698265, 0.000573941
505, 495, 0.00272624, 0.000576848
505, 496, 0.00249078, 0.000578306
505, 497, 0.00230276, 0.00057146
505, 498, 0.00229781, 0.000572559
505, 499, 0.00151575, 0.000576903
505, 500, 0.00125378, 0.000584752
505, 501, 0.00126589, 0.00058448
505, 502, 0.00069374, 0.000572883
505, 503, 0.000683401, 0.000577958
505, 504, 0.000576433, 0.000579249
506, 497, 0.00280915, 0.000581505
506, 499, 0.00200868, 0.00058113
506, 500, 0.00174286, 0.000592415
506, 501, 0.00174497, 0.000593925
506, 502, 0.00108746, 0.000583641
506, 503, 0.00106898, 0.000584775
506, 504, 0.000765954, 0.000587604
506, 505, 0.000769143, 0.000587828
508, 499, 0.00233484, 0.000592659
508, 500, 0.00206299, 0.000601151
508, 501, 0.00207681, 0.000598094
508, 502, 0.00139413, 0.00059112
508, 503, 0.00137641, 0.000594227
508, 504, 0.001029, 0.000596182
508, 505, 0.00103432, 0.000595081
508, 506, 0.000688368, 0.000599278
509, 500, 0.00229362, 0.000604112
509, 501, 0.00230461, 0.00060144
509, 502, 0.0016111, 0.000592334
509, 503, 0.00160004, 0.000598232
509, 504, 0.0012341, 0.000601113
509, 505, 0.00123806, 0.000603899
509, 506, 0.000832951, 0.000602523
509, 508, 0.00063429, 0.000603527
510, 501, 0.0025176, 0.000608285
510, 502, 0.00181971, 0.000599538
510, 503, 0.00180673, 0.000604358
510, 504, 0.00143654, 0.000605321
510, 505, 0.00144044, 0.000605945
510, 506, 0.00100916, 0.000609441
510, 508, 0.000734479, 0.000602266
510, 509, 0.0006453, 0.000598414
511, 502, 0.00205786, 0.000605406
511, 503, 0.00204041, 0.000604947
511, 504, 0.00166486, 0.000609593
511, 505, 0.0016731, 0.000609936
511, 506, 0.00122906, 0.000613123
511, 508, 0.000908484, 0.000611542
511, 509, 0.000776764, 0.000602084
511, 510, 0.000677598, 0.000613299
512, 502, 0.00219621, 0.000606836
512, 503, 0.00217966, 0.000607392
512, 504, 0.00179886, 0.000610536
512, 505, 0.0018026, 0.000613272
512, 506, 0.00134595, 0.000616777
512, 508, 0.0010191, 0.00061263
512, 509, 0.000873138, 0.000604628
512, 510, 0.000750311, 0.00061434
512, 511, 0.000615438, 0.000612621
513, 504, 0.00219453, 0.000621131
513, 505, 0.00221004, 0.000620255
513, 506, 0.00173307, 0.000624094
513, 508, 0.00137751, 0.000620306
513, 509, 0.00121277, 0.000614226
513, 510, 0.00105993, 0.000622202
513, 511, 0.000800336, 0.000623129
513, 512, 0.000788662, 0.000618105
514, 504, 0.00207459, 0.000619248
514, 505, 0.00208209, 0.00061917
514, 506, 0.00161311, 0.00062261
514, 508, 0.00126669, 0.000618682
514, 509, 0.00110019, 0.000610198
514, 510, 0.000952962, 0.000620488
514, 511, 0.000723127, 0.000621026
514, 512, 0.00071926, 0.000613962
514, 513, 0.000622761, 0.000612963
515, 505, 0.00220159, 0.000620343
515, 506, 0.00172595, 0.0006265
515, 508, 0.0013736, 0.000622322
515, 509, 0.00121024, 0.000614286
515, 510, 0.0010583, 0.000624222
515, 511, 0.000796257, 0.000624248
515, 512, 0.000784175, 0.000615738
515, 513, 0.000618788, 0.000613034
515, 514, 0.000623594, 0.000612229
516, 506, 0.00200618, 0.000625671
516, 508, 0.00165189, 0.000627643
516, 509, 0.00147961, 0.000618368
516, 510, 0.00130936, 0.000626147
516, 511, 0.00101743, 0.000630678
516, 512, 0.00100267, 0.000620484
516, 513, 0.000709357, 0.000620982
516, 514, 0.00073173, 0.00061818
516, 515, 0.000692749, 0.000626052
517, 508, 0.00172425, 0.000624225
517, 509, 0.0015502, 0.000621046
517, 510, 0.00139109, 0.00063153
517, 511, 0.00108494, 0.000629027
517, 512, 0.00107094, 0.00062347
517, 513, 0.000756323, 0.000623387
517, 514, 0.000781838, 0.000619716
517, 515, 0.000734746, 0.000628648
517, 516, 0.000651948, 0.000625925
519, 508, 0.00166926, 0.000628682
519, 509, 0.00149851, 0.000622134
519, 510, 0.00133566, 0.000628116
519, 511, 0.00103545, 0.000631867
519, 512, 0.00102658, 0.000623563
519, 513, 0.000725113, 0.000622448
519, 514, 0.000749175, 0.000620234
519, 515, 0.000707349, 0.00062827
519, 516, 0.000635768, 0.000626576
519, 517, 0.000625759, 0.000624715
520, 509, 0.00199308, 0.000632172
520, 510, 0.0018219, 0.000641113
520, 511, 0.00149933, 0.000638732
520, 512, 0.00148353, 0.000634167
520, 513, 0.00110198, 0.000632156
520, 514, 0.00114261, 0.000631771
520, 515, 0.00107203, 0.000638339
520, 516, 0.000911972, 0.000636683
520, 517, 0.000847132, 0.000638222
520, 519, 0.000808352, 0.000634498
521, 511, 0.00180726, 0.000647975
521, 512, 0.0017985, 0.000642709
521, 513, 0.00139261, 0.000637913
521, 514, 0.0014311, 0.000637844
521, 515, 0.0013601, 0.000647575
521, 516, 0.00117562, 0.000646276
521, 517, 0.0011004, 0.000644262
521, 519, 0.00105314, 0.000644319
521, 520, 0.000750061, 0.000645256
522, 510, 0.00203022, 0.000647935
522, 511, 0.00169919, 0.000646867
522, 512, 0.00169081, 0.000637872
522, 513, 0.00128996, 0.000638165
522, 514, 0.00133334, 0.00063666
522, 515, 0.00126154, 0.000644399
522, 516, 0.00108089, 0.000644421
522, 517, 0.00101143, 0.000640724
522, 519, 0.000962456, 0.000639864
522, 520, 0.000695776, 0.000644118
522, 521, 0.000646321, 0.000641642
523, 512, 0.00190135, 0.00064138
523, 513, 0.00149554, 0.000643524
523, 514, 0.00153179, 0.000638657
523, 515, 0.0014621, 0.000647982
523, 516, 0.0012782, 0.000646447
523, 517, 0.0012001, 0.000646945
523, 519, 0.00114854, 0.000646285
523, 520, 0.000818929, 0.000647426
523, 521, 0.000664467, 0.000646848
523, 522, 0.000669729, 0.000649879
525, 513, 0.00214808, 0.000656096
525, 514, 0.0021931, 0.0006546
525, 515, 0.00211481, 0.000660733
525, 516, 0.00191866, 0.000661293
525, 517, 0.00183342, 0.000660112
525, 519, 0.00178125, 0.000660499
525, 520, 0.00137202, 0.000660897
525, 521, 0.00107352, 0.000661423
525, 522, 0.00110047, 0.000663565
525, 523, 0.000960441, 0.000664383
526, 513, 0.00234881, 0.000658939
526, 516, 0.00211691, 0.000664146
526, 517, 0.0020351, 0.000662835
526, 519, 0.0019785, 0.000665228
526, 520, 0.00156675, 0.000666214
526, 521, 0.00125242, 0.000669186
526, 522, 0.0012821, 0.000667631
526, 523, 0.00113062, 0.000669132
526, 525, 0.000715191, 0.000666924
527, 520, 0.00213604, 0.000677067
527, 521, 0.0018032, 0.000677029
527, 522, 0.00183785, 0.000676701
527, 523, 0.0016703, 0.000680374
527, 525, 0.00110521, 0.000676
527, 526, 0.000928032, 0.000674441
528, 520, 0.00234822, 0.000683087
528, 521, 0.00201131, 0.000683021
528, 522, 0.00204697, 0.000684193
528, 523, 0.00188003, 0.000683793
528, 525, 0.0012941, 0.000680136
528, 526, 0.00109846, 0.000680908
528, 527, 0.000751286, 0.000680922
529, 520, 0.00247543, 0.00068526
529, 521, 0.00213615, 0.000685134
529, 522, 0.00216349, 0.000686153
529, 523, 0.00200305, 0.000688219
529, 525, 0.00140744, 0.000684643
529, 526, 0.00120601, 0.000683438
529, 527, 0.000818151, 0.000684204
529, 528, 0.000688776, 0.000683158
530, 521, 0.00242699, 0.000688329
530, 522, 0.00246045, 0.000690419
530, 523, 0.00229031, 0.00069225
530, 525, 0.00168381, 0.000689079
530, 526, 0.00147523, 0.000687098
530, 527, 0.00102596, 0.000689801
530, 528, 0.000793849, 0.000690135
530, 529, 0.000781408, 0.000685831
531, 525, 0.00227726, 0.000701614
531, 526, 0.00205302, 0.000702761
531, 527, 0.00155811, 0.000700327
531, 528, 0.0012412, 0.000703036
531, 529, 0.00122344, 0.000698636
531, 530, 0.000998247, 0.000700387
532, 525, 0.00245983, 0.000705532
532, 526, 0.00223917, 0.000705663
532, 527, 0.00173611, 0.000705481
532, 528, 0.00141354, 0.000705586
532, 529, 0.00139165, 0.000703487
532, 530, 0.00114787, 0.000704974
532, 531, 0.000729787, 0.000708335
533, 525, 0.00257261, 0.000705716
533, 526, 0.0023567, 0.00070557
533, 527, 0.00184685, 0.000705323
533, 528, 0.00151333, 0.000706496
533, 529, 0.00149167, 0.000704585
533, 530, 0.00124371, 0.000705489
533, 531, 0.000768368, 0.00070877
533, 532, 0.000715658, 0.000704678
535, 525, 0.00258589, 0.000707412
535, 526, 0.00236841, 0.000706143
535, 527, 0.0018526, 0.000708265
535, 528, 0.00152153, 0.000707998
535, 529, 0.00150575, 0.000706491
535, 530, 0.0012542, 0.000709343
535, 531, 0.000779932, 0.000712039
535, 532, 0.000720705, 0.000704634
535, 533, 0.000709951, 0.00070791
537, 528, 0.00208589, 0.000719623
537, 529, 0.0020648, 0.000715123
537, 530, 0.00179434, 0.000719439
537, 531, 0.00117203, 0.000720676
537, 532, 0.00104182, 0.000714896
537, 533, 0.000984927, 0.000717763
537, 535, 0.000932331, 0.000715254
538, 529, 0.00216905, 0.000718073
538, 530, 0.00189962, 0.000722118
538, 531, 0.00126446, 0.000723932
538, 532, 0.00112675, 0.000718227
538, 533, 0.00106382, 0.000720866
538, 535, 0.00100866, 0.000718495
538, 537, 0.000737688, 0.000723354
539, 528, 0.00213552, 0.000720148
539, 529, 0.00210886, 0.000718002
539, 530, 0.001839, 0.000719951
539, 531, 0.00121049, 0.000721588
539, 532, 0.00107847, 0.000716975
539, 533, 0.00101896, 0.000716636
539, 535, 0.000967752, 0.000717308
539, 537, 0.00072396, 0.000722179
539, 538, 0.000722895, 0.000721421
540, 530, 0.00214806, 0.000725908
540, 531, 0.00149522, 0.000728499
540, 532, 0.00134157, 0.000724381
540, 533, 0.00127703, 0.000725897
540, 535, 0.00121456, 0.000723877
540, 537, 0.000836588, 0.000728282
540, 538, 0.00076719, 0.000726168
540, 539, 0.000803565, 0.000727233
541, 531, 0.00156929, 0.000729914
541, 532, 0.00141565, 0.000726494
541, 533, 0.00135265, 0.000726742
541, 535, 0.00128715, 0.000723047
541, 537, 0.000884998, 0.000729644
541, 538, 0.000805269, 0.000728156
541, 539, 0.000850323, 0.000728294
541, 540, 0.00073142, 0.000724453
542, 531, 0.00159745, 0.000731398
542, 532, 0.0014347, 0.000727119
542, 533, 0.00137274, 0.000727562
542, 535, 0.00130429, 0.000725562
542, 537, 0.000900222, 0.000730679
542, 538, 0.000814401, 0.000727714
542, 539, 0.000862888, 0.000730415
542, 540, 0.000734351, 0.000726924
542, 541, 0.000725397, 0.000728089
543, 532, 0.00154216, 0.000725969
543, 533, 0.00147891, 0.000728763
543, 535, 0.00140986, 0.000726268
543, 537, 0.000982163, 0.000732513
543, 538, 0.000882645, 0.000730593
543, 539, 0.000933317, 0.000730504
543, 540, 0.000768785, 0.000728047
543, 541, 0.000741551, 0.000730665
543, 542, 0.000736712, 0.000726381
544, 532, 0.0015632, 0.000727572
544, 533, 0.00149532, 0.000727994
544, 535, 0.0014262, 0.000727942
544, 537, 0.000995059, 0.000731469
544, 538, 0.000891943, 0.000731788
544, 539, 0.000947949, 0.000730722
544, 540, 0.000772942, 0.000727517
544, 541, 0.000742285, 0.000732196
544, 542, 0.000734809, 0.000726912
544, 543, 0.000732316, 0.000729152
545, 533, 0.00157859, 0.000730182
545, 535, 0.00151107, 0.000729265
545, 537, 0.00105825, 0.000734377
545, 538, 0.000946016, 0.00073236
545, 539, 0.00100872, 0.000731777
545, 540, 0.00080881, 0.000729615
545, 541, 0.000766904, 0.000729912
545, 542, 0.000752344, 0.000730373
545, 543, 0.000748746, 0.000729934
545, 544, 0.000733709, 0.000728112
546, 535, 0.00169937, 0.000732344
546, 537, 0.00122557, 0.000736856
546, 538, 0.00110163, 0.000736434
546, 539, 0.00117084, 0.000734828
546, 540, 0.000927146, 0.000734569
546, 541, 0.000861169, 0.000735761
546, 542, 0.000834755, 0.000732515
546, 543, 0.000828173, 0.00073499
546, 544, 0.000793577, 0.000732432
546, 545, 0.000780276, 0.000732126
547, 537, 0.00129547, 0.000738616
547, 538, 0.00116493, 0.000737679
547, 539, 0.00123918, 0.000737629
547, 540, 0.000981261, 0.000733535
547, 541, 0.000906005, 0.000737089
547, 542, 0.000874763, 0.000734014
547, 543, 0.000870993, 0.000737526
547, 544, 0.000833074, 0.000734888
547, 545, 0.000817897, 0.00073344
547, 546, 0.000760886, 0.000733531
548, 537, 0.00131924, 0.000738961
548, 538, 0.00118719, 0.000740934
548, 539, 0.00126892, 0.000738737
548, 540, 0.00100502, 0.000735837
548, 541, 0.000929404, 0.000739609
548, 542, 0.000902073, 0.000734224
548, 543, 0.000895006, 0.000736589
548, 544, 0.000850603, 0.000735112
548, 545, 0.000831347, 0.000735363
548, 546, 0.00077188, 0.000736141
548, 547, 0.000745015, 0.000736935
549, 537, 0.0013469, 0.000738007
549, 538, 0.00121417, 0.000740155
549, 539, 0.00129072, 0.000739638
549, 540, 0.00102559, 0.000736728
549, 541, 0.000949967, 0.000738272
549, 542, 0.000917124, 0.000737382
549, 543, 0.000909444, 0.000736935
549, 544, 0.00086479, 0.000735908
549, 545, 0.000845613, 0.000737565
549, 546, 0.000779189, 0.000735268
549, 547, 0.00074563, 0.000737132
549, 548, 0.000736387, 0.00073932
550, 538, 0.00123188, 0.000740934
550, 539, 0.00130884, 0.000740539
550, 540, 0.00104133, 0.000737415
550, 541, 0.000966617, 0.000739237
550, 542, 0.000931768, 0.000735031
550, 543, 0.000923589, 0.000737827
550, 544, 0.000876481, 0.000738748
550, 545, 0.000858221, 0.000736106
550, 546, 0.000788072, 0.000735482
550, 547, 0.000749336, 0.000737439
550, 548, 0.000737694, 0.00073813
550, 549, 0.000742855, 0.000737362
551, 540, 0.00116035, 0.000739075
551, 541, 0.00106977, 0.000742645
551, 542, 0.00103447, 0.000739037
551, 543, 0.0010223, 0.000741125
551, 544, 0.000970286, 0.000739795
551, 545, 0.000954293, 0.000738189
551, 546, 0.000858236, 0.000738987
551, 547, 0.000781826, 0.000738392
551, 548, 0.000762071, 0.000742265
551, 549, 0.000759421, 0.000738806
551, 550, 0.00075511, 0.000737679
552, 540, 0.00118247, 0.000739667
552, 541, 0.00109052, 0.00074061
552, 542, 0.00105089, 0.000741179
552, 543, 0.00104165, 0.000741053
552, 544, 0.000994772, 0.000740068
552, 545, 0.000976011, 0.000738063
552, 546, 0.000873729, 0.000739472
552, 547, 0.00078885, 0.000739431
552, 548, 0.000774509, 0.000740217
552, 549, 0.000761697, 0.00074059
552, 550, 0.000757782, 0.000738176
552, 551, 0.000745036, 0.000739381
553, 540, 0.00122975, 0.00074093
553, 541, 0.00113456, 0.000742997
553, 542, 0.00109437, 0.000741709
553, 543, 0.00108831, 0.000742765
553, 544, 0.00103722, 0.00073993
553, 545, 0.00101495, 0.000738082
553, 546, 0.000909942, 0.000741154
553, 547, 0.000809164, 0.000741385
553, 548, 0.000792369, 0.000742629
553, 549, 0.000779765, 0.000740444
553, 550, 0.000772739, 0.000738654
553, 551, 0.000753826, 0.000741142
553, 552, 0.000744948, 0.000740589
555, 542, 0.00112769, 0.00074167
555, 543, 0.00111795, 0.000741665
555, 544, 0.00105934, 0.00074325
555, 545, 0.0010358, 0.000741777
555, 546, 0.000932811, 0.000741192
555, 547, 0.000832917, 0.0007419
555, 548, 0.000804972, 0.000745201
555, 549, 0.000799085, 0.000742998
555, 550, 0.000790442, 0.000741812
555, 551, 0.000766485, 0.000741831
555, 552, 0.000751617, 0.000744872
555, 553, 0.000750384, 0.000741419
556, 545, 0.00118161, 0.000743805
556, 546, 0.00106425, 0.000744096
556, 547, 0.00093696, 0.000745664
556, 548, 0.000902955, 0.000748175
556, 549, 0.00088951, 0.000745937
556, 550, 0.000881131, 0.000744398
556, 551, 0.000840203, 0.00074547
556, 552, 0.000808928, 0.000747736
556, 553, 0.000797901, 0.000743978
556, 555, 0.000768797, 0.000744848
557, 546, 0.00111522, 0.000744672
557, 547, 0.000982362, 0.000746162
557, 548, 0.00094363, 0.000747473
557, 549, 0.000933593, 0.000745885
557, 550, 0.000915512, 0.000744212
557, 551, 0.000874097, 0.0007467
557, 552, 0.000836376, 0.000747838
557, 553, 0.000824352, 0.000746277
557, 555, 0.000787049, 0.000745582
557, 556, 0.000747445, 0.00074653
558, 546, 0.00109178, 0.000745376
558, 547, 0.000962476, 0.000746067
558, 548, 0.000924804, 0.000748046
558, 549, 0.000912998, 0.00074585
558, 550, 0.00089964, 0.000744777
558, 551, 0.000856562, 0.00074527
558, 552, 0.000823174, 0.00074733
558, 553, 0.000811339, 0.000746322
558, 555, 0.000778462, 0.00074547
558, 556, 0.000750899, 0.000747906
558, 557, 0.000746574, 0.00074348
559, 546, 0.00114927, 0.000745998
559, 547, 0.00100652, 0.00074665
559, 548, 0.000976006, 0.000749853
559, 549, 0.000955141, 0.000744639
559, 550, 0.000940977, 0.000744683
559, 551, 0.000894858, 0.000747088
559, 552, 0.00085643, 0.000749164
559, 553, 0.000837719, 0.000747589
559, 555, 0.000801011, 0.000746017
559, 556, 0.000751293, 0.000750132
559, 557, 0.000753458, 0.000745145
559, 558, 0.000749698, 0.0007467
560, 547, 0.000988372, 0.000747679
560, 548, 0.000949663, 0.000749721
560, 549, 0.000934076, 0.000747486
560, 550, 0.00092162, 0.000746425
560, 551, 0.000878398, 0.000748887
560, 552, 0.000839985, 0.000748181
560, 553, 0.000829065, 0.000745308
560, 555, 0.00079203, 0.000745903
560, 556, 0.000750159, 0.000748753
560, 557, 0.000746326, 0.000745096
560, 558, 0.000750038, 0.000745246
560, 559, 0.000748996, 0.000747546
561, 547, 0.00103332, 0.000747365
561, 548, 0.000987912, 0.000750405
561, 549, 0.000975633, 0.000746489
561, 550, 0.000964849, 0.000745907
561, 551, 0.000916665, 0.000748
561, 552, 0.000874257, 0.00074939
561, 553, 0.000861422, 0.000746836
561, 555, 0.000818266, 0.000746689
561, 556, 0.000762415, 0.000749161
561, 557, 0.000757323, 0.000744567
561, 558, 0.000760558, 0.000746133
561, 559, 0.000751495, 0.000749562
561, 560, 0.00075878, 0.000748092
562, 548, 0.00113953, 0.000753011
562, 549, 0.00111813, 0.00074897
562, 550, 0.00110351, 0.0007483
562, 551, 0.00104427, 0.000751466
562, 552, 0.0010004, 0.000751859
562, 553, 0.00097425, 0.000748925
562, 555, 0.000914805, 0.000749236
562, 556, 0.000813489, 0.000752114
562, 557, 0.000813323, 0.000747785
562, 558, 0.000802907, 0.000748732
562, 559, 0.000775826, 0.000749406
562, 560, 0.000808338, 0.000749358
562, 561, 0.000767825, 0.000750318
563, 549, 0.00107335, 0.000747734
563, 550, 0.00105514, 0.000748356
563, 551, 0.00100192, 0.000750901
563, 552, 0.000960051, 0.000751833
563, 553, 0.000932828, 0.000752639
563, 555, 0.000883891, 0.000749866
563, 556, 0.000790475, 0.000753455
563, 557, 0.000793906, 0.00074653
563, 558, 0.00078381, 0.000750672
563, 559, 0.000763152, 0.00074951
563, 560, 0.000788158, 0.000748091
563, 561, 0.00075866, 0.000750958
563, 562, 0.000754678, 0.000749741
565, 551, 0.00109618, 0.000753436
565, 552, 0.00104853, 0.00075282
565, 553, 0.00102352, 0.000752474
565, 555, 0.000959971, 0.000752957
565, 556, 0.000843541, 0.000755347
565, 557, 0.000848432, 0.000749093
565, 558, 0.000835849, 0.000751832
565, 559, 0.000801237, 0.000753368
565, 560, 0.000843852, 0.000752578
565, 561, 0.000789455, 0.00075534
565, 562, 0.000764868, 0.00075407
565, 563, 0.00077087, 0.000754321
566, 552, 0.00119188, 0.000756452
566, 553, 0.00116632, 0.000756484
566, 555, 0.0010979, 0.00075323
566, 556, 0.000953947, 0.000755469
566, 557, 0.00095691, 0.00075111
566, 558, 0.000942824, 0.000755184
566, 559, 0.000889379, 0.000757256
566, 560, 0.000951713, 0.000753945
566, 561, 0.000871767, 0.000754952
566, 562, 0.000820163, 0.000755603
566, 563, 0.000839579, 0.000756408
566, 565, 0.00077296, 0.000752959
567, 553, 0.00124488, 0.000755693
567, 555, 0.00117224, 0.000756729
567, 556, 0.00101881, 0.00075784
567, 557, 0.00102413, 0.000753464
567, 558, 0.00100552, 0.000756125
567, 559, 0.000945031, 0.000756478
567, 560, 0.00101744, 0.000756293
567, 561, 0.000930801, 0.000756637
567, 562, 0.000867219, 0.000756498
567, 563, 0.000887778, 0.000757391
567, 565, 0.000800946, 0.000756437
567, 566, 0.000770553, 0.000758409
568, 556, 0.00114052, 0.000760712
568, 557, 0.00114712, 0.000755281
568, 558, 0.00112076, 0.000757923
568, 559, 0.00106317, 0.000758947
568, 560, 0.00113704, 0.000759285
568, 561, 0.00104064, 0.000759772
568, 562, 0.000964844, 0.000761435
568, 563, 0.000990876, 0.000759
568, 565, 0.00087381, 0.000758262
568, 566, 0.000815847, 0.000761514
568, 567, 0.000779771, 0.000758983
569, 556, 0.0011526, 0.000762362
569, 557, 0.00116352, 0.000757384
569, 558, 0.00113883, 0.000759646
569, 559, 0.00107612, 0.000760974
569, 560, 0.00115382, 0.000759612
569, 561, 0.00105868, 0.000761239
569, 562, 0.00098122, 0.000761345
569, 563, 0.00100468, 0.000762052
569, 565, 0.000890429, 0.00075859
569, 566, 0.000825014, 0.000761593
569, 567, 0.000786347, 0.000760405
569, 568, 0.000766147, 0.000760561
570, 559, 0.00131292, 0.000764899
570, 561, 0.00129105, 0.000765026
570, 562, 0.00119678, 0.000765291
570, 563, 0.00123202, 0.000763918
570, 565, 0.00107856, 0.000764256
570, 566, 0.000996556, 0.000766288
570, 567, 0.000923442, 0.000763144
570, 568, 0.000856973, 0.000764921
570, 569, 0.000825942, 0.000766086
572, 562, 0.00142785, 0.000768835
572, 563, 0.0014716, 0.000769724
572, 565, 0.00130362, 0.000767522
572, 566, 0.0012045, 0.000768761
572, 567, 0.00111519, 0.000768128
572, 568, 0.00102211, 0.000768273
572, 569, 0.000977519, 0.000769965
572, 570, 0.000809493, 0.000768977
573, 562, 0.00148601, 0.000768048
573, 565, 0.00135675, 0.000768071
573, 566, 0.0012536, 0.000770766
573, 567, 0.00116187, 0.00076763
573, 568, 0.00106878, 0.000769482
573, 569, 0.00102468, 0.000771262
573, 570, 0.000833792, 0.000769747
573, 572, 0.000772973, 0.000770523
574, 565, 0.00146276, 0.000770293
574, 566, 0.00135045, 0.000772802
574, 567, 0.00125818, 0.000770963
574, 568, 0.00116668, 0.000772861
574, 569, 0.00111214, 0.000773313
574, 570, 0.000892936, 0.000773064
574, 572, 0.000801852, 0.000772731
574, 573, 0.000787045, 0.000771886
575, 566, 0.00153635, 0.000775611
575, 567, 0.00143875, 0.000773781
575, 568, 0.00133517, 0.000776813
575, 569, 0.00127724, 0.000776043
575, 570, 0.00101579, 0.000775299
575, 572, 0.000880309, 0.00077538
575, 573, 0.000850026, 0.000774045
575, 574, 0.000811945, 0.00077448
576, 567, 0.0015288, 0.000773647
576, 568, 0.00142298, 0.000776159
576, 569, 0.00136638, 0.00077765
576, 570, 0.00108968, 0.0007751
576, 572, 0.00093864, 0.000775214
576, 573, 0.000900528, 0.000774526
576, 574, 0.000852675, 0.000775593
576, 575, 0.000785828, 0.000774481
577, 568, 0.00155038, 0.000778562
577, 569, 0.00149029, 0.000778289
577, 570, 0.00119824, 0.000778181
577, 572, 0.0010316, 0.000779662
577, 573, 0.000988275, 0.000777662
577, 574, 0.000927391, 0.00077867
577, 575, 0.000827784, 0.000776271
577, 576, 0.000796393, 0.000774134
579, 569, 0.00156647, 0.000779932
579, 570, 0.00127211, 0.000779695
579, 572, 0.00109088, 0.000780577
579, 573, 0.00104675, 0.000779248
579, 574, 0.000985452, 0.000780859
579, 575, 0.000865408, 0.000777921
579, 576, 0.000824071, 0.000776447
579, 577, 0.000782815, 0.000777775
580, 570, 0.00141302, 0.000780968
580, 572, 0.00121975, 0.000782395
580, 573, 0.00116694, 0.000781612
580, 574, 0.00110149, 0.000782058
580, 575, 0.000955671, 0.000779792
580, 576, 0.00089684, 0.000778804
580, 577, 0.000817173, 0.000780192
580, 579, 0.000805834, 0.000781013
581, 572, 0.00143735, 0.00078505
581, 573, 0.00137833, 0.000784992
581, 574, 0.00130313, 0.000786023
581, 575, 0.00113371, 0.000782491
581, 576, 0.00105845, 0.000781513
581, 577, 0.000940037, 0.000783527
581, 579, 0.000914515, 0.0007837
581, 580, 0.000835672, 0.000783428
582, 572, 0.00140402, 0.00078476
582, 573, 0.00134295, 0.000784683
582, 574, 0.00126908, 0.000785007
582, 575, 0.00110354, 0.0007829
582, 576, 0.0010292, 0.000781732
582, 577, 0.00091695, 0.000783394
582, 579, 0.000893193, 0.000784098
582, 580, 0.000821532, 0.000782619
582, 581, 0.000791115, 0.000785124
583, 574, 0.00146182, 0.00078783
583, 575, 0.0012773, 0.000786224
583, 576, 0.00119409, 0.000784591
583, 577, 0.00105491, 0.000784756
583, 579, 0.00102163, 0.000786779
583, 580, 0.000922447, 0.000785296
583, 581, 0.00080012, 0.000787738
583, 582, 0.000818406, 0.000785806
584, 575, 0.00138375, 0.000786452
584, 576, 0.00128884, 0.000784152
584, 577, 0.00114165, 0.000787352
584, 579, 0.00111132, 0.000787731
584, 580, 0.000993127, 0.000785617
584, 581, 0.000833358, 0.000788649
584, 582, 0.000863231, 0.000788703
584, 583, 0.000794657, 0.000789104
585, 575, 0.0013901, 0.000786687
585, 576, 0.00129842, 0.000784963
585, 577, 0.00114829, 0.000786777
585, 579, 0.0011133, 0.000789745
585, 580, 0.001006, 0.000786996
585, 581, 0.000838229, 0.000789397
585, 582, 0.000867765, 0.000788177
585, 583, 0.000801282, 0.000788488
585, 584, 0.000794972, 0.000787883
586, 577, 0.00129736, 0.000790038
586, 579, 0.00126292, 0.000789145
586, 580, 0.00113065, 0.000789747
586, 581, 0.000920867, 0.000790665
586, 582, 0.000967192, 0.000790771
586, 583, 0.000850826, 0.000791268
586, 584, 0.000834277, 0.000789276
586, 585, 0.000799673, 0.00079341
587, 579, 0.00132256, 0.000790877
587, 580, 0.00118735, 0.000789423
587, 581, 0.000961172, 0.000792512
587, 582, 0.00101133, 0.000791198
587, 583, 0.0008807, 0.00079233
587, 584, 0.000860966, 0.000791064
587, 585, 0.000815445, 0.000793315
587, 586, 0.000797227, 0.000790629
589, 580, 0.00127532, 0.000791269
589, 581, 0.00103932, 0.000794292
589, 582, 0.0010933, 0.000793031
589, 583, 0.000941216, 0.00079407
589, 584, 0.000920117, 0.000792861
589, 585, 0.000855835, 0.000795766
589, 586, 0.000820572, 0.000791851
589, 587, 0.000814597, 0.000792941
590, 581, 0.00105767, 0.000793915
590, 582, 0.00111055, 0.000793318
590, 583, 0.000960357, 0.000794371
590, 584, 0.00093651, 0.000792511
590, 585, 0.000866118, 0.000796634
590, 586, 0.000827501, 0.000792774
590, 587, 0.000818434, 0.000793151
590, 589, 0.00079601, 0.000795534
591, 581, 0.00104498, 0.000795127
591, 582, 0.00109471, 0.000792564
591, 583, 0.000950127, 0.000794766
591, 584, 0.00092414, 0.000793688
591, 585, 0.000859435, 0.000795906
591, 586, 0.000822768, 0.000792535
591, 587, 0.000813028, 0.00079303
591, 589, 0.000795265, 0.000795271
591, 590, 0.000797386, 0.000794478
592, 581, 0.00106027, 0.00079461
592, 582, 0.00112042, 0.000793004
592, 583, 0.000964932, 0.000794296
592, 584, 0.00093893, 0.000792605
592, 585, 0.000868395, 0.000795459
592, 586, 0.000830832, 0.000793295
592, 587, 0.000822337, 0.000793162
592, 589, 0.000797664, 0.000794654
592, 590, 0.000795472, 0.000794061
592, 591, 0.000795508, 0.000795527
593, 581, 0.00107891, 0.000794953
593, 583, 0.000975156, 0.000796026
593, 584, 0.000951769, 0.000794242
593, 585, 0.000880755, 0.000796527
593, 586, 0.00083519, 0.000792536
593, 587, 0.000825798, 0.00079358
593, 589, 0.000798917, 0.000796121
593, 590, 0.000796281, 0.000795537
593, 591, 0.000796273, 0.000796327
593, 592, 0.000794963, 0.000796205
594, 583, 0.00111475, 0.000796769
594, 584, 0.00108241, 0.000795626
594, 585, 0.000992609, 0.000798998
594, 586, 0.000929506, 0.000794374
594, 587, 0.000914458, 0.000796566
594, 589, 0.000854112, 0.000797541
594, 590, 0.000830467, 0.000796629
594, 591, 0.000830306, 0.000798008
594, 592, 0.000837234, 0.000798118
594, 593, 0.000816428, 0.000794958
595, 584, 0.00122084, 0.000798839
595, 585, 0.00111808, 0.000800358
595, 586, 0.00103866, 0.000798222
595, 587, 0.00102232, 0.000798246
595, 589, 0.00094115, 0.000800543
595, 590, 0.000903165, 0.000799908
595, 591, 0.000901721, 0.000800395
595, 592, 0.000913947, 0.000801338
595, 593, 0.000878734, 0.000797234
595, 594, 0.00083194, 0.000799403
596, 585, 0.00113985, 0.000802533
596, 586, 0.00106143, 0.0007992
596, 587, 0.00104119, 0.000799138
596, 589, 0.000958252, 0.000801338
596, 590, 0.000919142, 0.0008012
596, 591, 0.00091854, 0.000801563
596, 592, 0.000928959, 0.000802628
596, 593, 0.00089517, 0.000798265
596, 594, 0.000841252, 0.000799414
596, 595, 0.000800297, 0.00079858
597, 586, 0.00123523, 0.000802448
597, 587, 0.00121595, 0.000802153
597, 589, 0.00110994, 0.000803201
597, 590, 0.00106305, 0.000803691
597, 591, 0.00106698, 0.000804025
597, 592, 0.00107951, 0.000804713
597, 593, 0.00103278, 0.000802343
597, 594, 0.000950347, 0.000803261
597, 595, 0.000849811, 0.000802749
597, 596, 0.000846257, 0.000801628
599, 589, 0.00131892, 0.000807704
599, 590, 0.00126741, 0.000806695
599, 591, 0.00126457, 0.000808431
599, 592, 0.00128124, 0.000808456
599, 593, 0.00122593, 0.00080595
599, 594, 0.00112489, 0.000806536
599, 595, 0.000980077, 0.000805608
599, 596, 0.000971286, 0.00080566
599, 597, 0.00085918, 0.000806574
601, 594, 0.00186702, 0.000817748
601, 595, 0.00166942, 0.0008167
601, 596, 0.00165691, 0.000816045
601, 597, 0.00145094, 0.000816922
601, 599, 0.00120798, 0.000818801
602, 595, 0.00225359, 0.000823178
602, 596, 0.0022409, 0.000823475
602, 597, 0.00201133, 0.000825074
602, 599, 0.00174395, 0.000825702
602, 601, 0.00104399, 0.000824423
604, 597, 0.00241414, 0.000829203
604, 599, 0.00213524, 0.000830191
604, 601, 0.00135002, 0.000829339
604, 602, 0.000922977, 0.00082814
605, 599, 0.00233928, 0.000832291
605, 601, 0.00154097, 0.000831114
605, 602, 0.00104237, 0.000830212
605, 604, 0.000857262, 0.000831625
606, 601, 0.00176421, 0.000833863
606, 602, 0.00121907, 0.000832966
606, 604, 0.000956878, 0.000834123
606, 605, 0.000878235, 0.000834038
607, 601, 0.00179466, 0.000834055
607, 602, 0.00124595, 0.000833399
607, 604, 0.00097467, 0.000834008
607, 605, 0.000888669, 0.000835103
607, 606, 0.000834199, 0.000834887
609, 602, 0.00143943, 0.000835367
609, 604, 0.00112742, 0.000837494
609, 605, 0.00100652, 0.000837846
609, 606, 0.000870465, 0.000837249
609, 607, 0.000878343, 0.00083563
610, 602, 0.00144624, 0.000836103
610, 604, 0.00113333, 0.000838229
610, 605, 0.00101307, 0.00083859
610, 606, 0.000873376, 0.000838587
610, 607, 0.000880218, 0.000837083
610, 609, 0.000836765, 0.000837386
611, 602, 0.00147569, 0.000837583
611, 604, 0.00115955, 0.000837866
611, 605, 0.00103251, 0.000838092
611, 606, 0.000885023, 0.000838545
611, 607, 0.000893479, 0.000837558
611, 609, 0.000839865, 0.000838049
611, 610, 0.000837975, 0.000836204
612, 602, 0.00150729, 0.00083746
612, 604, 0.00118407, 0.000839023
612, 605, 0.00105532, 0.000838695
612, 606, 0.000895998, 0.000839335
612, 607, 0.000908054, 0.000837629
612, 609, 0.000843955, 0.000838054
612, 610, 0.000840165, 0.000836932
612, 611, 0.00083872, 0.000836743
613, 604, 0.00122647, 0.000839578
613, 605, 0.00108952, 0.000839566
613, 606, 0.000923845, 0.000840387
613, 607, 0.000932105, 0.000838249
613, 609, 0.000855469, 0.000838834
613, 610, 0.000849941, 0.000838094
613, 611, 0.00084532, 0.000839097
613, 612, 0.000843458, 0.00083987
615, 606, 0.000972519, 0.000841366
615, 607, 0.00098155, 0.000839932
615, 609, 0.000880938, 0.000839647
615, 610, 0.000870944, 0.000838399
615, 611, 0.000863372, 0.000840131
615, 612, 0.000857878, 0.000841423
615, 613, 0.000844722, 0.000841027
616, 606, 0.000971388, 0.000841843
616, 607, 0.000982558, 0.000839546
616, 609, 0.000880846, 0.000839473
616, 610, 0.000872264, 0.000838757
616, 611, 0.00086414, 0.00083978
616, 612, 0.00085824, 0.000840489
616, 613, 0.000845051, 0.000841538
616, 615, 0.000842367, 0.000838061
617, 609, 0.000928269, 0.000842469
617, 610, 0.000912884, 0.000840555
617, 611, 0.000903032, 0.000840836
617, 612, 0.000892853, 0.000842803
617, 613, 0.000869807, 0.000841823
617, 615, 0.000846497, 0.000840402
617, 616, 0.000846309, 0.00084147
618, 609, 0.000931911, 0.000840848
618, 610, 0.000913984, 0.000839598
618, 611, 0.000905705, 0.000840756
618, 612, 0.000893416, 0.00084256
618, 613, 0.000870619, 0.000842028
618, 615, 0.000845916, 0.000840091
618, 616, 0.000845527, 0.000840717
618, 617, 0.000839513, 0.000840433
619, 609, 0.000950042, 0.000842388
619, 610, 0.000931144, 0.000841299
619, 611, 0.000920487, 0.000842141
619, 612, 0.00090848, 0.000843424
619, 613, 0.000884208, 0.000843325
619, 615, 0.000853121, 0.000840636
619, 616, 0.000852806, 0.000842043
619, 617, 0.000842513, 0.000841484
619, 618, 0.000844955, 0.000840503
620, 610, 0.000945592, 0.000842197
620, 611, 0.000933981, 0.000842583
620, 612, 0.000923894, 0.000843975
620, 613, 0.000894179, 0.000842583
620, 615, 0.000860669, 0.000841271
620, 616, 0.000858866, 0.000842539
620, 617, 0.000845699, 0.000842249
620, 618, 0.000849062, 0.000841279
620, 619, 0.000843973, 0.000843335
621, 611, 0.000996453, 0.000844415
621, 612, 0.000977044, 0.000845234
621, 613, 0.000945457, 0.000845059
621, 615, 0.000895465, 0.0008429
621, 616, 0.000893705, 0.000844328
621, 617, 0.000866692, 0.000844157
621, 618, 0.000876297, 0.000842025
621, 619, 0.000862219, 0.000845545
621, 620, 0.000851063, 0.000846032
622, 612, 0.0010011, 0.000845062
622, 613, 0.000966961, 0.00084553
622, 615, 0.000909499, 0.000843709
622, 616, 0.000908518, 0.000843353
622, 617, 0.000878443, 0.000844348
622, 618, 0.000888586, 0.000843209
622, 619, 0.000872069, 0.000844098
622, 620, 0.000857925, 0.000844676
622, 621, 0.000850543, 0.000843447
623, 613, 0.00097741, 0.000845787
623, 615, 0.000919187, 0.000844428
623, 616, 0.00091799, 0.000845368
623, 617, 0.000884728, 0.000844911
623, 618, 0.000895747, 0.000843428
623, 619, 0.000877601, 0.000845511
623, 620, 0.000862483, 0.000846902
623, 621, 0.00085277, 0.000844445
623, 622, 0.000848459, 0.000844557
624, 617, 0.000974193, 0.000848859
624, 618, 0.000989566, 0.000847723
624, 619, 0.000962137, 0.000849523
624, 620, 0.000934128, 0.00085047
624, 621, 0.000909851, 0.000849032
624, 622, 0.000897381, 0.000849273
624, 623, 0.000869398, 0.000850111
625, 619, 0.00108255, 0.000854426
625, 620, 0.00104516, 0.000855089
625, 621, 0.00101154, 0.000852842
625, 622, 0.000992569, 0.00085372
625, 623, 0.000944345, 0.000853698
625, 624, 0.000880441, 0.000853648
626, 621, 0.0012834, 0.00085928
626, 622, 0.00125882, 0.000861179
626, 623, 0.00118344, 0.000861356
626, 624, 0.0010602, 0.000860837
626, 625, 0.000944795, 0.000860668
627, 624, 0.00146984, 0.000869715
627, 625, 0.00129585, 0.000870515
627, 626, 0.00103173, 0.000871918
628, 625, 0.00142672, 0.000873815
628, 626, 0.00113419, 0.000876161
628, 627, 0.000887752, 0.000876925
630, 626, 0.00121316, 0.000879199
630, 627, 0.000916252, 0.000880616
630, 628, 0.000887841, 0.000879564
631, 626, 0.00126625, 0.000879261
631, 627, 0.000941939, 0.000880079
631, 628, 0.000907054, 0.000879394
631, 630, 0.000885263, 0.000879759
632, 627, 0.000959022, 0.000882884
632, 628, 0.000915392, 0.00088126
632, 630, 0.000886811, 0.000881264
632, 631, 0.000881763, 0.000881182
633, 627, 0.000970573, 0.000883999
633, 628, 0.000928165, 0.00088218
633, 630, 0.00089581, 0.000880502
633, 631, 0.000888129, 0.000881399
633, 632, 0.000883641, 0.00088045
634, 627, 0.000961905, 0.00088284
634, 628, 0.000920178, 0.000880985
634, 630, 0.000890189, 0.000881399
634, 631, 0.000884794, 0.000882552
634, 632, 0.000880189, 0.000880056
634, 633, 0.000879665, 0.000883317
635, 628, 0.000932386, 0.000884237
635, 630, 0.000898197, 0.000883319
635, 631, 0.000891077, 0.000884401
635, 632, 0.000885056, 0.000882022
635, 633, 0.000883854, 0.000883077
635, 634, 0.000883513, 0.000881334
636, 630, 0.000906052, 0.000884919
636, 631, 0.000896537, 0.000885863
636, 632, 0.000891082, 0.000882423
636, 633, 0.000888807, 0.000885962
636, 634, 0.000888397, 0.000881792
636, 635, 0.000887311, 0.000883153
637, 631, 0.000898365, 0.000887189
637, 632, 0.000892285, 0.000884994
637, 633, 0.000890206, 0.000885878
637, 634, 0.000889363, 0.000882995
637, 635, 0.00088862, 0.000884341
637, 636, 0.00088594, 0.000885656
638, 631, 0.000894502, 0.000888165
638, 632, 0.000891779, 0.000885424
638, 633, 0.000889639, 0.000888978
638, 634, 0.000889319, 0.000884868
638, 635, 0.000888298, 0.000886049
638, 636, 0.000887406, 0.000887285
638, 637, 0.00088659, 0.000881971
639, 633, 0.000898621, 0.000888719
639, 634, 0.000898131, 0.000885551
639, 635, 0.00089523, 0.000885727
639, 636, 0.000892704, 0.000888455
639, 637, 0.00089046, 0.00088425
639, 638, 0.000888419, 0.000888455
640, 635, 0.000906763, 0.000886069
640, 636, 0.000901518, 0.000888557
640, 637, 0.000897636, 0.000886117
640, 638, 0.000892391, 0.000890123
640, 639, 0.000892341, 0.000887757
641, 635, 0.00090687, 0.00088795
641, 636, 0.000903189, 0.000891174
641, 637, 0.000898509, 0.000886492
641, 638, 0.000895451, 0.00089266
641, 639, 0.000893837, 0.000889784
641, 640, 0.000891009, 0.00089107
642, 636, 0.000934714, 0.000892895
642, 637, 0.000925601, 0.000888904
642, 638, 0.000918633, 0.000894354
642, 639, 0.000916, 0.000892902
642, 640, 0.000908353, 0.000894114
642, 641, 0.000898447, 0.000892894
643, 637, 0.000936509, 0.000890127
643, 638, 0.000929504, 0.000892967
643, 639, 0.000925592, 0.000893222
643, 640, 0.000917638, 0.000894363
643, 641, 0.000906357, 0.000892975
643, 642, 0.000893206, 0.000892977
644, 638, 0.000931759, 0.000894778
644, 639, 0.000928834, 0.00089402
644, 640, 0.000919235, 0.000895064
644, 641, 0.000906526, 0.000892222
644, 642, 0.000892921, 0.000893723
644, 643, 0.000892645, 0.000895315
645, 640, 0.000932695, 0.000895162
645, 641, 0.000917739, 0.000893373
645, 642, 0.000896875, 0.000894796
645, 643, 0.000896065, 0.000897922
645, 644, 0.000894791, 0.000895192
646, 641, 0.000950067, 0.000895902
646, 642, 0.000914651, 0.000897111
646, 643, 0.000910865, 0.00089893
646, 644, 0.000908628, 0.000897536
646, 645, 0.000902378, 0.000897588
647, 641, 0.000948168, 0.000896447
647, 642, 0.000913308, 0.000896238
647, 643, 0.000909429, 0.000899107
647, 644, 0.000907226, 0.000897902
647, 645, 0.000900891, 0.000897459
647, 646, 0.000894933, 0.000896991
648, 642, 0.000922381, 0.000894517
648, 643, 0.000919443, 0.000898902
648, 644, 0.000915232, 0.000896184
648, 645, 0.000908684, 0.000897307
648, 646, 0.000898186, 0.000895131
648, 647, 0.000898964, 0.000894471
649, 642, 0.000923614, 0.000896169
649, 643, 0.0009201, 0.000899253
649, 644, 0.000916099, 0.000897774
649, 645, 0.000908975, 0.000898141
649, 646, 0.000898359, 0.000897555
649, 647, 0.000899152, 0.000895369
649, 648, 0.000897828, 0.000898109
650, 642, 0.000992046, 0.000897333
650, 643, 0.000979788, 0.000899866
650, 644, 0.00097859, 0.000899522
650, 645, 0.000962204, 0.000898793
650, 646, 0.00093142, 0.000898155
650, 647, 0.000928489, 0.00089706
650, 648, 0.000923216, 0.000899526
650, 649, 0.000925589, 0.000898441
651, 642, 0.00109644, 0.000898827
651, 643, 0.00107573, 0.000904578
651, 644, 0.00107828, 0.000904147
651, 645, 0.00105155, 0.000901099
651, 646, 0.00100404, 0.000899471
651, 647, 0.000999631, 0.000898889
651, 648, 0.000989808, 0.000901874
651, 649, 0.000993572, 0.000900836
651, 650, 0.000916394, 0.000901787
652, 646, 0.00132148, 0.000907511
652, 647, 0.00131784, 0.00090649
652, 648, 0.00129903, 0.000906186
652, 649, 0.00130389, 0.000907993
652, 650, 0.00114485, 0.000908181
652, 651, 0.00105076, 0.000902278
654, 650, 0.00234091, 0.00092345
654, 651, 0.00218783, 0.00092009
654, 652, 0.00171754, 0.00092812
655, 651, 0.00264376, 0.000924151
655, 652, 0.00214388, 0.000931277
655, 654, 0.00102868, 0.000929168
656, 652, 0.00246861, 0.000936779
656, 654, 0.0012242, 0.000931796
656, 655, 0.000999977, 0.000933
657, 654, 0.00150145, 0.000935272
657, 655, 0.00119926, 0.000934782
657, 656, 0.00101007, 0.000939059
658, 654, 0.00149351, 0.000935206
658, 655, 0.00119202, 0.00093778
658, 656, 0.00100699, 0.000938076
658, 657, 0.00093795, 0.000942132
659, 654, 0.001647, 0.000936238
659, 655, 0.00130961, 0.000938547
659, 656, 0.00109203, 0.000940876
659, 657, 0.000957234, 0.00094266
659, 658, 0.000957236, 0.000940991
660, 654, 0.00150601, 0.000933328
660, 655, 0.00120206, 0.000937582
660, 656, 0.00101145, 0.000940476
660, 657, 0.000939162, 0.0009419
660, 658, 0.000938262, 0.000937393
660, 659, 0.00095565, 0.000939792
661, 655, 0.00147526, 0.000940286
661, 656, 0.00121387, 0.00094121
661, 657, 0.00102243, 0.000944479
661, 658, 0.00101939, 0.000942444
661, 659, 0.000965398, 0.000942331
661, 660, 0.00101483, 0.000940989
662, 655, 0.00147352, 0.00094014
662, 656, 0.00121506, 0.000942221
662, 657, 0.00101818, 0.000944609
662, 658, 0.00101648, 0.000941649
662, 659, 0.000962189, 0.00094257
662, 660, 0.0010116, 0.00093943
662, 661, 0.00093766, 0.000940483
663, 656, 0.00128514, 0.000943282
663, 657, 0.00106528, 0.000946402
663, 658, 0.001064, 0.000942879
663, 659, 0.000995153, 0.000944261
663, 660, 0.00106031, 0.000940033
663, 661, 0.000947538, 0.000941137
663, 662, 0.000951033, 0.000939681
664, 657, 0.00117933, 0.000945986
664, 658, 0.00117802, 0.000943689
664, 659, 0.00107526, 0.000944767
664, 660, 0.00116885, 0.000941968
664, 661, 0.00098882, 0.000944819
664, 662, 0.000995549, 0.000942785
664, 663, 0.000962887, 0.000943386
665, 657, 0.00129448, 0.000946874
665, 658, 0.00128957, 0.000945698
665, 659, 0.0011782, 0.000945559
665, 660, 0.00128268, 0.000944346
665, 661, 0.00105699, 0.000944153
665, 662, 0.0010702, 0.000942102
665, 663, 0.00101898, 0.000945423
665, 664, 0.000963322, 0.000939051
666, 659, 0.00150993, 0.000947516
666, 661, 0.00134464, 0.000947545
666, 662, 0.00136721, 0.000945403
666, 663, 0.00127792, 0.000947273
666, 664, 0.00116028, 0.000943352
666, 665, 0.00106211, 0.000946131
667, 659, 0.00148136, 0.000949241
667, 661, 0.00132317, 0.000947665
667, 662, 0.00134022, 0.000943369
667, 663, 0.00125651, 0.000947631
667, 664, 0.0011381, 0.000942436
667, 665, 0.00104929, 0.000945325
667, 666, 0.000948745, 0.000944718
668, 661, 0.00160427, 0.000948054
668, 662, 0.00162313, 0.000946863
668, 663, 0.0015248, 0.000949098
668, 664, 0.00137904, 0.000944934
668, 665, 0.0012541, 0.000947467
668, 666, 0.00101428, 0.000947468
668, 667, 0.00101128, 0.000949411
669, 664, 0.00195716, 0.000949006
669, 665, 0.00179689, 0.00095044
669, 666, 0.00142617, 0.000949179
669, 667, 0.00141143, 0.0009533
669, 668, 0.00119197, 0.000950219
670, 665, 0.0024889, 0.00095191
670, 666, 0.00207122, 0.000952799
670, 667, 0.00205624, 0.000954908
670, 668, 0.00177599, 0.000954315
670, 669, 0.00123811, 0.000957655
672, 666, 0.00268933, 0.000955491
672, 667, 0.00267874, 0.000957748
672, 668, 0.00237274, 0.000956038
672, 669, 0.00174962, 0.000958414
672, 670, 0.00119897, 0.000957595
673, 668, 0.00297499, 0.000956688
673, 669, 0.00231255, 0.000962297
673, 670, 0.00166813, 0.000959785
673, 672, 0.00117911, 0.000963939
674, 669, 0.00249128, 0.000961669
674, 670, 0.00182844, 0.000960238
674, 672, 0.00130281, 0.000964565
674, 673, 0.000983834, 0.000957515
675, 670, 0.00197959, 0.000958431
675, 672, 0.00142645, 0.000963584
675, 673, 0.00103336, 0.00095826
675, 674, 0.000983238, 0.000956445
676, 670, 0.00195617, 0.000960481
676, 672, 0.00140653, 0.000964136
676, 673, 0.00102529, 0.000956534
676, 674, 0.00097892, 0.000959092
676, 675, 0.000965484, 0.000960748
677, 670, 0.00224285, 0.000962137
677, 672, 0.00165556, 0.000964649
677, 673, 0.0011774, 0.000958281
677, 674, 0.00108531, 0.000958795
677, 675, 0.000982805, 0.000962648
677, 676, 0.00101192, 0.000959771
678, 672, 0.00184322, 0.000963728
678, 673, 0.00131494, 0.000960085
678, 674, 0.00120685, 0.000957946
678, 675, 0.00105036, 0.000962373
678, 676, 0.00110207, 0.000960128
678, 677, 0.000983253, 0.000959459
679, 672, 0.00186011, 0.000965882
679, 673, 0.0013286, 0.000958863
679, 674, 0.00121953, 0.000958805
679, 675, 0.00106161, 0.000962647
679, 676, 0.00111584, 0.000960946
679, 677, 0.000991009, 0.000959668
679, 678, 0.000963785, 0.0009578
680, 672, 0.0022039, 0.000964482
680, 673, 0.00162662, 0.000959554
680, 674, 0.00149129, 0.000960939
680, 675, 0.00128293, 0.000961923
680, 676, 0.00135896, 0.000961649
680, 677, 0.00115257, 0.000959078
680, 678, 0.00104851, 0.000956879
680, 679, 0.00104069, 0.000963682
681, 673, 0.00159123, 0.000959517
681, 674, 0.00146096, 0.000958898
681, 675, 0.00124716, 0.000963813
681, 676, 0.00132708, 0.000961595
681, 677, 0.00112788, 0.000960374
681, 678, 0.00103163, 0.000957605
681, 679, 0.00102264, 0.00096382
681, 680, 0.000960439, 0.00096341
682, 673, 0.00172016, 0.000960469
682, 674, 0.00158015, 0.000959204
682, 675, 0.00135614, 0.000962415
682, 676, 0.00143327, 0.000960964
682, 677, 0.00121515, 0.000960731
682, 678, 0.00109408, 0.000957825
682, 679, 0.00108666, 0.000964086
682, 680, 0.000967097, 0.000962636
682, 681, 0.00097021, 0.000961415
683, 677, 0.00157486, 0.000960753
683, 678, 0.00140778, 0.00095683
683, 679, 0.00139091, 0.000963457
683, 680, 0.00114262, 0.000963034
683, 681, 0.00115384, 0.000960363
683, 682, 0.00110463, 0.000962746
684, 678, 0.00124432, 0.000957411
684, 679, 0.00123341, 0.000965095
684, 680, 0.00103859, 0.000962572
684, 681, 0.001038, 0.000960789
684, 682, 0.00101055, 0.00096356
684, 683, 0.000976729, 0.000963553
685, 678, 0.00146399, 0.000957529
685, 679, 0.00144829, 0.000962127
685, 680, 0.00118685, 0.000961578
685, 681, 0.00119674, 0.000959176
685, 682, 0.00114513, 0.000964304
685, 683, 0.000973303, 0.000961428
685, 684, 0.00101396, 0.000963885
686, 678, 0.00164177, 0.00095674
686, 679, 0.00162557, 0.000963496
686, 680, 0.00133201, 0.000961953
686, 681, 0.00134334, 0.000960654
686, 682, 0.00128525, 0.000963164
686, 683, 0.00103616, 0.000960106
686, 684, 0.00110807, 0.000965504
686, 685, 0.000992351, 0.000960065
687, 677, 0.00229154, 0.000959348
687, 680, 0.00174636, 0.000960652
687, 681, 0.00176018, 0.000959178
687, 682, 0.00168151, 0.000961901
687, 683, 0.00132989, 0.000961164
687, 684, 0.00145164, 0.000964446
687, 685, 0.00123822, 0.000959838
687, 686, 0.00111171, 0.000960304
688, 680, 0.00206133, 0.000961106
688, 681, 0.00207495, 0.000959008
688, 682, 0.00199221, 0.000961667
688, 683, 0.00160529, 0.000962384
688, 684, 0.00173504, 0.000965299
688, 685, 0.00149688, 0.000957075
688, 686, 0.00133386, 0.000957862
688, 687, 0.00101736, 0.000959431
690, 683, 0.00208253, 0.000957738
690, 685, 0.00195895, 0.000957445
690, 686, 0.00176483, 0.000958124
690, 687, 0.00131444, 0.000957593
690, 688, 0.00113282, 0.000961529
691, 680, 0.00220019, 0.000961743
691, 682, 0.00212577, 0.000963009
691, 683, 0.00172977, 0.000962331
691, 685, 0.00161034, 0.000956985
691, 686, 0.00144049, 0.000957853
691, 687, 0.00107204, 0.000956983
691, 688, 0.000976871, 0.000963423
691, 690, 0.0010342, 0.000963129
692, 686, 0.00270686, 0.000953423
692, 687, 0.00215825, 0.000954286
692, 688, 0.00189722, 0.000962394
692, 690, 0.00142483, 0.000958898
692, 691, 0.00172308, 0.000953234
693, 687, 0.00220208, 0.000955677
693, 688, 0.00194224, 0.000960401
693, 690, 0.00145976, 0.000961647
693, 691, 0.00175656, 0.000951987
693, 692, 0.000958335, 0.000960276
694, 687, 0.00254059, 0.000953014
694, 688, 0.0022657, 0.000958904
694, 690, 0.00175731, 0.000958619
694, 691, 0.00207806, 0.000949658
694, 692, 0.00104477, 0.000957289
694, 693, 0.00104863, 0.000955809
695, 687, 0.00252895, 0.000953172
695, 688, 0.0022595, 0.000960014
695, 690, 0.00175497, 0.000958953
695, 691, 0.00207549, 0.000950743
695, 692, 0.00103622, 0.000957537
695, 693, 0.00104668, 0.000954812
695, 694, 0.000952071, 0.000957625
696, 688, 0.0030255, 0.000955627
696, 690, 0.00247195, 0.000954318
696, 691, 0.00282623, 0.000948924
696, 692, 0.00154715, 0.000952853
696, 693, 0.00156523, 0.000952818
696, 694, 0.001257, 0.000954634
696, 695, 0.00123398, 0.000952563
698, 692, 0.00241712, 0.00095062
698, 693, 0.0024506, 0.000947729
698, 694, 0.00206059, 0.000948239
698, 695, 0.00203783, 0.000948356
698, 696, 0.0013577, 0.000945309
699, 692, 0.00254561, 0.000952334
699, 693, 0.00257291, 0.000949492
699, 694, 0.00218731, 0.000950267
699, 695, 0.00215566, 0.00094954
699, 696, 0.00145417, 0.000945611
699, 698, 0.000960198, 0.000951503
701, 692, 0.00277553, 0.000946232
701, 694, 0.00240409, 0.000946251
701, 695, 0.0023708, 0.00094798
701, 696, 0.00164235, 0.000943762
701, 698, 0.0010077, 0.000949094
701, 699, 0.000994901, 0.000951406
702, 694, 0.00258978, 0.000946841
702, 695, 0.00256639, 0.000945925
702, 696, 0.00181252, 0.000942693
702, 698, 0.00110434, 0.000948426
702, 699, 0.00107613, 0.000949809
702, 701, 0.000965838, 0.000947833
703, 696, 0.00204286, 0.00094108
703, 698, 0.00125615, 0.000947789
703, 699, 0.00122179, 0.000949114
703, 701, 0.00105085, 0.000945038
703, 702, 0.00100252, 0.000946443
704, 696, 0.00208073, 0.000940483
704, 698, 0.0012838, 0.000947543
704, 699, 0.00125167, 0.000947445
704, 701, 0.0010735, 0.000943088
704, 702, 0.001021, 0.000943145
704, 703, 0.000949068, 0.000944255
705, 696, 0.00210621, 0.000940542
705, 698, 0.001303, 0.000947119
705, 699, 0.00126998, 0.00094584
705, 701, 0.00108527, 0.000944607
705, 702, 0.00102974, 0.000944664
705, 703, 0.000948585, 0.000945262
705, 704, 0.000944904, 0.000949161
706, 696, 0.0022458, 0.000940829
706, 698, 0.0014037, 0.000946616
706, 699, 0.00136856, 0.000946517
706, 701, 0.00116398, 0.000944998
706, 702, 0.00109295, 0.000943819
706, 703, 0.000962621, 0.00094437
706, 704, 0.000947246, 0.000950878
706, 705, 0.000945011, 0.000943521
707, 698, 0.001521, 0.000945655
707, 699, 0.00147877, 0.000945751
707, 701, 0.00125399, 0.000942878
707, 702, 0.00117728, 0.000942936
707, 703, 0.00100012, 0.000944633
707, 704, 0.000981947, 0.00095013
707, 705, 0.000975186, 0.000942561
707, 706, 0.000951409, 0.000938427
708, 698, 0.00154822, 0.000945349
708, 699, 0.00150703, 0.000947336
708, 701, 0.00127522, 0.000941621
708, 702, 0.0011964, 0.000942754
708, 703, 0.00100979, 0.000944711
708, 704, 0.000988461, 0.000946779
708, 705, 0.000982226, 0.000943415
708, 706, 0.000954893, 0.000937553
708, 707, 0.000948203, 0.000942495
709, 698, 0.00163406, 0.000944738
709, 699, 0.00158155, 0.000944482
709, 701, 0.00134859, 0.000940784
709, 702, 0.00126055, 0.000942276
709, 703, 0.00104892, 0.000941372
709, 704, 0.0010221, 0.00094813
709, 705, 0.00101486, 0.000944064
709, 706, 0.000973212, 0.000938702
709, 707, 0.000959393, 0.000941121
709, 708, 0.000944335, 0.00094399
710, 698, 0.00171925, 0.000944342
710, 699, 0.00167659, 0.000944462
710, 701, 0.00142629, 0.000942824
710, 702, 0.00134027, 0.00094189
710, 703, 0.00110312, 0.000942184
710, 704, 0.00106807, 0.000948712
710, 705, 0.00105527, 0.000939964
710, 706, 0.0010075, 0.000938542
710, 707, 0.000987276, 0.000940908
710, 708, 0.000960012, 0.000940076
710, 709, 0.000939827, 0.000939772
711, 699, 0.00173593, 0.000945239
711, 701, 0.00148572, 0.000941158
711, 702, 0.00138781, 0.00094152
711, 703, 0.00114099, 0.000942122
711, 704, 0.00110721, 0.000945749
711, 705, 0.00109562, 0.000940756
711, 706, 0.00103773, 0.000936845
711, 707, 0.00101336, 0.000941838
711, 708, 0.000983012, 0.000941872
711, 709, 0.000951962, 0.000938335
711, 710, 0.000942894, 0.000934873
712, 701, 0.00166154, 0.000942138
712, 702, 0.00156111, 0.000939858
712, 703, 0.00128386, 0.000940293
712, 704, 0.00123207, 0.000945551
712, 705, 0.00122112, 0.000940379
712, 706, 0.00114843, 0.000935316
712, 707, 0.00111758, 0.00093874
712, 708, 0.00107248, 0.000939065
712, 709, 0.00100996, 0.000937992
712, 710, 0.000983239, 0.000933183
712, 711, 0.000968217, 0.000942628
713, 701, 0.0015836, 0.000938521
713, 702, 0.00148163, 0.000941003
713, 703, 0.0012191, 0.000942038
713, 704, 0.00117464, 0.000944495
713, 705, 0.00116295, 0.000939128
713, 706, 0.00109225, 0.000937863
713, 707, 0.00106754, 0.000940239
713, 708, 0.00102697, 0.000941629
713, 709, 0.000975558, 0.000935893
713, 710, 0.000954658, 0.00093597
713, 711, 0.000945275, 0.00094138
713, 712, 0.00093824, 0.000943
714, 704, 0.00153544, 0.00094169
714, 705, 0.00151883, 0.000935379
714, 706, 0.00143124, 0.00093388
714, 707, 0.00138841, 0.00093879
714, 708, 0.00131722, 0.000936407
714, 709, 0.00122103, 0.000935286
714, 710, 0.00115651, 0.000930453
714, 711, 0.00112971, 0.000942312
714, 712, 0.00105237, 0.000944877
714, 713, 0.00105574, 0.000935532
715, 706, 0.00165426, 0.000931395
715, 707, 0.00160853, 0.000934881
715, 708, 0.00153661, 0.000935252
715, 709, 0.00142402, 0.000931758
715, 710, 0.0013448, 0.000928047
715, 711, 0.00131202, 0.000938514
715, 712, 0.00121631, 0.000939686
715, 713, 0.00122147, 0.000930305
715, 714, 0.000979347, 0.000930959
716, 706, 0.00167883, 0.000931717
716, 707, 0.00163426, 0.000935096
716, 708, 0.00155945, 0.000935418
716, 709, 0.00143477, 0.000934196
716, 710, 0.00136744, 0.000926982
716, 711, 0.00133107, 0.000935748
716, 712, 0.00123607, 0.000940443
716, 713, 0.00123296, 0.000930457
716, 714, 0.000989228, 0.00093301
716, 715, 0.000936953, 0.000933492
717, 708, 0.00179938, 0.000933797
717, 709, 0.00167208, 0.000928031
717, 710, 0.0015912, 0.000925565
717, 711, 0.00154902, 0.000936138
717, 712, 0.00144119, 0.000937627
717, 713, 0.0014393, 0.000928189
717, 714, 0.00111227, 0.000929614
717, 715, 0.000983061, 0.000932832
717, 716, 0.000994773, 0.000931432
718, 709, 0.00193975, 0.000927659
718, 710, 0.00184818, 0.000921482
718, 711, 0.00179954, 0.000933027
718, 712, 0.00168617, 0.00093206
718, 713, 0.00168401, 0.000930261
718, 714, 0.00130456, 0.000930662
718, 715, 0.00111786, 0.00093051
718, 716, 0.00113938, 0.000931167
718, 717, 0.000966045, 0.000933687
719, 710, 0.00192894, 0.000923172
719, 711, 0.00188437, 0.000932433
719, 712, 0.00176698, 0.000933868
719, 713, 0.0017631, 0.000924369
719, 714, 0.00137667, 0.000926126
719, 715, 0.001169, 0.000928066
719, 716, 0.00119446, 0.000930412
719, 717, 0.000990052, 0.000934239
719, 718, 0.000930976, 0.000928871
720, 712, 0.00202779, 0.00093072
720, 713, 0.00202221, 0.000923427
720, 714, 0.00160575, 0.000922967
720, 715, 0.00137456, 0.000924064
720, 716, 0.00139756, 0.000929492
720, 717, 0.00113491, 0.000931259
720, 718, 0.00100132, 0.000926613
720, 719, 0.000968289, 0.000928795
721, 714, 0.00244309, 0.00091539
721, 715, 0.00217031, 0.000915038
721, 716, 0.00219194, 0.000915408
721, 717, 0.00183897, 0.000921807
721, 718, 0.00160208, 0.000918374
721, 719, 0.00151914, 0.000918131
721, 720, 0.00131924, 0.000922155
722, 714, 0.00219366, 0.000919989
722, 715, 0.00192573, 0.000921897
722, 716, 0.00195896, 0.00092432
722, 717, 0.00161069, 0.000924351
722, 718, 0.00139244, 0.000920205
722, 719, 0.00131864, 0.000922847
722, 720, 0.00114707, 0.000925684
722, 721, 0.000977341, 0.000922382
723, 717, 0.00274656, 0.000914541
723, 718, 0.00248479, 0.000911489
723, 719, 0.00238579, 0.000907131
723, 720, 0.0021428, 0.000915102
723, 721, 0.00131303, 0.00091328
723, 722, 0.0015986, 0.000916603
724, 715, 0.00313033, 0.000910941
724, 716, 0.00316145, 0.000910243
724, 717, 0.00278152, 0.000915237
724, 718, 0.0025231, 0.000911702
724, 719, 0.00241879, 0.000906164
724, 720, 0.0021877, 0.000913969
724, 721, 0.00135316, 0.000915979
724, 722, 0.00163867, 0.000923864
724, 723, 0.000911012, 0.000912859
725, 718, 0.00357696, 0.000902048
725, 719, 0.00347703, 0.000898632
725, 720, 0.00321784, 0.000902932
725, 721, 0.00228848, 0.000904798
725, 722, 0.00262155, 0.000909943
725, 723, 0.00143649, 0.000901954
725, 724, 0.00142926, 0.000902768
726, 721, 0.00399066, 0.000884931
726, 722, 0.00434408, 0.000893412
726, 723, 0.00303604, 0.000884915
726, 724, 0.00302388, 0.000888892
726, 725, 0.00203539, 0.000879731
727, 721, 0.00444256, 0.000883234
727, 723, 0.00348013, 0.000881216
727, 724, 0.0034665, 0.000886873
727, 725, 0.00245453, 0.000882283
727, 726, 0.00099767, 0.000887663
728, 723, 0.00513739, 0.000861589
728, 724, 0.00512169, 0.000869431
728, 725, 0.00408057, 0.000862524
728, 726, 0.00233045, 0.000868184
728, 727, 0.00195747, 0.000862583
729, 724, 0.0055819, 0.000867827
729, 725, 0.00454288, 0.000859891
729, 726, 0.00276837, 0.000864289
729, 727, 0.00238819, 0.000853772
729, 728, 0.000998278, 0.00085978
730, 726, 0.00385913, 0.000856941
730, 727, 0.00346463, 0.0008463
730, 728, 0.00184624, 0.000850027
730, 729, 0.00142587, 0.000845077
731, 725, 0.00505725, 0.000853165
731, 726, 0.00327897, 0.000860934
731, 727, 0.00288978, 0.000850468
731, 728, 0.00134765, 0.000852659
731, 729, 0.00101638, 0.000846494
731, 730, 0.00101627, 0.000850087
732, 726, 0.00472276, 0.000848716
732, 727, 0.00432241, 0.000837923
732, 728, 0.00265839, 0.000842683
732, 729, 0.00219562, 0.000835978
732, 730, 0.00125288, 0.000837667
732, 731, 0.00171699, 0.000848564
733, 728, 0.00575876, 0.000813349
733, 729, 0.00527416, 0.000807653
733, 730, 0.00418831, 0.000805805
733, 731, 0.0047481, 0.000817769
733, 732, 0.00329585, 0.000824358
734, 728, 0.00733838, 0.000794244
734, 729, 0.00684538, 0.0007934
734, 730, 0.00575209, 0.000794697
734, 731, 0.00631549, 0.000804363
734, 732, 0.00484656, 0.000810094
734, 733, 0.00174508, 0.00079959
735, 732, 0.00809064, 0.000775216
735, 733, 0.00488415, 0.000765089
735, 734, 0.00334961, 0.00076058
736, 733, 0.00567555, 0.000755698
736, 734, 0.00412579, 0.00074975
736, 735, 0.00108292, 0.00075388
737, 733, 0.00573882, 0.000754736
737, 734, 0.00419355, 0.000750991
737, 735, 0.0011281, 0.000751239
737, 736, 0.000749079, 0.000756678
738, 733, 0.00567003, 0.000754941
738, 734, 0.00412882, 0.000750299
738, 735, 0.0010779, 0.000751339
738, 736, 0.000755679, 0.000757945
738, 737, 0.000753797, 0.000751357
739, 735, 0.00219476, 0.00073974
739, 736, 0.00143823, 0.000745588
739, 737, 0.00145331, 0.000738201
739, 738, 0.00147585, 0.000739795
740, 735, 0.00216929, 0.000737543
740, 736, 0.00140787, 0.000747519
740, 737, 0.00142347, 0.000737396
740, 738, 0.00144724, 0.000738586
740, 739, 0.000738216, 0.000740736
741, 734, 0.00481583, 0.000746103
741, 735, 0.00165126, 0.000747463
741, 736, 0.000975171, 0.00075294
741, 737, 0.000988736, 0.000744304
741, 738, 0.00100552, 0.00074591
741, 739, 0.000921388, 0.000748103
741, 740, 0.000974999, 0.000747804
742, 734, 0.012141, 0.000667106
742, 735, 0.00885366, 0.000673607
742, 736, 0.00801102, 0.000676496
742, 737, 0.00802339, 0.000670618
742, 738, 0.00804804, 0.000667918
742, 739, 0.00683225, 0.000670315
742, 740, 0.00674301, 0.000667939
742, 741, 0.00736113, 0.000677009
