13, 0, 7.19014e-06, 2.03603e-06
18, 0, 1.91656e-06, 2.19996e-06
18, 13, 4.16704e-06, 3.44845e-06
30, 0, 1.85018e-06, 2.76078e-06
30, 13, 3.58417e-06, 3.75608e-06
30, 18, 3.13772e-06, 1.82277e-06
40, 0, 1.53106e-06, 1.5119e-06
40, 13, 2.48973e-06, 2.6931e-06
40, 18, 3.7139e-06, 1.13178e-06
40, 30, 1.26297e-06, 2.79242e-06
48, 0, 7.60764e-07, 1.55075e-06
48, 13, 1.65383e-06, 2.77386e-06
48, 18, 3.37533e-06, 1.18261e-06
48, 30, 3.39477e-06, 2.88761e-06
48, 40, 1.59851e-06, 1.22144e-06
55, 0, 6.74641e-06, 2.49006e-06
55, 13, 5.4608e-06, 2.85355e-06
55, 18, 6.33482e-06, 9.09816e-07
55, 30, 5.3248e-06, 3.42123e-06
55, 40, 7.28871e-06, 1.01938e-06
55, 48, 3.68429e-06, 1.28617e-06
62, 0, 1.65882e-06, 2.23313e-06
62, 13, 1.87066e-06, 3.20609e-06
62, 18, 3.50671e-06, 2.05932e-06
62, 30, 6.31129e-06, 2.80364e-06
62, 40, 1.38083e-06, 2.3971e-06
62, 48, 1.36962e-06, 1.26079e-06
62, 55, 3.07758e-06, 2.10081e-06
68, 0, 7.89126e-07, 2.30268e-06
68, 13, 5.10014e-06, 3.38942e-06
68, 18, 2.05234e-06, 1.00447e-06
68, 30, 1.12342e-06, 2.94213e-06
68, 40, 1.6112e-06, 1.09088e-06
68, 48, 3.633e-06, 1.24463e-06
68, 55, 1.03588e-06, 2.05029e-06
68, 62, 2.11095e-06, 1.34321e-06
74, 0, 1.04639e-06, 1.2408e-06
74, 13, 1.54174e-06, 2.90301e-06
74, 18, 2.61298e-06, 1.7311e-06
74, 30, 1.16922e-06, 2.1279e-06
74, 40, 9.69163e-07, 1.71767e-06
74, 48, 4.44144e-06, 9.66297e-07
74, 55, 5.7541e-06, 1.89473e-06
74, 62, 4.26469e-06, 1.59176e-06
74, 68, 2.4528e-06, 1.75378e-06
75, 0, 1.06704e-06, 2.06953e-06
75, 13, 2.82297e-06, 3.57105e-06
75, 18, 1.35129e-06, 1.41383e-06
75, 30, 1.20977e-06, 2.80486e-06
75, 40, 9.43125e-07, 1.67269e-06
75, 48, 2.13426e-06, 8.22191e-07
75, 55, 2.12198e-06, 2.10318e-06
75, 62, 3.46032e-06, 1.39834e-06
75, 68, 1.55884e-06, 2.16128e-06
75, 74, 1.03545e-06, 1.09402e-06
81, 0, 2.01187e-06, 2.38568e-06
81, 13, 2.99903e-06, 3.2624e-06
81, 18, 4.11402e-06, 1.09848e-06
81, 30, 3.10925e-06, 3.11156e-06
81, 40, 1.56022e-06, 1.83502e-06
81, 48, 1.50471e-06, 8.36043e-07
81, 55, 3.02499e-06, 2.05419e-06
81, 62, 1.5173e-06, 1.50804e-06
81, 68, 3.68916e-06, 2.41463e-06
81, 74, 1.99762e-06, 9.71121e-07
81, 75, 2.76152e-06, 1.76231e-06
84, 0, 3.4585e-06, 1.69156e-06
84, 13, 3.34922e-06, 2.83163e-06
84, 18, 4.07853e-06, 6.816e-07
84, 30, 1.34316e-06, 2.90273e-06
84, 40, 2.38604e-06, 1.04275e-06
84, 48, 1.51088e-06, 9.08565e-07
84, 55, 3.88184e-06, 1.96629e-06
84, 62, 8.16457e-07, 1.85838e-06
84, 68, 1.15327e-06, 1.49162e-06
84, 74, 9.85423e-07, 1.46841e-06
84, 75, 4.38359e-06, 2.15724e-06
84, 81, 6.64571e-07, 2.60383e-06
90, 0, 4.03224e-06, 1.74623e-06
90, 13, 1.65283e-06, 3.05806e-06
90, 18, 2.34163e-06, 1.15419e-06
90, 30, 2.37609e-06, 2.79684e-06
90, 40, 4.235e-06, 9.65575e-07
90, 48, 3.65322e-06, 1.05689e-06
90, 55, 1.68762e-06, 1.76748e-06
90, 62, 3.05362e-06, 1.89674e-06
90, 68, 2.11421e-06, 1.43195e-06
90, 74, 3.51929e-06, 9.92352e-07
90, 75, 2.83159e-06, 1.43471e-06
90, 81, 2.50712e-06, 2.71094e-06
90, 84, 5.76161e-06, 8.5843e-07
95, 0, 1.58614e-06, 2.32229e-06
95, 13, 4.54277e-06, 2.89931e-06
95, 18, 6.39965e-06, 6.31274e-07
95, 30, 1.3948e-06, 2.85866e-06
95, 40, 1.89495e-06, 9.86757e-07
95, 48, 2.00481e-06, 8.0653e-07
95, 55, 1.62619e-06, 1.69594e-06
95, 62, 2.1457e-06, 1.22973e-06
95, 68, 1.81603e-06, 2.17076e-06
95, 74, 1.59206e-06, 9.16439e-07
95, 75, 1.97977e-06, 1.26891e-06
95, 81, 4.68736e-06, 2.66162e-06
95, 84, 1.71118e-06, 6.53867e-07
95, 90, 3.43643e-06, 2.92317e-06
100, 0, 1.44737e-06, 2.34045e-06
100, 13, 3.73063e-06, 3.74364e-06
100, 18, 4.22409e-06, 1.07108e-06
100, 30, 1.36981e-06, 3.38138e-06
100, 40, 1.55558e-06, 1.19543e-06
100, 48, 1.26301e-06, 1.10987e-06
100, 55, 4.39902e-06, 2.28367e-06
100, 62, 1.44745e-06, 1.70252e-06
100, 68, 3.32867e-06, 2.57702e-06
100, 74, 1.54994e-06, 1.25521e-06
100, 75, 1.68344e-06, 1.76547e-06
100, 81, 1.52948e-06, 3.29697e-06
100, 84, 2.75971e-06, 1.04906e-06
100, 90, 6.08428e-06, 3.08266e-06
100, 95, 3.78475e-06, 2.70733e-06
106, 0, 1.5775e-06, 2.30279e-06
106, 13, 2.75561e-06, 2.96819e-06
106, 18, 4.25703e-06, 1.04194e-06
106, 30, 2.6502e-06, 3.18274e-06
106, 40, 1.48957e-06, 1.05402e-06
106, 48, 1.6588e-06, 1.64545e-06
106, 55, 2.9124e-06, 1.94661e-06
106, 62, 1.54447e-06, 1.82647e-06
106, 68, 1.94631e-06, 2.11248e-06
106, 74, 2.89281e-06, 1.31195e-06
106, 75, 5.29392e-06, 1.54573e-06
106, 81, 1.43773e-06, 2.78777e-06
106, 84, 3.83824e-06, 1.11655e-06
106, 90, 3.98439e-06, 3.0978e-06
106, 95, 5.15643e-06, 2.06158e-06
106, 100, 3.90008e-06, 3.78121e-06
114, 0, 3.89195e-06, 2.34197e-06
114, 13, 3.42652e-06, 2.88689e-06
114, 18, 8.08211e-06, 1.16835e-06
114, 30, 1.90826e-06, 3.37631e-06
114, 40, 1.67715e-06, 1.48975e-06
114, 48, 3.28374e-06, 1.23422e-06
114, 55, 5.85981e-06, 2.82934e-06
114, 62, 2.35971e-06, 1.81657e-06
114, 68, 4.41376e-06, 2.37706e-06
114, 74, 1.54961e-06, 1.42429e-06
114, 75, 1.81142e-06, 1.72219e-06
114, 81, 3.2405e-06, 3.58177e-06
114, 84, 2.91784e-06, 1.19764e-06
114, 90, 2.69375e-06, 3.47276e-06
114, 95, 1.82171e-06, 2.66226e-06
114, 100, 1.90827e-06, 3.59248e-06
114, 106, 3.25727e-06, 3.14162e-06
123, 0, 1.39574e-06, 2.23931e-06
123, 13, 6.24555e-06, 3.10488e-06
123, 18, 2.34164e-06, 2.03033e-06
123, 30, 1.43075e-06, 2.34662e-06
123, 40, 1.62658e-06, 2.38469e-06
123, 48, 2.48425e-06, 1.15568e-06
123, 55, 4.2714e-06, 1.86096e-06
123, 62, 1.66364e-06, 1.40789e-06
123, 68, 4.40209e-06, 2.364e-06
123, 74, 1.36471e-06, 1.43396e-06
123, 75, 1.59277e-06, 1.30363e-06
123, 81, 2.5534e-06, 2.99875e-06
123, 84, 1.06213e-06, 1.70361e-06
123, 90, 3.07161e-06, 2.67238e-06
123, 95, 1.37161e-06, 2.72248e-06
123, 100, 1.30545e-06, 3.76846e-06
123, 106, 4.94087e-06, 3.19382e-06
123, 114, 1.52825e-06, 2.02625e-06
127, 0, 1.37147e-06, 1.55167e-06
127, 13, 2.79089e-06, 2.84233e-06
127, 18, 4.01212e-06, 7.43698e-07
127, 30, 1.7718e-06, 2.7669e-06
127, 40, 1.40918e-06, 1.06881e-06
127, 48, 1.3706e-06, 7.80657e-07
127, 55, 5.45042e-06, 1.79613e-06
127, 62, 1.41683e-06, 1.8061e-06
127, 68, 6.51094e-06, 1.69558e-06
127, 74, 2.76146e-06, 1.3225e-06
127, 75, 1.90768e-06, 1.20424e-06
127, 81, 1.46761e-06, 2.67594e-06
127, 84, 3.53056e-06, 8.5574e-07
127, 90, 4.48675e-06, 2.95522e-06
127, 95, 1.62724e-06, 1.81616e-06
127, 100, 2.12481e-06, 3.20117e-06
127, 106, 1.41715e-06, 2.67983e-06
127, 114, 2.64203e-06, 2.02473e-06
127, 123, 2.53392e-06, 2.25118e-06
134, 0, 1.252e-06, 2.41873e-06
134, 13, 4.69205e-06, 3.39136e-06
134, 18, 4.30145e-06, 1.40761e-06
134, 30, 5.31294e-06, 3.09349e-06
134, 40, 1.40799e-06, 1.63367e-06
134, 48, 1.58696e-06, 1.66774e-06
134, 55, 3.14142e-06, 2.43842e-06
134, 62, 1.33013e-06, 1.38463e-06
134, 68, 1.4202e-06, 2.47332e-06
134, 74, 2.45666e-06, 1.35701e-06
134, 75, 1.23387e-06, 1.18777e-06
134, 81, 1.20442e-06, 3.52342e-06
134, 84, 8.84501e-07, 1.05002e-06
134, 90, 3.81919e-06, 2.9733e-06
134, 95, 8.59061e-07, 2.90803e-06
134, 100, 1.00463e-06, 4.18284e-06
134, 106, 1.02403e-06, 3.10738e-06
134, 114, 1.84145e-06, 1.59404e-06
134, 123, 1.33268e-06, 2.62006e-06
134, 127, 1.21171e-06, 1.73061e-06
139, 0, 1.56196e-06, 1.92785e-06
139, 13, 3.89515e-06, 3.22234e-06
139, 18, 5.87109e-06, 1.76819e-06
139, 30, 1.44618e-06, 2.80575e-06
139, 40, 1.57478e-06, 2.24782e-06
139, 48, 2.02122e-06, 1.31161e-06
139, 55, 8.53566e-06, 2.07758e-06
139, 62, 5.82328e-06, 1.67235e-06
139, 68, 4.35449e-06, 2.58836e-06
139, 74, 1.82295e-06, 1.15187e-06
139, 75, 1.90708e-06, 1.25719e-06
139, 81, 4.41484e-06, 2.9647e-06
139, 84, 4.66558e-06, 1.34119e-06
139, 90, 5.92297e-06, 2.58313e-06
139, 95, 1.73078e-06, 2.52033e-06
139, 100, 1.56288e-06, 3.98204e-06
139, 106, 1.6939e-06, 3.10725e-06
139, 114, 1.89461e-06, 2.47564e-06
139, 123, 1.54705e-06, 2.57826e-06
139, 127, 1.91623e-06, 2.80002e-06
139, 134, 1.92621e-06, 1.89976e-06
145, 0, 1.56106e-06, 2.25924e-06
145, 13, 5.55848e-06, 3.36129e-06
145, 18, 5.27276e-06, 1.53189e-06
145, 30, 1.79482e-06, 2.66646e-06
145, 40, 1.42143e-06, 1.24986e-06
145, 48, 1.5399e-06, 1.1823e-06
145, 55, 3.59675e-06, 2.40491e-06
145, 62, 1.5627e-06, 1.67463e-06
145, 68, 1.56307e-06, 2.89801e-06
145, 74, 1.49414e-06, 1.27357e-06
145, 75, 2.20383e-06, 1.2842e-06
145, 81, 1.62756e-06, 2.58862e-06
145, 84, 7.39305e-06, 1.31933e-06
145, 90, 5.08672e-06, 3.06521e-06
145, 95, 1.65907e-06, 2.80221e-06
145, 100, 1.9229e-06, 3.76614e-06
145, 106, 1.64337e-06, 3.12778e-06
145, 114, 1.58386e-06, 2.23594e-06
145, 123, 1.41596e-06, 2.68219e-06
145, 127, 1.75911e-06, 2.32106e-06
145, 134, 1.53062e-06, 1.68914e-06
145, 139, 1.85923e-06, 2.60118e-06
150, 0, 1.15535e-06, 2.25646e-06
150, 13, 3.42629e-06, 3.424e-06
150, 18, 4.18983e-06, 1.07281e-06
150, 30, 3.86436e-06, 3.29202e-06
150, 40, 1.49712e-06, 1.18717e-06
150, 48, 1.38982e-06, 1.14214e-06
150, 55, 3.09631e-06, 2.06489e-06
150, 62, 1.35655e-06, 1.67915e-06
150, 68, 1.66534e-06, 2.54775e-06
150, 74, 1.36096e-06, 1.26722e-06
150, 75, 1.42026e-06, 1.43121e-06
150, 81, 1.15195e-06, 3.24567e-06
150, 84, 1.33786e-06, 9.09926e-07
150, 90, 6.44653e-06, 2.94753e-06
150, 95, 1.39812e-06, 2.59723e-06
150, 100, 1.28391e-06, 3.56096e-06
150, 106, 1.61995e-06, 3.06055e-06
150, 114, 1.47069e-06, 2.12951e-06
150, 123, 1.38496e-06, 2.43891e-06
150, 127, 1.41471e-06, 1.58418e-06
150, 134, 1.17589e-06, 1.72627e-06
150, 145, 1.42986e-06, 1.51245e-06
151, 0, 1.20522e-06, 2.40117e-06
151, 13, 5.14915e-06, 3.16277e-06
151, 18, 2.79144e-06, 1.8009e-06
151, 30, 1.41663e-06, 2.51969e-06
151, 40, 1.66108e-06, 1.78072e-06
151, 48, 1.51083e-06, 9.99683e-07
151, 55, 2.56598e-06, 2.19437e-06
151, 62, 1.49652e-06, 1.34207e-06
151, 68, 1.37598e-06, 2.88086e-06
151, 74, 1.13699e-06, 1.03594e-06
151, 75, 1.51058e-06, 1.07116e-06
151, 81, 1.60604e-06, 3.0249e-06
151, 84, 2.52275e-06, 1.53048e-06
151, 90, 3.04207e-06, 2.76688e-06
151, 95, 1.35031e-06, 2.57298e-06
151, 100, 1.47735e-06, 4.04431e-06
151, 106, 1.60314e-06, 3.2963e-06
151, 114, 1.19675e-06, 1.99641e-06
151, 123, 1.20971e-06, 2.52481e-06
151, 127, 1.23324e-06, 2.64138e-06
151, 134, 1.63098e-06, 1.46185e-06
151, 139, 1.29561e-06, 1.85499e-06
151, 145, 1.14275e-06, 1.45302e-06
151, 150, 1.42197e-06, 2.35682e-06
157, 0, 9.28041e-07, 2.23626e-06
157, 13, 7.91741e-07, 3.34706e-06
157, 18, 6.40564e-06, 1.21954e-06
157, 30, 9.18936e-07, 3.32239e-06
157, 40, 1.11785e-06, 1.50064e-06
157, 48, 1.01668e-06, 1.30867e-06
157, 55, 2.77164e-06, 2.17874e-06
157, 62, 1.0208e-06, 2.06201e-06
157, 68, 3.33192e-06, 2.20135e-06
157, 74, 9.14005e-07, 1.50407e-06
157, 75, 1.39353e-06, 1.50607e-06
157, 81, 1.34581e-06, 3.07519e-06
157, 84, 2.49075e-06, 1.12143e-06
157, 90, 2.56729e-06, 2.98903e-06
157, 95, 1.3916e-06, 2.78336e-06
157, 100, 1.50612e-06, 3.15636e-06
157, 106, 8.74209e-07, 2.63914e-06
157, 114, 7.37377e-07, 2.26874e-06
157, 123, 7.97184e-07, 3.07889e-06
157, 127, 1.14089e-06, 1.75476e-06
157, 134, 1.20472e-06, 1.86862e-06
157, 139, 9.75697e-07, 2.31597e-06
157, 145, 9.07295e-07, 1.58903e-06
157, 150, 1.02659e-06, 9.91987e-07
157, 151, 9.00908e-07, 2.47627e-06
160, 0, 1.22719e-06, 1.58476e-06
160, 13, 2.45574e-06, 2.76144e-06
160, 18, 3.50419e-06, 1.27679e-06
160, 30, 2.41457e-06, 2.88071e-06
160, 40, 1.57053e-06, 1.07579e-06
160, 48, 1.35654e-06, 7.11816e-07
160, 55, 3.93114e-06, 1.98236e-06
160, 62, 1.39495e-06, 1.92302e-06
160, 68, 1.50334e-06, 1.68208e-06
160, 74, 1.54274e-06, 1.34533e-06
160, 75, 1.71179e-06, 1.20109e-06
160, 81, 1.41142e-06, 2.67708e-06
160, 84, 3.77278e-06, 9.3589e-07
160, 90, 4.05011e-06, 2.86768e-06
160, 95, 1.80047e-06, 2.35852e-06
160, 100, 1.31055e-06, 3.0776e-06
160, 106, 1.44453e-06, 2.68943e-06
160, 114, 1.69286e-06, 1.99877e-06
160, 123, 1.80909e-06, 2.44882e-06
160, 127, 1.56573e-06, 1.31535e-06
160, 134, 1.66735e-06, 1.62189e-06
160, 139, 1.87534e-06, 1.92552e-06
160, 145, 1.2735e-06, 1.72026e-06
160, 150, 1.24086e-06, 1.67185e-06
160, 151, 1.30801e-06, 1.7403e-06
160, 157, 1.40319e-06, 2.1308e-06
161, 0, 1.2087e-06, 2.23835e-06
161, 13, 1.74925e-06, 2.84714e-06
161, 18, 3.18082e-06, 9.80984e-07
161, 30, 1.50699e-06, 3.2359e-06
161, 40, 1.55995e-06, 1.12691e-06
161, 48, 1.31654e-06, 8.37366e-07
161, 55, 3.95945e-06, 2.10386e-06
161, 62, 1.3252e-06, 1.67629e-06
161, 68, 2.34838e-06, 2.14152e-06
161, 74, 4.09962e-06, 1.3118e-06
161, 75, 1.33207e-06, 1.29023e-06
161, 81, 1.32295e-06, 3.09893e-06
161, 84, 4.33285e-06, 8.52684e-07
161, 90, 3.4989e-06, 2.91265e-06
161, 95, 1.57326e-06, 1.85322e-06
161, 100, 1.49072e-06, 3.61614e-06
161, 106, 1.44072e-06, 2.63788e-06
161, 114, 1.57573e-06, 2.08298e-06
161, 123, 1.17253e-06, 2.32313e-06
161, 127, 1.19843e-06, 1.56998e-06
161, 134, 1.32602e-06, 1.8659e-06
161, 139, 1.32647e-06, 1.91496e-06
161, 145, 1.58137e-06, 1.65982e-06
161, 150, 1.30622e-06, 1.68401e-06
161, 151, 1.52429e-06, 1.74656e-06
161, 157, 1.44713e-06, 2.05109e-06
161, 160, 1.70851e-06, 1.12546e-06
162, 0, 1.5466e-06, 2.39521e-06
162, 13, 2.12324e-06, 3.38062e-06
162, 18, 3.78169e-06, 1.22448e-06
162, 30, 2.97828e-06, 3.21826e-06
162, 40, 1.56678e-06, 1.33106e-06
162, 48, 1.68712e-06, 9.99905e-07
162, 55, 2.90556e-06, 2.24729e-06
162, 62, 1.47597e-06, 1.88126e-06
162, 68, 2.90423e-06, 2.13536e-06
162, 74, 3.97984e-06, 1.62437e-06
162, 75, 5.08824e-06, 2.06194e-06
162, 81, 1.67136e-06, 3.08275e-06
162, 84, 4.50162e-06, 1.01986e-06
162, 90, 3.46313e-06, 3.22261e-06
162, 95, 1.88051e-06, 2.97646e-06
162, 100, 5.2739e-06, 3.65645e-06
162, 106, 1.6875e-06, 2.93185e-06
162, 123, 4.7707e-06, 2.49022e-06
162, 127, 1.80338e-06, 1.759e-06
162, 134, 1.53996e-06, 1.8448e-06
162, 139, 4.05058e-06, 2.37398e-06
162, 145, 1.46256e-06, 1.76171e-06
162, 150, 1.64656e-06, 1.8205e-06
162, 151, 1.72175e-06, 2.2308e-06
162, 157, 1.91366e-06, 2.29579e-06
162, 160, 1.46006e-06, 1.34035e-06
162, 161, 1.62356e-06, 2.69166e-06
163, 0, 3.19347e-06, 1.95784e-06
163, 13, 1.18778e-06, 2.74023e-06
163, 18, 8.18964e-07, 1.08233e-06
163, 40, 4.08473e-06, 9.9843e-07
163, 48, 2.98122e-06, 1.46838e-06
163, 55, 1.35277e-06, 2.03283e-06
163, 62, 3.19114e-06, 1.90195e-06
163, 68, 2.82692e-06, 2.23128e-06
163, 74, 7.06093e-06, 1.26683e-06
163, 75, 3.75858e-06, 1.43154e-06
163, 81, 4.01e-06, 2.69818e-06
163, 84, 6.86662e-06, 1.11245e-06
163, 90, 9.33144e-07, 3.16005e-06
163, 95, 4.24592e-06, 2.18294e-06
163, 100, 3.96653e-06, 3.18139e-06
163, 106, 2.72013e-06, 2.70274e-06
163, 123, 5.02917e-06, 2.22655e-06
163, 127, 3.53491e-06, 1.88823e-06
163, 134, 3.59657e-06, 1.93573e-06
163, 139, 3.61267e-06, 2.35695e-06
163, 145, 3.15528e-06, 2.01642e-06
163, 150, 3.14635e-06, 1.99766e-06
163, 151, 3.2539e-06, 1.84152e-06
163, 157, 2.3361e-06, 2.18228e-06
163, 160, 2.43387e-06, 1.33925e-06
163, 161, 2.82469e-06, 1.91585e-06
163, 162, 3.057e-06, 2.79982e-06
164, 0, 1.98581e-06, 2.92785e-06
164, 13, 1.62777e-06, 3.694e-06
164, 18, 1.82136e-06, 1.11588e-06
164, 40, 3.61391e-06, 1.38512e-06
164, 48, 2.50165e-06, 1.16107e-06
164, 55, 1.43723e-06, 2.52891e-06
164, 62, 2.50707e-06, 2.08386e-06
164, 68, 4.7304e-06, 2.78629e-06
164, 74, 3.96891e-06, 1.58394e-06
164, 75, 3.07354e-06, 2.17705e-06
164, 81, 2.86151e-06, 3.52326e-06
164, 84, 5.75824e-06, 1.40333e-06
164, 90, 1.79717e-06, 4.07845e-06
164, 95, 6.00843e-06, 3.10526e-06
164, 100, 1.74869e-06, 3.7767e-06
164, 106, 1.81737e-06, 3.10153e-06
164, 123, 4.97646e-06, 3.00534e-06
164, 127, 2.05974e-06, 1.92266e-06
164, 134, 3.48295e-06, 2.46316e-06
164, 139, 1.48029e-06, 1.81669e-06
164, 145, 3.56899e-06, 1.96718e-06
164, 150, 3.25589e-06, 1.97614e-06
164, 151, 4.37979e-06, 2.70889e-06
164, 157, 2.49167e-06, 2.78605e-06
164, 160, 2.72653e-06, 1.34336e-06
164, 161, 2.40272e-06, 3.18393e-06
164, 162, 2.30404e-06, 3.69879e-06
164, 163, 2.52951e-06, 2.97989e-06
166, 0, 5.55256e-06, 1.97072e-06
166, 13, 2.6503e-06, 3.35238e-06
166, 18, 1.65753e-06, 1.3914e-06
166, 40, 6.12895e-06, 1.76057e-06
166, 48, 4.50687e-06, 1.07412e-06
166, 55, 1.92743e-06, 1.99487e-06
166, 62, 4.94212e-06, 1.14007e-06
166, 68, 1.43517e-06, 2.16214e-06
166, 74, 8.1906e-06, 1.11122e-06
166, 75, 3.27425e-06, 1.41446e-06
166, 81, 5.20279e-06, 3.10192e-06
166, 84, 8.02939e-06, 1.08289e-06
166, 90, 1.54741e-06, 2.70984e-06
166, 95, 5.48996e-06, 2.53591e-06
166, 100, 4.80222e-06, 3.71486e-06
166, 106, 3.4369e-06, 3.00286e-06
166, 123, 2.25762e-06, 2.44401e-06
166, 127, 7.17495e-06, 1.80967e-06
166, 134, 5.2301e-06, 1.41522e-06
166, 139, 5.08203e-06, 1.83413e-06
166, 145, 8.86371e-06, 1.38607e-06
166, 150, 5.75787e-06, 1.88971e-06
166, 151, 2.97421e-06, 1.77986e-06
166, 157, 2.03519e-06, 2.48216e-06
166, 160, 3.89141e-06, 1.52752e-06
166, 161, 5.01689e-06, 2.63903e-06
166, 162, 4.56e-06, 3.21999e-06
166, 163, 4.4112e-06, 2.05838e-06
166, 164, 8.06708e-06, 1.70551e-06
168, 0, 1.72429e-06, 2.32956e-06
168, 13, 2.05311e-06, 3.58976e-06
168, 18, 1.11185e-06, 1.10752e-06
168, 40, 2.84468e-06, 1.0185e-06
168, 48, 5.86799e-06, 7.79593e-07
168, 55, 1.82979e-06, 2.07173e-06
168, 62, 3.73846e-06, 1.71596e-06
168, 75, 1.91159e-06, 1.41023e-06
168, 81, 4.62169e-06, 3.11194e-06
168, 84, 7.96134e-06, 7.62435e-07
168, 90, 1.33247e-06, 3.21451e-06
168, 95, 3.93507e-06, 2.97307e-06
168, 100, 7.09228e-06, 3.62028e-06
168, 106, 3.59398e-06, 2.73392e-06
168, 123, 6.15061e-06, 2.36193e-06
168, 127, 3.35161e-06, 1.66559e-06
168, 134, 5.87758e-06, 1.70995e-06
168, 139, 6.31492e-06, 2.59706e-06
168, 145, 4.55565e-06, 1.8782e-06
168, 150, 3.76266e-06, 1.70114e-06
168, 160, 5.14829e-06, 1.18278e-06
168, 161, 6.7935e-06, 2.56746e-06
168, 162, 4.58346e-06, 3.27875e-06
168, 163, 3.51278e-06, 2.99893e-06
168, 164, 7.93742e-06, 2.35824e-06
168, 166, 6.48656e-06, 1.6322e-06
170, 13, 3.96286e-06, 2.81039e-06
170, 18, 6.40219e-06, 1.26483e-06
170, 55, 4.63445e-06, 1.72862e-06
170, 62, 6.64067e-06, 1.34309e-06
170, 81, 6.11786e-06, 2.72098e-06
170, 90, 5.13553e-06, 2.49164e-06
170, 106, 5.9421e-06, 2.73902e-06
170, 134, 5.32524e-06, 1.4758e-06
170, 161, 6.95905e-06, 1.76051e-06
170, 162, 6.9631e-06, 2.47812e-06
170, 163, 4.89582e-06, 2.13625e-06
170, 164, 7.23897e-06, 1.84431e-06
170, 166, 6.58545e-06, 1.88891e-06
170, 168, 5.25435e-06, 3.24966e-06
171, 13, 7.85112e-06, 2.8385e-06
171, 55, 6.83299e-06, 2.00937e-06
171, 90, 7.0098e-06, 2.54882e-06
171, 106, 4.83582e-06, 2.91106e-06
171, 163, 4.3255e-06, 2.07828e-06
171, 164, 6.7374e-06, 1.69383e-06
171, 166, 4.20548e-06, 1.62308e-06
171, 168, 6.79452e-06, 3.39312e-06
171, 170, 8.58368e-06, 3.98675e-06
172, 55, 4.76624e-06, 2.22406e-06
172, 90, 6.05851e-06, 3.18958e-06
172, 164, 1.0884e-05, 1.98032e-06
172, 166, 4.80503e-06, 1.63225e-06
172, 168, 6.73086e-06, 3.79331e-06
172, 170, 8.5038e-06, 3.77733e-06
172, 171, 5.01085e-06, 2.43031e-06
173, 55, 3.29846e-06, 2.10815e-06
173, 166, 8.70534e-06, 1.6639e-06
173, 168, 8.88841e-06, 3.75894e-06
173, 170, 6.72955e-06, 4.10358e-06
173, 171, 4.80911e-06, 2.27629e-06
173, 172, 2.04225e-06, 2.413e-06
174, 168, 5.28786e-06, 3.62009e-06
174, 170, 6.3258e-06, 3.75083e-06
174, 171, 3.13451e-06, 2.44839e-06
174, 172, 3.58257e-06, 2.14561e-06
174, 173, 4.02922e-06, 1.80031e-06
175, 168, 2.04756e-06, 3.24507e-06
175, 170, 3.6554e-06, 3.74032e-06
175, 171, 3.92997e-06, 2.42106e-06
175, 172, 7.16639e-06, 2.44213e-06
175, 173, 2.27712e-06, 1.75464e-06
175, 174, 4.44971e-06, 2.75372e-06
176, 168, 3.64232e-06, 3.45693e-06
176, 170, 8.59648e-06, 3.57411e-06
176, 171, 5.30556e-06, 2.24336e-06
176, 172, 6.07445e-06, 2.51496e-06
176, 173, 6.49406e-06, 1.58074e-06
176, 174, 3.6815e-06, 2.87816e-06
176, 175, 4.57706e-06, 6.68171e-06
177, 168, 3.96115e-06, 3.74019e-06
177, 170, 9.82986e-06, 3.67091e-06
177, 171, 6.49697e-06, 2.35486e-06
177, 172, 4.33112e-06, 2.16417e-06
177, 173, 7.17423e-06, 1.4345e-06
177, 174, 6.09911e-06, 2.64823e-06
177, 175, 3.74735e-06, 7.19953e-06
177, 176, 7.44379e-06, 4.09916e-06
178, 171, 2.08794e-06, 2.4343e-06
178, 172, 3.65628e-06, 2.0128e-06
178, 173, 3.69272e-06, 1.56074e-06
178, 174, 7.55984e-06, 2.72462e-06
178, 175, 4.10927e-06, 6.44207e-06
178, 176, 2.18201e-06, 3.91089e-06
178, 177, 5.94035e-06, 4.79014e-06
179, 171, 6.70864e-06, 2.3157e-06
179, 172, 4.36397e-06, 2.37041e-06
179, 173, 8.95168e-06, 1.89059e-06
179, 174, 8.07809e-06, 2.54263e-06
179, 175, 4.86181e-06, 6.71298e-06
179, 176, 9.60344e-06, 3.77901e-06
179, 177, 4.49775e-06, 4.36936e-06
179, 178, 4.73091e-06, 2.4515e-06
180, 171, 4.79181e-06, 2.59427e-06
180, 172, 4.0908e-06, 2.50253e-06
180, 173, 5.35013e-06, 1.63319e-06
180, 174, 5.32245e-06, 2.37005e-06
180, 175, 2.78893e-06, 7.17341e-06
180, 176, 6.17493e-06, 4.56859e-06
180, 177, 2.15569e-06, 4.70315e-06
180, 178, 2.0585e-06, 2.13692e-06
180, 179, 6.84297e-06, 6.83968e-06
181, 174, 2.50707e-06, 2.60774e-06
181, 175, 8.26266e-06, 6.68532e-06
181, 176, 7.855e-06, 3.75733e-06
181, 177, 5.44614e-06, 4.80946e-06
181, 178, 5.11724e-06, 2.57843e-06
181, 179, 1.26884e-05, 6.73518e-06
181, 180, 8.63075e-06, 6.53951e-06
182, 177, 5.67713e-06, 4.66661e-06
182, 178, 5.61468e-06, 2.50846e-06
182, 179, 7.5834e-06, 6.90441e-06
182, 180, 6.96435e-06, 6.46908e-06
182, 181, 5.5016e-06, 6.82694e-06
183, 178, 2.20852e-06, 2.64915e-06
183, 179, 7.85995e-06, 6.87361e-06
183, 180, 3.07051e-06, 6.5924e-06
183, 181, 2.05377e-06, 7.14297e-06
183, 182, 6.31069e-06, 5.32435e-06
184, 178, 7.25406e-06, 2.44378e-06
184, 179, 3.92791e-06, 6.89265e-06
184, 180, 7.01534e-06, 6.64327e-06
184, 181, 3.23768e-06, 6.87925e-06
184, 182, 2.99462e-06, 5.0652e-06
184, 183, 1.99309e-06, 5.3217e-06
185, 179, 4.83799e-06, 6.64275e-06
185, 180, 6.35123e-06, 6.81752e-06
185, 181, 8.82563e-06, 6.75086e-06
185, 182, 3.76426e-06, 5.00473e-06
185, 183, 2.99703e-06, 4.93075e-06
185, 184, 3.19073e-06, 1.02578e-06
186, 179, 6.90769e-06, 6.99065e-06
186, 180, 5.86332e-06, 6.94376e-06
186, 181, 7.37407e-06, 6.46215e-06
186, 182, 5.63368e-06, 5.23882e-06
186, 183, 2.93816e-06, 5.06489e-06
186, 184, 2.25479e-06, 1.33493e-06
186, 185, 1.79421e-06, 2.20862e-06
188, 179, 6.87565e-06, 6.5745e-06
188, 180, 5.59913e-06, 6.41504e-06
188, 181, 2.64644e-06, 6.66981e-06
188, 182, 3.68393e-06, 4.63468e-06
188, 183, 4.12987e-06, 4.75375e-06
188, 184, 1.9474e-06, 1.36364e-06
188, 185, 2.4309e-06, 1.896e-06
188, 186, 2.63725e-06, 4.42145e-06
189, 179, 8.31377e-06, 7.53995e-06
189, 180, 7.82744e-06, 6.70482e-06
189, 181, 4.22275e-06, 7.4738e-06
189, 182, 5.28728e-06, 5.06897e-06
189, 183, 4.89673e-06, 5.40482e-06
189, 184, 1.05834e-06, 1.76931e-06
189, 185, 4.43362e-06, 2.1556e-06
189, 186, 4.35648e-06, 4.61763e-06
189, 188, 5.74024e-06, 2.0294e-06
190, 179, 5.39803e-06, 6.72399e-06
190, 180, 3.37041e-06, 6.87005e-06
190, 181, 3.65832e-06, 6.67733e-06
190, 182, 3.15074e-06, 4.85547e-06
190, 183, 3.27148e-06, 4.93354e-06
190, 184, 4.7729e-06, 1.30228e-06
190, 185, 1.35174e-06, 1.93331e-06
190, 186, 1.59471e-06, 4.24514e-06
190, 188, 2.91112e-06, 2.14729e-06
190, 189, 2.4065e-06, 3.47334e-06
191, 179, 1.17727e-05, 6.50737e-06
191, 180, 8.43674e-06, 6.33961e-06
191, 181, 5.7774e-06, 6.74441e-06
191, 182, 7.96227e-06, 5.3977e-06
191, 183, 7.17992e-06, 5.52408e-06
191, 184, 1.49901e-06, 2.25218e-06
191, 185, 4.46967e-06, 2.25601e-06
191, 186, 3.99399e-06, 4.83022e-06
191, 188, 6.32314e-06, 2.45297e-06
191, 189, 5.09974e-06, 3.64692e-06
191, 190, 9.34937e-06, 5.38251e-06
192, 180, 2.98244e-06, 6.16073e-06
192, 181, 2.23268e-06, 6.69727e-06
192, 182, 5.70816e-06, 5.27364e-06
192, 183, 2.87748e-06, 5.20928e-06
192, 184, 5.95425e-06, 1.25626e-06
192, 185, 2.80914e-06, 1.95343e-06
192, 186, 1.64157e-06, 4.22981e-06
192, 188, 2.07176e-06, 2.00293e-06
192, 189, 3.84742e-06, 3.48869e-06
192, 190, 5.98525e-06, 5.26929e-06
192, 191, 3.17867e-06, 7.87353e-06
195, 184, 3.48278e-06, 2.06343e-06
195, 185, 3.87925e-06, 2.85023e-06
195, 186, 5.23874e-06, 4.93068e-06
195, 188, 4.98728e-06, 2.56806e-06
195, 189, 2.76194e-06, 4.1054e-06
195, 190, 6.38963e-06, 5.4587e-06
195, 191, 3.341e-06, 8.07812e-06
195, 192, 2.38151e-06, 3.9892e-06
196, 184, 4.96574e-06, 1.68341e-06
196, 185, 1.80173e-06, 2.68854e-06
196, 186, 2.33096e-06, 4.7359e-06
196, 188, 2.63575e-06, 2.01612e-06
196, 189, 9.24378e-06, 3.56245e-06
196, 190, 4.21072e-06, 5.26052e-06
196, 191, 8.99502e-07, 7.82766e-06
196, 192, 3.68022e-06, 3.47766e-06
196, 195, 1.54457e-06, 7.1004e-06
198, 184, 4.9297e-06, 1.95626e-06
198, 185, 2.51583e-06, 3.14894e-06
198, 186, 2.90662e-06, 4.90473e-06
198, 188, 3.96149e-06, 1.9497e-06
198, 189, 5.75465e-06, 3.78529e-06
198, 190, 6.24477e-06, 5.2592e-06
198, 191, 3.32629e-06, 7.9513e-06
198, 192, 3.38953e-06, 3.59872e-06
198, 195, 3.76392e-06, 7.35334e-06
198, 196, 3.38665e-06, 5.90519e-06
199, 184, 4.52946e-06, 1.48144e-06
199, 185, 7.89055e-06, 1.90182e-06
199, 186, 6.79156e-06, 4.12142e-06
199, 188, 7.45754e-06, 2.21752e-06
199, 189, 1.8897e-06, 3.51338e-06
199, 190, 8.57904e-06, 5.3174e-06
199, 191, 3.98019e-06, 7.91489e-06
199, 192, 8.90441e-06, 3.58059e-06
199, 195, 7.83713e-06, 7.31816e-06
199, 196, 3.53693e-06, 5.51584e-06
199, 198, 9.03953e-06, 4.40368e-06
201, 185, 5.56021e-06, 2.71e-06
201, 188, 1.39175e-06, 2.18107e-06
201, 189, 4.74339e-06, 3.5947e-06
201, 190, 3.97296e-06, 5.8786e-06
201, 191, 2.07611e-06, 7.96385e-06
201, 192, 2.18433e-06, 3.92118e-06
201, 195, 1.71144e-06, 7.69091e-06
201, 196, 5.93836e-06, 5.64069e-06
201, 198, 5.95327e-06, 4.52637e-06
201, 199, 4.74248e-06, 9.27299e-06
203, 188, 6.89351e-06, 1.9879e-06
203, 189, 5.44052e-06, 3.79999e-06
203, 190, 3.88661e-06, 5.35742e-06
203, 191, 3.00095e-06, 7.96555e-06
203, 192, 4.41954e-06, 3.52673e-06
203, 195, 7.47691e-06, 7.16479e-06
203, 196, 4.82679e-06, 5.48022e-06
203, 198, 6.96656e-06, 4.62756e-06
203, 199, 6.59254e-06, 8.82087e-06
203, 201, 2.55509e-06, 8.31614e-06
204, 188, 5.15068e-06, 2.03888e-06
204, 189, 6.3284e-06, 3.29862e-06
204, 190, 5.26694e-06, 5.21919e-06
204, 191, 4.47847e-06, 7.67072e-06
204, 192, 4.38774e-06, 3.58727e-06
204, 195, 2.29494e-06, 7.38718e-06
204, 196, 7.46769e-06, 5.60115e-06
204, 198, 6.6776e-06, 4.65367e-06
204, 199, 6.00917e-06, 9.03801e-06
204, 201, 3.99733e-06, 7.92023e-06
204, 203, 5.653e-06, 5.04205e-06
205, 189, 4.94264e-06, 3.4997e-06
205, 190, 2.29052e-06, 5.26031e-06
205, 191, 3.89612e-06, 7.9368e-06
205, 192, 2.93295e-06, 3.45398e-06
205, 195, 2.86271e-06, 6.90109e-06
205, 196, 6.98166e-06, 5.36282e-06
205, 198, 8.12474e-06, 4.4706e-06
205, 199, 8.1971e-06, 8.83884e-06
205, 201, 3.09607e-06, 8.08991e-06
205, 203, 5.529e-06, 5.4478e-06
205, 204, 3.93339e-06, 4.31107e-06
206, 190, 1.00117e-05, 5.25525e-06
206, 191, 7.21011e-06, 7.68661e-06
206, 192, 6.55673e-06, 3.83597e-06
206, 195, 6.85309e-06, 7.18107e-06
206, 196, 4.69427e-06, 5.50976e-06
206, 198, 4.15929e-06, 4.55603e-06
206, 199, 5.22723e-06, 8.96585e-06
206, 201, 7.16683e-06, 8.20004e-06
206, 203, 7.01404e-06, 5.14611e-06
206, 204, 4.85733e-06, 4.25763e-06
206, 205, 9.41227e-06, 3.03672e-06
207, 190, 3.47645e-06, 5.12548e-06
207, 191, 2.35082e-06, 7.95985e-06
207, 192, 2.01293e-06, 4.12913e-06
207, 195, 6.75381e-06, 7.3342e-06
207, 196, 6.80518e-06, 5.77705e-06
207, 198, 6.66427e-06, 4.48741e-06
207, 199, 1.16237e-05, 9.05444e-06
207, 201, 2.35724e-06, 8.07951e-06
207, 203, 4.69238e-06, 4.9689e-06
207, 204, 3.16238e-06, 4.31553e-06
207, 205, 6.85036e-06, 3.25149e-06
207, 206, 3.87174e-06, 6.61953e-06
209, 192, 5.34442e-06, 4.21945e-06
209, 195, 3.22312e-06, 7.53979e-06
209, 196, 1.11889e-05, 6.14856e-06
209, 198, 8.04243e-06, 4.42833e-06
209, 199, 6.20742e-06, 9.05732e-06
209, 201, 4.19108e-06, 8.26529e-06
209, 203, 8.83626e-06, 4.98605e-06
209, 204, 6.13151e-06, 4.67133e-06
209, 205, 2.51953e-06, 3.22296e-06
209, 206, 3.84672e-06, 6.59446e-06
209, 207, 2.54648e-06, 3.75888e-06
210, 195, 2.39944e-06, 7.58212e-06
210, 198, 6.84288e-06, 4.14865e-06
210, 199, 1.08088e-05, 9.32625e-06
210, 201, 2.7782e-06, 8.13207e-06
210, 203, 5.68963e-06, 5.01201e-06
210, 204, 3.82599e-06, 4.46383e-06
210, 205, 6.30932e-06, 3.35286e-06
210, 206, 2.99691e-06, 6.27858e-06
210, 207, 4.73453e-06, 3.75555e-06
210, 209, 3.43417e-06, 1.06416e-05
211, 195, 1.59075e-06, 6.87132e-06
211, 198, 1.27649e-05, 4.09706e-06
211, 199, 7.75237e-06, 9.0103e-06
211, 201, 3.77e-06, 8.01178e-06
211, 203, 5.2435e-06, 5.49481e-06
211, 204, 3.14144e-06, 3.72395e-06
211, 205, 4.19525e-06, 2.58293e-06
211, 206, 4.27254e-06, 6.26048e-06
211, 207, 7.14015e-06, 2.92949e-06
211, 209, 2.11362e-06, 1.06231e-05
211, 210, 3.4128e-06, 2.66124e-06
212, 198, 9.97467e-06, 4.45074e-06
212, 199, 3.58653e-06, 9.17095e-06
212, 201, 4.29829e-06, 8.12253e-06
212, 203, 5.92538e-06, 5.3022e-06
212, 204, 4.27829e-06, 4.16814e-06
212, 205, 9.40595e-06, 2.67718e-06
212, 206, 7.28545e-06, 6.38669e-06
212, 207, 5.308e-06, 3.17691e-06
212, 209, 3.12067e-06, 1.06215e-05
212, 210, 3.7937e-06, 2.89148e-06
212, 211, 3.92535e-06, 2.33629e-06
213, 199, 8.58379e-06, 8.87073e-06
213, 201, 7.0141e-06, 8.24125e-06
213, 203, 4.26937e-06, 5.30975e-06
213, 204, 7.55114e-06, 3.80738e-06
213, 205, 1.60234e-06, 2.75208e-06
213, 206, 3.37026e-06, 6.38502e-06
213, 207, 2.54337e-06, 3.13992e-06
213, 209, 4.65319e-06, 1.05162e-05
213, 210, 6.9656e-06, 2.7537e-06
213, 211, 5.26157e-06, 1.67987e-06
213, 212, 5.97973e-06, 8.15759e-06
214, 203, 8.29064e-06, 5.14183e-06
214, 204, 8.22893e-06, 4.57895e-06
214, 205, 1.02304e-05, 2.69048e-06
214, 206, 8.41686e-06, 6.41444e-06
214, 207, 5.84047e-06, 3.28247e-06
214, 209, 3.24997e-06, 1.05905e-05
214, 210, 7.54667e-06, 2.89339e-06
214, 211, 3.33655e-06, 2.19699e-06
214, 212, 9.43863e-06, 8.87793e-06
214, 213, 2.35687e-06, 5.57721e-06
215, 205, 7.51128e-06, 3.12677e-06
215, 206, 2.65474e-06, 6.71115e-06
215, 207, 5.81403e-06, 3.60835e-06
215, 209, 6.45335e-06, 1.06565e-05
215, 210, 1.06329e-05, 3.15801e-06
215, 211, 9.45857e-06, 2.9708e-06
215, 212, 5.44213e-06, 8.68582e-06
215, 213, 7.71288e-06, 5.02557e-06
215, 214, 1.78305e-06, 2.45599e-06
216, 207, 6.15029e-06, 2.98108e-06
216, 209, 7.78456e-06, 1.06197e-05
216, 210, 4.44596e-06, 2.98494e-06
216, 211, 8.77982e-06, 2.16442e-06
216, 212, 4.53552e-06, 8.25287e-06
216, 213, 8.74618e-06, 4.93956e-06
216, 214, 1.68454e-06, 1.47904e-06
216, 215, 4.59255e-06, 6.07846e-06
217, 209, 4.546e-06, 1.07168e-05
217, 210, 3.73622e-06, 3.58045e-06
217, 211, 7.10277e-06, 2.38318e-06
217, 212, 4.85637e-06, 8.36712e-06
217, 213, 5.14986e-06, 5.77309e-06
217, 214, 6.76878e-06, 2.26561e-06
217, 215, 1.9946e-06, 5.69707e-06
217, 216, 8.54817e-06, 2.06809e-06
219, 210, 3.03024e-06, 3.03657e-06
219, 211, 7.47643e-06, 2.07644e-06
219, 212, 6.18013e-06, 8.09711e-06
219, 213, 8.90816e-06, 5.26229e-06
219, 214, 1.35361e-05, 1.68193e-06
219, 215, 5.81635e-06, 6.06002e-06
219, 216, 1.20828e-05, 1.9239e-06
219, 217, 6.06268e-06, 1.05541e-05
220, 210, 7.09132e-06, 3.38677e-06
220, 211, 9.47565e-06, 2.48659e-06
220, 212, 6.54188e-06, 8.25022e-06
220, 213, 6.16082e-06, 5.15075e-06
220, 214, 2.19037e-06, 2.05293e-06
220, 215, 2.32864e-06, 6.01731e-06
220, 216, 6.78581e-06, 2.01137e-06
220, 217, 6.9481e-06, 1.03663e-05
220, 219, 3.99075e-06, 1.04127e-05
221, 210, 2.82465e-06, 2.92603e-06
221, 211, 4.82238e-06, 2.43913e-06
221, 212, 4.92894e-06, 8.61365e-06
221, 213, 6.35445e-06, 5.13184e-06
221, 214, 1.19491e-05, 2.17201e-06
221, 215, 6.5856e-06, 6.48484e-06
221, 216, 8.34071e-06, 1.69317e-06
221, 217, 7.51648e-06, 1.05118e-05
221, 219, 5.82974e-06, 1.0383e-05
221, 220, 9.6715e-06, 1.14944e-05
222, 212, 5.39391e-06, 8.61789e-06
222, 213, 3.64475e-06, 5.21746e-06
222, 214, 3.02996e-06, 2.00899e-06
222, 215, 3.97575e-06, 6.12611e-06
222, 216, 8.06399e-06, 2.29554e-06
222, 217, 8.23878e-06, 1.03044e-05
222, 219, 5.4913e-06, 1.02226e-05
222, 220, 9.07364e-06, 1.18552e-05
222, 221, 5.81801e-06, 1.44631e-05
223, 213, 9.4654e-06, 4.99347e-06
223, 214, 3.43368e-06, 1.27969e-06
223, 215, 7.82397e-06, 6.02294e-06
223, 216, 9.61879e-06, 1.72048e-06
223, 217, 6.87115e-06, 1.04174e-05
223, 219, 3.45388e-06, 1.03946e-05
223, 220, 4.18024e-06, 1.164e-05
223, 221, 4.18292e-06, 1.4475e-05
223, 222, 7.03887e-06, 3.27135e-06
224, 213, 9.87573e-06, 5.14559e-06
224, 214, 5.08989e-06, 1.7081e-06
224, 215, 4.93381e-06, 6.178e-06
224, 216, 1.01955e-05, 1.22414e-06
224, 217, 2.38729e-06, 1.03769e-05
224, 219, 1.58521e-06, 1.03014e-05
224, 220, 3.82686e-06, 1.18966e-05
224, 221, 3.13578e-06, 1.44102e-05
224, 222, 6.92513e-06, 3.18645e-06
224, 223, 9.87891e-06, 7.49174e-06
225, 215, 3.90324e-06, 6.40293e-06
225, 216, 1.33931e-05, 2.55134e-06
225, 217, 5.27293e-06, 1.05609e-05
225, 219, 3.26225e-06, 1.05807e-05
225, 220, 6.16765e-06, 1.19615e-05
225, 221, 2.39496e-06, 1.48053e-05
225, 222, 6.87637e-06, 3.25882e-06
225, 223, 8.60605e-06, 7.8812e-06
225, 224, 6.68829e-06, 8.9193e-06
226, 216, 6.61391e-06, 2.03278e-06
226, 217, 8.4451e-06, 1.04838e-05
226, 219, 7.16913e-06, 1.03306e-05
226, 220, 9.66395e-06, 1.17514e-05
226, 221, 6.73339e-06, 1.47925e-05
226, 222, 2.3446e-06, 3.32147e-06
226, 223, 4.80173e-06, 7.44275e-06
226, 224, 2.15179e-06, 8.48024e-06
226, 225, 5.89035e-06, 9.47639e-06
227, 216, 5.9429e-06, 2.70515e-06
227, 217, 1.23289e-05, 1.01747e-05
227, 219, 7.82228e-06, 1.05129e-05
227, 220, 1.01001e-05, 1.13545e-05
227, 221, 7.15549e-06, 1.49267e-05
227, 222, 2.60406e-06, 3.70604e-06
227, 223, 4.15978e-06, 7.24665e-06
227, 224, 2.72938e-06, 8.90969e-06
227, 225, 5.84609e-06, 9.94748e-06
227, 226, 6.03012e-06, 7.68038e-06
228, 217, 3.44764e-06, 1.07632e-05
228, 219, 4.76704e-06, 1.04411e-05
228, 220, 7.84286e-06, 1.16422e-05
228, 221, 1.73572e-06, 1.47247e-05
228, 222, 7.36363e-06, 3.15249e-06
228, 223, 9.45974e-06, 7.42213e-06
228, 224, 7.33281e-06, 8.71324e-06
228, 225, 3.67757e-06, 9.72957e-06
228, 226, 9.75799e-06, 7.76554e-06
228, 227, 3.67283e-06, 1.20521e-05
229, 219, 7.69905e-06, 1.08596e-05
229, 220, 1.14677e-05, 1.17437e-05
229, 221, 5.42266e-06, 1.43899e-05
229, 222, 5.5507e-06, 3.24055e-06
229, 223, 4.17582e-06, 7.3868e-06
229, 224, 4.73611e-06, 8.86639e-06
229, 225, 2.96934e-06, 9.89981e-06
229, 226, 7.66477e-06, 7.47572e-06
229, 227, 3.00765e-06, 1.23575e-05
229, 228, 2.83124e-06, 1.06823e-05
230, 219, 2.08848e-06, 1.03992e-05
230, 220, 6.29707e-06, 1.18824e-05
230, 221, 2.129e-06, 1.45672e-05
230, 222, 5.47172e-06, 3.2049e-06
230, 223, 1.08477e-05, 7.34804e-06
230, 224, 3.06614e-06, 8.67539e-06
230, 225, 6.21282e-06, 9.48242e-06
230, 226, 4.39695e-06, 7.34964e-06
230, 227, 4.43629e-06, 1.23833e-05
230, 228, 4.44601e-06, 1.13569e-05
230, 229, 1.09959e-05, 1.13792e-05
231, 219, 6.13342e-06, 1.08813e-05
231, 220, 9.82837e-06, 1.19569e-05
231, 221, 1.01032e-05, 1.45413e-05
231, 222, 1.99826e-06, 3.48092e-06
231, 223, 2.97269e-06, 7.64026e-06
231, 224, 2.30275e-06, 8.76782e-06
231, 225, 7.24932e-06, 9.87204e-06
231, 226, 4.91514e-06, 7.56931e-06
231, 227, 5.5872e-06, 1.19572e-05
231, 228, 2.70605e-06, 1.07933e-05
231, 229, 1.08743e-05, 1.15953e-05
231, 230, 3.46146e-06, 1.65962e-05
232, 220, 4.7608e-06, 1.1765e-05
232, 221, 4.04154e-06, 1.48356e-05
232, 222, 8.16052e-06, 3.27629e-06
232, 223, 8.48926e-06, 7.41394e-06
232, 224, 6.62435e-06, 8.24972e-06
232, 225, 4.7627e-06, 9.58172e-06
232, 226, 6.41502e-06, 7.45803e-06
232, 227, 3.50745e-06, 1.25273e-05
232, 228, 4.83713e-06, 1.08057e-05
232, 229, 1.02423e-05, 1.14528e-05
232, 230, 7.65424e-06, 1.71255e-05
232, 231, 5.51962e-06, 5.18536e-06
233, 221, 6.10332e-06, 1.44967e-05
233, 222, 8.62619e-06, 3.44639e-06
233, 223, 6.93317e-06, 7.71553e-06
233, 224, 1.15396e-05, 9.10652e-06
233, 225, 5.32228e-06, 9.75308e-06
233, 226, 1.54403e-05, 7.3566e-06
233, 227, 8.21883e-06, 1.21536e-05
233, 228, 7.94776e-06, 1.09681e-05
233, 229, 4.99024e-06, 1.22671e-05
233, 230, 9.3077e-06, 1.74446e-05
233, 231, 5.51249e-06, 5.01763e-06
233, 232, 9.23036e-06, 1.01626e-05
235, 224, 5.40143e-06, 8.58507e-06
235, 225, 6.15357e-06, 9.98232e-06
235, 226, 8.23338e-06, 7.68237e-06
235, 227, 5.98258e-06, 1.23282e-05
235, 228, 4.59903e-06, 1.07321e-05
235, 229, 1.09821e-05, 1.08802e-05
235, 230, 1.63457e-06, 1.60631e-05
235, 231, 4.7633e-06, 5.08929e-06
235, 232, 5.37265e-06, 1.0407e-05
235, 233, 7.29704e-06, 4.27264e-06
236, 225, 4.91152e-06, 9.92782e-06
236, 226, 1.46402e-05, 7.4847e-06
236, 227, 4.56986e-06, 1.17258e-05
236, 228, 7.00693e-06, 1.07658e-05
236, 229, 6.52476e-06, 1.1404e-05
236, 230, 4.95436e-06, 1.6952e-05
236, 231, 3.5532e-06, 4.86195e-06
236, 232, 4.93703e-06, 9.8657e-06
236, 233, 6.68096e-06, 4.10775e-06
236, 235, 9.64989e-06, 1.07679e-05
237, 227, 3.96677e-06, 1.18654e-05
237, 228, 5.37361e-06, 1.06659e-05
237, 229, 1.07296e-05, 1.1807e-05
237, 230, 7.7609e-06, 1.69392e-05
237, 231, 7.56551e-06, 5.25944e-06
237, 232, 9.50682e-06, 1.04506e-05
237, 233, 1.95328e-06, 4.75038e-06
237, 235, 9.643e-06, 1.08705e-05
237, 236, 4.54264e-06, 1.04299e-05
238, 229, 7.59958e-06, 1.17337e-05
238, 230, 3.97931e-06, 1.76504e-05
238, 231, 1.2002e-06, 4.86395e-06
238, 232, 6.86605e-06, 1.02826e-05
238, 233, 4.27561e-06, 4.23093e-06
238, 235, 9.35351e-06, 1.07143e-05
238, 236, 7.66976e-06, 1.00619e-05
238, 237, 2.10103e-06, 4.31598e-06
239, 230, 1.55022e-05, 1.67824e-05
239, 231, 1.22657e-05, 4.49617e-06
239, 232, 1.07895e-05, 9.88988e-06
239, 233, 9.93862e-06, 4.86433e-06
239, 235, 2.10597e-05, 1.03855e-05
239, 236, 1.89672e-05, 1.02531e-05
239, 237, 9.79181e-06, 4.20379e-06
239, 238, 1.04923e-05, 2.40617e-06
240, 232, 1.81963e-05, 9.67888e-06
240, 233, 1.02054e-05, 4.06039e-06
240, 235, 6.8705e-06, 1.08352e-05
240, 236, 7.45012e-06, 9.66768e-06
240, 237, 1.48514e-05, 4.2581e-06
240, 238, 1.58834e-05, 3.22871e-06
240, 239, 1.72068e-05, 3.14037e-06
241, 232, 4.9747e-05, 1.02857e-05
241, 233, 5.01406e-05, 4.90004e-06
241, 235, 5.19583e-05, 1.10658e-05
241, 236, 5.20484e-05, 9.44845e-06
241, 237, 4.38529e-05, 4.29111e-06
241, 238, 4.4101e-05, 3.03805e-06
241, 239, 4.24735e-05, 3.99062e-06
241, 240, 7.48046e-05, 1.43885e-05
242, 233, 4.4056e-05, 4.22832e-06
242, 235, 4.52262e-05, 1.08418e-05
242, 236, 4.49035e-05, 1.01123e-05
242, 237, 3.58318e-05, 4.27872e-06
242, 238, 3.42523e-05, 3.61004e-06
242, 239, 3.27691e-05, 3.81894e-06
242, 240, 6.64421e-05, 1.35569e-05
242, 241, 6.83963e-05, 6.22072e-06
243, 235, 3.59007e-05, 1.06041e-05
243, 236, 3.73357e-05, 9.63802e-06
243, 237, 4.84706e-05, 4.10425e-06
243, 238, 4.94356e-05, 3.25131e-06
243, 239, 4.99073e-05, 3.84851e-06
243, 240, 1.77449e-05, 1.42222e-05
243, 241, 1.56884e-05, 6.71329e-06
243, 242, 2.29817e-05, 6.72001e-06
244, 236, 2.61699e-05, 8.921e-06
244, 237, 3.68168e-05, 3.66699e-06
244, 238, 4.28805e-05, 2.62281e-06
244, 239, 4.15113e-05, 3.48538e-06
244, 240, 8.11805e-06, 1.43548e-05
244, 241, 7.94384e-06, 6.201e-06
244, 242, 1.38205e-05, 6.31097e-06
244, 243, 5.44257e-06, 2.44954e-06
245, 237, 2.89294e-05, 3.89116e-06
245, 238, 3.44584e-05, 3.81781e-06
245, 239, 3.43622e-05, 3.5945e-06
245, 240, 6.33635e-05, 1.38172e-05
245, 241, 6.55517e-05, 6.29942e-06
245, 242, 5.75476e-05, 6.74857e-06
245, 243, 7.63888e-05, 2.08027e-06
245, 244, 1.57186e-05, 9.83591e-06
246, 237, 2.44178e-05, 4.73991e-06
246, 238, 3.11831e-05, 3.50253e-06
246, 239, 3.07282e-05, 3.43804e-06
246, 240, 7.65252e-06, 1.31684e-05
246, 241, 5.62625e-06, 5.95652e-06
246, 242, 5.98807e-06, 7.02928e-06
246, 243, 1.77932e-05, 2.29991e-06
246, 244, 7.12104e-05, 9.53705e-06
246, 245, 3.0355e-06, 1.22819e-05
247, 238, 3.91829e-05, 3.58444e-06
247, 239, 3.7095e-05, 3.98049e-06
247, 240, 7.78295e-05, 1.39796e-05
247, 241, 7.29516e-05, 6.31279e-06
247, 242, 6.85346e-05, 6.97426e-06
247, 243, 8.76729e-05, 2.96412e-06
247, 244, 1.27361e-05, 9.97604e-06
247, 245, 7.54841e-05, 1.2227e-05
247, 246, 9.18908e-05, 3.41826e-06
248, 240, 6.11272e-05, 1.38694e-05
248, 241, 6.21311e-05, 6.39921e-06
248, 242, 5.34941e-05, 6.59912e-06
248, 243, 7.70005e-05, 2.37306e-06
248, 244, 1.25384e-05, 9.567e-06
248, 245, 6.3839e-05, 1.23741e-05
248, 246, 8.10068e-05, 2.78703e-06
248, 247, 4.16318e-05, 9.81774e-06
249, 242, 3.4029e-06, 6.76325e-06
249, 243, 1.83026e-05, 2.15743e-06
249, 244, 6.91116e-05, 1.0264e-05
249, 245, 7.54882e-06, 1.26529e-05
249, 246, 2.35596e-05, 3.21982e-06
249, 247, 1.67859e-05, 1.00134e-05
249, 248, 5.28681e-05, 1.11139e-05
250, 242, 3.64111e-05, 6.63496e-06
250, 243, 5.76369e-05, 1.83176e-06
250, 244, 3.14919e-05, 9.95183e-06
250, 245, 4.22906e-05, 1.21835e-05
250, 246, 5.85111e-05, 3.89499e-06
250, 247, 1.9764e-05, 9.91018e-06
250, 248, 1.84696e-05, 1.10647e-05
250, 249, 1.56821e-05, 1.30324e-05
251, 244, 8.54972e-05, 9.52664e-06
251, 245, 7.90448e-06, 1.21376e-05
251, 246, 1.04772e-05, 3.62323e-06
251, 247, 3.33234e-05, 9.66383e-06
251, 248, 6.86183e-05, 1.08031e-05
251, 249, 6.49477e-05, 1.29696e-05
251, 250, 5.80586e-05, 1.81046e-05
252, 248, 7.51133e-05, 1.06318e-05
252, 249, 7.02517e-05, 1.28792e-05
252, 250, 6.43186e-05, 1.80044e-05
252, 251, 3.7493e-05, 1.09329e-05
253, 249, 8.60152e-06, 1.31387e-05
253, 250, 3.07017e-06, 1.78425e-05
253, 251, 2.57477e-05, 1.11122e-05
253, 252, 3.58126e-05, 3.26364e-05
254, 251, 1.94416e-05, 1.1072e-05
254, 252, 8.75037e-06, 3.24604e-05
254, 253, 1.05875e-05, 4.60374e-06
255, 252, 2.4373e-05, 3.25905e-05
255, 253, 2.19745e-05, 3.41431e-06
255, 254, 2.60063e-05, 5.79445e-06
256, 253, 1.28113e-05, 4.3295e-06
256, 254, 1.07155e-05, 6.1624e-06
256, 255, 5.51526e-05, 1.62245e-05
257, 255, 2.33012e-05, 1.63246e-05
257, 256, 5.13132e-05, 1.72407e-05
258, 256, 3.09539e-05, 1.70349e-05
258, 257, 5.05614e-05, 3.82374e-05
259, 256, 3.61274e-05, 1.68296e-05
259, 257, 5.82106e-05, 3.86429e-05
259, 258, 4.69856e-05, 2.09722e-05
260, 256, 2.67025e-05, 1.73283e-05
260, 257, 5.32566e-05, 3.85789e-05
260, 258, 3.75511e-05, 2.13315e-05
260, 259, 8.0071e-05, 2.68574e-05
261, 258, 5.00088e-05, 2.13846e-05
261, 259, 9.21731e-05, 2.56906e-05
261, 260, 2.70221e-05, 1.99216e-05
262, 259, 9.21263e-05, 2.62529e-05
262, 260, 2.33306e-05, 2.03139e-05
262, 261, 9.46263e-06, 4.26429e-05
263, 259, 3.73641e-05, 2.60801e-05
263, 260, 3.92361e-05, 2.03599e-05
263, 261, 6.25415e-05, 4.30636e-05
263, 262, 3.02652e-05, 1.3331e-05
264, 261, 4.40313e-05, 4.25087e-05
264, 262, 4.74574e-05, 1.27853e-05
264, 263, 2.16429e-05, 1.80947e-05
265, 261, 6.83122e-05, 4.2269e-05
265, 262, 2.60498e-05, 1.36425e-05
265, 263, 1.23623e-05, 1.76655e-05
265, 264, 1.93686e-05, 7.24108e-06
266, 261, 8.34918e-05, 4.24565e-05
266, 262, 1.01087e-05, 1.38706e-05
266, 263, 3.4145e-05, 1.87267e-05
266, 264, 4.30139e-05, 5.76992e-06
266, 265, 2.07621e-05, 8.18278e-06
267, 262, 3.77645e-05, 1.20475e-05
267, 263, 7.64439e-06, 1.77549e-05
267, 264, 9.91846e-06, 6.05876e-06
267, 265, 1.18664e-05, 8.07963e-06
267, 266, 4.3923e-05, 1.33554e-05
268, 262, 1.48052e-05, 1.35797e-05
268, 263, 1.70358e-05, 1.82923e-05
268, 264, 2.4585e-05, 5.76641e-06
268, 265, 9.32564e-06, 8.98984e-06
268, 266, 5.76692e-05, 1.30463e-05
268, 267, 2.03868e-05, 3.60496e-05
269, 262, 2.69601e-05, 1.27171e-05
269, 263, 8.98963e-06, 1.76833e-05
269, 264, 1.29434e-05, 5.29043e-06
269, 265, 9.53495e-06, 8.41358e-06
269, 266, 5.06177e-05, 1.3603e-05
269, 267, 1.50575e-05, 3.60711e-05
269, 268, 8.06961e-05, 1.42053e-05
271, 265, 5.35904e-05, 8.61626e-06
271, 266, 9.8244e-06, 1.42323e-05
271, 267, 3.84031e-05, 3.65768e-05
271, 268, 3.18233e-05, 1.5951e-05
271, 269, 2.71546e-05, 3.54775e-05
272, 267, 1.64185e-05, 3.65293e-05
272, 268, 8.58291e-05, 1.4847e-05
272, 269, 2.41531e-05, 3.49768e-05
272, 271, 3.24972e-05, 3.44864e-05
273, 268, 5.12787e-05, 1.52606e-05
273, 269, 7.02281e-06, 3.50345e-05
273, 271, 8.22692e-06, 3.2995e-05
273, 272, 7.85587e-06, 2.78717e-05
274, 269, 1.95131e-05, 3.52105e-05
274, 271, 1.36797e-05, 3.33748e-05
274, 272, 2.54758e-05, 2.81852e-05
274, 273, 1.54452e-05, 4.24618e-05
275, 271, 1.48731e-05, 3.2282e-05
275, 272, 2.61213e-05, 2.83352e-05
275, 273, 2.08418e-05, 4.24787e-05
275, 274, 6.71061e-05, 1.45015e-05
276, 272, 2.53302e-05, 2.79534e-05
276, 273, 3.08857e-05, 4.26688e-05
276, 274, 1.4216e-05, 1.45755e-05
276, 275, 3.37657e-05, 5.92519e-06
277, 273, 1.08002e-05, 4.18479e-05
277, 274, 3.37641e-05, 1.43872e-05
277, 275, 1.05665e-05, 8.96502e-06
277, 276, 4.53991e-05, 3.14634e-05
278, 273, 4.28661e-05, 4.28785e-05
278, 274, 6.04896e-06, 1.39629e-05
278, 275, 4.50207e-05, 5.63012e-06
278, 276, 1.30343e-05, 3.1578e-05
278, 277, 5.70843e-05, 8.83495e-06
279, 274, 1.09417e-05, 1.5767e-05
279, 275, 5.19493e-05, 7.5141e-06
279, 276, 6.48021e-06, 3.20273e-05
279, 277, 6.69426e-05, 8.85849e-06
279, 278, 5.40531e-05, 1.10735e-05
280, 275, 1.73692e-05, 5.66236e-06
280, 276, 6.50496e-05, 3.16665e-05
280, 277, 9.12073e-06, 9.52339e-06
280, 278, 1.42378e-05, 1.22966e-05
280, 279, 2.58902e-05, 5.3482e-05
281, 275, 3.13933e-05, 6.72429e-06
281, 276, 2.28773e-05, 3.1979e-05
281, 277, 4.87189e-05, 8.65367e-06
281, 278, 3.35941e-05, 1.12934e-05
281, 279, 7.11737e-05, 5.27694e-05
281, 280, 3.17799e-05, 2.76266e-05
282, 277, 2.44614e-05, 8.58187e-06
282, 278, 2.99276e-05, 9.58403e-06
282, 279, 4.51167e-06, 5.37539e-05
282, 280, 9.7656e-05, 2.54841e-05
282, 281, 4.50431e-05, 1.19177e-05
283, 277, 7.39427e-06, 9.33526e-06
283, 278, 1.37352e-05, 1.05415e-05
283, 279, 2.84197e-05, 5.27384e-05
283, 280, 7.79399e-05, 2.70113e-05
283, 281, 2.73535e-05, 1.30529e-05
283, 282, 2.20644e-05, 4.37056e-05
284, 277, 3.21429e-05, 8.14032e-06
284, 278, 4.4847e-05, 1.24877e-05
284, 279, 2.67381e-06, 5.38342e-05
284, 280, 0.00010646, 2.64303e-05
284, 281, 5.53366e-05, 1.2098e-05
284, 282, 9.08157e-06, 4.34295e-05
284, 283, 8.13726e-05, 1.34204e-05
285, 278, 3.87142e-05, 1.2554e-05
285, 279, 4.61671e-06, 5.29901e-05
285, 280, 0.000104977, 2.50856e-05
285, 281, 5.13398e-05, 1.25091e-05
285, 282, 5.14104e-06, 4.35551e-05
285, 283, 7.80067e-05, 1.25414e-05
285, 284, 2.9469e-05, 1.13854e-05
286, 277, 4.37762e-05, 9.35283e-06
286, 278, 2.81879e-05, 1.19509e-05
286, 279, 6.70315e-05, 5.3129e-05
286, 280, 3.3057e-05, 2.61859e-05
286, 281, 1.28296e-05, 1.3293e-05
286, 282, 5.99819e-05, 4.3172e-05
286, 283, 1.52873e-05, 1.37873e-05
286, 284, 3.49591e-05, 1.14407e-05
286, 285, 9.16959e-06, 1.48486e-05
287, 279, 1.61531e-05, 5.26325e-05
287, 280, 8.47478e-05, 2.56431e-05
287, 281, 3.65096e-05, 1.33968e-05
287, 282, 1.44879e-05, 4.41365e-05
287, 283, 6.10822e-05, 1.28162e-05
287, 284, 1.34972e-05, 1.14754e-05
287, 285, 5.46864e-05, 1.44046e-05
287, 286, 2.26786e-05, 1.84321e-05
288, 280, 6.67738e-05, 2.61328e-05
288, 281, 2.03368e-05, 1.20117e-05
288, 282, 2.60287e-05, 4.42502e-05
288, 283, 4.31494e-05, 1.35489e-05
288, 284, 7.34495e-06, 1.32191e-05
288, 285, 3.46429e-05, 1.44689e-05
288, 286, 2.05001e-05, 1.87468e-05
288, 287, 2.33432e-05, 1.01786e-05
289, 284, 1.371e-05, 1.38408e-05
289, 285, 5.75661e-05, 1.46549e-05
289, 286, 2.04076e-05, 1.96293e-05
289, 287, 1.34252e-05, 7.87918e-06
289, 288, 6.28801e-06, 3.97541e-05
290, 285, 1.14629e-05, 1.50957e-05
290, 286, 5.98738e-05, 1.81992e-05
290, 287, 8.00124e-05, 1.00629e-05
290, 288, 6.60059e-05, 3.9124e-05
290, 289, 3.8313e-05, 4.76503e-05
291, 287, 7.10013e-05, 9.43338e-06
291, 288, 5.86329e-05, 3.92641e-05
291, 289, 3.13926e-05, 4.65493e-05
291, 290, 6.91092e-05, 1.98862e-05
292, 288, 9.63228e-06, 3.77345e-05
292, 289, 5.15488e-05, 4.86566e-05
292, 290, 4.84959e-05, 1.98567e-05
292, 291, 3.66087e-05, 1.64613e-05
293, 289, 2.99162e-05, 4.68281e-05
293, 290, 7.30597e-05, 2.03868e-05
293, 291, 3.33073e-05, 1.73466e-05
293, 292, 8.23404e-05, 3.05441e-05
294, 290, 5.96249e-05, 1.94347e-05
294, 291, 6.02816e-05, 1.73148e-05
294, 292, 2.75731e-05, 3.02863e-05
294, 293, 5.49383e-05, 3.97748e-05
295, 291, 1.50976e-05, 1.8496e-05
295, 292, 5.31618e-05, 3.21091e-05
295, 293, 7.38586e-06, 3.98334e-05
295, 294, 2.84009e-05, 6.27214e-05
296, 291, 9.01798e-06, 1.87318e-05
296, 292, 5.31756e-05, 2.86737e-05
296, 293, 1.00467e-05, 3.99563e-05
296, 294, 2.78001e-05, 6.26161e-05
296, 295, 2.70919e-05, 5.75332e-05
298, 292, 3.1334e-05, 3.23079e-05
298, 293, 6.44975e-05, 3.9815e-05
298, 294, 4.06537e-05, 6.26883e-05
298, 295, 4.12337e-05, 5.72312e-05
298, 296, 5.30988e-05, 3.59381e-05
299, 292, 4.56449e-05, 2.85862e-05
299, 293, 7.87913e-06, 3.98172e-05
299, 294, 2.02966e-05, 5.97768e-05
299, 295, 1.80228e-05, 5.68086e-05
299, 296, 1.13349e-05, 3.54813e-05
299, 298, 1.61561e-05, 3.69166e-05
300, 292, 2.05593e-05, 3.05316e-05
300, 293, 3.71498e-05, 4.00286e-05
300, 294, 1.89567e-05, 6.23063e-05
300, 295, 9.59318e-06, 5.73446e-05
300, 296, 2.55754e-05, 3.54575e-05
300, 298, 4.36188e-05, 3.62342e-05
300, 299, 1.43562e-05, 1.13241e-05
301, 294, 1.89958e-05, 6.24698e-05
301, 295, 1.56515e-05, 5.71151e-05
301, 296, 6.66414e-06, 3.56035e-05
301, 298, 2.24737e-05, 3.54094e-05
301, 299, 3.92504e-05, 1.12622e-05
301, 300, 1.08295e-05, 9.36848e-06
302, 294, 1.52285e-05, 6.28096e-05
302, 295, 1.09471e-05, 5.74131e-05
302, 296, 1.38761e-05, 3.53985e-05
302, 298, 2.65024e-05, 3.62612e-05
302, 299, 3.33982e-05, 9.84647e-06
302, 300, 1.41741e-05, 7.26495e-06
302, 301, 2.97091e-05, 1.24814e-05
303, 294, 4.48057e-05, 5.94394e-05
303, 295, 4.48228e-05, 5.7883e-05
303, 296, 3.14142e-05, 3.55318e-05
303, 298, 1.9693e-05, 3.56592e-05
303, 299, 6.93034e-05, 1.09814e-05
303, 300, 2.15026e-05, 1.03102e-05
303, 301, 6.20003e-05, 1.176e-05
303, 302, 2.25125e-05, 5.80414e-05
304, 295, 1.99586e-05, 5.79361e-05
304, 296, 3.39561e-05, 3.52352e-05
304, 298, 4.85675e-05, 3.61559e-05
304, 299, 5.98788e-06, 9.20479e-06
304, 300, 4.29749e-05, 9.32925e-06
304, 301, 4.02541e-06, 1.34816e-05
304, 302, 4.07705e-05, 5.81786e-05
304, 303, 1.63013e-05, 6.48471e-05
305, 296, 5.09115e-05, 3.49983e-05
305, 298, 6.78027e-05, 3.64392e-05
305, 299, 1.93175e-05, 1.00951e-05
305, 300, 6.16917e-05, 7.65348e-06
305, 301, 2.00627e-05, 1.17784e-05
305, 302, 6.00679e-05, 5.86193e-05
305, 303, 1.05136e-05, 6.47694e-05
305, 304, 3.62811e-05, 1.3834e-05
306, 298, 5.39558e-05, 3.59202e-05
306, 300, 4.94703e-05, 7.59816e-06
306, 301, 8.47426e-06, 1.20137e-05
306, 302, 4.7228e-05, 5.9137e-05
306, 303, 5.41981e-06, 6.50991e-05
306, 304, 2.36089e-05, 1.47201e-05
306, 305, 6.71725e-05, 1.6972e-05
307, 300, 3.28018e-05, 1.09395e-05
307, 301, 9.89043e-06, 1.43975e-05
307, 302, 3.12537e-05, 5.89379e-05
307, 303, 2.18529e-05, 6.49161e-05
307, 304, 8.56033e-06, 1.38328e-05
307, 305, 4.95724e-05, 1.83507e-05
307, 306, 1.17919e-05, 1.62621e-05
308, 302, 4.9313e-05, 5.95789e-05
308, 303, 1.19085e-05, 6.54639e-05
308, 304, 2.48118e-05, 1.38828e-05
308, 305, 6.79093e-05, 1.75718e-05
308, 306, 2.53098e-05, 1.65734e-05
308, 307, 3.39847e-05, 7.74608e-06
309, 304, 6.60487e-06, 1.30668e-05
309, 305, 5.15216e-05, 1.85328e-05
309, 306, 1.26533e-05, 1.57246e-05
309, 307, 1.63886e-05, 7.79551e-06
309, 308, 4.48815e-05, 2.98973e-05
310, 305, 1.28648e-05, 1.62617e-05
310, 306, 3.39823e-05, 1.50152e-05
310, 307, 2.47834e-05, 8.22475e-06
310, 308, 7.66239e-06, 2.94495e-05
310, 309, 1.77673e-05, 6.54852e-05
311, 305, 2.29504e-05, 1.6704e-05
311, 306, 2.23292e-05, 1.58946e-05
311, 307, 1.30651e-05, 9.12797e-06
311, 308, 1.83489e-05, 2.9583e-05
311, 309, 1.52551e-05, 6.69704e-05
311, 310, 4.32589e-05, 2.23103e-05
313, 307, 4.68005e-05, 8.64686e-06
313, 308, 4.71729e-05, 3.07264e-05
313, 309, 3.6411e-05, 6.62047e-05
313, 310, 1.43308e-05, 2.29362e-05
313, 311, 8.95363e-05, 3.17913e-05
314, 308, 8.09974e-05, 3.0585e-05
314, 309, 6.61656e-05, 6.80659e-05
314, 310, 8.27914e-05, 2.13952e-05
314, 311, 8.43822e-05, 3.08827e-05
314, 313, 6.07098e-05, 2.29663e-05
316, 308, 3.70324e-05, 2.97797e-05
316, 309, 5.34361e-05, 6.64842e-05
316, 310, 8.37663e-05, 2.25649e-05
316, 311, 9.28683e-06, 3.17922e-05
316, 313, 3.86179e-05, 2.28373e-05
316, 314, 4.71888e-05, 1.92702e-05
317, 309, 6.83538e-05, 6.53948e-05
317, 310, 9.41718e-05, 2.26764e-05
317, 311, 3.34167e-05, 3.15688e-05
317, 313, 4.87002e-05, 2.30443e-05
317, 314, 6.77488e-05, 1.95245e-05
317, 316, 5.22511e-05, 2.45896e-05
318, 308, 4.98398e-05, 2.88312e-05
318, 309, 5.64957e-05, 6.54234e-05
318, 310, 8.75686e-05, 2.22626e-05
318, 311, 1.87086e-05, 3.1467e-05
318, 313, 4.92932e-05, 2.29782e-05
318, 314, 5.03027e-05, 2.11564e-05
318, 316, 5.53649e-05, 2.38605e-05
318, 317, 6.61106e-05, 6.27087e-05
319, 310, 6.25635e-06, 2.35483e-05
319, 311, 9.80631e-05, 3.01013e-05
319, 313, 4.88688e-05, 2.25822e-05
319, 314, 5.7807e-05, 2.01878e-05
319, 316, 5.42279e-05, 2.48412e-05
319, 317, 7.29389e-05, 6.1604e-05
319, 318, 6.09066e-05, 4.19633e-05
320, 310, 5.26984e-05, 2.09856e-05
320, 311, 5.31703e-05, 3.36925e-05
320, 313, 1.29742e-05, 2.45653e-05
320, 314, 4.16144e-05, 1.98046e-05
320, 316, 2.12245e-05, 2.47072e-05
320, 317, 4.68578e-05, 6.29498e-05
320, 318, 2.29673e-05, 4.35488e-05
320, 319, 5.64153e-05, 5.53115e-05
321, 311, 2.80325e-05, 3.12378e-05
321, 313, 3.27964e-05, 2.39131e-05
321, 314, 1.57546e-05, 2.02948e-05
321, 316, 6.45992e-05, 2.46902e-05
321, 317, 8.6718e-05, 6.49372e-05
321, 318, 5.81871e-05, 4.37412e-05
321, 319, 2.49171e-05, 5.88505e-05
321, 320, 2.77563e-05, 6.9268e-05
322, 311, 9.51561e-05, 3.22299e-05
322, 313, 5.03764e-05, 2.27058e-05
322, 314, 6.8027e-05, 1.9091e-05
322, 316, 4.1896e-05, 2.48259e-05
322, 317, 5.2037e-05, 6.2939e-05
322, 318, 4.22776e-05, 4.19413e-05
322, 319, 0.000101468, 5.76083e-05
322, 320, 6.74034e-05, 6.89287e-05
322, 321, 7.26763e-05, 4.20126e-05
323, 310, 3.54655e-05, 2.22687e-05
323, 311, 5.78468e-05, 3.21793e-05
323, 313, 1.30479e-05, 2.18328e-05
323, 314, 3.54315e-05, 1.9662e-05
323, 316, 3.13019e-05, 2.38047e-05
323, 317, 5.73016e-05, 6.43478e-05
323, 318, 3.11969e-05, 4.23691e-05
323, 319, 6.2907e-05, 5.80693e-05
323, 320, 3.61406e-05, 6.80661e-05
323, 321, 3.80621e-05, 4.52263e-05
323, 322, 3.77565e-05, 4.16535e-05
324, 317, 2.81882e-05, 6.31556e-05
324, 318, 1.71294e-05, 4.20265e-05
324, 319, 7.25577e-05, 5.72132e-05
324, 320, 4.24216e-05, 6.87697e-05
324, 321, 6.03432e-05, 4.39791e-05
324, 322, 6.5605e-05, 4.17357e-05
324, 323, 4.32202e-05, 2.89e-05
325, 316, 5.5444e-05, 2.35403e-05
325, 317, 7.68398e-05, 6.35332e-05
325, 318, 4.76318e-05, 4.46817e-05
325, 319, 1.86082e-05, 5.68335e-05
325, 320, 2.11393e-05, 6.88814e-05
325, 321, 1.80572e-05, 4.41907e-05
325, 322, 2.32211e-05, 4.41119e-05
325, 323, 6.4569e-05, 2.71075e-05
325, 324, 2.97331e-05, 2.24948e-05
326, 317, 1.76483e-05, 6.31447e-05
326, 318, 2.28308e-05, 4.25613e-05
326, 319, 9.23291e-05, 5.72867e-05
326, 320, 5.73841e-05, 6.81717e-05
326, 321, 6.79194e-05, 4.20568e-05
326, 322, 7.25468e-05, 4.31196e-05
326, 323, 1.84582e-05, 2.80777e-05
326, 324, 5.56472e-05, 2.33033e-05
326, 325, 6.94453e-05, 2.43347e-05
327, 317, 5.15509e-05, 6.38702e-05
327, 318, 3.30149e-05, 4.11563e-05
327, 319, 4.33433e-05, 5.82663e-05
327, 320, 2.55146e-05, 6.95645e-05
327, 321, 3.94077e-05, 4.35004e-05
327, 322, 4.38644e-05, 4.09034e-05
327, 323, 5.71951e-05, 2.75646e-05
327, 324, 4.47875e-06, 2.31856e-05
327, 325, 5.99601e-05, 2.42178e-05
327, 326, 4.77348e-05, 1.92338e-05
328, 318, 8.08799e-06, 4.43535e-05
328, 319, 7.11592e-05, 5.58355e-05
328, 320, 3.52934e-05, 7.03781e-05
328, 321, 5.25354e-05, 4.38052e-05
328, 322, 5.61629e-05, 3.99023e-05
328, 323, 2.50963e-05, 3.27149e-05
328, 324, 3.2101e-05, 2.39212e-05
328, 325, 5.87744e-05, 2.62576e-05
328, 326, 1.4903e-05, 1.76332e-05
328, 327, 5.0921e-05, 4.10961e-05
329, 318, 8.25037e-06, 4.25537e-05
329, 321, 4.60326e-05, 4.28211e-05
329, 322, 4.71835e-05, 4.15009e-05
329, 323, 2.31905e-05, 2.80923e-05
329, 324, 3.22119e-05, 2.29779e-05
329, 325, 5.05983e-05, 2.77361e-05
329, 326, 2.01889e-05, 1.71728e-05
329, 327, 4.59327e-05, 3.98106e-05
329, 328, 4.85759e-05, 6.41774e-05
330, 319, 0.000107186, 5.86321e-05
330, 321, 8.01809e-05, 4.35204e-05
330, 322, 8.59162e-05, 4.41667e-05
330, 323, 2.80114e-05, 2.78737e-05
330, 324, 6.99704e-05, 2.35505e-05
330, 325, 8.11809e-05, 2.49478e-05
330, 326, 2.09741e-05, 1.92946e-05
330, 327, 3.45958e-05, 4.32362e-05
330, 328, 7.67176e-05, 6.58362e-05
330, 329, 6.00871e-05, 6.1043e-05
331, 321, 7.36571e-05, 4.4914e-05
331, 322, 6.47696e-05, 4.32207e-05
331, 323, 3.68223e-05, 2.93136e-05
331, 324, 8.42722e-05, 2.34807e-05
331, 325, 4.98993e-05, 2.49494e-05
331, 326, 5.60493e-05, 1.84127e-05
331, 327, 2.01817e-05, 4.22996e-05
331, 328, 5.30814e-05, 6.49591e-05
331, 329, 7.37146e-05, 6.14676e-05
331, 330, 5.23654e-05, 1.54219e-05
332, 320, 7.31818e-05, 6.84146e-05
332, 323, 2.43074e-05, 2.7571e-05
332, 324, 7.16457e-05, 2.34517e-05
332, 325, 7.33424e-05, 2.67918e-05
332, 326, 2.91303e-05, 1.87112e-05
332, 327, 2.15696e-05, 4.15034e-05
332, 328, 7.26921e-05, 6.21043e-05
332, 329, 5.67352e-05, 6.1235e-05
332, 330, 1.46902e-05, 1.55859e-05
332, 331, 1.46676e-05, 2.31205e-05
333, 323, 6.56146e-05, 2.64471e-05
333, 325, 5.2697e-05, 2.42279e-05
333, 326, 5.75556e-05, 1.71129e-05
333, 327, 8.94974e-05, 4.2615e-05
333, 328, 4.47193e-05, 6.64199e-05
333, 329, 2.69703e-05, 5.78575e-05
333, 330, 7.77145e-05, 1.67238e-05
333, 331, 8.35593e-05, 2.11982e-05
333, 332, 0.000114201, 3.63741e-05
334, 320, 1.97784e-05, 6.83313e-05
334, 326, 3.54544e-05, 1.76291e-05
334, 327, 6.32653e-05, 4.08681e-05
334, 328, 4.09886e-05, 6.56074e-05
334, 329, 1.81596e-05, 5.9732e-05
334, 330, 4.78435e-05, 1.64756e-05
334, 331, 5.33384e-05, 2.12557e-05
334, 332, 8.54378e-05, 3.85257e-05
334, 333, 2.6418e-05, 1.22342e-05
335, 328, 7.63898e-05, 6.36273e-05
335, 330, 1.95194e-05, 1.70236e-05
335, 331, 2.29815e-05, 1.96851e-05
335, 332, 6.4747e-05, 3.56884e-05
335, 333, 4.35746e-05, 1.10549e-05
335, 334, 7.74487e-05, 8.14969e-05
336, 329, 4.75292e-05, 6.0902e-05
336, 330, 7.19661e-05, 1.56011e-05
336, 331, 7.73089e-05, 2.2941e-05
336, 332, 9.38987e-05, 3.94835e-05
336, 333, 3.35875e-05, 1.10194e-05
336, 334, 3.03356e-05, 8.30287e-05
336, 335, 4.134e-05, 1.463e-05
338, 331, 5.72261e-05, 2.03368e-05
338, 332, 8.86677e-05, 3.71722e-05
338, 333, 5.86066e-05, 1.38472e-05
338, 334, 9.15657e-05, 8.37188e-05
338, 335, 0.000106513, 1.49799e-05
338, 336, 9.12252e-05, 4.46132e-05
339, 331, 3.66456e-05, 2.06896e-05
339, 332, 6.95026e-05, 3.49139e-05
339, 333, 3.34024e-05, 1.55966e-05
339, 334, 6.21741e-05, 8.37519e-05
339, 335, 6.93843e-05, 1.53071e-05
339, 336, 7.51648e-05, 4.26231e-05
339, 338, 2.91027e-05, 4.01798e-05
340, 331, 6.70384e-05, 2.06679e-05
340, 333, 5.81903e-05, 1.20777e-05
340, 334, 8.68624e-05, 8.11761e-05
340, 335, 0.000100499, 1.46433e-05
340, 336, 7.29909e-05, 4.02725e-05
340, 338, 6.49767e-05, 3.97901e-05
340, 339, 4.90969e-05, 5.5013e-05
341, 333, 4.32286e-05, 1.23959e-05
341, 334, 5.12152e-05, 8.09731e-05
341, 335, 6.62609e-05, 1.66501e-05
341, 336, 2.15532e-05, 4.25681e-05
341, 338, 5.78443e-05, 4.22553e-05
341, 339, 3.80104e-05, 5.68218e-05
341, 340, 3.98035e-05, 6.26134e-05
342, 333, 4.53396e-05, 1.09853e-05
342, 334, 6.50597e-05, 8.36247e-05
342, 335, 7.51285e-05, 1.60835e-05
342, 336, 4.45157e-05, 4.36405e-05
342, 338, 5.56942e-05, 4.01593e-05
342, 339, 4.10242e-05, 5.64173e-05
342, 340, 5.89299e-05, 6.0887e-05
342, 341, 3.88314e-05, 7.91193e-05
343, 335, 3.13125e-05, 1.68159e-05
343, 336, 6.72291e-05, 4.28522e-05
343, 338, 1.70809e-05, 3.89853e-05
343, 339, 2.39444e-05, 5.37675e-05
343, 340, 3.11691e-05, 6.00356e-05
343, 341, 3.10699e-05, 7.81413e-05
343, 342, 4.84538e-05, 7.91196e-05
344, 338, 3.88855e-05, 3.89882e-05
344, 339, 2.91085e-05, 5.70029e-05
344, 340, 6.34605e-05, 6.53915e-05
344, 341, 2.47134e-05, 7.83155e-05
344, 342, 9.15904e-06, 8.01317e-05
344, 343, 1.52002e-05, 2.02651e-05
346, 338, 4.17254e-05, 4.28853e-05
346, 339, 5.21736e-05, 5.88102e-05
346, 340, 8.23972e-05, 6.35123e-05
346, 341, 5.82705e-05, 8.05548e-05
346, 342, 5.78519e-05, 7.8988e-05
346, 343, 3.81786e-05, 1.95937e-05
346, 344, 2.07412e-05, 5.08375e-05
347, 338, 5.58342e-05, 3.89866e-05
347, 339, 4.90901e-05, 5.6527e-05
347, 340, 8.27688e-05, 6.35134e-05
347, 341, 4.31057e-05, 7.7605e-05
347, 342, 2.15265e-05, 7.63713e-05
347, 343, 4.33895e-05, 2.31362e-05
347, 344, 5.00367e-05, 5.10862e-05
347, 346, 6.97141e-06, 3.3408e-05
349, 338, 7.4639e-05, 4.03376e-05
349, 339, 6.20697e-05, 5.51858e-05
349, 340, 5.2408e-05, 6.06121e-05
349, 341, 6.08828e-05, 8.19934e-05
349, 342, 7.06833e-05, 7.9853e-05
349, 343, 8.30371e-05, 2.20189e-05
349, 344, 9.93546e-05, 4.74689e-05
349, 346, 8.34213e-05, 3.39415e-05
349, 347, 8.22199e-05, 5.51258e-05
350, 339, 5.10395e-05, 5.88104e-05
350, 340, 4.09175e-05, 6.4794e-05
350, 341, 5.74321e-05, 8.07044e-05
350, 342, 7.30515e-05, 7.84418e-05
350, 343, 6.46884e-05, 1.96064e-05
350, 344, 6.61117e-05, 5.00857e-05
350, 346, 9.90401e-05, 3.433e-05
350, 347, 4.96939e-05, 5.69446e-05
350, 349, 4.00914e-05, 5.16517e-05
351, 339, 4.77143e-05, 5.61411e-05
351, 340, 8.95706e-06, 6.49873e-05
351, 341, 4.66823e-05, 7.90908e-05
351, 342, 7.11784e-05, 7.64477e-05
351, 343, 7.45968e-05, 2.33391e-05
351, 344, 8.15549e-05, 4.80719e-05
351, 346, 9.0974e-05, 3.25418e-05
351, 347, 5.98432e-05, 5.77471e-05
351, 349, 3.81856e-05, 5.24164e-05
351, 350, 6.56854e-05, 4.9862e-05
353, 342, 6.70346e-05, 7.82275e-05
353, 343, 7.13006e-05, 2.17716e-05
353, 344, 8.07885e-05, 4.90685e-05
353, 346, 8.68948e-05, 3.65449e-05
353, 347, 6.09118e-05, 5.57299e-05
353, 349, 3.83939e-05, 5.38055e-05
353, 350, 6.44624e-05, 5.50476e-05
353, 351, 7.94078e-05, 4.41139e-05
354, 344, 8.71964e-06, 4.73685e-05
354, 346, 4.82538e-05, 3.24224e-05
354, 347, 2.46133e-05, 5.67844e-05
354, 349, 4.46511e-05, 4.92692e-05
354, 350, 2.13684e-05, 5.0417e-05
354, 351, 6.06458e-05, 3.9019e-05
354, 353, 8.15304e-05, 6.1037e-05
355, 346, 5.34583e-05, 3.25703e-05
355, 347, 9.86645e-06, 5.84102e-05
355, 349, 2.3703e-05, 5.2599e-05
355, 350, 8.6456e-06, 5.14942e-05
355, 351, 5.63769e-05, 4.07805e-05
355, 353, 6.00653e-05, 5.9264e-05
355, 354, 1.73522e-05, 1.77034e-05
356, 346, 5.21721e-05, 3.25293e-05
356, 347, 1.94611e-05, 5.61276e-05
356, 349, 1.82718e-05, 5.08768e-05
356, 350, 2.81382e-05, 4.95762e-05
356, 351, 5.3634e-05, 4.20936e-05
356, 353, 6.72418e-05, 5.63857e-05
356, 354, 2.00505e-05, 1.80633e-05
356, 355, 2.04933e-05, 3.00428e-05
357, 346, 5.49899e-05, 3.54898e-05
357, 347, 1.21234e-05, 5.68089e-05
357, 349, 1.54374e-05, 5.04646e-05
357, 350, 1.87132e-05, 5.53001e-05
357, 351, 5.18747e-05, 4.31112e-05
357, 353, 6.44352e-05, 5.89504e-05
357, 354, 1.59898e-05, 1.55982e-05
357, 355, 2.99426e-05, 2.36463e-05
357, 356, 1.59054e-05, 4.35673e-05
358, 347, 3.92001e-05, 5.69075e-05
358, 349, 5.20987e-05, 5.10111e-05
358, 350, 2.9718e-05, 4.90562e-05
358, 351, 9.39744e-05, 4.24586e-05
358, 353, 7.15101e-05, 5.90489e-05
358, 354, 4.90716e-05, 1.57812e-05
358, 355, 6.99529e-05, 2.9382e-05
358, 356, 4.91947e-05, 3.83866e-05
358, 357, 5.71606e-05, 5.57186e-05
359, 349, 5.2725e-05, 5.16646e-05
359, 350, 2.72582e-05, 5.13094e-05
359, 351, 6.78798e-05, 3.98441e-05
359, 353, 8.08509e-05, 6.23952e-05
359, 354, 4.51487e-05, 1.74515e-05
359, 355, 6.699e-05, 3.18251e-05
359, 356, 3.48831e-05, 4.32586e-05
359, 357, 5.69334e-05, 5.43368e-05
359, 358, 1.89377e-05, 3.3197e-05
360, 350, 2.22927e-05, 5.38498e-05
360, 351, 7.26631e-05, 4.18001e-05
360, 353, 6.9285e-05, 5.91151e-05
360, 354, 3.33473e-05, 1.81685e-05
360, 355, 5.92889e-05, 2.66467e-05
360, 356, 3.70761e-05, 4.50825e-05
360, 357, 4.891e-05, 5.38803e-05
360, 358, 2.66957e-05, 3.76041e-05
360, 359, 6.10823e-05, 2.81397e-05
361, 353, 8.03088e-05, 6.10467e-05
361, 354, 4.83587e-05, 2.07993e-05
361, 355, 7.9161e-05, 3.18925e-05
361, 356, 4.86018e-05, 4.20114e-05
361, 357, 6.17874e-05, 5.78095e-05
361, 358, 3.75432e-05, 3.41546e-05
361, 359, 7.10883e-05, 2.70924e-05
361, 360, 8.21934e-05, 7.82327e-05
362, 353, 0.000111162, 5.6074e-05
362, 354, 5.88788e-05, 1.74413e-05
362, 355, 5.43644e-05, 2.91298e-05
362, 356, 3.63956e-05, 4.42438e-05
362, 357, 6.99541e-05, 5.1096e-05
362, 358, 4.08476e-05, 3.55504e-05
362, 359, 4.87172e-05, 2.71526e-05
362, 360, 2.65509e-05, 7.30671e-05
362, 361, 2.07799e-05, 7.56031e-05
363, 353, 0.000111156, 5.96696e-05
363, 354, 6.56008e-05, 1.72099e-05
363, 355, 5.78627e-05, 3.27084e-05
363, 356, 3.62628e-05, 4.16765e-05
363, 357, 7.16969e-05, 5.25514e-05
363, 358, 4.93914e-05, 3.59103e-05
363, 359, 3.75104e-05, 2.48118e-05
363, 360, 1.82078e-05, 6.984e-05
363, 361, 2.65523e-05, 7.14507e-05
363, 362, 6.53306e-05, 1.65947e-05
364, 355, 3.1929e-05, 2.93403e-05
364, 356, 4.74115e-05, 4.47179e-05
364, 357, 1.27639e-05, 5.42178e-05
364, 358, 5.68948e-05, 3.47686e-05
364, 359, 4.29303e-05, 2.76614e-05
364, 360, 6.68193e-05, 7.43091e-05
364, 361, 9.86512e-05, 7.31145e-05
364, 362, 5.47559e-05, 1.69489e-05
364, 363, 5.90576e-05, 3.45416e-05
365, 357, 4.13386e-05, 5.37358e-05
365, 358, 8.39651e-05, 3.57278e-05
365, 359, 7.4897e-05, 2.84089e-05
365, 360, 9.73066e-05, 7.30663e-05
365, 361, 0.000129315, 7.20431e-05
365, 362, 7.03899e-05, 1.60557e-05
365, 363, 8.89053e-05, 3.20499e-05
365, 364, 9.81513e-05, 6.06235e-05
366, 357, 3.21542e-05, 5.69903e-05
366, 358, 7.47867e-05, 3.48095e-05
366, 359, 7.24459e-05, 2.52086e-05
366, 360, 9.10046e-05, 7.15578e-05
366, 361, 0.000118992, 7.40921e-05
366, 362, 6.27373e-05, 1.79458e-05
366, 363, 7.19579e-05, 3.09879e-05
366, 364, 8.24684e-05, 5.67901e-05
366, 365, 5.76198e-05, 2.76486e-05
367, 357, 3.62269e-05, 5.53574e-05
367, 358, 2.55472e-05, 3.5209e-05
367, 359, 4.88069e-05, 2.7727e-05
367, 360, 6.51664e-05, 7.30164e-05
367, 361, 7.88862e-05, 6.90154e-05
367, 362, 9.10581e-06, 1.76842e-05
367, 363, 2.88152e-05, 3.4108e-05
367, 364, 3.4527e-05, 5.52318e-05
367, 365, 4.16828e-05, 2.49618e-05
367, 366, 2.8377e-05, 1.08295e-05
368, 359, 5.1167e-05, 2.76889e-05
368, 360, 7.00587e-05, 7.70657e-05
368, 361, 0.000104222, 7.14226e-05
368, 362, 5.92335e-05, 1.84965e-05
368, 363, 6.82735e-05, 3.49708e-05
368, 364, 8.72478e-05, 5.78672e-05
368, 365, 8.44643e-05, 2.74021e-05
368, 366, 4.10641e-05, 1.1917e-05
368, 367, 8.94333e-05, 8.05139e-05
369, 360, 8.53322e-05, 7.35084e-05
369, 361, 0.00010938, 7.08307e-05
369, 362, 3.16305e-05, 1.84601e-05
369, 363, 4.75117e-05, 3.11044e-05
369, 364, 5.68167e-05, 5.80007e-05
369, 365, 2.35465e-05, 2.92624e-05
369, 366, 5.12454e-05, 1.03931e-05
369, 367, 4.70764e-05, 8.49943e-05
369, 368, 1.81244e-05, 0.000140863
371, 362, 5.38889e-05, 1.71356e-05
371, 363, 5.98726e-05, 3.14582e-05
371, 364, 7.25072e-05, 6.28758e-05
371, 365, 8.53766e-05, 3.05215e-05
371, 366, 2.96678e-05, 1.24353e-05
371, 367, 7.43342e-05, 8.32041e-05
371, 368, 5.08354e-05, 0.000138881
371, 369, 1.39458e-05, 5.62937e-05
372, 364, 9.61187e-05, 5.7771e-05
372, 365, 6.42383e-05, 2.68701e-05
372, 366, 5.63294e-05, 1.32987e-05
372, 367, 9.63062e-05, 8.40834e-05
372, 368, 5.44695e-05, 0.000143423
372, 369, 4.4079e-05, 5.68385e-05
372, 371, 6.20821e-05, 3.31272e-05
373, 367, 9.13775e-05, 8.40938e-05
373, 368, 6.67382e-05, 0.00014291
373, 369, 2.74687e-05, 6.11668e-05
373, 371, 2.16744e-05, 3.55952e-05
373, 372, 7.29931e-05, 2.31724e-05
374, 368, 5.43508e-05, 0.000143423
374, 369, 2.26195e-05, 5.87656e-05
374, 371, 3.5798e-05, 3.49754e-05
374, 372, 5.90721e-05, 2.9495e-05
374, 373, 1.32539e-05, 0.000114638
375, 368, 1.52743e-05, 0.000143475
375, 369, 5.02414e-05, 5.80034e-05
375, 371, 8.16855e-05, 2.79712e-05
375, 372, 2.82942e-05, 2.19776e-05
375, 373, 6.35078e-05, 0.000113574
375, 374, 3.42169e-05, 2.41173e-05
376, 371, 5.16612e-05, 3.32759e-05
376, 372, 3.37129e-05, 2.57259e-05
376, 373, 3.51261e-05, 0.000118382
376, 374, 2.05191e-05, 2.52618e-05
376, 375, 6.46958e-05, 5.04622e-05
377, 371, 9.26671e-05, 3.18942e-05
377, 372, 3.55705e-05, 2.57262e-05
377, 373, 8.22265e-05, 0.000110388
377, 374, 5.04111e-05, 2.64114e-05
377, 375, 9.00005e-05, 4.85875e-05
377, 376, 6.12941e-05, 4.69291e-05
379, 373, 1.36165e-05, 0.00011304
379, 374, 4.44808e-05, 2.79702e-05
379, 375, 5.90023e-05, 4.73299e-05
379, 376, 3.40608e-05, 4.75306e-05
379, 377, 4.80459e-05, 7.90682e-05
380, 373, 5.05688e-05, 0.000115819
380, 374, 8.88055e-06, 2.63544e-05
380, 375, 8.6906e-05, 5.1239e-05
380, 376, 4.00316e-05, 4.87909e-05
380, 377, 3.5453e-05, 8.12263e-05
380, 379, 6.01151e-05, 0.000114472
381, 373, 2.94762e-05, 0.000114508
381, 374, 3.96238e-05, 2.5263e-05
381, 375, 8.4437e-05, 5.1172e-05
381, 376, 4.59425e-05, 4.7334e-05
381, 377, 4.88747e-05, 7.75604e-05
381, 379, 6.53176e-05, 0.000113941
381, 380, 1.97744e-05, 0.000113451
382, 373, 3.72045e-05, 0.000117749
382, 374, 2.28989e-05, 2.92173e-05
382, 375, 6.4833e-05, 5.24093e-05
382, 376, 3.02087e-05, 4.69275e-05
382, 377, 1.08484e-05, 7.99055e-05
382, 379, 3.29387e-05, 0.000112487
382, 380, 6.86546e-05, 0.000111994
382, 381, 9.15181e-06, 6.50836e-05
383, 373, 4.93683e-05, 0.000113876
383, 374, 2.86501e-05, 2.36021e-05
383, 375, 7.33643e-05, 5.02465e-05
383, 376, 3.37046e-05, 4.70548e-05
383, 377, 2.36611e-05, 7.67059e-05
383, 379, 4.18342e-05, 0.000112799
383, 380, 7.25558e-05, 0.000109919
383, 381, 2.13205e-05, 6.46001e-05
383, 382, 8.5872e-05, 5.11735e-05
384, 373, 6.09704e-05, 0.00011323
384, 374, 6.79066e-05, 2.61953e-05
384, 375, 4.45149e-05, 5.4948e-05
384, 376, 4.45404e-05, 4.83143e-05
384, 377, 4.67301e-05, 8.07119e-05
384, 379, 2.60739e-05, 0.000113582
384, 380, 0.000106151, 0.000112661
384, 381, 5.1371e-05, 6.7794e-05
384, 382, 4.62471e-05, 4.85811e-05
384, 383, 3.76825e-05, 5.50437e-05
387, 373, 7.73609e-05, 0.000116579
387, 376, 6.66401e-05, 4.75217e-05
387, 377, 4.89219e-05, 7.90082e-05
387, 379, 6.44763e-05, 0.000116408
387, 380, 9.09501e-05, 0.000113438
387, 381, 4.86495e-05, 6.7301e-05
387, 382, 0.000110626, 5.01161e-05
387, 383, 3.15655e-05, 5.53577e-05
387, 384, 4.21602e-05, 2.498e-05
388, 373, 3.46808e-05, 0.000112876
388, 376, 4.70441e-05, 5.05655e-05
388, 377, 5.50508e-05, 7.65976e-05
388, 379, 6.83347e-05, 0.000108292
388, 380, 1.82054e-05, 0.000111272
388, 381, 4.41222e-05, 6.60115e-05
388, 382, 0.000111557, 4.8705e-05
388, 383, 7.67731e-05, 5.4004e-05
388, 384, 7.44754e-05, 2.43482e-05
388, 387, 3.60675e-05, 3.86929e-05
389, 377, 2.35198e-05, 7.7865e-05
389, 379, 1.28265e-05, 0.000113105
389, 380, 6.81655e-05, 0.000110572
389, 381, 2.61121e-05, 6.14333e-05
389, 382, 5.46216e-05, 5.06888e-05
389, 383, 3.71374e-05, 5.95625e-05
389, 384, 2.36046e-05, 2.7775e-05
389, 387, 3.01003e-05, 3.7764e-05
389, 388, 5.90469e-05, 6.60601e-05
390, 377, 1.69268e-05, 7.7497e-05
390, 379, 9.10825e-06, 0.000114971
390, 380, 7.33497e-05, 0.000114558
390, 381, 2.16373e-05, 6.43215e-05
390, 382, 5.67715e-05, 4.9957e-05
390, 383, 3.76543e-05, 5.43401e-05
390, 384, 2.7623e-05, 2.66444e-05
390, 387, 2.81809e-05, 3.99029e-05
390, 388, 5.4363e-05, 6.45951e-05
390, 389, 6.81332e-05, 9.5702e-05
391, 380, 6.13857e-05, 0.000113657
391, 381, 2.22941e-05, 6.39748e-05
391, 382, 6.01667e-05, 4.9929e-05
391, 383, 4.37946e-05, 5.54664e-05
391, 384, 3.84546e-05, 2.51228e-05
391, 387, 2.15496e-05, 3.85427e-05
391, 388, 7.12406e-05, 6.48829e-05
391, 389, 7.12986e-05, 9.37503e-05
391, 390, 2.78373e-05, 7.26852e-05
392, 381, 5.4102e-05, 6.58685e-05
392, 382, 0.000104208, 4.88476e-05
392, 383, 2.8032e-05, 5.73409e-05
392, 384, 3.80036e-05, 2.44807e-05
392, 387, 6.1653e-05, 3.96358e-05
392, 388, 6.57303e-05, 6.76545e-05
392, 389, 0.000110379, 9.63783e-05
392, 390, 5.33173e-05, 7.35811e-05
392, 391, 7.42273e-05, 0.000123178
393, 381, 5.55507e-05, 6.43335e-05
393, 382, 3.8793e-05, 4.95705e-05
393, 383, 4.5142e-05, 5.5721e-05
393, 384, 3.63648e-05, 2.75554e-05
393, 387, 6.04782e-05, 3.79198e-05
393, 388, 2.72129e-05, 7.02428e-05
393, 389, 4.09324e-05, 9.28596e-05
393, 390, 6.66448e-05, 7.20217e-05
393, 391, 8.91929e-05, 0.000118477
393, 392, 4.06705e-05, 9.28052e-05
395, 383, 4.03136e-05, 5.75602e-05
395, 384, 3.73298e-05, 2.45466e-05
395, 387, 8.99776e-06, 3.94402e-05
395, 388, 7.9268e-05, 6.65126e-05
395, 389, 8.94422e-05, 9.46815e-05
395, 390, 1.34267e-05, 7.18788e-05
395, 391, 3.10285e-05, 0.000118722
395, 392, 9.55523e-05, 9.38522e-05
395, 393, 5.37592e-05, 0.000109259
396, 383, 6.88596e-05, 5.4713e-05
396, 384, 6.16703e-05, 2.38154e-05
396, 387, 8.82248e-05, 3.98736e-05
396, 388, 2.53847e-05, 6.98803e-05
396, 389, 4.55972e-05, 9.37714e-05
396, 390, 0.000100261, 7.24914e-05
396, 391, 0.000115937, 0.000123937
396, 392, 1.82836e-05, 9.00019e-05
396, 393, 6.77069e-05, 0.000110095
396, 395, 9.66004e-05, 2.42475e-05
397, 387, 4.04923e-05, 3.82453e-05
397, 388, 0.000116063, 6.53083e-05
397, 389, 0.000118384, 9.62788e-05
397, 390, 3.50494e-05, 7.22284e-05
397, 391, 9.44296e-06, 0.000124409
397, 392, 0.000132542, 8.88076e-05
397, 393, 8.15419e-05, 0.000107106
397, 395, 8.65282e-05, 2.17392e-05
397, 396, 0.000109348, 2.85009e-05
398, 388, 8.75848e-05, 6.72617e-05
398, 389, 0.000114883, 9.49754e-05
398, 390, 3.35709e-05, 7.57126e-05
398, 391, 4.0815e-05, 0.000125007
398, 392, 0.000104307, 9.10734e-05
398, 393, 8.81644e-05, 0.000107125
398, 395, 3.08373e-05, 2.33171e-05
398, 396, 8.45637e-05, 3.13575e-05
398, 397, 5.37205e-05, 1.27836e-05
399, 390, 3.34345e-05, 7.35024e-05
399, 391, 1.38992e-05, 0.000120886
399, 392, 0.000128165, 9.1719e-05
399, 393, 7.45816e-05, 0.000107239
399, 395, 7.62835e-05, 2.15836e-05
399, 396, 0.000101949, 2.71415e-05
399, 397, 1.42049e-05, 1.6789e-05
399, 398, 0.000107519, 5.82553e-05
400, 392, 6.33095e-05, 9.26261e-05
400, 393, 8.28722e-05, 0.00010947
400, 395, 3.57491e-05, 2.26023e-05
400, 396, 5.17323e-05, 3.03848e-05
400, 397, 8.21215e-05, 1.52315e-05
400, 398, 7.13984e-05, 5.36267e-05
400, 399, 9.08325e-05, 0.000145218
401, 393, 9.91255e-05, 0.000107072
401, 395, 8.85714e-06, 2.26916e-05
401, 396, 7.39258e-05, 3.11746e-05
401, 397, 9.20343e-05, 1.39876e-05
401, 398, 9.69493e-05, 5.42746e-05
401, 399, 0.000104532, 0.000145794
401, 400, 5.36388e-05, 3.02304e-05
402, 396, 8.95317e-05, 2.57369e-05
402, 397, 1.43416e-05, 1.58474e-05
402, 398, 9.45958e-05, 5.70515e-05
402, 399, 4.76504e-05, 0.00014683
402, 400, 7.01969e-05, 2.94271e-05
402, 401, 6.92595e-05, 3.19822e-05
403, 395, 0.000102355, 2.2086e-05
403, 396, 8.85951e-05, 3.04699e-05
403, 397, 3.20287e-05, 1.65322e-05
403, 398, 8.93596e-05, 5.37836e-05
403, 399, 2.67964e-05, 0.000144788
403, 400, 7.32296e-05, 2.97666e-05
403, 401, 9.2071e-05, 3.55133e-05
403, 402, 7.285e-05, 2.93259e-05
404, 396, 7.04799e-05, 3.10529e-05
404, 397, 5.87005e-05, 2.01222e-05
404, 398, 7.94575e-05, 5.21071e-05
404, 399, 7.86564e-05, 0.000147039
404, 400, 4.22852e-05, 2.77354e-05
404, 401, 2.35812e-05, 3.57026e-05
404, 402, 9.99325e-06, 2.86015e-05
404, 403, 2.96021e-05, 8.21914e-05
406, 397, 8.36074e-05, 1.8117e-05
406, 399, 0.000107587, 0.000146124
406, 400, 6.14772e-05, 2.59854e-05
406, 401, 2.93321e-05, 3.70021e-05
406, 402, 3.01639e-05, 2.82627e-05
406, 403, 4.98927e-05, 8.01738e-05
406, 404, 4.07086e-05, 8.02661e-05
407, 398, 0.000117616, 5.58338e-05
407, 399, 7.54348e-05, 0.000149347
407, 400, 8.50892e-05, 2.97661e-05
407, 401, 8.06402e-05, 3.74518e-05
407, 402, 4.90652e-05, 3.22548e-05
407, 403, 5.68544e-05, 8.57084e-05
407, 404, 7.12268e-05, 7.56212e-05
407, 406, 8.30648e-05, 0.000130649
408, 399, 6.32884e-05, 0.000149589
408, 400, 4.16867e-05, 3.17586e-05
408, 401, 6.30903e-05, 3.57915e-05
408, 402, 8.03309e-05, 3.06266e-05
408, 403, 5.05675e-05, 8.57891e-05
408, 404, 5.39784e-05, 8.13033e-05
408, 406, 6.59792e-05, 0.000126489
408, 407, 7.92594e-05, 8.86427e-05
410, 404, 2.13313e-05, 8.40199e-05
410, 406, 8.62059e-05, 0.000130013
410, 407, 1.76352e-05, 8.87981e-05
410, 408, 6.96542e-05, 5.95755e-05
411, 406, 4.50463e-05, 0.000126997
411, 407, 5.88626e-05, 8.80943e-05
411, 408, 4.81676e-05, 6.15466e-05
411, 410, 1.12501e-05, 5.99664e-05
412, 406, 9.845e-05, 0.000124059
412, 407, 1.60709e-05, 8.77315e-05
412, 408, 6.85179e-05, 5.52045e-05
412, 410, 6.96212e-05, 6.3477e-05
412, 411, 6.12867e-05, 3.29891e-05
413, 410, 4.7049e-05, 6.56647e-05
413, 411, 4.27155e-05, 2.89331e-05
413, 412, 6.96599e-05, 9.08019e-05
414, 412, 6.01786e-05, 8.81143e-05
414, 413, 1.31861e-05, 0.000134747
415, 412, 8.94521e-05, 8.99083e-05
415, 413, 6.77706e-05, 0.000138475
415, 414, 6.13052e-05, 0.000157049
416, 413, 8.76416e-05, 0.000133972
416, 414, 6.62365e-05, 0.000158211
416, 415, 4.34422e-05, 7.55095e-05
417, 413, 4.09853e-05, 0.000139196
417, 414, 9.51482e-05, 0.00015856
417, 415, 3.26278e-05, 7.43338e-05
417, 416, 3.29543e-05, 5.16064e-05
420, 413, 3.47502e-05, 0.000132351
420, 414, 7.00094e-05, 0.000157982
420, 415, 6.82619e-05, 7.1653e-05
420, 416, 5.90565e-05, 5.10995e-05
420, 417, 5.56213e-05, 3.46952e-05
421, 413, 4.16606e-05, 0.000133558
421, 414, 7.62037e-05, 0.000159884
421, 415, 2.25175e-05, 7.11028e-05
421, 416, 1.13401e-05, 5.25437e-05
421, 417, 2.85137e-05, 3.49313e-05
421, 420, 5.83285e-05, 6.57022e-05
422, 414, 2.70454e-05, 0.000157901
422, 415, 7.07348e-05, 7.49574e-05
422, 416, 6.15469e-05, 5.09631e-05
422, 417, 8.20619e-05, 3.34894e-05
422, 420, 2.40559e-05, 6.82672e-05
422, 421, 6.53174e-05, 0.000122591
423, 414, 8.11683e-05, 0.000161722
423, 415, 3.19517e-05, 7.4625e-05
423, 416, 3.32389e-05, 4.97601e-05
423, 417, 2.01825e-05, 3.36712e-05
423, 420, 5.33929e-05, 6.65047e-05
423, 421, 3.41971e-05, 0.000123432
423, 422, 3.30979e-05, 3.65787e-05
424, 414, 7.38768e-05, 0.000158608
424, 415, 3.34371e-05, 7.1741e-05
424, 416, 2.06314e-05, 4.64287e-05
424, 417, 1.97325e-05, 3.50452e-05
424, 420, 5.81032e-05, 6.81548e-05
424, 421, 3.6512e-05, 0.000122689
424, 422, 4.03179e-05, 3.86346e-05
424, 423, 3.11669e-05, 1.61191e-05
425, 414, 7.62477e-05, 0.000156551
425, 415, 1.54483e-05, 7.85402e-05
425, 416, 2.11521e-05, 4.94612e-05
425, 417, 6.09628e-05, 3.08654e-05
425, 420, 7.2822e-05, 6.74477e-05
425, 421, 7.96797e-05, 0.000123017
425, 422, 8.54513e-05, 3.99108e-05
425, 423, 4.09049e-05, 1.54627e-05
425, 424, 8.56321e-05, 4.35769e-05
426, 416, 5.87037e-05, 5.17274e-05
426, 417, 2.8085e-05, 3.58859e-05
426, 420, 5.61314e-05, 6.92915e-05
426, 421, 1.5681e-05, 0.000123086
426, 422, 1.60412e-05, 3.87373e-05
426, 423, 5.23755e-05, 1.71945e-05
426, 424, 3.2484e-05, 4.36693e-05
426, 425, 8.17534e-05, 0.00013131
427, 416, 7.72783e-05, 5.2594e-05
427, 417, 8.04833e-05, 3.48313e-05
427, 420, 1.58243e-05, 6.7843e-05
427, 421, 5.18729e-05, 0.00012445
427, 422, 4.80764e-05, 3.68095e-05
427, 423, 5.2692e-05, 1.78673e-05
427, 424, 2.9635e-05, 4.31248e-05
427, 425, 6.70652e-05, 0.000129168
427, 426, 8.61819e-05, 0.000118795
428, 416, 8.80532e-06, 5.22063e-05
428, 417, 5.56471e-05, 3.27568e-05
428, 420, 5.75041e-05, 6.78783e-05
428, 421, 6.66998e-05, 0.000121214
428, 422, 6.54863e-05, 3.66552e-05
428, 423, 2.05688e-05, 1.71332e-05
428, 424, 6.8391e-05, 4.51332e-05
428, 425, 3.14612e-05, 0.000129384
428, 426, 2.23433e-05, 0.000119304
428, 427, 6.46915e-05, 4.06001e-05
430, 420, 7.3237e-05, 6.67487e-05
430, 421, 6.71476e-05, 0.000121164
430, 422, 6.85423e-05, 3.72516e-05
430, 423, 4.22817e-05, 1.59252e-05
430, 424, 7.51827e-05, 4.43409e-05
430, 425, 5.39488e-05, 0.000131544
430, 426, 1.74801e-05, 0.00012138
430, 427, 8.14894e-05, 3.89165e-05
430, 428, 3.78368e-05, 5.96753e-05
431, 422, 4.08487e-05, 3.60826e-05
431, 423, 7.79974e-05, 1.83519e-05
431, 424, 5.76768e-05, 4.44639e-05
431, 425, 0.000100789, 0.000130967
431, 426, 5.86836e-05, 0.000118623
431, 427, 8.52674e-05, 3.75857e-05
431, 428, 2.79728e-05, 5.81128e-05
431, 430, 6.6543e-05, 3.0884e-05
432, 424, 5.73576e-05, 4.52031e-05
432, 425, 0.000104154, 0.00013081
432, 426, 7.55148e-05, 0.000119705
432, 427, 9.12004e-05, 3.89585e-05
432, 428, 3.43925e-05, 5.95196e-05
432, 430, 6.05579e-05, 2.93749e-05
432, 431, 7.49227e-05, 4.73801e-05
433, 427, 8.05461e-05, 3.80486e-05
433, 428, 6.22422e-05, 5.99324e-05
433, 430, 0.000112036, 3.23716e-05
433, 431, 3.0475e-05, 4.73516e-05
433, 432, 8.90607e-05, 7.45146e-05
434, 427, 2.69287e-05, 4.01904e-05
434, 428, 9.49783e-05, 5.82131e-05
434, 430, 2.67885e-05, 3.34959e-05
434, 431, 7.1443e-05, 4.67944e-05
434, 432, 2.5113e-05, 7.40495e-05
434, 433, 0.000109792, 7.79517e-05
435, 430, 8.54239e-05, 3.10516e-05
435, 431, 2.57598e-05, 4.87896e-05
435, 432, 7.44496e-05, 7.49107e-05
435, 433, 5.39367e-05, 7.79106e-05
435, 434, 4.74896e-05, 4.90406e-05
436, 430, 4.98966e-05, 2.95567e-05
436, 431, 3.91887e-05, 4.73171e-05
436, 432, 5.63754e-05, 7.37343e-05
436, 433, 6.13572e-05, 7.53724e-05
436, 434, 4.58923e-05, 4.91939e-05
436, 435, 8.39053e-05, 1.4178e-05
437, 431, 2.18001e-05, 4.66727e-05
437, 432, 4.6726e-05, 7.39385e-05
437, 433, 6.90377e-05, 7.58436e-05
437, 434, 5.17086e-05, 4.94279e-05
437, 435, 7.49687e-05, 8.86192e-06
437, 436, 2.6382e-05, 1.91201e-05
438, 431, 3.98569e-05, 4.77095e-05
438, 433, 9.38597e-05, 7.36762e-05
438, 434, 6.87498e-05, 4.99514e-05
438, 435, 5.02855e-05, 1.23942e-05
438, 436, 3.47616e-05, 1.75946e-05
438, 437, 6.56872e-05, 3.3092e-05
439, 433, 9.21389e-05, 7.4297e-05
439, 434, 6.95897e-05, 4.9486e-05
439, 435, 5.89001e-05, 1.29178e-05
439, 436, 2.23896e-05, 1.73569e-05
439, 437, 5.60608e-05, 3.26142e-05
439, 438, 3.32659e-05, 5.4618e-05
440, 434, 6.88013e-05, 4.92268e-05
440, 435, 5.61664e-05, 1.1769e-05
440, 436, 2.072e-05, 2.01953e-05
440, 437, 5.43181e-05, 3.25742e-05
440, 438, 2.70699e-05, 5.41851e-05
440, 439, 4.22569e-05, 0.000102149
441, 435, 2.59064e-05, 1.43003e-05
441, 436, 5.04044e-05, 1.71362e-05
441, 437, 7.72933e-05, 3.30795e-05
441, 438, 5.31382e-05, 5.31493e-05
441, 439, 7.23404e-05, 0.000102842
441, 440, 0.00011154, 5.99924e-05
442, 435, 0.000125707, 1.31083e-05
442, 436, 4.83652e-05, 1.90976e-05
442, 437, 2.52046e-05, 3.54578e-05
442, 438, 5.51209e-05, 5.35151e-05
442, 439, 2.64931e-05, 0.000102594
442, 440, 3.64893e-05, 5.86768e-05
442, 441, 7.86264e-05, 6.1426e-05
443, 436, 3.9368e-05, 1.5399e-05
443, 437, 6.45266e-05, 3.82615e-05
443, 438, 4.40392e-05, 5.39296e-05
443, 439, 6.72102e-05, 0.000101172
443, 440, 9.2763e-05, 6.07354e-05
443, 441, 2.82278e-05, 6.0971e-05
443, 442, 6.39061e-05, 6.97676e-05
445, 436, 5.96116e-05, 1.94551e-05
445, 437, 2.74952e-05, 3.42337e-05
445, 438, 5.38642e-05, 5.50077e-05
445, 439, 4.64152e-05, 0.000100015
445, 440, 6.44157e-06, 5.97973e-05
445, 441, 7.03315e-05, 6.17726e-05
445, 442, 0.000108673, 7.00461e-05
445, 443, 4.43692e-05, 6.0246e-05
447, 437, 5.64825e-05, 4.05621e-05
447, 438, 3.07346e-05, 5.52326e-05
447, 439, 5.37285e-05, 0.00010228
447, 440, 8.18776e-05, 6.19478e-05
447, 441, 2.6197e-05, 6.17618e-05
447, 442, 5.94537e-05, 6.85496e-05
447, 443, 3.1409e-05, 5.80442e-05
447, 445, 3.92874e-05, 0.000178024
448, 437, 6.85179e-05, 3.61072e-05
448, 438, 3.94087e-05, 5.30797e-05
448, 439, 6.86198e-05, 0.00010061
448, 440, 8.78393e-05, 6.05656e-05
448, 441, 2.42871e-05, 6.31551e-05
448, 442, 6.76032e-05, 6.87096e-05
448, 443, 4.41898e-05, 5.95748e-05
448, 445, 5.19013e-05, 0.000176722
448, 447, 6.09428e-05, 8.48843e-05
449, 438, 4.54036e-05, 5.73355e-05
449, 439, 2.50397e-05, 0.000101435
449, 440, 2.81298e-05, 6.0189e-05
449, 441, 6.39401e-05, 5.82999e-05
449, 442, 8.9598e-05, 7.10004e-05
449, 443, 3.84754e-05, 6.06312e-05
449, 445, 2.79817e-05, 0.00017316
449, 447, 4.2743e-05, 8.65104e-05
449, 448, 4.48426e-05, 5.83172e-05
450, 438, 5.90673e-05, 5.58743e-05
450, 439, 4.20409e-05, 9.95132e-05
450, 440, 2.51963e-05, 6.2896e-05
450, 441, 8.91376e-05, 6.01133e-05
450, 442, 0.000106243, 6.74723e-05
450, 443, 5.47853e-05, 5.80054e-05
450, 445, 4.59917e-05, 0.000171406
450, 447, 5.5679e-05, 8.4315e-05
450, 448, 6.14596e-05, 5.70762e-05
450, 449, 7.12728e-05, 0.000102151
452, 439, 2.75197e-05, 0.000102218
452, 440, 2.71389e-05, 5.94969e-05
452, 441, 6.98044e-05, 6.13717e-05
452, 442, 8.52648e-05, 7.06449e-05
452, 443, 3.09138e-05, 6.03829e-05
452, 445, 2.42638e-05, 0.000173656
452, 447, 4.06162e-05, 8.75399e-05
452, 448, 3.36905e-05, 5.96276e-05
452, 449, 5.41237e-05, 0.000101223
452, 450, 1.3393e-05, 0.00013715
453, 441, 9.02382e-05, 5.81655e-05
453, 442, 8.59222e-05, 6.87236e-05
453, 443, 5.86298e-05, 6.16728e-05
453, 445, 4.97662e-05, 0.000173569
453, 447, 4.55058e-05, 8.64475e-05
453, 448, 6.60598e-05, 6.19878e-05
453, 449, 8.55065e-05, 0.000101031
453, 450, 5.0709e-05, 0.00013538
453, 452, 8.26047e-05, 9.44268e-05
454, 441, 6.72927e-05, 6.08983e-05
454, 442, 2.99457e-05, 7.23718e-05
454, 443, 5.21263e-05, 5.97458e-05
454, 445, 5.89803e-05, 0.000173851
454, 447, 3.18229e-05, 8.87074e-05
454, 448, 5.71783e-05, 5.3847e-05
454, 449, 9.74194e-05, 0.000107149
454, 450, 7.21709e-05, 0.000136299
454, 452, 0.000111713, 8.60205e-05
454, 453, 8.07089e-05, 2.83896e-05
456, 443, 1.02945e-05, 6.12796e-05
456, 445, 1.36123e-05, 0.000174576
456, 447, 2.39065e-05, 8.59747e-05
456, 448, 9.36194e-06, 5.07996e-05
456, 449, 4.71093e-05, 0.000104054
456, 450, 2.62903e-05, 0.000134477
456, 452, 7.05489e-05, 9.19509e-05
456, 453, 3.04551e-05, 2.78965e-05
456, 454, 3.66038e-05, 0.000135075
457, 447, 4.31093e-05, 8.65544e-05
457, 448, 6.80017e-05, 5.84619e-05
457, 449, 0.000114036, 0.000101782
457, 450, 7.90407e-05, 0.000139233
457, 452, 0.000127548, 9.38424e-05
457, 453, 9.61617e-05, 2.91016e-05
457, 454, 9.48994e-05, 0.000142996
457, 456, 5.53123e-05, 9.2187e-05
458, 447, 5.78013e-05, 8.58081e-05
458, 448, 2.62556e-05, 5.83052e-05
458, 449, 1.83144e-05, 0.000100439
458, 450, 3.90795e-05, 0.000135474
458, 452, 5.62747e-05, 9.69963e-05
458, 453, 1.88262e-05, 2.90436e-05
458, 454, 1.66026e-05, 0.000137312
458, 456, 9.27538e-05, 9.29284e-05
458, 457, 2.95999e-05, 6.07949e-05
459, 450, 1.82452e-05, 0.000135934
459, 452, 7.85658e-05, 9.01629e-05
459, 453, 3.49288e-05, 3.02047e-05
459, 454, 3.5264e-05, 0.00013571
459, 456, 7.3748e-05, 9.66224e-05
459, 457, 3.51139e-05, 5.97184e-05
459, 458, 2.28532e-05, 9.00018e-05
460, 452, 0.000113204, 9.18427e-05
460, 453, 8.4005e-05, 2.75382e-05
460, 454, 7.63669e-05, 0.000134781
460, 456, 5.06869e-05, 9.60013e-05
460, 457, 6.49366e-05, 5.94107e-05
460, 458, 2.82875e-05, 8.60494e-05
460, 459, 1.30075e-05, 7.09605e-05
461, 452, 9.46947e-05, 9.33884e-05
461, 453, 5.27003e-05, 2.97179e-05
461, 454, 5.42694e-05, 0.000140663
461, 456, 5.24415e-05, 9.62615e-05
461, 457, 1.23978e-05, 6.10877e-05
461, 458, 3.72807e-05, 8.54222e-05
461, 459, 4.90104e-05, 7.11156e-05
461, 460, 1.69543e-05, 7.66682e-05
462, 452, 0.000132948, 9.21146e-05
462, 453, 9.11297e-05, 3.0099e-05
462, 454, 9.14622e-05, 0.000139101
462, 456, 2.50524e-05, 9.45026e-05
462, 457, 4.21109e-05, 6.19474e-05
462, 458, 5.26614e-05, 8.69681e-05
462, 459, 4.53758e-05, 6.56207e-05
462, 460, 3.43358e-05, 8.09108e-05
462, 461, 6.17416e-05, 7.59492e-05
463, 453, 2.82733e-05, 2.98155e-05
463, 454, 2.63483e-05, 0.000139192
463, 456, 0.000110861, 9.48554e-05
463, 457, 7.03257e-05, 5.95901e-05
463, 458, 6.55996e-05, 8.72895e-05
463, 459, 7.68542e-05, 7.09503e-05
463, 460, 7.06311e-05, 8.41105e-05
463, 461, 4.82497e-05, 7.63885e-05
463, 462, 3.27733e-05, 0.000101765
464, 456, 9.54801e-05, 9.63804e-05
464, 457, 6.65829e-05, 6.08941e-05
464, 458, 4.17026e-05, 8.62071e-05
464, 459, 5.18995e-05, 6.41749e-05
464, 460, 6.49442e-05, 8.48278e-05
464, 461, 5.03349e-05, 7.64943e-05
464, 462, 3.32699e-05, 0.000103728
464, 463, 6.86669e-05, 1.82293e-05
465, 456, 3.51737e-05, 9.44788e-05
465, 457, 3.72929e-05, 5.96424e-05
465, 458, 3.21248e-05, 8.83498e-05
465, 459, 3.28655e-05, 7.09898e-05
465, 460, 2.12271e-05, 8.03801e-05
465, 461, 4.5554e-05, 7.68891e-05
465, 462, 5.3726e-05, 0.000102833
465, 463, 2.60555e-05, 1.48085e-05
465, 464, 3.01038e-05, 4.52963e-05
466, 456, 5.06567e-05, 9.31076e-05
466, 457, 2.40858e-05, 5.69128e-05
466, 458, 4.87e-05, 8.60739e-05
466, 459, 6.31525e-05, 6.46665e-05
466, 460, 2.71878e-05, 8.30537e-05
466, 461, 3.26171e-05, 7.76934e-05
466, 462, 5.80607e-05, 0.000102399
466, 463, 5.36121e-05, 1.52824e-05
466, 464, 3.65859e-05, 4.66756e-05
466, 465, 9.86747e-05, 1.84012e-05
467, 457, 4.73109e-05, 5.95632e-05
467, 458, 5.32405e-05, 8.76161e-05
467, 459, 6.07467e-05, 7.29764e-05
467, 460, 5.66952e-05, 8.19391e-05
467, 461, 2.73277e-05, 7.70764e-05
467, 462, 1.5061e-05, 0.000105158
467, 463, 7.84118e-05, 1.34449e-05
467, 464, 4.35945e-05, 4.7669e-05
467, 465, 3.49057e-05, 1.08116e-05
467, 466, 3.50874e-05, 1.82132e-05
468, 457, 5.98691e-05, 5.84613e-05
468, 458, 2.07691e-05, 8.62281e-05
468, 459, 9.30329e-06, 7.65814e-05
468, 460, 4.1783e-05, 8.5227e-05
468, 461, 5.50825e-05, 7.56618e-05
468, 462, 4.65958e-05, 0.000103729
468, 463, 2.56946e-05, 9.02357e-06
468, 464, 3.72618e-05, 4.64363e-05
468, 465, 5.39029e-05, 1.20984e-05
468, 466, 6.48345e-05, 1.83101e-05
468, 467, 7.49045e-05, 9.82775e-05
469, 457, 5.1889e-05, 6.09794e-05
469, 458, 4.7777e-05, 8.69617e-05
469, 459, 3.9119e-05, 6.42043e-05
469, 460, 3.57001e-05, 8.1589e-05
469, 461, 6.75534e-05, 7.84084e-05
469, 462, 7.32097e-05, 0.000104183
469, 463, 2.02054e-05, 1.65063e-05
469, 464, 4.6425e-05, 4.68824e-05
469, 465, 0.000100719, 1.15282e-05
469, 466, 6.45321e-05, 2.11043e-05
469, 467, 7.30855e-05, 9.99977e-05
469, 468, 2.40235e-05, 3.00356e-05
470, 457, 6.60775e-05, 6.2492e-05
470, 458, 3.57903e-05, 8.59763e-05
470, 459, 5.34084e-05, 6.80478e-05
470, 460, 6.28708e-05, 8.1862e-05
470, 461, 5.23682e-05, 7.67605e-05
470, 462, 3.14257e-05, 0.000104683
470, 463, 6.55349e-05, 1.57241e-05
470, 464, 4.54337e-05, 4.70429e-05
470, 465, 1.50372e-05, 1.12746e-05
470, 466, 5.97724e-05, 1.90303e-05
470, 467, 7.20499e-05, 9.81022e-05
470, 468, 6.3861e-05, 2.84762e-05
470, 469, 6.65616e-05, 3.44969e-05
471, 459, 4.14056e-05, 6.9661e-05
471, 460, 7.10498e-05, 8.25472e-05
471, 461, 8.47893e-05, 7.66213e-05
471, 462, 8.17127e-05, 0.000102982
471, 463, 5.49503e-05, 2.08803e-05
471, 464, 6.46773e-05, 4.66426e-05
471, 465, 5.823e-05, 1.72079e-05
471, 466, 9.88706e-05, 1.78482e-05
471, 467, 0.000107792, 9.80438e-05
471, 468, 7.19006e-05, 2.89905e-05
471, 469, 4.75059e-05, 3.19098e-05
471, 470, 8.47602e-05, 2.52831e-05
472, 460, 4.26539e-05, 8.05711e-05
472, 461, 3.80797e-05, 7.65808e-05
472, 462, 2.92051e-05, 0.000103234
472, 463, 5.53216e-05, 1.85719e-05
472, 464, 3.39878e-05, 4.7197e-05
472, 465, 3.09663e-05, 1.09613e-05
472, 466, 4.5803e-05, 1.92195e-05
472, 467, 6.18795e-05, 9.7948e-05
472, 468, 5.50743e-05, 2.89386e-05
472, 469, 5.43837e-05, 3.32216e-05
472, 470, 3.60389e-05, 2.06144e-05
472, 471, 4.05682e-05, 2.03764e-05
473, 462, 4.63145e-05, 0.000104134
473, 463, 3.09709e-05, 1.53448e-05
473, 464, 1.61745e-05, 4.72815e-05
473, 465, 7.54725e-05, 9.35121e-06
473, 466, 3.72761e-05, 1.9086e-05
473, 467, 4.13541e-05, 9.74381e-05
473, 468, 1.25205e-05, 3.22532e-05
473, 469, 3.23185e-05, 3.36727e-05
473, 470, 3.91312e-05, 1.90133e-05
473, 471, 6.2208e-05, 2.13071e-05
473, 472, 6.73692e-05, 2.1733e-05
474, 463, 1.81853e-05, 1.57193e-05
474, 464, 2.46957e-05, 4.6156e-05
474, 465, 7.22791e-05, 1.2545e-05
474, 466, 4.95689e-05, 1.72817e-05
474, 467, 6.27961e-05, 9.63926e-05
474, 468, 1.66051e-05, 3.01653e-05
474, 469, 2.04056e-05, 3.3288e-05
474, 470, 4.40644e-05, 1.64165e-05
474, 471, 7.07491e-05, 2.30751e-05
474, 472, 6.45826e-05, 1.80233e-05
474, 473, 7.27176e-05, 4.63747e-05
475, 465, 6.83807e-05, 1.12219e-05
475, 466, 2.84151e-05, 2.04789e-05
475, 467, 4.02038e-05, 9.66757e-05
475, 468, 2.71053e-05, 3.17565e-05
475, 469, 4.95841e-05, 3.59551e-05
475, 470, 2.56757e-05, 2.67307e-05
475, 471, 5.45034e-05, 2.16434e-05
475, 472, 6.57378e-05, 2.45462e-05
475, 473, 7.06846e-05, 4.5098e-05
475, 474, 1.07296e-05, 0.000101006
476, 466, 5.34948e-05, 1.75687e-05
476, 467, 7.12542e-05, 9.73066e-05
476, 468, 6.45198e-05, 3.10598e-05
476, 469, 6.90345e-05, 3.38759e-05
476, 470, 3.77287e-05, 2.18368e-05
476, 471, 3.01426e-05, 2.07741e-05
476, 472, 1.77591e-05, 1.83193e-05
476, 473, 1.44404e-05, 4.46002e-05
476, 474, 5.14494e-05, 0.000104285
476, 475, 2.21189e-05, 4.90495e-05
477, 469, 0.000103957, 3.29287e-05
477, 470, 4.75135e-05, 1.7867e-05
477, 471, 2.20668e-05, 2.13975e-05
477, 472, 4.68984e-05, 2.45151e-05
477, 473, 3.87504e-05, 4.29195e-05
477, 474, 7.78493e-05, 0.000101833
477, 475, 2.50291e-05, 4.94767e-05
477, 476, 7.48645e-05, 4.46242e-05
478, 471, 3.23792e-05, 2.0345e-05
478, 472, 5.10149e-05, 2.20577e-05
478, 473, 5.15335e-05, 4.48258e-05
478, 474, 1.76841e-05, 0.000104294
478, 475, 5.41463e-05, 4.77391e-05
478, 476, 5.02562e-05, 4.41972e-05
478, 477, 6.56082e-05, 6.40593e-05
479, 471, 8.16929e-05, 2.20145e-05
479, 472, 6.66577e-05, 2.38969e-05
479, 473, 7.59355e-05, 4.39213e-05
479, 474, 2.62789e-05, 0.000102764
479, 475, 8.75018e-05, 4.66831e-05
479, 476, 3.56509e-05, 4.73391e-05
479, 477, 2.76253e-05, 6.47159e-05
479, 478, 3.11016e-05, 8.04235e-05
480, 474, 2.0297e-05, 0.000103301
480, 475, 6.88463e-05, 5.00801e-05
480, 476, 2.10664e-05, 4.47579e-05
480, 477, 4.92464e-05, 6.47757e-05
480, 478, 1.76698e-05, 7.635e-05
480, 479, 7.44903e-05, 8.95699e-06
481, 475, 4.0714e-05, 4.74069e-05
481, 476, 3.70785e-05, 4.45684e-05
481, 477, 7.86541e-05, 6.55874e-05
481, 478, 5.14922e-05, 7.45202e-05
481, 479, 3.75031e-05, 9.02951e-06
481, 480, 4.14223e-05, 9.99668e-05
482, 475, 7.42277e-05, 5.30175e-05
482, 476, 6.54324e-05, 4.42799e-05
482, 477, 5.87164e-05, 6.41538e-05
482, 478, 6.57153e-05, 7.67601e-05
482, 479, 6.33948e-05, 1.06011e-05
482, 480, 9.27188e-06, 0.000100051
482, 481, 1.1134e-05, 0.000136788
483, 475, 4.06189e-05, 4.68908e-05
483, 477, 0.000104086, 6.33295e-05
483, 478, 8.15868e-05, 7.88773e-05
483, 479, 1.2573e-05, 9.0136e-06
483, 480, 4.70333e-05, 0.000100957
483, 481, 5.36328e-05, 0.000136448
483, 482, 4.81535e-05, 2.67244e-05
484, 477, 4.14154e-05, 6.36778e-05
484, 478, 7.35223e-05, 7.44044e-05
484, 479, 7.93575e-05, 1.14343e-05
484, 480, 3.33882e-05, 9.94038e-05
484, 481, 1.69336e-05, 0.000136597
484, 482, 2.79877e-05, 3.09139e-05
484, 483, 7.13649e-06, 9.39483e-06
485, 477, 0.000102141, 6.31166e-05
485, 478, 6.25008e-05, 7.5967e-05
485, 479, 3.15014e-05, 1.12222e-05
485, 480, 6.29553e-05, 0.000100555
485, 481, 6.5505e-05, 0.000137317
485, 482, 5.99959e-05, 2.45207e-05
485, 483, 9.06145e-05, 7.78462e-06
485, 484, 2.54457e-05, 7.07379e-05
486, 477, 7.49685e-05, 6.33039e-05
486, 478, 5.75938e-05, 7.71391e-05
486, 479, 4.24785e-05, 9.05639e-06
486, 480, 4.16441e-05, 9.96338e-05
486, 481, 4.60978e-05, 0.000135478
486, 482, 4.16432e-05, 2.69793e-05
486, 483, 6.10488e-05, 7.41986e-06
486, 484, 1.66685e-05, 7.58714e-05
486, 485, 9.08855e-05, 1.93673e-05
487, 480, 7.5337e-05, 9.97569e-05
487, 481, 8.03446e-05, 0.000136452
487, 482, 7.76586e-05, 2.65916e-05
487, 483, 9.86317e-05, 1.02302e-05
487, 484, 4.16886e-05, 7.81711e-05
487, 485, 0.000125154, 1.60436e-05
487, 486, 7.16946e-05, 7.92056e-05
488, 480, 5.6762e-05, 9.86835e-05
488, 481, 4.90614e-05, 0.000136477
488, 482, 5.20431e-05, 2.29878e-05
488, 483, 6.41634e-05, 8.35306e-06
488, 484, 3.79909e-05, 7.79639e-05
488, 485, 6.40468e-05, 1.93672e-05
488, 486, 1.32643e-05, 7.8314e-05
488, 487, 5.09164e-05, 3.68396e-05
489, 481, 6.85311e-05, 0.000136589
489, 482, 6.72305e-05, 2.88137e-05
489, 483, 8.34901e-05, 1.2108e-05
489, 484, 3.34518e-05, 6.79378e-05
489, 485, 8.04779e-05, 1.82338e-05
489, 486, 4.14503e-05, 7.82035e-05
489, 487, 2.66773e-05, 3.66136e-05
489, 488, 4.11419e-05, 1.42706e-05
490, 482, 7.79838e-05, 2.73489e-05
490, 483, 9.29465e-05, 8.69264e-06
490, 484, 5.85726e-05, 7.39026e-05
490, 485, 7.04217e-05, 1.83963e-05
490, 486, 4.46373e-05, 7.96668e-05
490, 487, 6.62523e-05, 3.57331e-05
490, 488, 6.19793e-05, 1.10014e-05
490, 489, 3.30819e-05, 5.14243e-05
491, 484, 6.79225e-05, 7.64228e-05
491, 485, 2.43493e-05, 1.64781e-05
491, 486, 2.46824e-05, 7.9763e-05
491, 487, 8.89999e-05, 3.61945e-05
491, 488, 4.24396e-05, 1.27678e-05
491, 489, 8.9446e-05, 5.15604e-05
491, 490, 4.37606e-05, 8.31367e-05
492, 484, 4.53993e-05, 7.63815e-05
492, 485, 4.90479e-05, 1.7734e-05
492, 486, 2.5249e-05, 7.75771e-05
492, 487, 7.86394e-05, 3.65125e-05
492, 488, 2.31926e-05, 1.21145e-05
492, 489, 9.30756e-05, 5.02435e-05
492, 490, 1.91839e-05, 8.40832e-05
492, 491, 7.23793e-05, 5.38757e-05
493, 486, 2.3809e-05, 7.83233e-05
493, 487, 8.00774e-05, 3.85602e-05
493, 488, 3.59251e-05, 1.31009e-05
493, 489, 8.12015e-05, 5.1061e-05
493, 490, 3.92716e-05, 8.50071e-05
493, 491, 9.48755e-05, 5.53746e-05
493, 492, 4.44696e-05, 2.63576e-05
494, 486, 4.26073e-05, 7.93819e-05
494, 487, 6.05005e-05, 3.72501e-05
494, 488, 2.04161e-05, 1.20155e-05
494, 489, 9.40639e-05, 5.6373e-05
494, 490, 1.50968e-05, 8.28345e-05
494, 491, 4.95255e-05, 5.38889e-05
494, 492, 1.39462e-05, 1.89207e-05
494, 493, 2.29815e-05, 3.33497e-05
495, 487, 5.69347e-05, 3.6523e-05
495, 488, 1.88018e-05, 1.40294e-05
495, 489, 8.87341e-05, 5.38721e-05
495, 490, 1.87083e-05, 8.41453e-05
495, 491, 4.40159e-05, 5.31944e-05
495, 492, 1.33498e-05, 2.34073e-05
495, 493, 1.80882e-05, 3.03313e-05
495, 494, 3.58976e-05, 2.04192e-05
496, 488, 5.14903e-05, 1.4756e-05
496, 489, 4.50776e-05, 5.39556e-05
496, 490, 6.38185e-05, 8.45589e-05
496, 491, 7.64338e-05, 5.49931e-05
496, 492, 5.64145e-05, 2.07222e-05
496, 493, 3.40729e-05, 3.05976e-05
496, 494, 5.65533e-05, 1.91879e-05
496, 495, 5.89747e-05, 5.91989e-05
497, 488, 3.72574e-05, 1.07984e-05
497, 489, 0.000104642, 5.20221e-05
497, 490, 4.13816e-05, 8.25709e-05
497, 491, 1.91516e-05, 5.52873e-05
497, 492, 3.40245e-05, 2.03133e-05
497, 493, 2.00369e-05, 2.88853e-05
497, 494, 1.10406e-05, 1.86028e-05
497, 495, 4.06139e-05, 5.70842e-05
497, 496, 8.27554e-05, 3.64916e-05
498, 489, 2.57335e-05, 5.09359e-05
498, 490, 7.46248e-05, 8.3163e-05
498, 491, 0.000105319, 5.33041e-05
498, 492, 7.01028e-05, 2.9136e-05
498, 493, 7.02664e-05, 3.44457e-05
498, 494, 8.60919e-05, 1.94038e-05
498, 495, 6.08056e-05, 6.15495e-05
498, 496, 9.27423e-05, 3.54335e-05
498, 497, 0.000106082, 4.18921e-05
499, 492, 4.96079e-05, 2.14621e-05
499, 493, 4.74812e-05, 3.20841e-05
499, 494, 8.10688e-05, 1.95249e-05
499, 495, 3.27213e-05, 5.76951e-05
499, 496, 4.8695e-05, 3.61378e-05
499, 497, 8.13199e-05, 4.33035e-05
499, 498, 5.56e-05, 0.000113535
500, 493, 5.08443e-05, 2.97452e-05
500, 494, 6.72958e-05, 1.80193e-05
500, 495, 6.78961e-05, 5.9706e-05
500, 496, 0.000103811, 3.64219e-05
500, 497, 8.84585e-05, 4.54045e-05
500, 498, 7.97468e-05, 0.000113299
500, 499, 9.8918e-05, 3.01594e-05
501, 492, 4.70971e-05, 2.54516e-05
501, 493, 4.84905e-05, 3.20131e-05
501, 494, 7.36082e-05, 1.82682e-05
501, 495, 4.07542e-05, 5.67328e-05
501, 496, 6.318e-05, 3.60894e-05
501, 497, 8.89717e-05, 4.34235e-05
501, 498, 6.44554e-05, 0.000113342
501, 499, 8.11734e-05, 2.99828e-05
501, 500, 5.34814e-05, 4.195e-05
502, 495, 1.36262e-05, 5.8483e-05
502, 496, 5.78216e-05, 3.56859e-05
502, 497, 5.18369e-05, 4.29427e-05
502, 498, 4.21888e-05, 0.000113274
502, 499, 5.33591e-05, 3.01741e-05
502, 500, 2.87066e-05, 3.91887e-05
502, 501, 4.13036e-05, 1.79597e-05
503, 495, 2.18065e-05, 5.85274e-05
503, 496, 5.83654e-05, 3.61083e-05
503, 497, 3.31932e-05, 4.34257e-05
503, 498, 1.28967e-05, 0.000112606
503, 499, 2.74625e-05, 2.7989e-05
503, 500, 1.81723e-05, 4.02001e-05
503, 501, 3.48331e-05, 2.0423e-05
503, 502, 2.91977e-05, 2.27126e-05
504, 496, 6.32246e-05, 3.65658e-05
504, 497, 4.13601e-05, 4.42512e-05
504, 498, 2.69527e-05, 0.000112648
504, 499, 4.05083e-05, 3.0761e-05
504, 500, 1.90901e-05, 4.37893e-05
504, 501, 3.48893e-05, 1.71067e-05
504, 502, 1.19245e-05, 2.28067e-05
504, 503, 4.06996e-05, 2.81007e-05
505, 495, 2.66717e-05, 5.85804e-05
505, 496, 2.11705e-05, 3.65002e-05
505, 497, 7.07641e-05, 4.41567e-05
505, 498, 3.21528e-05, 0.000113701
505, 499, 5.28272e-05, 2.92545e-05
505, 500, 5.24894e-05, 4.35673e-05
505, 501, 7.22518e-05, 1.75903e-05
505, 502, 4.5285e-05, 2.06829e-05
505, 503, 7.5805e-05, 2.59176e-05
505, 504, 5.68826e-05, 6.23269e-05
506, 497, 5.31761e-05, 4.55652e-05
506, 499, 3.35579e-05, 3.01261e-05
506, 500, 4.63011e-05, 4.20229e-05
506, 501, 7.12645e-05, 1.74211e-05
506, 502, 5.12834e-05, 2.14578e-05
506, 503, 7.79217e-05, 2.42083e-05
506, 504, 4.34661e-05, 6.40302e-05
506, 505, 3.7865e-05, 3.43073e-05
508, 499, 4.16341e-05, 2.93508e-05
508, 500, 2.91539e-05, 4.24494e-05
508, 501, 4.46826e-05, 1.91316e-05
508, 502, 2.65472e-05, 2.04678e-05
508, 503, 6.06167e-05, 2.23941e-05
508, 504, 3.26172e-05, 6.54462e-05
508, 505, 4.12915e-05, 3.80063e-05
508, 506, 2.31197e-05, 1.25029e-05
509, 500, 7.46372e-05, 4.51244e-05
509, 501, 7.29741e-05, 1.85523e-05
509, 502, 6.37427e-05, 2.15649e-05
509, 503, 5.58761e-05, 2.60166e-05
509, 504, 9.0587e-05, 6.49735e-05
509, 505, 6.07618e-05, 3.57088e-05
509, 506, 6.81312e-05, 1.58442e-05
509, 508, 6.04335e-05, 2.29737e-05
510, 501, 5.91498e-05, 1.47395e-05
510, 502, 2.97875e-05, 2.13914e-05
510, 503, 5.829e-05, 2.78394e-05
510, 504, 4.83852e-05, 6.30472e-05
510, 505, 2.74938e-05, 3.78941e-05
510, 506, 1.64449e-05, 1.3911e-05
510, 508, 4.31013e-05, 2.47459e-05
510, 509, 2.90604e-05, 5.41768e-05
511, 502, 2.34866e-05, 1.85872e-05
511, 503, 5.87824e-05, 2.58972e-05
511, 504, 3.98032e-05, 6.61214e-05
511, 505, 3.76765e-05, 3.72722e-05
511, 506, 2.13569e-05, 1.64624e-05
511, 508, 4.21192e-05, 2.28258e-05
511, 509, 4.32561e-05, 5.60239e-05
511, 510, 6.98198e-05, 1.1682e-05
512, 502, 1.29417e-05, 2.07675e-05
512, 503, 3.75935e-05, 2.78445e-05
512, 504, 4.5421e-05, 6.14191e-05
512, 505, 3.83713e-05, 3.55995e-05
512, 506, 2.68554e-05, 1.38815e-05
512, 508, 3.04975e-05, 2.53739e-05
512, 509, 3.7815e-05, 5.61227e-05
512, 510, 5.61814e-05, 1.21381e-05
512, 511, 5.94723e-05, 1.83506e-05
513, 504, 1.69253e-05, 6.41973e-05
513, 505, 6.15306e-05, 3.61745e-05
513, 506, 4.21034e-05, 1.2204e-05
513, 508, 4.1667e-05, 2.3656e-05
513, 509, 6.92516e-05, 5.4733e-05
513, 510, 8.7368e-05, 1.10451e-05
513, 511, 8.85219e-05, 1.75242e-05
513, 512, 7.98129e-05, 3.35996e-05
514, 504, 6.78597e-05, 6.1678e-05
514, 505, 2.40611e-05, 3.97225e-05
514, 506, 2.07549e-05, 1.21402e-05
514, 508, 7.40785e-05, 2.15341e-05
514, 509, 5.76494e-05, 5.36712e-05
514, 510, 7.14523e-05, 1.03392e-05
514, 511, 8.20023e-05, 1.3661e-05
514, 512, 9.85937e-05, 3.45339e-05
514, 513, 6.82426e-05, 2.71431e-05
515, 505, 7.34358e-05, 3.69934e-05
515, 506, 5.57231e-05, 1.58078e-05
515, 508, 3.02284e-05, 2.0364e-05
515, 509, 7.90919e-05, 5.57796e-05
515, 510, 9.12468e-05, 1.2314e-05
515, 511, 9.32933e-05, 1.4186e-05
515, 512, 8.03103e-05, 3.39412e-05
515, 513, 1.98099e-05, 2.76186e-05
515, 514, 2.00495e-05, 1.71959e-05
516, 506, 5.99558e-05, 1.47179e-05
516, 508, 1.16306e-05, 2.22046e-05
516, 509, 6.84784e-05, 5.51699e-05
516, 510, 8.05818e-05, 9.26993e-06
516, 511, 7.37992e-05, 1.65722e-05
516, 512, 6.75234e-05, 3.93847e-05
516, 513, 2.87533e-05, 2.6416e-05
516, 514, 4.28827e-05, 1.71055e-05
516, 515, 3.79422e-05, 1.99583e-05
517, 508, 4.73842e-05, 2.36458e-05
517, 509, 2.42479e-05, 5.50658e-05
517, 510, 4.37592e-05, 1.02345e-05
517, 511, 5.50978e-05, 1.33272e-05
517, 512, 5.69471e-05, 3.56138e-05
517, 513, 5.78757e-05, 2.7022e-05
517, 514, 5.99212e-05, 2.02374e-05
517, 515, 2.38669e-05, 2.17026e-05
517, 516, 6.08896e-05, 4.01567e-05
519, 508, 1.38979e-05, 2.09346e-05
519, 509, 4.83301e-05, 5.52877e-05
519, 510, 5.7634e-05, 1.03012e-05
519, 511, 5.51739e-05, 1.28753e-05
519, 512, 4.27285e-05, 3.08178e-05
519, 513, 4.06405e-05, 2.6368e-05
519, 514, 4.84596e-05, 1.93102e-05
519, 515, 2.11621e-05, 2.11868e-05
519, 516, 3.04795e-05, 4.11574e-05
519, 517, 7.12604e-05, 4.2851e-05
520, 509, 6.22287e-05, 5.44811e-05
520, 510, 7.89724e-05, 1.16411e-05
520, 511, 9.27839e-05, 1.37881e-05
520, 512, 9.0251e-05, 3.48904e-05
520, 513, 3.6646e-05, 2.51535e-05
520, 514, 3.42024e-05, 1.69166e-05
520, 515, 5.8629e-05, 2.1112e-05
520, 516, 5.27358e-05, 4.07689e-05
520, 517, 2.09141e-05, 4.11678e-05
520, 519, 7.80233e-05, 2.1933e-05
521, 511, 5.17959e-05, 1.62776e-05
521, 512, 6.01583e-05, 3.38133e-05
521, 513, 5.11918e-05, 2.73201e-05
521, 514, 5.71984e-05, 1.77874e-05
521, 515, 3.32396e-05, 1.87183e-05
521, 516, 5.79742e-05, 4.05759e-05
521, 517, 4.58471e-05, 4.33625e-05
521, 519, 8.25213e-05, 2.11495e-05
521, 520, 6.1158e-05, 2.33623e-05
522, 510, 0.000107489, 8.92537e-06
522, 511, 0.000106574, 1.57484e-05
522, 512, 0.000101532, 3.41309e-05
522, 513, 1.88181e-05, 2.663e-05
522, 514, 1.43479e-05, 1.88008e-05
522, 515, 6.591e-05, 1.85304e-05
522, 516, 2.73727e-05, 4.26936e-05
522, 517, 7.3268e-05, 4.34694e-05
522, 519, 4.05187e-05, 2.20711e-05
522, 520, 3.1228e-05, 2.12516e-05
522, 521, 2.58513e-05, 6.15935e-05
523, 512, 7.99585e-05, 3.66689e-05
523, 513, 3.39087e-05, 2.6198e-05
523, 514, 2.48762e-05, 1.7756e-05
523, 515, 5.06787e-05, 2.01979e-05
523, 516, 4.0393e-05, 4.47217e-05
523, 517, 3.28781e-05, 4.34011e-05
523, 519, 6.52109e-05, 2.0381e-05
523, 520, 2.88883e-05, 2.16318e-05
523, 521, 4.78107e-05, 6.4397e-05
523, 522, 6.5239e-05, 4.09608e-05
525, 513, 1.34167e-05, 2.75533e-05
525, 514, 1.72621e-05, 1.59725e-05
525, 515, 4.42244e-05, 2.24566e-05
525, 516, 2.28699e-05, 3.96016e-05
525, 517, 5.36044e-05, 4.24645e-05
525, 519, 4.40434e-05, 2.1838e-05
525, 520, 3.50422e-05, 2.35935e-05
525, 521, 3.01057e-05, 6.20952e-05
525, 522, 5.15711e-05, 4.1485e-05
525, 523, 5.88459e-05, 6.17126e-05
526, 513, 6.24174e-05, 2.52348e-05
526, 516, 6.75461e-05, 4.02291e-05
526, 517, 1.79108e-05, 4.10252e-05
526, 519, 9.76025e-05, 2.10773e-05
526, 520, 4.90509e-05, 2.35821e-05
526, 521, 8.18591e-05, 6.55867e-05
526, 522, 8.7047e-05, 4.13535e-05
526, 523, 0.00010533, 6.33219e-05
526, 525, 4.21799e-05, 5.80266e-05
527, 520, 4.80999e-05, 2.28703e-05
527, 521, 6.94569e-05, 6.11467e-05
527, 522, 7.08658e-05, 4.1574e-05
527, 523, 9.28351e-05, 6.12495e-05
527, 525, 3.09453e-05, 5.76888e-05
527, 526, 2.29838e-05, 2.64041e-05
528, 520, 5.5011e-05, 2.11966e-05
528, 521, 4.19411e-05, 6.40709e-05
528, 522, 3.65009e-05, 4.07141e-05
528, 523, 5.6624e-05, 6.11741e-05
528, 525, 4.12528e-05, 5.6651e-05
528, 526, 4.39989e-05, 2.62704e-05
528, 527, 3.09787e-05, 1.84954e-05
529, 520, 7.37388e-05, 2.13263e-05
529, 521, 4.87984e-05, 6.15589e-05
529, 522, 1.48558e-05, 4.07397e-05
529, 523, 3.9589e-05, 6.08529e-05
529, 525, 4.46863e-05, 5.82996e-05
529, 526, 5.88144e-05, 2.61601e-05
529, 527, 5.07382e-05, 1.6046e-05
529, 528, 7.77101e-05, 5.9174e-05
530, 521, 1.61567e-05, 6.19108e-05
530, 522, 3.55485e-05, 4.06203e-05
530, 523, 2.96337e-05, 6.31937e-05
530, 525, 6.11452e-05, 5.68591e-05
530, 526, 7.33596e-05, 2.67468e-05
530, 527, 5.4887e-05, 1.94124e-05
530, 528, 9.1778e-05, 5.75436e-05
530, 529, 6.31622e-05, 5.44949e-06
531, 525, 4.12771e-05, 5.83817e-05
531, 526, 5.62576e-05, 2.59229e-05
531, 527, 6.32748e-05, 1.91468e-05
531, 528, 6.39468e-05, 6.03847e-05
531, 529, 1.65989e-05, 6.15315e-06
531, 530, 5.50109e-05, 1.72814e-05
532, 525, 4.158e-05, 5.67062e-05
532, 526, 5.56295e-05, 2.64626e-05
532, 527, 5.95031e-05, 1.93766e-05
532, 528, 6.03603e-05, 5.87112e-05
532, 529, 2.17341e-05, 6.11687e-06
532, 530, 5.7368e-05, 1.74561e-05
532, 531, 9.17904e-05, 3.72639e-05
533, 525, 6.25245e-05, 5.74599e-05
533, 526, 7.53955e-05, 2.90888e-05
533, 527, 6.53262e-05, 1.87703e-05
533, 528, 9.48879e-05, 6.02145e-05
533, 529, 4.81831e-05, 5.06138e-06
533, 530, 2.00291e-05, 1.88601e-05
533, 531, 5.8447e-05, 3.58043e-05
533, 532, 9.34531e-05, 9.1635e-06
535, 525, 5.30781e-05, 5.60755e-05
535, 526, 5.64198e-05, 2.67201e-05
535, 527, 3.57865e-05, 1.85921e-05
535, 528, 6.84766e-05, 5.85951e-05
535, 529, 9.20137e-05, 6.21127e-06
535, 530, 5.32077e-05, 1.81471e-05
535, 531, 1.84877e-05, 3.57989e-05
535, 532, 3.13735e-05, 1.19569e-05
535, 533, 3.05188e-05, 5.99511e-06
537, 528, 3.72721e-05, 5.93943e-05
537, 529, 3.69208e-05, 7.19829e-06
537, 530, 5.81712e-05, 1.8339e-05
537, 531, 7.91349e-05, 3.55739e-05
537, 532, 0.000104006, 1.03993e-05
537, 533, 6.34466e-05, 8.69358e-06
537, 535, 6.82077e-05, 1.977e-05
538, 529, 7.77606e-05, 6.23965e-06
538, 530, 6.89797e-05, 1.71838e-05
538, 531, 6.40228e-05, 3.4915e-05
538, 532, 7.65099e-05, 1.15848e-05
538, 533, 2.84921e-05, 6.75717e-06
538, 535, 9.11531e-05, 2.24676e-05
538, 537, 3.73989e-05, 9.52961e-06
539, 528, 6.0554e-05, 6.0873e-05
539, 529, 2.884e-05, 6.43127e-06
539, 530, 2.1048e-05, 1.78842e-05
539, 531, 5.9468e-05, 3.51533e-05
539, 532, 9.23132e-05, 1.14534e-05
539, 533, 5.76072e-05, 6.71285e-06
539, 535, 3.68614e-05, 1.972e-05
539, 537, 2.79808e-05, 1.12843e-05
539, 538, 4.6694e-05, 3.71972e-05
540, 530, 2.12277e-05, 1.94702e-05
540, 531, 6.58371e-05, 3.59677e-05
540, 532, 9.7941e-05, 1.01873e-05
540, 533, 7.07378e-05, 8.9799e-06
540, 535, 2.10967e-05, 1.99795e-05
540, 537, 4.45195e-05, 1.06333e-05
540, 538, 3.95831e-05, 3.66703e-05
540, 539, 3.04545e-05, 1.22883e-05
541, 531, 4.39897e-05, 3.71388e-05
541, 532, 7.77651e-05, 9.46798e-06
541, 533, 4.77354e-05, 6.89849e-06
541, 535, 3.85142e-05, 1.9582e-05
541, 537, 1.86625e-05, 1.00033e-05
541, 538, 3.80329e-05, 3.65535e-05
541, 539, 1.54481e-05, 1.30935e-05
541, 540, 1.87617e-05, 2.11294e-05
542, 531, 6.03541e-05, 3.71247e-05
542, 532, 9.7189e-05, 1.12537e-05
542, 533, 8.00312e-05, 7.31195e-06
542, 535, 9.92991e-06, 1.81727e-05
542, 537, 5.41947e-05, 1.19433e-05
542, 538, 2.05054e-05, 3.62199e-05
542, 539, 4.93694e-05, 1.32775e-05
542, 540, 2.81344e-05, 2.28107e-05
542, 541, 9.39438e-05, 6.06311e-05
543, 532, 2.28677e-05, 1.15268e-05
543, 533, 2.86227e-05, 7.32992e-06
543, 535, 8.88011e-05, 2.10589e-05
543, 537, 5.16895e-05, 1.12468e-05
543, 538, 7.1815e-05, 3.72933e-05
543, 539, 6.80022e-05, 1.18332e-05
543, 540, 6.12412e-05, 1.96991e-05
543, 541, 2.0625e-05, 6.09238e-05
543, 542, 3.75789e-05, 4.4087e-05
544, 532, 0.000112791, 1.13729e-05
544, 533, 8.13076e-05, 7.15062e-06
544, 535, 3.00046e-05, 2.21052e-05
544, 537, 4.83276e-05, 1.02242e-05
544, 538, 5.26437e-05, 3.72617e-05
544, 539, 3.57433e-05, 1.23692e-05
544, 540, 4.58306e-05, 2.1769e-05
544, 541, 0.000109914, 6.24187e-05
544, 542, 8.9551e-05, 4.16532e-05
544, 543, 8.75936e-06, 1.28777e-05
545, 533, 5.94569e-05, 6.9359e-06
545, 535, 4.96842e-05, 1.83953e-05
545, 537, 5.31623e-05, 1.05133e-05
545, 538, 2.94091e-05, 3.6336e-05
545, 539, 5.78663e-05, 1.35364e-05
545, 540, 2.90275e-05, 2.2179e-05
545, 541, 4.81948e-05, 6.07053e-05
545, 542, 7.35996e-05, 4.38235e-05
545, 543, 7.2461e-05, 1.27467e-05
545, 544, 5.42101e-05, 3.11641e-05
546, 535, 6.02254e-05, 2.12149e-05
546, 537, 4.91808e-05, 1.06031e-05
546, 538, 3.83884e-05, 3.67224e-05
546, 539, 6.64615e-05, 1.14908e-05
546, 540, 3.80126e-05, 2.07298e-05
546, 541, 4.10472e-05, 6.17099e-05
546, 542, 7.08677e-05, 4.33997e-05
546, 543, 7.57316e-05, 1.26434e-05
546, 544, 6.14214e-05, 3.2401e-05
546, 545, 6.96943e-05, 2.3018e-05
547, 537, 4.72557e-05, 1.06843e-05
547, 538, 7.71774e-05, 3.68077e-05
547, 539, 6.51046e-05, 1.29358e-05
547, 540, 6.19484e-05, 2.30252e-05
547, 541, 2.58844e-05, 6.09418e-05
547, 542, 2.96587e-05, 4.44793e-05
547, 543, 8.8244e-05, 1.13666e-05
547, 544, 8.08014e-05, 2.93961e-05
547, 545, 9.85228e-05, 2.33505e-05
547, 546, 3.7756e-05, 3.00364e-05
548, 537, 5.72187e-05, 1.04765e-05
548, 538, 4.39203e-05, 3.8107e-05
548, 539, 7.58016e-05, 1.23427e-05
548, 540, 4.73259e-05, 2.12971e-05
548, 541, 4.03512e-05, 5.93833e-05
548, 542, 7.3361e-05, 4.35035e-05
548, 543, 8.7859e-05, 1.17197e-05
548, 544, 7.09242e-05, 2.93653e-05
548, 545, 7.03774e-05, 2.13265e-05
548, 546, 2.79387e-05, 3.09756e-05
548, 547, 7.62352e-05, 3.8319e-05
549, 537, 4.81661e-05, 1.15296e-05
549, 538, 8.20901e-05, 3.69649e-05
549, 539, 3.31845e-05, 1.21641e-05
549, 540, 6.91605e-05, 2.22906e-05
549, 541, 0.000111052, 6.11319e-05
549, 542, 6.69377e-05, 4.32995e-05
549, 543, 4.19981e-05, 1.19198e-05
549, 544, 5.21226e-05, 3.15888e-05
549, 545, 8.02423e-05, 2.27774e-05
549, 546, 7.89062e-05, 2.9799e-05
549, 547, 5.1364e-05, 3.66376e-05
549, 548, 6.97072e-05, 4.82648e-05
550, 538, 4.33835e-05, 3.64994e-05
550, 539, 1.49226e-05, 1.22596e-05
550, 540, 2.36518e-05, 2.19159e-05
550, 541, 8.31794e-05, 5.9739e-05
550, 542, 6.78344e-05, 4.26653e-05
550, 543, 1.96615e-05, 1.15195e-05
550, 544, 1.23175e-05, 2.93921e-05
550, 545, 4.57054e-05, 2.28672e-05
550, 546, 4.7744e-05, 3.04726e-05
550, 547, 1.98746e-05, 3.93692e-05
550, 548, 3.89698e-05, 4.89028e-05
550, 549, 3.63535e-05, 3.47577e-05
551, 540, 3.55561e-05, 2.22262e-05
551, 541, 7.26675e-05, 6.09195e-05
551, 542, 4.70951e-05, 4.33166e-05
551, 543, 3.81778e-05, 1.21525e-05
551, 544, 3.372e-05, 3.03535e-05
551, 545, 6.64303e-05, 2.23981e-05
551, 546, 4.4237e-05, 2.92495e-05
551, 547, 3.48572e-05, 3.65195e-05
551, 548, 3.24131e-05, 4.90997e-05
551, 549, 3.73762e-05, 3.26662e-05
551, 550, 4.62207e-05, 3.99262e-05
552, 540, 6.49347e-05, 2.21089e-05
552, 541, 7.86789e-05, 6.32277e-05
552, 542, 3.3987e-05, 4.312e-05
552, 543, 6.16936e-05, 1.19291e-05
552, 544, 6.32138e-05, 3.12798e-05
552, 545, 8.96056e-05, 2.2414e-05
552, 546, 5.8102e-05, 2.77863e-05
552, 547, 6.07815e-05, 3.83685e-05
552, 548, 4.99014e-05, 4.81077e-05
552, 549, 4.98063e-05, 3.34837e-05
552, 550, 6.38143e-05, 4.00442e-05
552, 551, 3.98262e-05, 4.40966e-05
553, 540, 8.1903e-05, 2.2116e-05
553, 541, 8.34219e-05, 6.04774e-05
553, 542, 2.99581e-05, 4.2522e-05
553, 543, 8.4277e-05, 1.15247e-05
553, 544, 8.57022e-05, 2.95311e-05
553, 545, 0.00011944, 2.24044e-05
553, 546, 7.04806e-05, 2.91953e-05
553, 547, 8.86143e-05, 3.9102e-05
553, 548, 7.1057e-05, 4.90553e-05
553, 549, 7.19217e-05, 3.14304e-05
553, 550, 8.09668e-05, 3.93546e-05
553, 551, 6.42711e-05, 4.29873e-05
553, 552, 3.10075e-05, 1.16275e-05
555, 542, 6.75959e-05, 4.41977e-05
555, 543, 0.00010156, 1.15507e-05
555, 544, 8.4717e-05, 2.8963e-05
555, 545, 9.14945e-05, 2.17101e-05
555, 546, 3.73502e-05, 3.02571e-05
555, 547, 9.39245e-05, 3.61882e-05
555, 548, 4.49924e-05, 4.96897e-05
555, 549, 0.000115709, 3.43685e-05
555, 550, 0.000117922, 3.83199e-05
555, 551, 7.6823e-05, 4.22275e-05
555, 552, 9.84959e-05, 1.0274e-05
555, 553, 0.00011542, 7.29708e-06
556, 545, 4.45785e-05, 2.18188e-05
556, 546, 7.22142e-05, 2.86155e-05
556, 547, 1.59437e-05, 3.98701e-05
556, 548, 6.78671e-05, 4.73295e-05
556, 549, 2.90896e-05, 3.30833e-05
556, 550, 1.9336e-05, 3.92003e-05
556, 551, 2.98015e-05, 4.47717e-05
556, 552, 6.11962e-05, 1.16077e-05
556, 553, 5.3135e-05, 1.03359e-05
556, 555, 5.50274e-05, 4.35704e-05
557, 546, 6.78663e-05, 2.93107e-05
557, 547, 3.7621e-05, 3.75154e-05
557, 548, 6.45665e-05, 4.79848e-05
557, 549, 1.01264e-05, 3.03957e-05
557, 550, 2.67657e-05, 4.02244e-05
557, 551, 2.6321e-05, 4.52825e-05
557, 552, 2.97314e-05, 1.17058e-05
557, 553, 2.17616e-05, 7.01238e-06
557, 555, 6.86414e-05, 4.16607e-05
557, 556, 3.97575e-05, 1.55492e-05
558, 546, 2.54526e-05, 2.87652e-05
558, 547, 7.89266e-05, 3.74724e-05
558, 548, 2.53688e-05, 4.75292e-05
558, 549, 8.95978e-05, 3.10755e-05
558, 550, 9.7407e-05, 3.90298e-05
558, 551, 5.90684e-05, 4.1722e-05
558, 552, 7.5168e-05, 1.03954e-05
558, 553, 9.32e-05, 9.60743e-06
558, 555, 5.63696e-05, 4.31118e-05
558, 556, 5.45089e-05, 1.65015e-05
558, 557, 8.07721e-05, 1.7153e-05
559, 546, 8.92112e-05, 2.85913e-05
559, 547, 4.02246e-05, 3.74349e-05
559, 548, 8.1317e-05, 4.83051e-05
559, 549, 1.54646e-05, 3.31136e-05
559, 550, 1.06645e-05, 3.90737e-05
559, 551, 4.09878e-05, 4.47102e-05
559, 552, 5.18444e-05, 1.08555e-05
559, 553, 3.47586e-05, 8.0381e-06
559, 555, 7.99029e-05, 4.32433e-05
559, 556, 6.24475e-05, 1.61458e-05
559, 557, 2.07847e-05, 1.7292e-05
559, 558, 9.70135e-05, 2.34899e-05
560, 547, 2.52943e-05, 3.89265e-05
560, 548, 3.66197e-05, 4.80111e-05
560, 549, 5.41113e-05, 3.25586e-05
560, 550, 4.8649e-05, 3.95761e-05
560, 551, 2.68246e-05, 4.5984e-05
560, 552, 7.51373e-05, 1.13028e-05
560, 553, 7.08527e-05, 8.45355e-06
560, 555, 1.69333e-05, 4.34781e-05
560, 556, 6.53315e-05, 1.68299e-05
560, 557, 3.83544e-05, 1.74622e-05
560, 558, 6.60296e-05, 2.3349e-05
560, 559, 6.52064e-05, 2.65487e-05
561, 547, 6.08773e-05, 3.73741e-05
561, 548, 1.23386e-05, 4.91681e-05
561, 549, 7.73942e-05, 3.18837e-05
561, 550, 8.51614e-05, 3.97189e-05
561, 551, 4.77044e-05, 4.47662e-05
561, 552, 7.86715e-05, 1.10946e-05
561, 553, 8.92107e-05, 7.86391e-06
561, 555, 3.40648e-05, 4.295e-05
561, 556, 6.10903e-05, 1.66502e-05
561, 557, 6.72854e-05, 1.56363e-05
561, 558, 3.03853e-05, 2.36056e-05
561, 559, 3.70554e-05, 2.73114e-05
561, 560, 1.83853e-05, 2.70147e-05
562, 548, 7.50776e-05, 4.91143e-05
562, 549, 1.79638e-05, 3.11409e-05
562, 550, 6.73404e-06, 3.87186e-05
562, 551, 4.22432e-05, 4.55887e-05
562, 552, 5.8151e-05, 1.23721e-05
562, 553, 3.73324e-05, 9.3272e-06
562, 555, 7.1074e-05, 4.45134e-05
562, 556, 6.894e-05, 1.64645e-05
562, 557, 1.91423e-05, 1.63249e-05
562, 558, 9.70732e-05, 2.55732e-05
562, 559, 9.91118e-05, 2.7456e-05
562, 560, 0.000104713, 2.63074e-05
562, 561, 3.77975e-05, 1.45452e-05
563, 549, 7.29095e-05, 3.38957e-05
563, 550, 8.29654e-05, 4.0318e-05
563, 551, 4.74836e-05, 4.28317e-05
563, 552, 4.41214e-05, 1.12063e-05
563, 553, 7.03475e-05, 8.14023e-06
563, 555, 6.37871e-05, 4.28502e-05
563, 556, 2.80822e-05, 1.73523e-05
563, 557, 7.08376e-05, 1.6447e-05
563, 558, 1.8164e-05, 2.37928e-05
563, 559, 1.72533e-05, 2.69853e-05
563, 560, 3.85956e-05, 2.66816e-05
563, 561, 6.02401e-05, 1.45105e-05
563, 562, 4.96664e-05, 1.48433e-05
565, 551, 3.43933e-05, 4.4719e-05
565, 552, 3.72695e-05, 1.11876e-05
565, 553, 5.74677e-05, 8.60787e-06
565, 555, 5.50115e-05, 4.31945e-05
565, 556, 2.02045e-05, 1.68279e-05
565, 557, 5.4037e-05, 1.73414e-05
565, 558, 2.79671e-05, 2.44303e-05
565, 559, 2.76089e-05, 2.9019e-05
565, 560, 4.06688e-05, 2.7478e-05
565, 561, 4.55152e-05, 1.51047e-05
565, 562, 3.17912e-05, 1.44771e-05
565, 563, 1.44849e-05, 1.37839e-05
566, 552, 9.69263e-05, 9.49932e-06
566, 553, 9.82613e-05, 8.52819e-06
566, 555, 1.68756e-05, 4.35286e-05
566, 556, 8.04636e-05, 1.55534e-05
566, 557, 6.75289e-05, 1.7377e-05
566, 558, 6.73605e-05, 2.5688e-05
566, 559, 7.35997e-05, 2.85809e-05
566, 560, 4.92486e-05, 2.68332e-05
566, 561, 5.31542e-05, 1.55655e-05
566, 562, 4.16956e-05, 1.58634e-05
566, 563, 7.57181e-05, 1.41845e-05
566, 565, 1.18103e-05, 2.96881e-05
567, 553, 4.14453e-05, 7.97567e-06
567, 555, 4.48567e-05, 4.32087e-05
567, 556, 3.73619e-05, 1.60841e-05
567, 557, 1.81602e-05, 1.6172e-05
567, 558, 5.85763e-05, 2.38459e-05
567, 559, 6.06383e-05, 2.67506e-05
567, 560, 6.85675e-05, 2.66595e-05
567, 561, 1.76555e-05, 1.47376e-05
567, 562, 2.38016e-05, 1.37921e-05
567, 563, 5.069e-05, 1.43745e-05
567, 565, 5.40569e-05, 2.91556e-05
567, 566, 4.96745e-05, 2.52937e-05
568, 556, 2.86098e-05, 1.62546e-05
568, 557, 6.22474e-05, 1.80421e-05
568, 558, 1.53808e-05, 2.22291e-05
568, 559, 2.05928e-05, 2.67269e-05
568, 560, 4.07948e-05, 2.61449e-05
568, 561, 5.48311e-05, 1.50631e-05
568, 562, 4.22705e-05, 1.54601e-05
568, 563, 6.64396e-06, 1.24861e-05
568, 565, 7.07807e-05, 2.92267e-05
568, 566, 2.90098e-05, 2.64629e-05
568, 567, 5.37812e-05, 2.35023e-05
569, 556, 2.05865e-05, 1.60922e-05
569, 557, 4.9928e-05, 1.71874e-05
569, 558, 6.19169e-05, 2.27126e-05
569, 559, 6.24684e-05, 2.60683e-05
569, 560, 8.15301e-05, 2.77131e-05
569, 561, 5.01418e-05, 1.46805e-05
569, 562, 6.05708e-05, 1.61691e-05
569, 563, 3.89122e-05, 1.43194e-05
569, 565, 8.63905e-05, 2.92925e-05
569, 566, 2.41997e-05, 2.56421e-05
569, 567, 7.48107e-05, 2.19103e-05
569, 568, 6.54385e-05, 9.09081e-06
570, 559, 7.77385e-05, 2.62352e-05
570, 561, 2.20195e-05, 1.51061e-05
570, 562, 2.19313e-05, 1.60473e-05
570, 563, 6.91805e-05, 1.29936e-05
570, 565, 2.29961e-05, 2.85652e-05
570, 566, 7.7585e-05, 2.35856e-05
570, 567, 3.20098e-05, 2.20079e-05
570, 568, 7.96265e-05, 8.5159e-06
570, 569, 9e-05, 9.9023e-06
572, 562, 3.87813e-05, 1.64037e-05
572, 563, 1.16506e-05, 1.56837e-05
572, 565, 6.73298e-05, 2.96526e-05
572, 566, 2.95258e-05, 2.70178e-05
572, 567, 5.03511e-05, 2.40436e-05
572, 568, 2.00086e-05, 9.81033e-06
572, 569, 3.64348e-05, 1.03724e-05
572, 570, 5.67473e-05, 4.14662e-06
573, 562, 5.7872e-05, 1.77638e-05
573, 565, 7.38824e-05, 3.05372e-05
573, 566, 4.91768e-05, 2.54584e-05
573, 567, 5.65102e-05, 2.22581e-05
573, 568, 7.98949e-06, 1.11532e-05
573, 569, 3.23319e-05, 9.46272e-06
573, 570, 3.57075e-05, 4.04176e-06
573, 572, 4.59208e-05, 1.73347e-05
574, 565, 2.32072e-05, 2.84457e-05
574, 566, 8.55867e-05, 2.43578e-05
574, 567, 3.2973e-05, 2.32617e-05
574, 568, 8.62977e-05, 9.02274e-06
574, 569, 9.9674e-05, 1.0218e-05
574, 570, 9.66333e-05, 4.51977e-06
574, 572, 4.25401e-05, 1.7162e-05
574, 573, 3.23263e-05, 5.31666e-05
575, 566, 2.26914e-05, 2.552e-05
575, 567, 8.73767e-05, 2.2651e-05
575, 568, 3.41782e-05, 9.78577e-06
575, 569, 9.45006e-06, 1.04049e-05
575, 570, 7.37643e-05, 3.50245e-06
575, 572, 6.17554e-05, 1.69543e-05
575, 573, 0.000100988, 5.13213e-05
575, 574, 5.57721e-05, 9.17079e-06
576, 567, 5.97236e-05, 2.44423e-05
576, 568, 8.24505e-05, 1.15495e-05
576, 569, 8.07524e-05, 9.80961e-06
576, 570, 0.000105373, 3.88096e-06
576, 572, 4.15711e-05, 1.7343e-05
576, 573, 2.57788e-05, 5.32624e-05
576, 574, 4.90125e-05, 9.59458e-06
576, 575, 4.78803e-05, 5.1072e-06
577, 568, 8.74644e-05, 6.64631e-06
577, 569, 9.38806e-05, 1.04052e-05
577, 570, 0.000107217, 4.53228e-06
577, 572, 4.35247e-05, 1.70982e-05
577, 573, 1.34281e-05, 5.14118e-05
577, 574, 5.1235e-05, 8.70207e-06
577, 575, 5.49552e-05, 4.32848e-06
577, 576, 4.18788e-05, 1.01921e-05
579, 569, 6.66887e-05, 9.7173e-06
579, 570, 9.35816e-05, 3.7934e-06
579, 572, 3.48739e-05, 1.69018e-05
579, 573, 3.87383e-05, 5.19878e-05
579, 574, 4.14196e-05, 9.66912e-06
579, 575, 3.42851e-05, 4.58513e-06
579, 576, 3.31618e-05, 9.13307e-06
579, 577, 7.93054e-05, 1.87092e-05
580, 570, 6.00645e-05, 5.63959e-06
580, 572, 1.47988e-05, 1.75652e-05
580, 573, 6.64599e-05, 5.20171e-05
580, 574, 9.82821e-06, 9.09119e-06
580, 575, 6.54837e-06, 5.19653e-06
580, 576, 1.24007e-05, 1.06804e-05
580, 577, 4.45429e-05, 1.89529e-05
580, 579, 2.3747e-05, 3.32986e-05
581, 572, 5.8193e-05, 1.73525e-05
581, 573, 0.000105926, 5.12678e-05
581, 574, 5.32161e-05, 9.64359e-06
581, 575, 6.39005e-05, 4.93442e-06
581, 576, 5.81739e-05, 1.09094e-05
581, 577, 1.48141e-05, 1.87009e-05
581, 579, 7.39558e-05, 3.34107e-05
581, 580, 8.91254e-05, 1.28443e-05
582, 572, 6.04803e-05, 1.6607e-05
582, 573, 3.85751e-05, 5.32168e-05
582, 574, 6.38193e-05, 8.90917e-06
582, 575, 5.82312e-05, 6.1485e-06
582, 576, 5.14257e-05, 1.03417e-05
582, 577, 9.97515e-05, 1.96978e-05
582, 579, 5.01557e-05, 3.18119e-05
582, 580, 5.22769e-05, 1.23203e-05
582, 581, 3.40264e-05, 2.44271e-05
583, 574, 1.57542e-05, 9.0196e-06
583, 575, 2.06111e-05, 4.92345e-06
583, 576, 2.32377e-05, 9.93864e-06
583, 577, 2.91421e-05, 1.98424e-05
583, 579, 2.94033e-05, 3.20518e-05
583, 580, 4.40648e-05, 1.31446e-05
583, 581, 7.60456e-05, 2.32372e-05
583, 582, 3.30388e-05, 2.37769e-05
584, 575, 5.42458e-05, 6.09744e-06
584, 576, 4.29704e-05, 1.06392e-05
584, 577, 8.37785e-05, 1.86923e-05
584, 579, 6.04824e-05, 3.24754e-05
584, 580, 7.20552e-05, 1.24196e-05
584, 581, 2.05049e-05, 2.40322e-05
584, 582, 3.25034e-05, 2.45576e-05
584, 583, 8.40766e-05, 9.64638e-06
585, 575, 2.81557e-05, 4.95059e-06
585, 576, 1.50752e-05, 9.20661e-06
585, 577, 6.15976e-05, 1.92575e-05
585, 579, 3.83096e-05, 3.16943e-05
585, 580, 5.22865e-05, 1.28288e-05
585, 581, 4.20184e-05, 2.30084e-05
585, 582, 4.6673e-06, 2.40382e-05
585, 583, 5.63108e-05, 1.04315e-05
585, 584, 1.87617e-05, 3.37293e-05
586, 577, 3.65521e-05, 1.89164e-05
586, 579, 2.4295e-05, 3.21101e-05
586, 580, 3.62429e-05, 1.1403e-05
586, 581, 8.06113e-05, 2.29634e-05
586, 582, 3.80209e-05, 2.37752e-05
586, 583, 1.7263e-05, 1.02978e-05
586, 584, 2.54767e-05, 3.36696e-05
586, 585, 2.47755e-05, 2.01139e-05
587, 579, 4.574e-05, 3.22941e-05
587, 580, 5.93704e-05, 1.2604e-05
587, 581, 3.7013e-05, 2.34408e-05
587, 582, 1.51954e-05, 2.41864e-05
587, 583, 6.65276e-05, 1.05102e-05
587, 584, 2.89135e-05, 3.3586e-05
587, 585, 3.98794e-05, 2.05175e-05
587, 586, 7.58918e-05, 1.48243e-05
589, 580, 3.98204e-05, 1.29392e-05
589, 581, 5.43856e-05, 2.44463e-05
589, 582, 1.34933e-05, 2.39714e-05
589, 583, 4.06786e-05, 1.08421e-05
589, 584, 8.05162e-06, 3.42379e-05
589, 585, 2.41672e-05, 2.13085e-05
589, 586, 4.96003e-05, 1.61242e-05
589, 587, 3.87276e-05, 1.13806e-05
590, 581, 5.59971e-05, 2.36286e-05
590, 582, 1.40009e-05, 2.42422e-05
590, 583, 4.06217e-05, 9.93175e-06
590, 584, 3.81639e-06, 3.4057e-05
590, 585, 1.90599e-05, 2.12152e-05
590, 586, 5.14654e-05, 1.39744e-05
590, 587, 3.67155e-05, 1.12069e-05
590, 589, 3.19815e-05, 1.88765e-05
591, 581, 5.57423e-05, 2.38526e-05
591, 582, 1.48365e-05, 2.49341e-05
591, 583, 4.01366e-05, 1.05017e-05
591, 584, 3.5285e-06, 3.36508e-05
591, 585, 2.52442e-05, 2.06509e-05
591, 586, 4.98018e-05, 1.66298e-05
591, 587, 3.83335e-05, 1.12404e-05
591, 589, 2.99379e-05, 1.97489e-05
591, 590, 1.60677e-05, 1.15202e-05
592, 581, 8.23205e-05, 2.37752e-05
592, 582, 3.82835e-05, 2.33596e-05
592, 583, 1.60279e-05, 1.06615e-05
592, 584, 2.47111e-05, 3.45566e-05
592, 585, 3.04965e-05, 2.07101e-05
592, 586, 2.48039e-05, 1.4733e-05
592, 587, 6.35195e-05, 1.13223e-05
592, 589, 9.78317e-06, 2.06277e-05
592, 590, 1.41744e-05, 1.16182e-05
592, 591, 6.34205e-05, 1.40585e-05
593, 581, 1.68699e-05, 2.38271e-05
593, 583, 9.24303e-05, 1.08075e-05
593, 584, 5.50618e-05, 3.52447e-05
593, 585, 6.52782e-05, 2.18432e-05
593, 586, 0.00010232, 1.50682e-05
593, 587, 1.64868e-05, 1.12933e-05
593, 589, 8.24324e-05, 1.95417e-05
593, 590, 6.78716e-05, 1.1393e-05
593, 591, 1.69886e-05, 1.49554e-05
593, 592, 6.24747e-05, 2.59691e-05
594, 583, 7.1274e-05, 1.04735e-05
594, 584, 3.28709e-05, 3.43659e-05
594, 585, 4.11613e-05, 1.98573e-05
594, 586, 7.98252e-05, 1.62835e-05
594, 587, 8.08137e-06, 1.09686e-05
594, 589, 6.02056e-05, 2.06881e-05
594, 590, 4.75786e-05, 1.14834e-05
594, 591, 8.43919e-06, 1.43226e-05
594, 592, 4.07592e-05, 2.67912e-05
594, 593, 4.30404e-06, 1.16019e-05
595, 584, 2.19893e-05, 3.42751e-05
595, 585, 2.75352e-05, 2.04295e-05
595, 586, 6.66512e-05, 1.41491e-05
595, 587, 2.14112e-05, 1.09886e-05
595, 589, 4.47465e-05, 2.01179e-05
595, 590, 3.23847e-05, 1.1962e-05
595, 591, 2.17334e-05, 1.37952e-05
595, 592, 2.61102e-05, 2.55195e-05
595, 593, 1.37445e-05, 1.12702e-05
595, 594, 2.58499e-05, 1.54809e-05
596, 585, 6.06436e-05, 2.00494e-05
596, 586, 9.67186e-05, 1.52394e-05
596, 587, 8.20807e-06, 1.11689e-05
596, 589, 7.67397e-05, 2.01174e-05
596, 590, 6.41102e-05, 1.07849e-05
596, 591, 1.38779e-05, 1.4245e-05
596, 592, 5.62991e-05, 2.60272e-05
596, 593, 1.88012e-05, 1.15626e-05
596, 594, 5.71328e-05, 1.58293e-05
596, 595, 3.97749e-05, 1.58076e-05
597, 586, 3.20503e-05, 1.50447e-05
597, 587, 5.60774e-05, 1.13036e-05
597, 589, 1.18883e-05, 2.06899e-05
597, 590, 3.43899e-06, 1.14206e-05
597, 591, 5.47482e-05, 1.37325e-05
597, 592, 8.43218e-06, 2.64234e-05
597, 593, 4.66712e-05, 1.18608e-05
597, 594, 9.33558e-06, 1.47801e-05
597, 595, 2.6681e-05, 1.60657e-05
597, 596, 8.23541e-06, 1.17554e-05
599, 589, 4.43417e-06, 2.00691e-05
599, 590, 1.52018e-05, 1.18059e-05
599, 591, 6.82113e-05, 1.45606e-05
599, 592, 2.14125e-05, 2.56511e-05
599, 593, 5.92979e-05, 1.13196e-05
599, 594, 2.00732e-05, 1.49774e-05
599, 595, 3.92984e-05, 1.57598e-05
599, 596, 1.92522e-05, 1.12003e-05
599, 597, 5.70885e-06, 1.31643e-05
601, 594, 3.53461e-05, 1.52416e-05
601, 595, 2.03133e-05, 1.55346e-05
601, 596, 3.63086e-05, 1.17772e-05
601, 597, 5.38633e-05, 1.26816e-05
601, 599, 4.83096e-05, 1.78251e-05
602, 595, 3.72591e-05, 1.65104e-05
602, 596, 5.54057e-05, 1.11689e-05
602, 597, 7.32024e-05, 1.27131e-05
602, 599, 6.75989e-05, 1.80874e-05
602, 601, 7.73318e-06, 3.23971e-06
604, 597, 2.80005e-05, 1.19367e-05
604, 599, 2.41053e-05, 1.78597e-05
604, 601, 4.68719e-05, 3.41703e-06
604, 602, 4.49354e-05, 2.02831e-06
605, 599, 4.80396e-06, 1.81434e-05
605, 601, 7.00169e-05, 3.73975e-06
605, 602, 2.0816e-05, 2.65699e-06
605, 604, 4.20854e-05, 1.3748e-05
606, 601, 2.89656e-05, 3.3627e-06
606, 602, 6.55037e-05, 3.07624e-06
606, 604, 1.11111e-05, 1.3557e-05
606, 605, 1.59382e-05, 2.37343e-05
607, 601, 9.03138e-06, 3.3994e-06
607, 602, 8.22906e-05, 3.15177e-06
607, 604, 2.18561e-05, 1.38155e-05
607, 605, 3.76934e-06, 2.41632e-05
607, 606, 5.51788e-05, 4.01779e-06
609, 602, 6.03748e-05, 2.46334e-06
609, 604, 3.01813e-06, 1.33599e-05
609, 605, 2.0518e-05, 2.36409e-05
609, 606, 3.20398e-05, 3.96333e-06
609, 607, 9.72503e-06, 2.13901e-05
610, 602, 6.32564e-05, 3.02574e-06
610, 604, 5.36379e-06, 1.30384e-05
610, 605, 1.91716e-05, 2.38349e-05
610, 606, 3.52362e-05, 3.91182e-06
610, 607, 6.64388e-06, 2.15859e-05
610, 609, 2.68392e-05, 3.64187e-06
611, 602, 2.37269e-05, 3.27435e-06
611, 604, 3.83673e-05, 1.38931e-05
611, 605, 5.72226e-05, 2.41921e-05
611, 606, 5.30344e-06, 4.34188e-06
611, 607, 4.54416e-05, 2.1469e-05
611, 609, 6.54001e-05, 3.6693e-06
611, 610, 6.16526e-05, 1.80511e-05
612, 602, 7.97519e-05, 3.49874e-06
612, 604, 1.83128e-05, 1.3135e-05
612, 605, 1.93336e-06, 2.39622e-05
612, 606, 5.17198e-05, 4.23275e-06
612, 607, 1.16378e-05, 2.13349e-05
612, 609, 1.17862e-05, 4.00399e-06
612, 610, 7.03942e-06, 1.80103e-05
612, 611, 1.91604e-05, 1.38166e-05
613, 604, 1.60454e-05, 1.33032e-05
613, 605, 3.01273e-05, 2.39559e-05
613, 606, 2.25346e-05, 4.58838e-06
613, 607, 1.85067e-05, 2.15041e-05
613, 609, 3.82363e-05, 3.85097e-06
613, 610, 3.50982e-05, 1.79147e-05
613, 611, 4.84222e-05, 1.37304e-05
613, 612, 1.75322e-05, 6.7342e-06
615, 606, 5.88731e-06, 4.05842e-06
615, 607, 3.97807e-05, 2.17162e-05
615, 609, 5.94453e-05, 3.51539e-06
615, 610, 5.63391e-05, 1.79024e-05
615, 611, 6.92691e-05, 1.37929e-05
615, 612, 3.8456e-05, 6.50775e-06
615, 613, 7.51502e-06, 1.97085e-05
616, 606, 4.62661e-05, 4.17046e-06
616, 607, 5.49989e-06, 2.13489e-05
616, 609, 1.51143e-05, 3.96193e-06
616, 610, 1.16101e-05, 1.80711e-05
616, 611, 2.47549e-05, 1.37752e-05
616, 612, 7.3672e-06, 7.04076e-06
616, 613, 5.13242e-05, 2.038e-05
616, 615, 2.32958e-05, 1.25752e-05
617, 609, 7.20199e-05, 3.5335e-06
617, 610, 6.87257e-05, 1.79939e-05
617, 611, 8.12134e-05, 1.37245e-05
617, 612, 5.09486e-05, 6.26259e-06
617, 613, 8.30107e-06, 2.02501e-05
617, 615, 3.36996e-05, 1.2898e-05
617, 616, 5.82199e-05, 8.04647e-06
618, 609, 4.7797e-06, 4.01378e-06
618, 610, 6.80479e-06, 1.84883e-05
618, 611, 1.05364e-05, 1.39314e-05
618, 612, 2.27342e-05, 7.17544e-06
618, 613, 6.81664e-05, 2.0172e-05
618, 615, 3.97519e-05, 1.29974e-05
618, 616, 1.55153e-05, 8.55669e-06
618, 617, 5.44896e-05, 1.04427e-05
619, 609, 8.59711e-05, 4.15154e-06
619, 610, 8.41586e-05, 1.85389e-05
619, 611, 9.52014e-05, 1.37274e-05
619, 612, 6.5291e-05, 6.76948e-06
619, 613, 2.15022e-05, 2.01902e-05
619, 615, 4.8045e-05, 1.345e-05
619, 616, 7.30134e-05, 9.06475e-06
619, 617, 3.31295e-05, 1.00611e-05
619, 618, 9.48296e-05, 3.12061e-05
620, 610, 4.32581e-05, 1.79765e-05
620, 611, 5.66981e-05, 1.3887e-05
620, 612, 2.75952e-05, 7.15311e-06
620, 613, 1.97074e-05, 2.02814e-05
620, 615, 9.88003e-06, 1.26639e-05
620, 616, 3.33809e-05, 8.42404e-06
620, 617, 7.37419e-06, 9.92535e-06
620, 618, 5.56762e-05, 3.14944e-05
620, 619, 1.62024e-05, 1.14431e-05
621, 611, 4.59295e-05, 1.38281e-05
621, 612, 1.44667e-05, 7.10878e-06
621, 613, 3.16818e-05, 1.98304e-05
621, 615, 3.73923e-06, 1.27775e-05
621, 616, 2.21136e-05, 8.4456e-06
621, 617, 1.78665e-05, 1.00501e-05
621, 618, 4.40639e-05, 3.19779e-05
621, 619, 2.68486e-05, 1.17957e-05
621, 620, 1.1074e-05, 1.1748e-05
622, 612, 2.69653e-05, 7.24101e-06
622, 613, 7.00345e-05, 2.00551e-05
622, 615, 4.18002e-05, 1.33318e-05
622, 616, 1.78287e-05, 8.73585e-06
622, 617, 5.6132e-05, 1.04688e-05
622, 618, 6.24775e-06, 3.16813e-05
622, 619, 6.54344e-05, 1.17917e-05
622, 620, 4.67992e-05, 1.12265e-05
622, 621, 1.60779e-05, 1.57134e-05
623, 613, 1.96652e-05, 1.97582e-05
623, 615, 4.51178e-05, 1.27622e-05
623, 616, 6.95425e-05, 8.26993e-06
623, 617, 3.17874e-05, 1.00237e-05
623, 618, 9.25183e-05, 3.20246e-05
623, 619, 2.21108e-05, 1.15354e-05
623, 620, 4.15856e-05, 1.13768e-05
623, 621, 7.18292e-05, 1.61847e-05
623, 622, 6.33493e-05, 2.53462e-05
624, 617, 3.23909e-05, 9.73388e-06
624, 618, 3.01115e-05, 3.13e-05
624, 619, 4.40684e-05, 1.1074e-05
624, 620, 2.53024e-05, 1.05623e-05
624, 621, 8.0395e-06, 1.54433e-05
624, 622, 4.68706e-06, 2.47517e-05
624, 623, 1.52343e-05, 3.61209e-05
625, 619, 1.61396e-05, 1.1612e-05
625, 620, 1.424e-05, 1.10642e-05
625, 621, 3.65849e-05, 1.62153e-05
625, 622, 2.78942e-05, 2.57213e-05
625, 623, 1.64302e-05, 3.61616e-05
625, 624, 6.00112e-05, 8.28245e-06
626, 621, 7.37671e-05, 1.49956e-05
626, 622, 6.8762e-05, 2.61005e-05
626, 623, 5.4138e-05, 3.60571e-05
626, 624, 7.2943e-05, 8.1998e-06
626, 625, 3.31438e-05, 3.01255e-06
627, 624, 6.37379e-05, 8.11262e-06
627, 625, 1.09001e-05, 3.5438e-06
627, 626, 3.07149e-05, 3.16649e-05
628, 625, 6.13841e-05, 2.69587e-06
628, 626, 8.94942e-05, 3.17915e-05
628, 627, 6.33884e-05, 3.7258e-05
630, 626, 4.06161e-05, 3.1855e-05
630, 627, 1.11871e-05, 3.57263e-05
630, 628, 1.70828e-05, 1.4482e-05
631, 626, 9.6136e-05, 3.16536e-05
631, 627, 6.23826e-05, 3.68154e-05
631, 628, 7.37027e-05, 1.52748e-05
631, 630, 4.21027e-05, 3.20309e-05
632, 627, 1.30176e-05, 3.68152e-05
632, 628, 2.30834e-05, 1.62198e-05
632, 630, 1.4519e-05, 3.21519e-05
632, 631, 4.80663e-05, 9.99941e-06
633, 627, 4.98462e-05, 3.67913e-05
633, 628, 6.05654e-05, 1.40113e-05
633, 630, 2.59797e-05, 3.15766e-05
633, 631, 1.92463e-05, 8.29052e-06
633, 632, 3.15962e-05, 2.64868e-05
634, 627, 3.11784e-05, 3.6461e-05
634, 628, 3.79527e-05, 1.41213e-05
634, 630, 3.00111e-06, 3.19714e-05
634, 631, 3.18579e-05, 1.06449e-05
634, 632, 1.70816e-05, 2.54025e-05
634, 633, 1.13617e-05, 2.49829e-05
635, 628, 1.59387e-05, 1.59911e-05
635, 630, 2.82842e-05, 3.15008e-05
635, 631, 6.24196e-05, 8.70204e-06
635, 632, 1.49827e-05, 2.69189e-05
635, 633, 2.29155e-05, 2.43334e-05
635, 634, 5.18194e-05, 2.01246e-05
636, 630, 5.63317e-06, 3.17544e-05
636, 631, 4.59488e-05, 8.74979e-06
636, 632, 5.10021e-06, 2.67226e-05
636, 633, 5.2771e-06, 2.44375e-05
636, 634, 3.41925e-05, 1.97149e-05
636, 635, 3.37433e-05, 1.06823e-05
637, 631, 3.43685e-05, 1.09109e-05
637, 632, 1.51077e-05, 2.56481e-05
637, 633, 1.05552e-05, 2.49817e-05
637, 634, 2.38258e-05, 1.96648e-05
637, 635, 2.93079e-05, 1.02938e-05
637, 636, 9.82174e-06, 3.65335e-06
638, 631, 6.56297e-05, 1.06354e-05
638, 632, 1.67066e-05, 2.60801e-05
638, 633, 1.64132e-05, 2.44421e-05
638, 634, 5.05231e-05, 1.99729e-05
638, 635, 4.85358e-05, 9.09292e-06
638, 636, 3.42409e-05, 4.61059e-06
638, 637, 7.72959e-06, 1.43338e-05
639, 633, 4.16075e-05, 2.46184e-05
639, 634, 5.65749e-06, 1.97018e-05
639, 635, 1.49522e-05, 1.01787e-05
639, 636, 2.1525e-05, 4.98655e-06
639, 637, 5.79302e-05, 1.2361e-05
639, 638, 8.02258e-06, 1.59218e-05
640, 635, 4.15502e-05, 1.01466e-05
640, 636, 3.05808e-05, 4.77124e-06
640, 637, 7.339e-06, 1.23619e-05
640, 638, 5.31713e-05, 1.66597e-05
640, 639, 3.00292e-05, 1.89027e-05
641, 635, 6.41448e-05, 8.89466e-06
641, 636, 4.87985e-05, 4.11564e-06
641, 637, 2.19809e-05, 1.30678e-05
641, 638, 7.67363e-05, 1.60466e-05
641, 639, 1.08527e-05, 1.91083e-05
641, 640, 8.60535e-05, 3.45352e-05
642, 636, 1.38884e-05, 4.66028e-06
642, 637, 3.57436e-05, 1.37393e-05
642, 638, 1.44184e-05, 1.60709e-05
642, 639, 6.27525e-05, 1.96429e-05
642, 640, 2.80122e-05, 3.74101e-05
642, 641, 2.9317e-05, 1.81523e-05
643, 637, 4.97576e-05, 1.40775e-05
643, 638, 3.96223e-06, 1.6337e-05
643, 639, 8.27637e-05, 1.90097e-05
643, 640, 1.89287e-05, 3.42573e-05
643, 641, 4.34563e-05, 1.98097e-05
643, 642, 3.65376e-05, 6.41557e-06
644, 638, 1.95419e-05, 1.61855e-05
644, 639, 6.76223e-05, 1.9002e-05
644, 640, 3.30393e-05, 3.40794e-05
644, 641, 2.4408e-05, 1.93954e-05
644, 642, 2.00946e-05, 6.2045e-06
644, 643, 1.08579e-05, 2.50416e-05
645, 640, 9.81009e-05, 3.55185e-05
645, 641, 4.38548e-05, 1.95424e-05
645, 642, 5.05216e-05, 8.45972e-06
645, 643, 7.34904e-05, 2.5372e-05
645, 644, 5.85554e-05, 1.57706e-05
646, 641, 8.43037e-06, 1.9541e-05
646, 642, 1.58253e-05, 8.16773e-06
646, 643, 4.03469e-05, 2.54301e-05
646, 644, 2.52059e-05, 1.55296e-05
646, 645, 5.17608e-06, 2.31359e-05
647, 641, 4.55834e-06, 1.93928e-05
647, 642, 1.04898e-05, 6.28925e-06
647, 643, 2.61854e-05, 2.51388e-05
647, 644, 1.23983e-05, 1.41071e-05
647, 645, 1.66925e-05, 2.27212e-05
647, 646, 3.38675e-05, 1.6052e-05
648, 642, 3.89267e-05, 8.03745e-06
648, 643, 1.30388e-05, 2.55643e-05
648, 644, 2.84086e-05, 1.55151e-05
648, 645, 5.57054e-05, 2.366e-05
648, 646, 8.50052e-06, 1.63797e-05
648, 647, 6.19912e-05, 3.2093e-05
649, 642, 5.49194e-05, 6.21956e-06
649, 643, 7.88798e-05, 2.52704e-05
649, 644, 5.97444e-05, 1.48097e-05
649, 645, 3.40636e-05, 2.35691e-05
649, 646, 8.24033e-05, 1.59731e-05
649, 647, 2.82342e-05, 3.16088e-05
649, 648, 8.24863e-05, 3.33748e-05
650, 642, 4.49562e-05, 7.95271e-06
650, 643, 2.53966e-05, 2.55885e-05
650, 644, 3.21286e-05, 1.60591e-05
650, 645, 5.89419e-05, 2.29681e-05
650, 646, 1.58632e-05, 1.62641e-05
650, 647, 7.24785e-05, 3.22456e-05
650, 648, 1.73341e-05, 3.39948e-05
650, 649, 2.63087e-05, 5.97915e-05
651, 642, 6.75933e-06, 6.71933e-06
651, 643, 2.58566e-05, 2.54463e-05
651, 644, 9.84055e-06, 1.52e-05
651, 645, 2.16848e-05, 2.35675e-05
651, 646, 3.48652e-05, 1.67099e-05
651, 647, 2.64487e-05, 3.21132e-05
651, 648, 2.55306e-05, 3.42913e-05
651, 649, 2.9175e-05, 5.9065e-05
651, 650, 3.59636e-05, 3.14874e-05
652, 646, 4.31461e-05, 1.54665e-05
652, 647, 2.63936e-05, 3.30914e-05
652, 648, 3.79725e-05, 3.34574e-05
652, 649, 4.1872e-05, 5.99841e-05
652, 650, 3.19315e-05, 2.95273e-05
652, 651, 5.00136e-05, 6.63807e-05
654, 650, 5.90614e-05, 2.87714e-05
654, 651, 2.38217e-05, 6.57403e-05
654, 652, 6.41787e-05, 2.62862e-05
655, 651, 7.36023e-06, 6.62111e-05
655, 652, 7.55327e-05, 2.58439e-05
655, 654, 4.32286e-05, 2.4882e-05
656, 652, 4.65317e-05, 2.53032e-05
656, 654, 3.78211e-05, 2.54911e-05
656, 655, 1.51273e-05, 1.23569e-05
657, 654, 4.56397e-05, 2.57196e-05
657, 655, 2.46156e-05, 1.23327e-05
657, 656, 5.11339e-06, 1.19218e-05
658, 654, 3.01645e-05, 2.62729e-05
658, 655, 3.11064e-05, 1.1644e-05
658, 656, 4.3852e-05, 1.31402e-05
658, 657, 6.84009e-05, 2.85071e-05
659, 654, 3.16876e-05, 2.56897e-05
659, 655, 1.42289e-05, 1.22651e-05
659, 656, 2.65877e-05, 1.25637e-05
659, 657, 5.06787e-05, 2.72015e-05
659, 658, 3.04766e-06, 1.69744e-05
660, 654, 3.19871e-05, 2.65017e-05
660, 655, 1.82732e-05, 1.17499e-05
660, 656, 1.4395e-05, 1.26168e-05
660, 657, 4.01536e-05, 2.90879e-05
660, 658, 1.11315e-05, 1.60531e-05
660, 659, 5.08299e-05, 2.26761e-05
661, 655, 1.00666e-05, 1.14662e-05
661, 656, 1.96312e-05, 1.22578e-05
661, 657, 4.02872e-05, 2.63771e-05
661, 658, 8.62189e-06, 1.53882e-05
661, 659, 5.15255e-05, 2.27173e-05
661, 660, 2.88502e-06, 1.63994e-05
662, 655, 2.27363e-05, 1.26578e-05
662, 656, 5.09189e-06, 1.23249e-05
662, 657, 2.1555e-05, 2.77254e-05
662, 658, 2.83984e-05, 1.55399e-05
662, 659, 3.20546e-05, 2.45599e-05
662, 660, 2.11892e-05, 1.68466e-05
662, 661, 8.21786e-06, 2.13284e-05
663, 656, 1.83755e-05, 1.21572e-05
663, 657, 4.23654e-05, 2.78216e-05
663, 658, 1.21062e-05, 1.57898e-05
663, 659, 5.44468e-05, 2.2637e-05
663, 660, 4.15634e-06, 1.62824e-05
663, 661, 3.03056e-05, 2.11609e-05
663, 662, 3.12037e-05, 9.91169e-06
664, 657, 6.03516e-05, 2.82741e-05
664, 658, 1.09439e-05, 1.53529e-05
664, 659, 7.23787e-05, 2.2258e-05
664, 660, 1.91307e-05, 1.64651e-05
664, 661, 4.75203e-05, 2.13129e-05
664, 662, 1.2475e-05, 9.46135e-06
664, 663, 1.64264e-05, 1.14511e-05
665, 657, 2.94988e-05, 2.76651e-05
665, 658, 1.92652e-05, 1.5947e-05
665, 659, 4.07742e-05, 2.31942e-05
665, 660, 1.25038e-05, 1.6529e-05
665, 661, 1.84548e-05, 2.08267e-05
665, 662, 4.31299e-05, 1.00209e-05
665, 663, 4.83797e-05, 9.95911e-06
665, 664, 5.62735e-05, 1.99893e-05
666, 659, 1.00883e-05, 2.18517e-05
666, 661, 1.73858e-05, 2.12159e-05
666, 662, 7.53341e-05, 9.98072e-06
666, 663, 7.9618e-05, 1.01709e-05
666, 664, 8.85009e-05, 1.99164e-05
666, 665, 0.000100608, 2.17393e-05
667, 659, 4.32627e-05, 2.31871e-05
667, 661, 1.7961e-05, 2.085e-05
667, 662, 4.07991e-05, 9.77359e-06
667, 663, 4.64955e-05, 1.11007e-05
667, 664, 5.41503e-05, 1.90059e-05
667, 665, 6.7769e-05, 2.14749e-05
667, 666, 3.70029e-05, 5.48015e-05
668, 661, 1.17867e-05, 2.02934e-05
668, 662, 4.70156e-05, 1.00905e-05
668, 663, 5.22421e-05, 1.06863e-05
668, 664, 6.02414e-05, 2.0001e-05
668, 665, 7.27943e-05, 2.12467e-05
668, 666, 4.28573e-05, 5.3768e-05
668, 667, 1.61584e-05, 4.62041e-05
669, 664, 6.99642e-05, 1.92005e-05
669, 665, 8.23467e-05, 2.22387e-05
669, 666, 5.1991e-05, 5.46108e-05
669, 667, 2.61318e-05, 4.6663e-05
669, 668, 4.22022e-05, 1.49849e-05
670, 665, 2.17595e-05, 2.26519e-05
670, 666, 1.52989e-05, 5.41883e-05
670, 667, 3.90929e-05, 4.68878e-05
670, 668, 2.37376e-05, 1.37574e-05
670, 669, 8.81504e-05, 2.16067e-05
672, 666, 7.00873e-05, 5.33888e-05
672, 667, 4.25379e-05, 4.57884e-05
672, 668, 6.01314e-05, 1.39512e-05
672, 669, 1.17902e-05, 2.25085e-05
672, 670, 4.54194e-05, 4.32536e-05
673, 668, 3.34927e-05, 1.57564e-05
673, 669, 4.04563e-05, 2.14762e-05
673, 670, 3.59571e-05, 4.44518e-05
673, 672, 5.94268e-05, 2.19952e-05
674, 669, 9.32149e-05, 1.99563e-05
674, 670, 4.18214e-05, 4.31906e-05
674, 672, 6.1548e-05, 2.18234e-05
674, 673, 1.54465e-05, 3.49163e-05
675, 670, 2.80458e-05, 4.3777e-05
675, 672, 4.21529e-05, 2.29165e-05
675, 673, 5.8886e-05, 3.31888e-05
675, 674, 7.59234e-05, 1.4241e-05
676, 670, 4.76262e-05, 4.37941e-05
676, 672, 6.85315e-05, 2.32452e-05
676, 673, 1.56168e-05, 3.40371e-05
676, 674, 5.52331e-05, 1.41324e-05
676, 675, 3.31871e-05, 5.95371e-05
677, 670, 2.96997e-05, 4.37226e-05
677, 672, 2.63393e-05, 2.3986e-05
677, 673, 4.94649e-05, 3.40282e-05
677, 674, 9.46119e-05, 1.57607e-05
677, 675, 2.64156e-05, 5.9474e-05
677, 676, 6.46634e-05, 3.30728e-05
678, 672, 5.77151e-05, 2.34922e-05
678, 673, 3.15792e-05, 3.27717e-05
678, 674, 7.4266e-05, 1.49514e-05
678, 675, 2.74221e-05, 5.99373e-05
678, 676, 8.22134e-05, 3.40485e-05
678, 677, 8.33149e-05, 3.71705e-05
679, 672, 5.18316e-05, 2.36756e-05
679, 673, 4.10721e-05, 3.24947e-05
679, 674, 8.36721e-05, 1.50883e-05
679, 675, 3.06653e-05, 5.9338e-05
679, 676, 8.36333e-05, 3.37616e-05
679, 677, 8.94336e-05, 3.80957e-05
679, 678, 8.37295e-05, 1.7934e-05
680, 672, 8.20827e-05, 2.45749e-05
680, 673, 8.0522e-05, 3.40497e-05
680, 674, 7.60343e-05, 1.53179e-05
680, 675, 7.28594e-05, 5.98571e-05
680, 676, 2.93009e-05, 3.3152e-05
680, 677, 3.15486e-05, 3.69018e-05
680, 678, 4.48855e-05, 1.83302e-05
680, 679, 6.54967e-05, 3.3671e-05
681, 673, 3.23556e-05, 3.50782e-05
681, 674, 5.07558e-05, 1.53852e-05
681, 675, 2.52068e-05, 5.9512e-05
681, 676, 4.17552e-05, 3.23775e-05
681, 677, 3.60628e-05, 3.86063e-05
681, 678, 4.03578e-05, 1.71949e-05
681, 679, 4.00653e-05, 3.37084e-05
681, 680, 4.27493e-05, 3.86475e-05
682, 673, 5.20468e-05, 3.52612e-05
682, 674, 6.42898e-05, 1.58305e-05
682, 675, 3.90972e-05, 5.78217e-05
682, 676, 2.05158e-05, 3.27661e-05
682, 677, 3.77196e-05, 3.84491e-05
682, 678, 3.85009e-05, 1.74588e-05
682, 679, 4.24684e-05, 3.45785e-05
682, 680, 5.52769e-05, 3.61196e-05
682, 681, 8.55506e-06, 6.52402e-05
683, 677, 4.51925e-05, 3.9222e-05
683, 678, 3.30034e-05, 1.72507e-05
683, 679, 6.32257e-05, 3.39366e-05
683, 680, 3.14407e-05, 3.76669e-05
683, 681, 5.04851e-05, 6.38865e-05
683, 682, 9.09588e-05, 4.00669e-05
684, 678, 8.65123e-05, 1.80818e-05
684, 679, 1.22177e-05, 3.46276e-05
684, 680, 9.724e-05, 3.83934e-05
684, 681, 4.94602e-05, 6.4988e-05
684, 682, 1.87945e-05, 4.27173e-05
684, 683, 0.000101574, 7.1087e-05
685, 678, 5.64229e-05, 1.74415e-05
685, 679, 5.5358e-05, 3.33322e-05
685, 680, 6.4553e-05, 3.6335e-05
685, 681, 5.64458e-05, 6.5853e-05
685, 682, 8.14823e-05, 4.22115e-05
685, 683, 5.67664e-05, 7.0639e-05
685, 684, 3.00477e-05, 3.3653e-05
686, 678, 9.13413e-05, 1.69001e-05
686, 679, 4.40727e-05, 3.40444e-05
686, 680, 9.7121e-05, 3.69344e-05
686, 681, 7.33614e-05, 6.52953e-05
686, 682, 6.54163e-05, 4.27215e-05
686, 683, 9.55359e-05, 6.70106e-05
686, 684, 2.49283e-05, 3.75705e-05
686, 685, 4.55543e-05, 4.49848e-05
687, 677, 8.76874e-05, 4.02381e-05
687, 680, 8.81879e-05, 3.69143e-05
687, 681, 7.77567e-05, 6.58453e-05
687, 682, 7.52832e-05, 4.00483e-05
687, 683, 8.77165e-05, 7.08601e-05
687, 684, 3.1564e-05, 3.38133e-05
687, 685, 3.50807e-05, 4.72994e-05
687, 686, 3.65744e-05, 5.82051e-05
688, 680, 2.9872e-05, 3.63264e-05
688, 681, 1.95069e-05, 6.51108e-05
688, 682, 6.77927e-05, 4.05124e-05
688, 683, 3.66484e-05, 6.94386e-05
688, 684, 4.88711e-05, 3.60935e-05
688, 685, 5.8377e-05, 4.35737e-05
688, 686, 5.02473e-05, 5.5602e-05
688, 687, 4.62302e-05, 9.36654e-05
690, 683, 5.60293e-05, 6.80775e-05
690, 685, 2.96378e-05, 4.21292e-05
690, 686, 2.86998e-05, 5.73002e-05
690, 687, 2.32378e-05, 9.17813e-05
690, 688, 3.98234e-05, 3.86665e-05
691, 680, 6.39529e-05, 3.76406e-05
691, 682, 5.21555e-05, 4.24809e-05
691, 683, 7.10022e-05, 7.03574e-05
691, 685, 9.00318e-05, 4.43262e-05
691, 686, 5.91198e-05, 5.69057e-05
691, 687, 7.64897e-05, 9.21887e-05
691, 688, 2.44498e-05, 3.69743e-05
691, 690, 6.82421e-05, 4.57333e-05
692, 686, 7.21814e-05, 5.76205e-05
692, 687, 4.19683e-05, 9.34956e-05
692, 688, 7.8191e-05, 3.88305e-05
692, 690, 2.4818e-05, 4.92138e-05
692, 691, 3.03032e-05, 5.67994e-05
693, 687, 6.04101e-05, 9.09139e-05
693, 688, 7.54513e-06, 3.9702e-05
693, 690, 5.74838e-05, 4.45567e-05
693, 691, 9.64398e-05, 5.80174e-05
693, 692, 2.46747e-05, 1.02203e-05
694, 687, 8.43004e-05, 9.18105e-05
694, 688, 4.2603e-05, 3.86817e-05
694, 690, 8.90382e-05, 4.63278e-05
694, 691, 0.000132167, 5.64303e-05
694, 692, 6.68583e-05, 9.61971e-06
694, 693, 3.43371e-05, 1.8815e-05
695, 687, 1.29829e-05, 9.32644e-05
695, 688, 7.82349e-05, 3.6953e-05
695, 690, 2.97981e-05, 4.95772e-05
695, 691, 6.80943e-05, 5.56856e-05
695, 692, 6.47481e-05, 1.03603e-05
695, 693, 7.15679e-05, 1.75059e-05
695, 694, 6.04939e-05, 1.34988e-05
696, 688, 9.23929e-05, 3.9322e-05
696, 690, 6.55212e-05, 4.6793e-05
696, 691, 0.000101222, 5.43726e-05
696, 692, 8.75892e-05, 8.8857e-06
696, 693, 7.58853e-05, 2.00938e-05
696, 694, 9.33469e-05, 1.47942e-05
696, 695, 0.000119887, 3.98083e-05
698, 692, 4.61916e-05, 8.78864e-06
698, 693, 5.24515e-05, 1.71572e-05
698, 694, 5.30301e-05, 1.32275e-05
698, 695, 8.61349e-05, 3.83537e-05
698, 696, 5.06693e-05, 7.29286e-05
699, 692, 3.44197e-05, 1.01776e-05
699, 693, 6.0734e-05, 1.85096e-05
699, 694, 6.42405e-05, 1.53069e-05
699, 695, 5.4463e-05, 4.12176e-05
699, 696, 3.25347e-05, 7.65507e-05
699, 698, 4.92036e-05, 2.43298e-05
701, 692, 6.09078e-05, 6.64789e-06
701, 694, 3.85445e-05, 1.22068e-05
701, 695, 0.000110808, 4.22298e-05
701, 696, 7.003e-05, 7.27292e-05
701, 698, 3.60034e-05, 2.26131e-05
701, 699, 6.55441e-05, 1.04722e-05
702, 694, 0.000112047, 1.37537e-05
702, 695, 5.07096e-05, 3.99067e-05
702, 696, 5.41581e-05, 7.7883e-05
702, 698, 8.09335e-05, 2.33147e-05
702, 699, 3.583e-05, 1.03858e-05
702, 701, 6.79118e-05, 3.41253e-05
703, 696, 7.16154e-05, 7.44719e-05
703, 698, 0.000109504, 2.25188e-05
703, 699, 5.76309e-05, 1.17688e-05
703, 701, 8.32764e-05, 3.67714e-05
703, 702, 0.000106286, 3.07925e-05
704, 696, 2.74492e-05, 7.22069e-05
704, 698, 4.72712e-05, 2.35506e-05
704, 699, 8.63639e-06, 1.05999e-05
704, 701, 4.04675e-05, 3.7663e-05
704, 702, 4.92593e-05, 3.04232e-05
704, 703, 6.20334e-05, 5.45269e-05
705, 696, 4.09151e-05, 7.49123e-05
705, 698, 2.29922e-05, 2.4171e-05
705, 699, 3.47362e-05, 1.02904e-05
705, 701, 5.60926e-05, 3.58582e-05
705, 702, 2.25447e-05, 3.21059e-05
705, 703, 6.85215e-05, 5.61527e-05
705, 704, 3.89727e-05, 2.80001e-05
706, 696, 3.79537e-05, 7.31651e-05
706, 698, 5.89541e-05, 2.12862e-05
706, 699, 1.32247e-05, 1.19816e-05
706, 701, 5.48716e-05, 3.51679e-05
706, 702, 5.59505e-05, 2.904e-05
706, 703, 7.33189e-05, 5.25645e-05
706, 704, 1.9291e-05, 2.49631e-05
706, 705, 1.23927e-05, 8.76139e-05
707, 698, 9.79153e-06, 2.38602e-05
707, 699, 5.95202e-05, 1.24295e-05
707, 701, 5.63902e-05, 3.5552e-05
707, 702, 1.30276e-05, 3.04235e-05
707, 703, 6.23438e-05, 5.57875e-05
707, 704, 6.74973e-05, 2.68413e-05
707, 705, 6.40134e-05, 8.60505e-05
707, 706, 7.13065e-05, 5.34507e-05
708, 698, 7.70163e-05, 2.17716e-05
708, 699, 2.72929e-05, 8.0934e-06
708, 701, 6.68677e-05, 3.77168e-05
708, 702, 8.27969e-05, 2.99065e-05
708, 703, 7.80473e-05, 5.55669e-05
708, 704, 3.35901e-05, 2.66685e-05
708, 705, 2.68603e-05, 8.86915e-05
708, 706, 5.14617e-05, 5.49338e-05
708, 707, 7.03889e-05, 3.31417e-05
709, 698, 7.85195e-05, 2.21517e-05
709, 699, 3.18412e-05, 1.04101e-05
709, 701, 5.97419e-05, 3.51046e-05
709, 702, 7.6823e-05, 3.0026e-05
709, 703, 7.44828e-05, 5.50073e-05
709, 704, 4.38952e-05, 2.5668e-05
709, 705, 3.56164e-05, 8.6559e-05
709, 706, 6.25278e-05, 5.60787e-05
709, 707, 7.03929e-05, 3.24414e-05
709, 708, 5.21106e-05, 2.64615e-05
710, 698, 4.54964e-05, 2.28725e-05
710, 699, 1.17796e-05, 8.4768e-06
710, 701, 5.68681e-05, 3.55924e-05
710, 702, 4.19314e-05, 3.1012e-05
710, 703, 7.1946e-05, 5.60368e-05
710, 704, 1.39415e-05, 2.58325e-05
710, 705, 1.77812e-05, 8.5784e-05
710, 706, 3.00823e-05, 5.73059e-05
710, 707, 3.35571e-05, 3.17499e-05
710, 708, 2.6141e-05, 2.68934e-05
710, 709, 1.47295e-05, 3.18657e-05
711, 699, 5.3434e-05, 1.06382e-05
711, 701, 0.000102953, 3.49185e-05
711, 702, 7.66922e-05, 3.07139e-05
711, 703, 0.000117156, 5.51664e-05
711, 704, 4.10106e-05, 2.56059e-05
711, 705, 4.77554e-05, 8.69549e-05
711, 706, 1.94131e-05, 5.6237e-05
711, 707, 6.56595e-05, 3.24449e-05
711, 708, 6.69078e-05, 2.67914e-05
711, 709, 6.17473e-05, 3.13585e-05
711, 710, 5.38436e-05, 7.08365e-05
712, 701, 6.12477e-05, 3.64166e-05
712, 702, 8.86683e-05, 2.82383e-05
712, 703, 8.19627e-05, 5.39613e-05
712, 704, 5.13827e-05, 2.37469e-05
712, 705, 4.21914e-05, 8.53712e-05
712, 706, 7.41295e-05, 5.33354e-05
712, 707, 8.36059e-05, 3.3477e-05
712, 708, 6.20095e-05, 2.63788e-05
712, 709, 5.94065e-05, 3.03227e-05
712, 710, 6.0326e-05, 6.74612e-05
712, 711, 9.00824e-05, 1.18906e-05
713, 701, 5.07475e-05, 3.65352e-05
713, 702, 8.369e-05, 2.93729e-05
713, 703, 6.33775e-05, 5.56177e-05
713, 704, 5.61445e-05, 2.62947e-05
713, 705, 4.95227e-05, 8.75835e-05
713, 706, 7.90712e-05, 5.44504e-05
713, 707, 7.86478e-05, 3.27995e-05
713, 708, 5.16992e-05, 2.666e-05
713, 709, 5.13495e-05, 3.14217e-05
713, 710, 5.23186e-05, 6.7873e-05
713, 711, 9.87085e-05, 1.01075e-05
713, 712, 8.51106e-05, 1.0838e-05
714, 704, 3.39121e-05, 2.45722e-05
714, 705, 4.12502e-05, 8.60743e-05
714, 706, 2.11023e-05, 5.50112e-05
714, 707, 3.31509e-05, 3.48798e-05
714, 708, 4.44274e-05, 2.75803e-05
714, 709, 3.47739e-05, 2.79499e-05
714, 710, 3.22244e-05, 6.64184e-05
714, 711, 2.43708e-05, 9.76541e-06
714, 712, 2.03899e-05, 1.67206e-05
714, 713, 8.89795e-05, 3.08849e-05
715, 706, 2.68085e-05, 5.49774e-05
715, 707, 3.93027e-05, 2.91359e-05
715, 708, 3.76994e-05, 2.83429e-05
715, 709, 2.2123e-05, 3.56515e-05
715, 710, 2.04414e-05, 7.14946e-05
715, 711, 4.51489e-05, 1.43102e-05
715, 712, 3.91425e-05, 1.08687e-05
715, 713, 6.93583e-05, 3.07994e-05
715, 714, 2.60063e-05, 4.06043e-05
716, 706, 6.61206e-05, 5.7823e-05
716, 707, 2.76652e-05, 3.13079e-05
716, 708, 5.09778e-05, 2.8097e-05
716, 709, 5.66349e-05, 3.45974e-05
716, 710, 5.0761e-05, 6.89103e-05
716, 711, 5.95565e-05, 7.91091e-06
716, 712, 2.37313e-05, 1.5701e-05
716, 713, 7.31866e-05, 3.45695e-05
716, 714, 8.36387e-05, 4.60278e-05
716, 715, 5.05677e-05, 3.73666e-05
717, 708, 1.38105e-05, 2.66393e-05
717, 709, 1.93295e-05, 3.09225e-05
717, 710, 2.63115e-05, 7.03117e-05
717, 711, 8.05336e-05, 1.04241e-05
717, 712, 5.70883e-05, 1.49664e-05
717, 713, 3.92883e-05, 3.40403e-05
717, 714, 4.60424e-05, 3.99931e-05
717, 715, 2.22415e-05, 3.83492e-05
717, 716, 5.13601e-05, 4.81159e-05
718, 709, 5.53294e-05, 3.27283e-05
718, 710, 4.47126e-05, 6.95691e-05
718, 711, 1.51063e-05, 1.315e-05
718, 712, 3.8338e-05, 1.48868e-05
718, 713, 9.71989e-05, 3.26651e-05
718, 714, 4.40737e-05, 4.05723e-05
718, 715, 6.55954e-05, 4.19296e-05
718, 716, 2.67227e-05, 4.89329e-05
718, 717, 4.24162e-05, 5.02436e-05
719, 710, 4.69988e-05, 6.92339e-05
719, 711, 0.000104149, 1.45697e-05
719, 712, 6.72876e-05, 1.48965e-05
719, 713, 1.63569e-05, 3.56445e-05
719, 714, 7.07379e-05, 4.12781e-05
719, 715, 3.2585e-05, 3.75977e-05
719, 716, 6.9684e-05, 5.09175e-05
719, 717, 5.63523e-05, 5.18768e-05
719, 718, 4.47905e-05, 1.77433e-05
720, 712, 2.85483e-05, 1.79093e-05
720, 713, 5.11931e-05, 3.4604e-05
720, 714, 8.2574e-05, 4.56012e-05
720, 715, 3.36598e-05, 4.05404e-05
720, 716, 4.8511e-05, 5.10412e-05
720, 717, 6.25427e-05, 5.21545e-05
720, 718, 3.15133e-05, 1.76636e-05
720, 719, 2.38886e-05, 7.72193e-06
721, 714, 3.39465e-05, 4.3633e-05
721, 715, 3.39286e-05, 3.85702e-05
721, 716, 5.27563e-05, 5.09875e-05
721, 717, 2.12427e-05, 5.02619e-05
721, 718, 3.71537e-05, 1.88953e-05
721, 719, 8.48078e-05, 9.16404e-06
721, 720, 4.5109e-05, 2.31932e-05
722, 714, 5.37186e-05, 4.40676e-05
722, 715, 1.60811e-05, 3.77056e-05
722, 716, 3.36586e-05, 5.15956e-05
722, 717, 3.78815e-05, 5.51902e-05
722, 718, 1.32729e-05, 1.55841e-05
722, 719, 4.54064e-05, 8.60206e-06
722, 720, 4.89023e-05, 2.50368e-05
722, 721, 3.87795e-05, 7.39296e-05
723, 717, 7.69487e-05, 5.51591e-05
723, 718, 6.32073e-05, 2.16396e-05
723, 719, 8.99896e-05, 9.77433e-06
723, 720, 9.11363e-05, 2.48339e-05
723, 721, 8.32782e-05, 7.10756e-05
723, 722, 9.76806e-05, 7.58113e-05
724, 715, 4.40398e-05, 3.40789e-05
724, 716, 2.91001e-05, 4.75252e-05
724, 717, 5.49064e-05, 5.67139e-05
724, 718, 2.95643e-05, 1.78316e-05
724, 719, 2.9152e-05, 1.08108e-05
724, 720, 5.16557e-05, 3.14925e-05
724, 721, 4.51755e-05, 7.71876e-05
724, 722, 4.88466e-05, 7.67993e-05
724, 723, 1.67307e-05, 0.000111274
725, 718, 4.82388e-05, 1.75482e-05
725, 719, 0.00010359, 9.7254e-06
725, 720, 2.93096e-05, 2.38169e-05
725, 721, 2.99396e-05, 7.37185e-05
725, 722, 3.38383e-05, 7.5793e-05
725, 723, 6.35685e-05, 0.000110789
725, 724, 7.08448e-05, 8.06724e-05
726, 721, 7.21082e-05, 7.79594e-05
726, 722, 7.5943e-05, 7.6679e-05
726, 723, 3.98361e-05, 0.000113588
726, 724, 4.76399e-05, 7.70602e-05
726, 725, 8.3297e-05, 3.03125e-05
727, 721, 6.9366e-05, 7.40864e-05
727, 723, 5.80513e-05, 0.000112181
727, 724, 6.04243e-05, 7.85703e-05
727, 725, 9.28771e-05, 3.48829e-05
727, 726, 9.1785e-05, 5.69214e-05
728, 723, 6.1456e-05, 0.00010893
728, 724, 7.4455e-05, 7.47364e-05
728, 725, 8.74098e-05, 2.85999e-05
728, 726, 6.5953e-05, 5.51289e-05
728, 727, 6.39893e-05, 4.86852e-05
729, 724, 1.85036e-05, 7.65619e-05
729, 725, 1.98356e-05, 3.50738e-05
729, 726, 6.11582e-05, 5.61419e-05
729, 727, 2.82927e-05, 5.06579e-05
729, 728, 6.5386e-05, 1.74772e-05
730, 726, 3.15695e-05, 5.67139e-05
730, 727, 2.86603e-05, 5.08864e-05
730, 728, 7.01583e-05, 1.46072e-05
730, 729, 3.06174e-05, 7.89414e-05
731, 725, 9.20995e-05, 3.24686e-05
731, 726, 5.69223e-05, 5.66343e-05
731, 727, 6.63854e-05, 5.02312e-05
731, 728, 2.88062e-05, 1.51035e-05
731, 729, 5.62388e-05, 7.91129e-05
731, 730, 6.53232e-05, 4.21473e-05
732, 726, 7.48989e-05, 5.59761e-05
732, 727, 5.1701e-05, 4.6689e-05
732, 728, 7.94414e-06, 1.42938e-05
732, 729, 5.12572e-05, 7.90962e-05
732, 730, 5.91881e-05, 4.8424e-05
732, 731, 2.00096e-05, 2.84812e-05
733, 728, 4.97027e-05, 1.46289e-05
733, 729, 5.80629e-05, 8.00324e-05
733, 730, 6.64438e-05, 4.46324e-05
733, 731, 6.52406e-05, 2.70192e-05
733, 732, 5.5433e-05, 3.493e-05
734, 728, 1.19985e-05, 1.81992e-05
734, 729, 4.2242e-05, 7.98848e-05
734, 730, 5.24089e-05, 4.24006e-05
734, 731, 2.11053e-05, 2.55313e-05
734, 732, 2.61829e-05, 3.60083e-05
734, 733, 4.91786e-05, 0.000114232
735, 732, 2.41529e-05, 3.32549e-05
735, 733, 6.56024e-05, 0.000110168
735, 734, 6.87824e-06, 4.62304e-05
736, 733, 6.18043e-05, 0.000112478
736, 734, 3.32559e-05, 4.33652e-05
736, 735, 4.14453e-05, 9.31759e-05
737, 733, 1.33513e-05, 0.000112553
737, 734, 5.3637e-05, 4.48304e-05
737, 735, 4.34079e-05, 9.34309e-05
737, 736, 7.25976e-05, 2.80133e-05
738, 733, 7.03996e-05, 0.000115034
738, 734, 3.132e-05, 4.48909e-05
738, 735, 4.06484e-05, 9.47572e-05
738, 736, 1.94767e-05, 2.47437e-05
738, 737, 2.4095e-05, 1.16878e-05
739, 735, 1.2802e-05, 9.70372e-05
739, 736, 6.26147e-05, 3.10788e-05
739, 737, 6.21516e-05, 9.8629e-06
739, 738, 6.81429e-05, 5.93974e-05
740, 735, 1.42311e-05, 9.52699e-05
740, 736, 5.59625e-05, 3.12605e-05
740, 737, 4.87234e-05, 1.11905e-05
740, 738, 5.89275e-05, 5.83045e-05
740, 739, 3.98808e-05, 1.38813e-05
741, 734, 5.00095e-05, 4.4056e-05
741, 735, 9.47887e-05, 9.19473e-05
741, 736, 8.73291e-05, 2.45881e-05
741, 737, 6.15258e-05, 1.01381e-05
741, 738, 2.96084e-05, 5.64361e-05
741, 739, 5.14626e-05, 1.16516e-05
741, 740, 6.02692e-05, 5.18305e-05
742, 734, 3.14815e-05, 4.39644e-05
742, 735, 6.93959e-05, 9.46214e-05
742, 736, 6.6594e-05, 2.58083e-05
742, 737, 3.15681e-05, 1.19632e-05
742, 738, 2.74998e-05, 5.95035e-05
742, 739, 3.92144e-05, 1.25031e-05
742, 740, 3.48427e-05, 5.93663e-05
742, 741, 8.25382e-05, 4.213e-05
