13, 0, 4.33429e-06, 2.2129e-06
18, 0, 2.12648e-06, 2.31998e-06
18, 13, 4.23726e-06, 3.66294e-06
30, 0, 1.87926e-06, 2.37417e-06
30, 13, 2.22084e-06, 3.62911e-06
30, 18, 3.40743e-06, 3.96657e-06
40, 0, 2.54981e-06, 2.14829e-06
40, 13, 3.50397e-06, 3.18508e-06
40, 18, 5.0825e-06, 3.42198e-06
40, 30, 2.61144e-06, 2.38767e-06
48, 0, 2.31706e-06, 1.48492e-06
48, 13, 3.22831e-06, 2.95983e-06
48, 18, 4.35196e-06, 3.35057e-06
48, 30, 2.70962e-06, 1.90438e-06
48, 40, 2.06245e-06, 1.84849e-06
55, 0, 5.53015e-06, 2.41973e-06
55, 13, 5.67743e-06, 3.82578e-06
55, 18, 2.48479e-06, 3.87225e-06
55, 30, 4.65706e-06, 2.5244e-06
55, 40, 6.0672e-06, 2.43923e-06
55, 48, 2.8235e-06, 2.98878e-06
62, 0, 2.37795e-06, 2.26436e-06
62, 13, 4.52988e-06, 3.52042e-06
62, 18, 3.93873e-06, 3.84038e-06
62, 30, 6.64009e-06, 3.01381e-06
62, 40, 2.02358e-06, 2.34936e-06
62, 48, 1.78872e-06, 2.84986e-06
62, 55, 2.84843e-06, 2.19101e-06
68, 0, 2.82288e-06, 1.69736e-06
68, 13, 4.7461e-06, 3.2654e-06
68, 18, 8.03199e-06, 4.01185e-06
68, 30, 2.58916e-06, 2.45028e-06
68, 40, 2.62662e-06, 1.86526e-06
68, 48, 4.58686e-06, 3.35964e-06
68, 55, 2.65052e-06, 1.96749e-06
68, 62, 3.36632e-06, 2.85809e-06
74, 0, 1.96032e-06, 1.86976e-06
74, 13, 2.26163e-06, 3.19994e-06
74, 18, 6.06737e-06, 3.54863e-06
74, 30, 2.08476e-06, 2.70369e-06
74, 40, 2.30206e-06, 1.66664e-06
74, 48, 6.01028e-06, 2.81826e-06
74, 55, 6.82077e-06, 1.97569e-06
74, 62, 3.91618e-06, 2.40643e-06
74, 68, 2.53315e-06, 3.51077e-06
75, 0, 2.53573e-06, 1.73931e-06
75, 13, 3.07645e-06, 3.16508e-06
75, 18, 7.44748e-06, 3.81135e-06
75, 30, 1.92772e-06, 2.92313e-06
75, 40, 1.85061e-06, 1.88962e-06
75, 48, 3.27991e-06, 3.12729e-06
75, 55, 2.10993e-06, 2.65668e-06
75, 62, 4.01207e-06, 3.36938e-06
75, 68, 2.18575e-06, 4.24702e-06
75, 74, 1.87372e-06, 3.33486e-06
81, 0, 2.57903e-06, 1.79505e-06
81, 13, 3.55086e-06, 3.17477e-06
81, 18, 4.12958e-06, 3.4062e-06
81, 30, 3.02022e-06, 2.23377e-06
81, 40, 2.26285e-06, 1.93273e-06
81, 48, 2.27841e-06, 2.60538e-06
81, 55, 2.53137e-06, 1.89826e-06
81, 62, 2.29102e-06, 2.21446e-06
81, 68, 3.80579e-06, 3.55027e-06
81, 74, 2.79219e-06, 2.29358e-06
81, 75, 3.08474e-06, 2.57358e-06
84, 0, 7.34959e-06, 2.26022e-06
84, 13, 7.67693e-06, 3.26252e-06
84, 18, 1.99971e-06, 3.65343e-06
84, 30, 6.20908e-06, 2.52919e-06
84, 40, 2.90034e-06, 2.48631e-06
84, 48, 4.67932e-06, 2.9836e-06
84, 55, 5.04728e-06, 1.88913e-06
84, 62, 4.83397e-06, 2.8406e-06
84, 68, 3.84318e-06, 3.55903e-06
84, 74, 5.14139e-06, 2.48547e-06
84, 75, 9.36231e-06, 2.0271e-06
84, 81, 4.56451e-06, 3.20517e-06
90, 0, 4.26048e-06, 1.87249e-06
90, 13, 2.63954e-06, 3.13723e-06
90, 18, 6.11281e-06, 3.38101e-06
90, 30, 2.58305e-06, 2.113e-06
90, 40, 3.95253e-06, 2.02831e-06
90, 48, 4.2716e-06, 2.96969e-06
90, 55, 3.17662e-06, 2.08685e-06
90, 62, 3.1014e-06, 2.31551e-06
90, 68, 2.67657e-06, 3.28187e-06
90, 74, 2.72395e-06, 2.41318e-06
90, 75, 4.41682e-06, 2.03111e-06
90, 81, 3.13748e-06, 3.16378e-06
90, 84, 2.38651e-06, 4.08691e-06
95, 0, 1.91677e-06, 2.30216e-06
95, 13, 7.35799e-06, 3.61473e-06
95, 18, 9.48601e-06, 3.52315e-06
95, 30, 1.91003e-06, 2.29538e-06
95, 40, 1.93076e-06, 2.64853e-06
95, 48, 1.82577e-06, 2.98258e-06
95, 55, 2.52488e-06, 2.51395e-06
95, 62, 1.77409e-06, 2.79895e-06
95, 68, 2.34472e-06, 3.69572e-06
95, 74, 2.34533e-06, 2.97654e-06
95, 75, 2.03927e-06, 2.39367e-06
95, 81, 3.92804e-06, 3.82922e-06
95, 84, 5.10784e-06, 4.46482e-06
95, 90, 3.49948e-06, 3.64223e-06
100, 0, 2.23264e-06, 2.2219e-06
100, 13, 3.52053e-06, 3.6583e-06
100, 18, 4.40229e-06, 4.11485e-06
100, 30, 1.98013e-06, 2.48592e-06
100, 40, 2.08577e-06, 2.52791e-06
100, 48, 2.14362e-06, 3.23612e-06
100, 55, 2.12031e-06, 2.50967e-06
100, 62, 2.05108e-06, 2.67986e-06
100, 68, 3.43488e-06, 4.01673e-06
100, 74, 2.28719e-06, 2.91116e-06
100, 75, 2.20747e-06, 2.68629e-06
100, 81, 2.72666e-06, 3.60947e-06
100, 84, 4.23218e-06, 4.38339e-06
100, 90, 4.7226e-06, 3.51189e-06
100, 95, 3.07518e-06, 2.87824e-06
106, 0, 3.91356e-06, 2.44047e-06
106, 13, 2.1714e-06, 3.84132e-06
106, 18, 7.40423e-06, 3.60717e-06
106, 30, 6.25979e-06, 2.78528e-06
106, 40, 4.23702e-06, 2.83184e-06
106, 48, 4.47406e-06, 3.40385e-06
106, 55, 4.35228e-06, 2.72049e-06
106, 62, 4.09791e-06, 2.91865e-06
106, 68, 5.53148e-06, 3.75049e-06
106, 74, 3.434e-06, 3.05256e-06
106, 75, 3.95898e-06, 2.38861e-06
106, 81, 4.49121e-06, 3.81767e-06
106, 84, 2.87606e-06, 4.56319e-06
106, 90, 7.72424e-06, 3.64376e-06
106, 95, 2.92187e-06, 3.06837e-06
106, 100, 5.5192e-06, 2.46247e-06
114, 0, 4.49149e-06, 1.73408e-06
114, 13, 4.6773e-06, 3.56942e-06
114, 18, 8.00515e-06, 3.02541e-06
114, 30, 2.41636e-06, 2.39235e-06
114, 40, 2.62534e-06, 2.15012e-06
114, 48, 3.53213e-06, 3.25709e-06
114, 55, 6.97933e-06, 1.85481e-06
114, 62, 3.50917e-06, 3.08957e-06
114, 68, 5.0663e-06, 3.14998e-06
114, 74, 2.34319e-06, 2.74359e-06
114, 75, 2.3112e-06, 2.34197e-06
114, 81, 3.70167e-06, 3.78245e-06
114, 84, 6.69252e-06, 4.34535e-06
114, 90, 6.7046e-06, 3.83183e-06
114, 95, 2.86008e-06, 2.83365e-06
114, 100, 2.55791e-06, 1.78001e-06
114, 106, 4.61234e-06, 3.56818e-06
123, 0, 1.88589e-06, 2.26515e-06
123, 13, 3.06817e-06, 3.65472e-06
123, 18, 4.50858e-06, 3.47277e-06
123, 30, 2.11548e-06, 2.39184e-06
123, 40, 2.01865e-06, 2.42472e-06
123, 48, 2.88651e-06, 2.88366e-06
123, 55, 4.03245e-06, 2.18782e-06
123, 62, 1.93099e-06, 2.35885e-06
123, 68, 4.40461e-06, 3.82433e-06
123, 74, 1.86679e-06, 2.31812e-06
123, 75, 2.03642e-06, 1.9065e-06
123, 81, 2.52863e-06, 3.15849e-06
123, 84, 5.5881e-06, 4.1666e-06
123, 90, 8.4044e-06, 3.01831e-06
123, 95, 1.87847e-06, 2.7736e-06
123, 100, 2.25215e-06, 1.58326e-06
123, 106, 5.63791e-06, 3.32805e-06
123, 114, 2.10249e-06, 2.77355e-06
127, 0, 2.13557e-06, 1.75102e-06
127, 13, 4.62614e-06, 3.24912e-06
127, 18, 3.4434e-06, 3.63889e-06
127, 30, 2.37114e-06, 2.76242e-06
127, 40, 1.93387e-06, 1.72096e-06
127, 48, 1.95747e-06, 2.80311e-06
127, 55, 5.07869e-06, 1.89494e-06
127, 62, 2.07207e-06, 2.8121e-06
127, 68, 6.00674e-06, 3.56293e-06
127, 74, 2.88054e-06, 2.3167e-06
127, 75, 2.24846e-06, 1.91793e-06
127, 81, 2.02256e-06, 3.13878e-06
127, 84, 2.28129e-06, 4.49311e-06
127, 90, 4.78619e-06, 3.0763e-06
127, 95, 1.91045e-06, 2.24102e-06
127, 100, 2.32313e-06, 2.05632e-06
127, 106, 2.18524e-06, 2.94759e-06
127, 114, 2.73118e-06, 2.30369e-06
127, 123, 3.23486e-06, 1.73296e-06
134, 0, 1.93109e-06, 2.46899e-06
134, 13, 6.48873e-06, 3.86329e-06
134, 18, 3.80584e-06, 3.58864e-06
134, 30, 6.06564e-06, 2.62409e-06
134, 40, 1.79279e-06, 2.75247e-06
134, 48, 1.82653e-06, 3.44547e-06
134, 55, 1.94242e-06, 2.79265e-06
134, 62, 1.99475e-06, 2.88932e-06
134, 68, 2.53979e-06, 3.62982e-06
134, 74, 3.68307e-06, 3.01511e-06
134, 75, 2.25221e-06, 2.78211e-06
134, 81, 1.82716e-06, 3.8749e-06
134, 84, 5.21368e-06, 4.49871e-06
134, 90, 4.74832e-06, 3.66465e-06
134, 95, 1.79192e-06, 3.19896e-06
134, 100, 2.02212e-06, 2.59666e-06
134, 106, 1.85856e-06, 3.41566e-06
134, 114, 2.45022e-06, 3.45324e-06
134, 123, 2.1881e-06, 2.24623e-06
134, 127, 2.01029e-06, 2.67577e-06
139, 0, 1.98317e-06, 2.73301e-06
139, 13, 2.77849e-06, 3.90729e-06
139, 18, 2.19317e-06, 3.93716e-06
139, 30, 2.08195e-06, 2.87217e-06
139, 40, 1.84668e-06, 3.01047e-06
139, 48, 2.06022e-06, 3.10365e-06
139, 55, 7.72734e-06, 2.37417e-06
139, 62, 5.41095e-06, 2.79334e-06
139, 68, 6.14927e-06, 4.11094e-06
139, 74, 1.86643e-06, 2.75425e-06
139, 75, 1.90141e-06, 2.67769e-06
139, 81, 4.4079e-06, 3.91767e-06
139, 84, 2.10853e-06, 4.63751e-06
139, 90, 7.21367e-06, 3.92818e-06
139, 95, 2.31385e-06, 2.95398e-06
139, 100, 2.34738e-06, 3.30101e-06
139, 106, 2.22032e-06, 3.34296e-06
139, 114, 2.00912e-06, 3.43641e-06
139, 123, 1.89049e-06, 2.55332e-06
139, 127, 1.73688e-06, 3.09898e-06
139, 134, 1.97391e-06, 2.67988e-06
145, 0, 2.08526e-06, 2.84569e-06
145, 13, 6.4006e-06, 4.08634e-06
145, 18, 2.90543e-06, 3.90419e-06
145, 30, 2.19516e-06, 2.47518e-06
145, 40, 2.06134e-06, 2.85584e-06
145, 48, 2.05618e-06, 3.46238e-06
145, 55, 5.58233e-06, 2.91805e-06
145, 62, 1.97418e-06, 3.05521e-06
145, 68, 2.06857e-06, 3.85011e-06
145, 74, 2.08608e-06, 2.8516e-06
145, 75, 1.92723e-06, 2.42021e-06
145, 81, 2.5939e-06, 3.78076e-06
145, 84, 3.44492e-06, 4.60195e-06
145, 90, 3.63043e-06, 3.79378e-06
145, 95, 2.09528e-06, 3.11311e-06
145, 100, 1.93743e-06, 2.465e-06
145, 106, 2.17096e-06, 3.82194e-06
145, 114, 2.17185e-06, 3.18411e-06
145, 123, 2.07693e-06, 2.00625e-06
145, 127, 1.86219e-06, 3.03174e-06
145, 134, 1.98879e-06, 2.27914e-06
145, 139, 1.94298e-06, 2.67679e-06
150, 0, 1.71751e-06, 2.15023e-06
150, 13, 3.16132e-06, 3.646e-06
150, 18, 5.1125e-06, 4.0347e-06
150, 30, 3.89688e-06, 2.9217e-06
150, 40, 1.63404e-06, 2.24248e-06
150, 48, 2.07022e-06, 3.61852e-06
150, 55, 2.17013e-06, 2.38606e-06
150, 62, 1.84151e-06, 3.23503e-06
150, 68, 2.12036e-06, 3.99184e-06
150, 74, 2.07336e-06, 3.15083e-06
150, 75, 2.33898e-06, 2.00855e-06
150, 81, 1.9074e-06, 3.48978e-06
150, 84, 4.80064e-06, 4.41596e-06
150, 90, 5.58256e-06, 3.36693e-06
150, 95, 2.28133e-06, 2.57321e-06
150, 100, 1.85844e-06, 2.58037e-06
150, 106, 1.72275e-06, 3.21067e-06
150, 114, 2.13492e-06, 2.43584e-06
150, 123, 2.04437e-06, 1.85127e-06
150, 127, 1.70599e-06, 3.10072e-06
150, 134, 2.33947e-06, 2.53045e-06
150, 145, 1.65747e-06, 3.30467e-06
151, 0, 1.70482e-06, 2.90587e-06
151, 13, 6.75547e-06, 3.44783e-06
151, 18, 5.45045e-06, 3.94413e-06
151, 30, 1.8321e-06, 2.80625e-06
151, 40, 1.88173e-06, 2.90181e-06
151, 48, 1.67807e-06, 3.26409e-06
151, 55, 2.1203e-06, 2.11696e-06
151, 62, 1.65387e-06, 2.79413e-06
151, 68, 1.62807e-06, 3.92141e-06
151, 74, 1.75026e-06, 3.19894e-06
151, 75, 1.86225e-06, 2.24955e-06
151, 81, 1.94777e-06, 3.96808e-06
151, 84, 5.52977e-06, 4.7378e-06
151, 90, 4.22183e-06, 3.0554e-06
151, 95, 2.12776e-06, 3.80458e-06
151, 100, 2.23528e-06, 2.51648e-06
151, 106, 2.31831e-06, 3.56865e-06
151, 114, 1.65852e-06, 3.07078e-06
151, 123, 1.86695e-06, 1.79616e-06
151, 127, 1.59042e-06, 3.23187e-06
151, 134, 1.71964e-06, 2.61915e-06
151, 139, 1.8147e-06, 2.57046e-06
151, 145, 1.71514e-06, 2.71179e-06
151, 150, 1.76919e-06, 2.86162e-06
157, 0, 2.13554e-06, 1.62704e-06
157, 13, 3.004e-06, 3.37168e-06
157, 18, 4.1223e-06, 3.67242e-06
157, 30, 2.43458e-06, 2.07217e-06
157, 40, 2.21292e-06, 1.96247e-06
157, 48, 2.17331e-06, 2.73142e-06
157, 55, 2.52583e-06, 1.93533e-06
157, 62, 2.08486e-06, 2.85019e-06
157, 68, 3.41812e-06, 3.48832e-06
157, 74, 2.31996e-06, 2.264e-06
157, 75, 2.18068e-06, 2.02822e-06
157, 81, 2.34766e-06, 3.2087e-06
157, 84, 4.37875e-06, 4.069e-06
157, 90, 8.80278e-06, 3.05204e-06
157, 95, 1.45272e-06, 2.20141e-06
157, 100, 2.43954e-06, 1.71254e-06
157, 106, 2.1774e-06, 2.66336e-06
157, 114, 2.1679e-06, 2.75291e-06
157, 123, 2.31876e-06, 1.4888e-06
157, 127, 2.01544e-06, 2.14668e-06
157, 134, 2.26651e-06, 1.84387e-06
157, 139, 2.5827e-06, 2.71161e-06
157, 145, 2.11627e-06, 2.64998e-06
157, 150, 2.09045e-06, 1.85285e-06
157, 151, 2.14557e-06, 2.06006e-06
160, 0, 2.14356e-06, 2.15965e-06
160, 13, 3.83739e-06, 3.14716e-06
160, 18, 4.98707e-06, 3.43015e-06
160, 30, 2.22769e-06, 2.86928e-06
160, 40, 2.0287e-06, 1.59753e-06
160, 48, 2.07042e-06, 2.81828e-06
160, 55, 5.09191e-06, 2.00762e-06
160, 62, 2.04336e-06, 2.71031e-06
160, 68, 2.92288e-06, 3.52308e-06
160, 74, 2.42371e-06, 2.20795e-06
160, 75, 2.02126e-06, 2.3276e-06
160, 81, 2.21116e-06, 2.90881e-06
160, 84, 2.45456e-06, 4.53621e-06
160, 90, 8.17837e-06, 2.7186e-06
160, 95, 2.38906e-06, 1.94481e-06
160, 100, 2.6683e-06, 1.78515e-06
160, 106, 2.44899e-06, 2.72027e-06
160, 114, 2.61294e-06, 2.10482e-06
160, 123, 2.20768e-06, 1.76085e-06
160, 127, 1.95929e-06, 2.95451e-06
160, 134, 2.05883e-06, 2.55272e-06
160, 139, 2.1962e-06, 2.39076e-06
160, 145, 2.08773e-06, 2.63824e-06
160, 150, 2.11903e-06, 2.65611e-06
160, 151, 2.1202e-06, 1.66096e-06
160, 157, 2.34898e-06, 2.15307e-06
161, 0, 1.87387e-06, 2.17921e-06
161, 13, 3.6612e-06, 3.13094e-06
161, 18, 3.96926e-06, 3.37906e-06
161, 30, 2.21983e-06, 2.87301e-06
161, 40, 2.01351e-06, 2.36638e-06
161, 48, 2.07923e-06, 2.78181e-06
161, 55, 3.41031e-06, 2.05006e-06
161, 62, 2.08023e-06, 2.7505e-06
161, 68, 2.93602e-06, 2.98781e-06
161, 74, 3.62827e-06, 2.10949e-06
161, 75, 2.15861e-06, 2.23063e-06
161, 81, 1.82014e-06, 3.43466e-06
161, 84, 2.51297e-06, 4.24086e-06
161, 90, 6.71585e-06, 2.93348e-06
161, 95, 2.22528e-06, 2.09809e-06
161, 100, 2.29971e-06, 2.16273e-06
161, 106, 2.10339e-06, 2.631e-06
161, 114, 2.767e-06, 2.79903e-06
161, 123, 2.74395e-06, 2.02283e-06
161, 127, 1.91243e-06, 2.69973e-06
161, 134, 2.04651e-06, 2.38677e-06
161, 139, 2.80395e-06, 1.87562e-06
161, 145, 2.05531e-06, 2.51138e-06
161, 150, 2.66437e-06, 2.42233e-06
161, 151, 2.18785e-06, 2.18729e-06
161, 157, 2.06177e-06, 2.38679e-06
161, 160, 2.36968e-06, 2.5701e-06
162, 0, 2.11445e-06, 2.92723e-06
162, 13, 3.49569e-06, 3.59055e-06
162, 18, 4.19107e-06, 4.03355e-06
162, 30, 3.06753e-06, 3.1277e-06
162, 40, 1.94936e-06, 3.13265e-06
162, 48, 1.99882e-06, 3.28998e-06
162, 55, 2.08189e-06, 2.48797e-06
162, 62, 1.95636e-06, 3.34019e-06
162, 68, 3.28166e-06, 3.80936e-06
162, 74, 4.68925e-06, 2.66184e-06
162, 75, 5.38229e-06, 2.5572e-06
162, 81, 1.74718e-06, 4.16984e-06
162, 84, 1.95294e-06, 4.77042e-06
162, 90, 4.37469e-06, 3.40264e-06
162, 95, 1.99416e-06, 2.69476e-06
162, 100, 5.96637e-06, 2.84582e-06
162, 106, 2.2174e-06, 2.8457e-06
162, 123, 5.93918e-06, 2.13172e-06
162, 127, 2.19339e-06, 3.19834e-06
162, 134, 2.13222e-06, 2.99463e-06
162, 139, 5.79134e-06, 2.11549e-06
162, 145, 2.15027e-06, 3.15554e-06
162, 150, 2.15574e-06, 3.149e-06
162, 151, 2.05024e-06, 2.54622e-06
162, 157, 2.32443e-06, 2.88792e-06
162, 160, 1.74866e-06, 3.35503e-06
162, 161, 1.71239e-06, 2.75475e-06
163, 0, 3.90164e-06, 2.32039e-06
163, 13, 5.64225e-06, 3.66533e-06
163, 18, 2.64485e-06, 3.23779e-06
163, 40, 3.84504e-06, 2.61841e-06
163, 48, 3.77174e-06, 3.00605e-06
163, 55, 3.03953e-06, 2.56465e-06
163, 62, 3.81754e-06, 3.16832e-06
163, 68, 4.9758e-06, 3.83048e-06
163, 74, 5.07651e-06, 2.6733e-06
163, 75, 7.27743e-06, 2.50178e-06
163, 81, 2.903e-06, 3.64514e-06
163, 84, 4.28768e-06, 4.10804e-06
163, 90, 2.96063e-06, 3.69374e-06
163, 95, 3.29845e-06, 3.17306e-06
163, 100, 7.0722e-06, 2.67867e-06
163, 106, 3.71698e-06, 3.36118e-06
163, 123, 4.5622e-06, 2.74936e-06
163, 127, 3.83497e-06, 2.61503e-06
163, 134, 4.20278e-06, 2.2681e-06
163, 139, 4.90605e-06, 2.70448e-06
163, 145, 4.19609e-06, 2.30453e-06
163, 150, 4.75733e-06, 2.1602e-06
163, 151, 3.44277e-06, 3.11281e-06
163, 157, 6.24698e-06, 2.76722e-06
163, 160, 4.47071e-06, 3.13161e-06
163, 161, 3.74056e-06, 2.94662e-06
163, 162, 3.84265e-06, 2.60368e-06
164, 0, 2.74005e-06, 2.28742e-06
164, 13, 4.94802e-06, 3.56635e-06
164, 18, 3.27772e-06, 4.08527e-06
164, 40, 5.46552e-06, 2.32162e-06
164, 48, 3.80153e-06, 3.14586e-06
164, 55, 2.35169e-06, 2.52642e-06
164, 62, 2.59575e-06, 2.82268e-06
164, 68, 5.77642e-06, 3.22223e-06
164, 74, 3.89833e-06, 2.77486e-06
164, 75, 4.0487e-06, 2.65325e-06
164, 81, 2.04846e-06, 3.52067e-06
164, 84, 2.90037e-06, 4.33063e-06
164, 90, 3.74929e-06, 3.46753e-06
164, 95, 4.46146e-06, 2.70765e-06
164, 100, 2.20806e-06, 2.25351e-06
164, 106, 2.53602e-06, 3.40124e-06
164, 123, 3.83311e-06, 2.22926e-06
164, 127, 2.37884e-06, 2.62982e-06
164, 134, 5.45526e-06, 2.41796e-06
164, 139, 4.06365e-06, 2.96511e-06
164, 145, 5.20537e-06, 2.59397e-06
164, 150, 3.16662e-06, 2.15738e-06
164, 151, 3.6017e-06, 2.55658e-06
164, 157, 2.64639e-06, 2.92819e-06
164, 160, 2.63908e-06, 2.63097e-06
164, 161, 2.16164e-06, 2.72565e-06
164, 162, 2.32268e-06, 2.62596e-06
164, 163, 2.13904e-06, 2.86427e-06
166, 0, 7.65092e-06, 2.09257e-06
166, 13, 3.4036e-06, 3.04814e-06
166, 18, 9.548e-06, 3.36429e-06
166, 40, 8.22511e-06, 2.21221e-06
166, 48, 5.82365e-06, 2.78515e-06
166, 55, 5.35621e-06, 1.99791e-06
166, 62, 5.774e-06, 2.68391e-06
166, 68, 4.16048e-06, 3.7205e-06
166, 74, 8.18898e-06, 2.19783e-06
166, 75, 2.64207e-06, 2.16027e-06
166, 81, 6.45407e-06, 3.41666e-06
166, 84, 5.17039e-06, 4.20076e-06
166, 90, 9.04483e-06, 2.96034e-06
166, 95, 6.72874e-06, 2.14391e-06
166, 100, 6.8624e-06, 2.10896e-06
166, 106, 5.72507e-06, 2.67297e-06
166, 123, 4.15673e-06, 1.53993e-06
166, 127, 9.03161e-06, 2.44279e-06
166, 134, 5.56934e-06, 2.37153e-06
166, 139, 6.04677e-06, 1.80735e-06
166, 145, 9.94256e-06, 2.57133e-06
166, 150, 8.76352e-06, 2.03314e-06
166, 151, 4.98402e-06, 2.27983e-06
166, 157, 2.91985e-06, 2.45271e-06
166, 160, 5.55322e-06, 2.58558e-06
166, 161, 5.54072e-06, 1.95044e-06
166, 162, 5.3965e-06, 2.31372e-06
166, 163, 6.86745e-06, 3.08092e-06
166, 164, 4.88501e-06, 1.93477e-06
168, 0, 5.79301e-06, 1.87542e-06
168, 13, 4.37456e-06, 2.8126e-06
168, 18, 2.99898e-06, 3.10616e-06
168, 40, 3.3739e-06, 1.61723e-06
168, 48, 3.76299e-06, 2.99437e-06
168, 55, 1.67622e-06, 1.45163e-06
168, 62, 2.88515e-06, 2.23528e-06
168, 75, 5.36309e-06, 1.84542e-06
168, 81, 4.4812e-06, 2.83912e-06
168, 84, 2.90452e-06, 4.07052e-06
168, 90, 3.88927e-06, 2.92769e-06
168, 95, 3.88925e-06, 2.09278e-06
168, 100, 3.71112e-06, 2.05705e-06
168, 106, 2.10912e-06, 2.75252e-06
168, 123, 2.71469e-06, 1.77437e-06
168, 127, 3.54831e-06, 2.28486e-06
168, 134, 3.39203e-06, 2.30661e-06
168, 139, 2.95874e-06, 2.13111e-06
168, 145, 3.14389e-06, 2.02102e-06
168, 150, 2.84263e-06, 2.35687e-06
168, 160, 3.9276e-06, 2.75485e-06
168, 161, 5.0693e-06, 2.0418e-06
168, 162, 3.14294e-06, 1.76049e-06
168, 163, 1.89495e-06, 2.34082e-06
168, 164, 3.10573e-06, 1.9515e-06
168, 166, 4.56708e-06, 4.28853e-06
170, 13, 3.02364e-06, 3.70034e-06
170, 18, 6.685e-06, 3.94172e-06
170, 55, 3.09488e-06, 2.46194e-06
170, 62, 3.18635e-06, 2.70975e-06
170, 81, 3.58167e-06, 3.51021e-06
170, 90, 6.88501e-06, 3.48611e-06
170, 106, 2.39194e-06, 3.16729e-06
170, 134, 2.5874e-06, 2.28466e-06
170, 161, 2.99755e-06, 2.79194e-06
170, 162, 3.17088e-06, 2.84508e-06
170, 163, 6.09837e-06, 3.05012e-06
170, 164, 3.51079e-06, 2.14907e-06
170, 166, 2.35633e-06, 4.78221e-06
170, 168, 4.57223e-06, 3.36314e-06
171, 13, 1.16553e-05, 3.15696e-06
171, 55, 6.55997e-06, 2.01411e-06
171, 90, 6.13937e-06, 2.98492e-06
171, 106, 6.81961e-06, 3.31697e-06
171, 163, 4.2526e-06, 2.53756e-06
171, 164, 6.92997e-06, 2.29136e-06
171, 166, 7.67103e-06, 4.66298e-06
171, 168, 9.27704e-06, 3.26644e-06
171, 170, 5.78746e-06, 3.33615e-06
172, 55, 5.09465e-06, 2.02519e-06
172, 90, 8.02959e-06, 2.89845e-06
172, 164, 3.39941e-06, 1.86625e-06
172, 166, 4.38358e-06, 4.14491e-06
172, 168, 8.64825e-06, 3.29378e-06
172, 170, 6.98575e-06, 3.74916e-06
172, 171, 3.96922e-06, 5.56994e-06
173, 55, 5.19996e-06, 1.93689e-06
173, 166, 6.26239e-06, 4.19451e-06
173, 168, 7.94928e-06, 3.56192e-06
173, 170, 5.85475e-06, 4.00499e-06
173, 171, 2.84666e-06, 5.45561e-06
173, 172, 6.11703e-06, 2.5929e-06
174, 168, 4.80291e-06, 3.19628e-06
174, 170, 2.08758e-06, 3.48174e-06
174, 171, 5.00997e-06, 5.7972e-06
174, 172, 4.58067e-06, 2.45619e-06
174, 173, 4.19086e-06, 2.42843e-06
175, 168, 6.86485e-06, 3.42305e-06
175, 170, 5.1882e-06, 3.83041e-06
175, 171, 3.14284e-06, 5.45081e-06
175, 172, 3.80089e-06, 2.54992e-06
175, 173, 5.64746e-06, 2.08495e-06
175, 174, 5.2218e-06, 2.69189e-06
176, 168, 3.61092e-06, 3.52227e-06
176, 170, 2.95921e-06, 4.36758e-06
176, 171, 4.3122e-06, 5.99818e-06
176, 172, 3.84199e-06, 2.806e-06
176, 173, 3.04242e-06, 2.00398e-06
176, 174, 2.35106e-06, 2.41362e-06
176, 175, 4.25703e-06, 3.24832e-06
177, 168, 4.92424e-06, 3.12358e-06
177, 170, 5.79307e-06, 3.31818e-06
177, 171, 6.95345e-06, 5.4184e-06
177, 172, 3.61561e-06, 2.0528e-06
177, 173, 2.04067e-06, 1.92388e-06
177, 174, 2.56409e-06, 3.02326e-06
177, 175, 4.47458e-06, 3.00768e-06
177, 176, 9.01327e-06, 3.83931e-06
178, 171, 4.12828e-06, 5.56051e-06
178, 172, 2.31338e-06, 2.32289e-06
178, 173, 2.82565e-06, 2.18337e-06
178, 174, 2.34152e-06, 2.39731e-06
178, 175, 2.81127e-06, 2.67532e-06
178, 176, 7.26152e-06, 3.73543e-06
178, 177, 5.17424e-06, 4.7039e-06
179, 171, 4.25341e-06, 5.49811e-06
179, 172, 6.94988e-06, 2.11441e-06
179, 173, 7.3488e-06, 2.12333e-06
179, 174, 6.62976e-06, 2.24238e-06
179, 175, 7.65075e-06, 2.81955e-06
179, 176, 8.37707e-06, 3.80949e-06
179, 177, 1.06635e-05, 4.50914e-06
179, 178, 3.03132e-06, 5.00089e-06
180, 171, 2.95852e-06, 5.59091e-06
180, 172, 7.07714e-06, 2.87352e-06
180, 173, 8.8417e-06, 2.13494e-06
180, 174, 7.87102e-06, 2.10402e-06
180, 175, 8.02997e-06, 3.22866e-06
180, 176, 4.98687e-06, 4.00529e-06
180, 177, 9.89302e-06, 4.69002e-06
180, 178, 5.01336e-06, 4.78739e-06
180, 179, 4.90233e-06, 6.31525e-06
181, 174, 2.32475e-06, 2.86e-06
181, 175, 5.36813e-06, 2.88245e-06
181, 176, 9.33768e-06, 3.82754e-06
181, 177, 7.3147e-06, 4.8668e-06
181, 178, 3.85335e-06, 4.73861e-06
181, 179, 4.27843e-06, 6.2927e-06
181, 180, 9.54811e-06, 2.90046e-06
182, 177, 6.06101e-06, 4.76417e-06
182, 178, 9.04366e-06, 4.78242e-06
182, 179, 5.58452e-06, 6.21838e-06
182, 180, 1.93044e-06, 2.86717e-06
182, 181, 4.4212e-06, 4.23331e-06
183, 178, 7.0445e-06, 4.592e-06
183, 179, 4.45055e-06, 6.32388e-06
183, 180, 3.89826e-06, 3.23473e-06
183, 181, 3.67849e-06, 4.25733e-06
183, 182, 6.97922e-06, 5.18253e-06
184, 178, 9.27794e-06, 4.50143e-06
184, 179, 4.89438e-06, 6.32017e-06
184, 180, 5.57384e-06, 2.78793e-06
184, 181, 3.69109e-06, 4.02243e-06
184, 182, 1.57509e-06, 4.84424e-06
184, 183, 3.84656e-06, 5.51085e-06
185, 179, 3.43355e-06, 6.44133e-06
185, 180, 3.03335e-06, 2.91705e-06
185, 181, 5.31745e-06, 4.24422e-06
185, 182, 3.55387e-06, 5.00805e-06
185, 183, 7.51711e-06, 5.59355e-06
185, 184, 5.64584e-06, 1.705e-06
186, 179, 2.95031e-06, 6.30152e-06
186, 180, 6.98626e-06, 3.15632e-06
186, 181, 5.26812e-06, 3.83216e-06
186, 182, 1.83146e-06, 4.90103e-06
186, 183, 4.76504e-06, 5.51311e-06
186, 184, 3.85424e-06, 1.88987e-06
186, 185, 3.43733e-06, 2.10028e-06
188, 179, 6.85347e-06, 6.45742e-06
188, 180, 1.77243e-06, 2.97379e-06
188, 181, 3.05672e-06, 3.86436e-06
188, 182, 6.56062e-06, 4.82966e-06
188, 183, 1.02353e-05, 5.42627e-06
188, 184, 9.18947e-06, 1.6763e-06
188, 185, 2.52906e-06, 1.89624e-06
188, 186, 3.25149e-06, 4.90599e-06
189, 179, 3.63329e-06, 6.43415e-06
189, 180, 8.11556e-06, 3.01361e-06
189, 181, 3.76192e-06, 4.20723e-06
189, 182, 6.48486e-06, 5.11325e-06
189, 183, 1.0368e-05, 5.59168e-06
189, 184, 8.42723e-06, 1.88017e-06
189, 185, 2.05226e-06, 1.73636e-06
189, 186, 2.77006e-06, 4.66073e-06
189, 188, 2.71914e-06, 2.62564e-06
190, 179, 3.61175e-06, 6.47325e-06
190, 180, 7.44839e-06, 3.34356e-06
190, 181, 5.18298e-06, 4.0247e-06
190, 182, 2.76823e-06, 5.24361e-06
190, 183, 3.97333e-06, 5.76498e-06
190, 184, 3.17962e-06, 1.49924e-06
190, 185, 6.09084e-06, 2.47332e-06
190, 186, 4.28294e-06, 4.85879e-06
190, 188, 4.93637e-06, 2.38286e-06
190, 189, 4.54575e-06, 8.28221e-06
191, 179, 8.63106e-06, 6.20433e-06
191, 180, 8.20244e-06, 2.84592e-06
191, 181, 1.04794e-05, 4.37588e-06
191, 182, 6.68813e-06, 5.63905e-06
191, 183, 1.86964e-06, 5.85629e-06
191, 184, 5.31044e-06, 1.99606e-06
191, 185, 9.36973e-06, 1.8652e-06
191, 186, 8.30961e-06, 4.82924e-06
191, 188, 6.71619e-06, 2.9743e-06
191, 189, 7.55384e-06, 8.43911e-06
191, 190, 3.24981e-06, 4.90348e-06
192, 180, 4.29543e-06, 3.2489e-06
192, 181, 2.02173e-06, 4.29871e-06
192, 182, 4.09321e-06, 5.45487e-06
192, 183, 8.0213e-06, 5.64275e-06
192, 184, 4.91213e-06, 2.13803e-06
192, 185, 7.938e-06, 3.1126e-06
192, 186, 5.54089e-06, 4.47643e-06
192, 188, 3.14409e-06, 3.22846e-06
192, 189, 3.45004e-06, 8.31323e-06
192, 190, 3.2202e-06, 4.75746e-06
192, 191, 4.62474e-06, 3.38144e-06
195, 184, 6.29515e-06, 2.01535e-06
195, 185, 7.8631e-06, 1.91376e-06
195, 186, 8.13526e-06, 4.67592e-06
195, 188, 6.60367e-06, 2.58497e-06
195, 189, 7.80121e-06, 8.25141e-06
195, 190, 4.72808e-06, 4.93737e-06
195, 191, 4.16655e-06, 3.57451e-06
195, 192, 5.49623e-06, 4.03329e-06
196, 184, 4.8034e-06, 1.38376e-06
196, 185, 9.4834e-06, 1.70899e-06
196, 186, 8.90608e-06, 4.57762e-06
196, 188, 6.89948e-06, 2.31458e-06
196, 189, 9.52619e-06, 8.44182e-06
196, 190, 3.50522e-06, 4.95436e-06
196, 191, 9.90282e-06, 2.99222e-06
196, 192, 5.15768e-06, 4.0086e-06
196, 195, 5.84105e-06, 5.29382e-06
198, 184, 1.10734e-05, 1.82787e-06
198, 185, 5.17307e-06, 1.77039e-06
198, 186, 6.19751e-06, 4.49093e-06
198, 188, 2.24502e-06, 2.35794e-06
198, 189, 2.43462e-06, 8.33095e-06
198, 190, 5.73677e-06, 4.81441e-06
198, 191, 4.76015e-06, 2.79741e-06
198, 192, 4.83371e-06, 4.09507e-06
198, 195, 3.0705e-06, 5.17989e-06
198, 196, 7.67164e-06, 6.0692e-06
199, 184, 4.43598e-06, 1.6718e-06
199, 185, 4.825e-06, 1.97342e-06
199, 186, 4.1598e-06, 4.92609e-06
199, 188, 4.33537e-06, 2.81291e-06
199, 189, 5.57027e-06, 8.31192e-06
199, 190, 4.87441e-06, 4.8954e-06
199, 191, 8.3984e-06, 3.65541e-06
199, 192, 3.61112e-06, 3.84252e-06
199, 195, 7.08541e-06, 5.28341e-06
199, 196, 4.43767e-06, 5.81344e-06
199, 198, 8.9751e-06, 3.26491e-06
201, 185, 5.45674e-06, 1.88436e-06
201, 188, 3.03596e-06, 2.18641e-06
201, 189, 5.63168e-06, 8.17326e-06
201, 190, 4.68906e-06, 4.94662e-06
201, 191, 4.89135e-06, 3.10866e-06
201, 192, 3.76076e-06, 3.88947e-06
201, 195, 5.33268e-06, 5.07952e-06
201, 196, 5.59947e-06, 5.86523e-06
201, 198, 6.3233e-06, 3.49552e-06
201, 199, 6.39833e-06, 4.22807e-06
203, 188, 8.39569e-06, 2.34047e-06
203, 189, 9.08081e-06, 8.18682e-06
203, 190, 4.50497e-06, 4.9415e-06
203, 191, 4.13053e-06, 2.93803e-06
203, 192, 1.08232e-05, 4.08549e-06
203, 195, 3.65544e-06, 5.182e-06
203, 196, 7.35639e-06, 6.04229e-06
203, 198, 4.18583e-06, 3.38099e-06
203, 199, 8.72886e-06, 4.32889e-06
203, 201, 7.65291e-06, 7.61515e-06
204, 188, 7.1524e-06, 2.67695e-06
204, 189, 5.19855e-06, 8.31658e-06
204, 190, 6.9833e-06, 5.07094e-06
204, 191, 8.8431e-06, 3.04015e-06
204, 192, 2.0896e-06, 3.91889e-06
204, 195, 4.32235e-06, 4.95702e-06
204, 196, 2.37108e-06, 5.79143e-06
204, 198, 6.26617e-06, 3.78091e-06
204, 199, 6.05209e-06, 4.52106e-06
204, 201, 5.064e-06, 7.53388e-06
204, 203, 6.22301e-06, 5.91637e-06
205, 189, 4.50488e-06, 8.43597e-06
205, 190, 5.81263e-06, 4.78377e-06
205, 191, 6.07483e-06, 2.88143e-06
205, 192, 6.67241e-06, 3.71868e-06
205, 195, 4.9296e-06, 5.21289e-06
205, 196, 9.08647e-06, 5.76322e-06
205, 198, 2.58736e-06, 3.21628e-06
205, 199, 1.14554e-05, 4.09679e-06
205, 201, 1.15001e-05, 7.36049e-06
205, 203, 9.88679e-06, 5.42742e-06
205, 204, 5.90584e-06, 4.36175e-06
206, 190, 1.81668e-06, 5.01825e-06
206, 191, 6.02312e-06, 3.14224e-06
206, 192, 2.2473e-06, 4.48152e-06
206, 195, 6.57947e-06, 5.16536e-06
206, 196, 3.06897e-06, 6.18257e-06
206, 198, 6.42812e-06, 3.6415e-06
206, 199, 4.67341e-06, 4.28764e-06
206, 201, 5.00106e-06, 7.70596e-06
206, 203, 4.63173e-06, 5.93359e-06
206, 204, 7.63606e-06, 4.80573e-06
206, 205, 4.95942e-06, 2.95827e-06
207, 190, 3.27908e-06, 5.03149e-06
207, 191, 9.77847e-06, 3.27382e-06
207, 192, 2.71796e-06, 3.78401e-06
207, 195, 2.16761e-06, 4.93105e-06
207, 196, 9.00455e-06, 6.33237e-06
207, 198, 5.52165e-06, 3.67908e-06
207, 199, 1.19846e-05, 4.44233e-06
207, 201, 8.296e-06, 7.69329e-06
207, 203, 9.06774e-06, 5.8335e-06
207, 204, 7.59885e-06, 5.05765e-06
207, 205, 9.83036e-06, 3.40156e-06
207, 206, 6.64588e-06, 7.02706e-06
209, 192, 2.66378e-06, 4.06637e-06
209, 195, 9.59832e-06, 5.43378e-06
209, 196, 3.79958e-06, 5.88269e-06
209, 198, 8.3711e-06, 4.10836e-06
209, 199, 3.6977e-06, 4.23704e-06
209, 201, 3.77318e-06, 7.77946e-06
209, 203, 2.42145e-06, 6.0443e-06
209, 204, 8.22324e-06, 4.94756e-06
209, 205, 2.14053e-06, 3.42584e-06
209, 206, 2.54813e-06, 7.18595e-06
209, 207, 6.82871e-06, 1.24573e-05
210, 195, 7.09117e-06, 5.23471e-06
210, 198, 6.89167e-06, 3.54149e-06
210, 199, 1.12209e-05, 4.14354e-06
210, 201, 9.57824e-06, 7.66957e-06
210, 203, 7.24608e-06, 6.15999e-06
210, 204, 4.3087e-06, 4.83337e-06
210, 205, 8.88103e-06, 3.01045e-06
210, 206, 6.69127e-06, 6.94416e-06
210, 207, 3.7662e-06, 1.23628e-05
210, 209, 3.59964e-06, 7.5847e-06
211, 195, 5.73289e-06, 4.92335e-06
211, 198, 8.4777e-06, 3.88699e-06
211, 199, 7.14902e-06, 4.5408e-06
211, 201, 7.5192e-06, 7.79232e-06
211, 203, 6.19423e-06, 6.20096e-06
211, 204, 7.86284e-06, 4.87144e-06
211, 205, 5.1092e-06, 3.04776e-06
211, 206, 5.1019e-06, 6.97938e-06
211, 207, 2.2069e-06, 1.19476e-05
211, 209, 4.27709e-06, 6.98159e-06
211, 210, 4.00149e-06, 8.91749e-06
212, 198, 5.79925e-06, 3.62755e-06
212, 199, 4.6684e-06, 4.5253e-06
212, 201, 5.54091e-06, 7.83264e-06
212, 203, 6.16268e-06, 5.91554e-06
212, 204, 7.64102e-06, 4.95453e-06
212, 205, 9.80841e-06, 3.42425e-06
212, 206, 3.41562e-06, 7.094e-06
212, 207, 3.61656e-06, 1.20949e-05
212, 209, 5.85989e-06, 7.18265e-06
212, 210, 3.23264e-06, 8.70131e-06
212, 211, 6.18992e-06, 2.58572e-06
213, 199, 9.85297e-06, 4.29684e-06
213, 201, 1.23654e-05, 7.57202e-06
213, 203, 7.16293e-06, 5.70572e-06
213, 204, 3.05601e-06, 4.51002e-06
213, 205, 9.31023e-06, 2.73501e-06
213, 206, 8.39021e-06, 7.36631e-06
213, 207, 5.88255e-06, 1.20497e-05
213, 209, 7.01141e-06, 6.87304e-06
213, 210, 6.66636e-06, 8.24185e-06
213, 211, 3.28433e-06, 2.2777e-06
213, 212, 3.67128e-06, 4.37941e-06
214, 203, 5.07008e-06, 5.77824e-06
214, 204, 9.1111e-06, 4.53242e-06
214, 205, 2.66584e-06, 2.52026e-06
214, 206, 5.06357e-06, 7.03023e-06
214, 207, 5.40048e-06, 1.22362e-05
214, 209, 6.639e-06, 6.78284e-06
214, 210, 2.72407e-06, 8.57491e-06
214, 211, 6.6167e-06, 2.96906e-06
214, 212, 6.50057e-06, 4.10735e-06
214, 213, 7.78342e-06, 6.71641e-06
215, 205, 6.15509e-06, 2.12899e-06
215, 206, 9.23156e-06, 6.95002e-06
215, 207, 1.96707e-06, 1.19065e-05
215, 209, 6.34847e-06, 7.1063e-06
215, 210, 5.19175e-06, 8.70344e-06
215, 211, 6.72793e-06, 2.14207e-06
215, 212, 5.14712e-06, 3.95931e-06
215, 213, 8.3244e-06, 6.87202e-06
215, 214, 2.79586e-06, 1.33146e-05
216, 207, 3.57482e-06, 1.20464e-05
216, 209, 6.26488e-06, 7.61812e-06
216, 210, 1.68415e-06, 8.42762e-06
216, 211, 1.01624e-05, 1.82041e-06
216, 212, 5.82881e-06, 3.90216e-06
216, 213, 1.00144e-05, 7.10593e-06
216, 214, 4.93178e-06, 1.33725e-05
216, 215, 6.54655e-06, 5.35943e-06
217, 209, 2.05796e-06, 7.14609e-06
217, 210, 6.02856e-06, 8.7199e-06
217, 211, 2.64826e-06, 3.67255e-06
217, 212, 2.86749e-06, 4.58567e-06
217, 213, 5.92084e-06, 7.19097e-06
217, 214, 2.6959e-06, 1.37476e-05
217, 215, 5.12144e-06, 5.56548e-06
217, 216, 7.41076e-06, 2.75073e-06
219, 210, 4.8175e-06, 8.63949e-06
219, 211, 4.61613e-06, 2.89195e-06
219, 212, 6.38917e-06, 5.00295e-06
219, 213, 6.46442e-06, 7.22232e-06
219, 214, 4.92046e-06, 1.35933e-05
219, 215, 2.10427e-06, 5.75537e-06
219, 216, 2.59982e-06, 1.91903e-06
219, 217, 2.36226e-06, 1.04473e-05
220, 210, 6.53484e-06, 8.74338e-06
220, 211, 3.35456e-06, 3.29344e-06
220, 212, 4.15573e-06, 4.7867e-06
220, 213, 4.37491e-06, 7.50068e-06
220, 214, 6.52436e-06, 1.34979e-05
220, 215, 7.43933e-06, 5.97853e-06
220, 216, 9.33342e-06, 2.37611e-06
220, 217, 7.85877e-06, 1.07337e-05
220, 219, 6.38956e-06, 1.30538e-05
221, 210, 4.12237e-06, 9.01557e-06
221, 211, 5.1814e-06, 2.8292e-06
221, 212, 2.59388e-06, 4.33084e-06
221, 213, 3.81089e-06, 7.15446e-06
221, 214, 7.15839e-06, 1.34656e-05
221, 215, 8.74641e-06, 5.6019e-06
221, 216, 8.18804e-06, 1.90931e-06
221, 217, 7.00514e-06, 1.03553e-05
221, 219, 4.26853e-06, 1.25327e-05
221, 220, 2.65458e-06, 1.20971e-05
222, 212, 4.29113e-06, 4.14737e-06
222, 213, 1.02804e-05, 7.19986e-06
222, 214, 4.62837e-06, 1.29816e-05
222, 215, 2.39142e-06, 5.78489e-06
222, 216, 7.20392e-06, 2.11989e-06
222, 217, 3.35901e-06, 1.07765e-05
222, 219, 1.70837e-06, 1.29107e-05
222, 220, 4.80226e-06, 1.19952e-05
222, 221, 7.03969e-06, 4.18969e-06
223, 213, 5.65247e-06, 6.99897e-06
223, 214, 6.82647e-06, 1.35721e-05
223, 215, 7.53595e-06, 5.78033e-06
223, 216, 6.6596e-06, 2.33559e-06
223, 217, 4.23076e-06, 1.06753e-05
223, 219, 5.54408e-06, 1.28993e-05
223, 220, 4.17898e-06, 1.22346e-05
223, 221, 9.29159e-06, 3.78448e-06
223, 222, 3.43827e-06, 3.69397e-06
224, 213, 3.89323e-06, 6.89484e-06
224, 214, 4.35587e-06, 1.364e-05
224, 215, 6.52157e-06, 5.22105e-06
224, 216, 5.46615e-06, 2.3672e-06
224, 217, 6.53756e-06, 1.01889e-05
224, 219, 2.16072e-06, 1.26765e-05
224, 220, 3.69214e-06, 1.21867e-05
224, 221, 5.73327e-06, 3.41963e-06
224, 222, 6.77427e-06, 3.88943e-06
224, 223, 3.51572e-06, 6.47254e-06
225, 215, 1.05587e-05, 5.19763e-06
225, 216, 1.50301e-05, 2.16961e-06
225, 217, 1.01982e-05, 1.09228e-05
225, 219, 9.4379e-06, 1.35393e-05
225, 220, 5.75421e-06, 1.21946e-05
225, 221, 5.42906e-06, 3.99796e-06
225, 222, 7.02569e-06, 3.57538e-06
225, 223, 3.88503e-06, 6.6508e-06
225, 224, 1.11941e-05, 8.2051e-06
226, 216, 5.41461e-06, 2.47311e-06
226, 217, 5.79462e-06, 1.04871e-05
226, 219, 1.49964e-06, 1.29302e-05
226, 220, 4.3242e-06, 1.20772e-05
226, 221, 9.06165e-06, 3.90516e-06
226, 222, 6.45115e-06, 4.12389e-06
226, 223, 5.49384e-06, 6.72521e-06
226, 224, 1.86289e-06, 8.07788e-06
226, 225, 4.04949e-06, 7.15836e-06
227, 216, 9.7691e-06, 2.46181e-06
227, 217, 9.05625e-06, 1.08464e-05
227, 219, 7.60467e-06, 1.25899e-05
227, 220, 3.95101e-06, 1.24529e-05
227, 221, 7.95877e-06, 3.38939e-06
227, 222, 3.37901e-06, 4.00133e-06
227, 223, 3.44366e-06, 6.55187e-06
227, 224, 6.77121e-06, 7.93899e-06
227, 225, 5.12019e-06, 7.43526e-06
227, 226, 4.06912e-06, 7.22951e-06
228, 217, 5.72912e-06, 1.08143e-05
228, 219, 7.27298e-06, 1.29877e-05
228, 220, 7.16563e-06, 1.21961e-05
228, 221, 5.35546e-06, 4.0185e-06
228, 222, 7.98797e-06, 4.33238e-06
228, 223, 4.26382e-06, 6.7727e-06
228, 224, 6.97997e-06, 8.62627e-06
228, 225, 2.56487e-06, 7.26829e-06
228, 226, 9.25986e-06, 6.93723e-06
228, 227, 8.73334e-06, 1.85188e-05
229, 219, 5.18622e-06, 1.30237e-05
229, 220, 6.52218e-06, 1.20582e-05
229, 221, 6.37971e-06, 3.58342e-06
229, 222, 1.09671e-05, 3.69351e-06
229, 223, 3.50989e-06, 6.57827e-06
229, 224, 6.49019e-06, 8.27706e-06
229, 225, 2.60182e-06, 7.35959e-06
229, 226, 8.3548e-06, 6.76041e-06
229, 227, 7.1854e-06, 1.89317e-05
229, 228, 5.05641e-06, 1.20207e-05
230, 219, 9.31757e-06, 1.29748e-05
230, 220, 5.5286e-06, 1.23044e-05
230, 221, 4.88083e-06, 3.65934e-06
230, 222, 5.92332e-06, 4.01557e-06
230, 223, 8.06453e-06, 6.82338e-06
230, 224, 7.15587e-06, 8.19885e-06
230, 225, 6.30297e-06, 7.04139e-06
230, 226, 3.91543e-06, 7.21404e-06
230, 227, 6.66999e-06, 1.86741e-05
230, 228, 9.47524e-06, 1.17516e-05
230, 229, 2.37748e-06, 1.27054e-05
231, 219, 8.46511e-06, 1.29089e-05
231, 220, 6.15038e-06, 1.21932e-05
231, 221, 5.81439e-06, 4.37449e-06
231, 222, 6.758e-06, 4.36308e-06
231, 223, 5.25705e-06, 6.99398e-06
231, 224, 4.0847e-06, 8.05552e-06
231, 225, 6.55823e-06, 7.62232e-06
231, 226, 7.33804e-06, 7.15161e-06
231, 227, 2.8129e-06, 1.89436e-05
231, 228, 1.10497e-05, 1.21362e-05
231, 229, 7.02845e-06, 1.21805e-05
231, 230, 4.67271e-06, 9.04821e-06
232, 220, 6.42792e-06, 1.21188e-05
232, 221, 6.99382e-06, 3.60439e-06
232, 222, 8.42428e-06, 4.25455e-06
232, 223, 7.979e-06, 6.65045e-06
232, 224, 4.35574e-06, 8.18772e-06
232, 225, 5.3295e-06, 7.32232e-06
232, 226, 1.06754e-05, 7.14624e-06
232, 227, 6.68229e-06, 1.87595e-05
232, 228, 8.77361e-06, 1.23581e-05
232, 229, 8.43852e-06, 1.2309e-05
232, 230, 8.51215e-06, 9.61026e-06
232, 231, 7.4778e-06, 6.16967e-06
233, 221, 3.70485e-06, 4.25812e-06
233, 222, 1.30715e-05, 3.64966e-06
233, 223, 3.70295e-06, 6.87119e-06
233, 224, 7.14412e-06, 8.20772e-06
233, 225, 7.47743e-06, 7.22916e-06
233, 226, 1.36321e-05, 7.48212e-06
233, 227, 1.4609e-05, 1.88101e-05
233, 228, 5.29464e-06, 1.19922e-05
233, 229, 7.11708e-06, 1.23934e-05
233, 230, 1.20292e-05, 9.54129e-06
233, 231, 4.29611e-06, 5.23027e-06
233, 232, 1.02024e-05, 9.58013e-06
235, 224, 8.54851e-06, 8.01484e-06
235, 225, 5.86463e-06, 7.09509e-06
235, 226, 5.09013e-06, 7.07343e-06
235, 227, 7.8368e-06, 1.86752e-05
235, 228, 8.02981e-06, 1.17289e-05
235, 229, 4.24719e-06, 1.19403e-05
235, 230, 9.03274e-06, 1.03981e-05
235, 231, 4.99253e-06, 5.90209e-06
235, 232, 7.89196e-06, 9.54845e-06
235, 233, 1.22844e-05, 4.14127e-06
236, 225, 3.83003e-06, 7.18572e-06
236, 226, 1.10304e-05, 7.08847e-06
236, 227, 5.27039e-06, 1.8956e-05
236, 228, 3.21183e-06, 1.25505e-05
236, 229, 4.27332e-06, 1.22715e-05
236, 230, 8.25536e-06, 9.12103e-06
236, 231, 3.52575e-06, 6.55247e-06
236, 232, 6.99263e-06, 9.70899e-06
236, 233, 5.45443e-06, 4.27873e-06
236, 235, 5.77953e-06, 7.48512e-06
237, 227, 4.57846e-06, 1.88417e-05
237, 228, 1.29278e-05, 1.19531e-05
237, 229, 3.11892e-06, 1.20526e-05
237, 230, 4.04399e-06, 9.78966e-06
237, 231, 8.73705e-06, 6.06094e-06
237, 232, 5.49233e-06, 1.01432e-05
237, 233, 1.18247e-05, 5.01549e-06
237, 235, 4.4811e-06, 6.86461e-06
237, 236, 4.66843e-06, 1.51924e-05
238, 229, 7.24549e-06, 1.22337e-05
238, 230, 5.59574e-06, 1.05837e-05
238, 231, 4.84016e-06, 6.64043e-06
238, 232, 9.30386e-06, 9.48085e-06
238, 233, 6.06137e-06, 3.62624e-06
238, 235, 9.3148e-06, 7.39625e-06
238, 236, 8.23969e-06, 1.58711e-05
238, 237, 7.85819e-06, 4.34531e-06
239, 230, 2.84977e-05, 9.54004e-06
239, 231, 2.00452e-05, 5.67802e-06
239, 232, 2.3416e-05, 9.94182e-06
239, 233, 2.35888e-05, 4.18017e-06
239, 235, 2.03369e-05, 7.20454e-06
239, 236, 2.85627e-05, 1.58709e-05
239, 237, 1.8043e-05, 3.65853e-06
239, 238, 2.5965e-05, 1.97875e-05
240, 232, 2.73932e-06, 9.92314e-06
240, 233, 1.85556e-05, 4.73292e-06
240, 235, 1.07674e-05, 7.21199e-06
240, 236, 3.4578e-06, 1.56454e-05
240, 237, 1.53948e-05, 4.02642e-06
240, 238, 5.84591e-06, 2.02694e-05
240, 239, 1.69504e-05, 2.44659e-05
241, 232, 4.55365e-05, 9.36021e-06
241, 233, 4.84435e-05, 4.80211e-06
241, 235, 4.7075e-05, 7.17989e-06
241, 236, 4.14847e-05, 1.50857e-05
241, 237, 5.46718e-05, 5.04915e-06
241, 238, 4.33111e-05, 2.03155e-05
241, 239, 5.7202e-05, 2.51952e-05
241, 240, 3.00907e-06, 2.33349e-05
242, 233, 3.72308e-05, 4.69888e-06
242, 235, 4.58464e-05, 7.7212e-06
242, 236, 5.2714e-05, 1.52306e-05
242, 237, 3.76712e-05, 4.66955e-06
242, 238, 4.60534e-05, 2.00583e-05
242, 239, 3.32076e-05, 2.50028e-05
242, 240, 8.77983e-05, 2.33087e-05
242, 241, 3.76876e-05, 8.33334e-06
243, 235, 4.53123e-05, 7.16997e-06
243, 236, 2.86885e-05, 1.51449e-05
243, 237, 4.53349e-05, 4.64747e-06
243, 238, 3.59983e-05, 1.97033e-05
243, 239, 4.85015e-05, 2.51111e-05
243, 240, 7.38431e-06, 2.39163e-05
243, 241, 4.56389e-05, 7.74386e-06
243, 242, 3.05168e-06, 8.24753e-06
244, 236, 1.93269e-05, 1.48578e-05
244, 237, 3.53436e-05, 4.07554e-06
244, 238, 2.92959e-05, 2.01433e-05
244, 239, 3.93666e-05, 2.47993e-05
244, 240, 1.58508e-05, 2.35855e-05
244, 241, 3.69588e-05, 7.43355e-06
244, 242, 1.20412e-05, 8.46884e-06
244, 243, 6.16334e-05, 5.71882e-06
245, 237, 3.21228e-05, 4.41201e-06
245, 238, 4.72149e-05, 2.01478e-05
245, 239, 2.80696e-05, 2.49888e-05
245, 240, 8.58101e-05, 2.36832e-05
245, 241, 3.43263e-05, 7.47311e-06
245, 242, 8.06776e-05, 9.11927e-06
245, 243, 9.92295e-06, 4.82997e-06
245, 244, 8.38358e-05, 3.25535e-05
246, 237, 2.19338e-05, 4.38468e-06
246, 238, 1.8209e-05, 2.01154e-05
246, 239, 2.70585e-05, 2.51868e-05
246, 240, 2.48663e-05, 2.33045e-05
246, 241, 2.57155e-05, 7.89637e-06
246, 242, 2.19836e-05, 8.5102e-06
246, 243, 4.98129e-05, 5.22392e-06
246, 244, 2.44875e-05, 3.18317e-05
246, 245, 4.91494e-05, 1.38637e-05
247, 238, 4.91654e-05, 1.97777e-05
247, 239, 5.93398e-05, 2.50579e-05
247, 240, 8.2306e-06, 2.31801e-05
247, 241, 5.87215e-05, 7.75497e-06
247, 242, 1.17872e-05, 8.5283e-06
247, 243, 8.12507e-05, 5.82035e-06
247, 244, 8.29487e-06, 3.19367e-05
247, 245, 8.10156e-05, 1.3819e-05
247, 246, 5.83736e-05, 6.25635e-06
248, 240, 9.1522e-05, 2.34284e-05
248, 241, 4.05199e-05, 7.53841e-06
248, 242, 8.50261e-05, 8.20005e-06
248, 243, 1.12768e-05, 4.62417e-06
248, 244, 8.52052e-05, 3.16993e-05
248, 245, 1.11737e-05, 1.38877e-05
248, 246, 3.27764e-05, 6.25565e-06
248, 247, 2.01323e-05, 7.78229e-06
249, 242, 2.3898e-05, 8.67288e-06
249, 243, 4.99556e-05, 6.73599e-06
249, 244, 2.62931e-05, 3.23432e-05
249, 245, 4.75609e-05, 1.4052e-05
249, 246, 2.66579e-05, 7.13922e-06
249, 247, 3.86493e-05, 7.78499e-06
249, 248, 1.43011e-05, 1.57798e-05
250, 242, 5.76323e-05, 8.77862e-06
250, 243, 1.11283e-05, 4.67754e-06
250, 244, 5.62997e-05, 3.27348e-05
250, 245, 1.34836e-05, 1.30191e-05
250, 246, 9.52647e-06, 6.46274e-06
250, 247, 4.40009e-06, 7.70691e-06
250, 248, 4.95432e-05, 1.51269e-05
250, 249, 7.38439e-06, 1.40397e-05
251, 244, 1.29518e-05, 3.20985e-05
251, 245, 7.21883e-05, 1.41215e-05
251, 246, 4.37971e-05, 6.0785e-06
251, 247, 5.86025e-05, 8.26358e-06
251, 248, 1.04748e-05, 1.49704e-05
251, 249, 6.04485e-05, 1.43366e-05
251, 250, 4.21467e-05, 1.75652e-05
252, 248, 1.31186e-05, 1.50498e-05
252, 249, 6.75633e-05, 1.50484e-05
252, 250, 4.90758e-05, 1.80097e-05
252, 251, 4.46366e-05, 1.51694e-05
253, 249, 1.09974e-05, 1.48642e-05
253, 250, 1.25488e-05, 1.78894e-05
253, 251, 1.77688e-05, 1.51974e-05
253, 252, 6.38637e-05, 3.1985e-05
254, 251, 2.66987e-05, 1.50349e-05
254, 252, 2.27483e-05, 3.17928e-05
254, 253, 3.97607e-05, 3.80688e-06
255, 252, 5.05026e-05, 3.17718e-05
255, 253, 9.59367e-06, 4.04253e-06
255, 254, 4.08452e-05, 5.34943e-06
256, 253, 4.66565e-05, 4.33605e-06
256, 254, 9.61826e-05, 5.80372e-06
256, 255, 2.60811e-05, 1.61646e-05
257, 255, 2.82118e-06, 1.62167e-05
257, 256, 6.58944e-06, 1.41251e-05
258, 256, 1.61632e-05, 1.40068e-05
258, 257, 4.92069e-05, 1.59647e-05
259, 256, 9.51792e-06, 1.40123e-05
259, 257, 4.25672e-05, 1.61345e-05
259, 258, 6.51793e-05, 2.113e-05
260, 256, 1.62224e-05, 1.41651e-05
260, 257, 5.67375e-05, 1.54321e-05
260, 258, 7.51414e-05, 2.13427e-05
260, 259, 8.30266e-06, 2.02388e-05
261, 258, 5.53637e-05, 2.13219e-05
261, 259, 2.68892e-05, 1.99872e-05
261, 260, 2.56891e-05, 2.22202e-05
262, 259, 2.74925e-05, 2.02183e-05
262, 260, 2.88234e-05, 2.23351e-05
262, 261, 1.52974e-05, 1.04462e-05
263, 259, 6.81775e-05, 1.99412e-05
263, 260, 6.20749e-05, 2.18837e-05
263, 261, 5.69958e-05, 1.06372e-05
263, 262, 1.70972e-05, 1.35451e-05
264, 261, 6.95859e-05, 1.12988e-05
264, 262, 3.46234e-05, 1.41373e-05
264, 263, 7.67469e-06, 2.61074e-05
265, 261, 5.14595e-05, 1.00945e-05
265, 262, 1.21237e-05, 1.32573e-05
265, 263, 2.00423e-05, 2.60707e-05
265, 264, 6.63182e-06, 3.98656e-05
266, 261, 2.63058e-05, 9.81929e-06
266, 262, 1.07705e-05, 1.46608e-05
266, 263, 3.3172e-05, 2.60608e-05
266, 264, 2.7398e-05, 3.94169e-05
266, 265, 4.58252e-06, 8.75421e-06
267, 262, 3.3486e-05, 1.44744e-05
267, 263, 2.7552e-06, 2.63811e-05
267, 264, 1.16195e-05, 3.91118e-05
267, 265, 3.22907e-05, 9.2634e-06
267, 266, 7.59863e-06, 4.26485e-05
268, 262, 1.32874e-05, 1.35016e-05
268, 263, 2.1769e-05, 2.7083e-05
268, 264, 1.67027e-05, 3.93996e-05
268, 265, 1.85431e-05, 8.71741e-06
268, 266, 1.37219e-05, 4.32695e-05
268, 267, 6.3492e-05, 3.64908e-05
269, 262, 1.74734e-05, 1.3986e-05
269, 263, 1.12152e-05, 2.60003e-05
269, 264, 8.00405e-06, 3.92358e-05
269, 265, 2.80299e-05, 8.9392e-06
269, 266, 1.18174e-05, 4.25909e-05
269, 267, 7.22742e-05, 3.61282e-05
269, 268, 2.08922e-05, 5.37816e-05
271, 265, 2.61588e-05, 8.81162e-06
271, 266, 5.22389e-05, 4.19935e-05
271, 267, 2.67712e-05, 3.67063e-05
271, 268, 3.37538e-05, 5.35898e-05
271, 269, 2.50648e-05, 8.68701e-06
272, 267, 8.38843e-05, 3.64588e-05
272, 268, 2.57778e-05, 5.39018e-05
272, 269, 3.52799e-05, 8.13007e-06
272, 271, 4.71027e-05, 3.266e-05
273, 268, 4.25845e-05, 5.37174e-05
273, 269, 3.84542e-05, 8.6298e-06
273, 271, 2.19212e-05, 3.1804e-05
273, 272, 1.29727e-05, 3.16893e-05
274, 269, 1.30797e-05, 8.39569e-06
274, 271, 1.11608e-05, 3.4006e-05
274, 272, 1.68084e-05, 3.04748e-05
274, 273, 1.43297e-05, 6.41441e-06
275, 271, 6.15826e-06, 3.38287e-05
275, 272, 8.02995e-06, 3.18e-05
275, 273, 1.55465e-05, 4.76084e-06
275, 274, 1.85803e-05, 1.26594e-05
276, 272, 5.77481e-05, 3.03884e-05
276, 273, 3.12509e-05, 5.59954e-06
276, 274, 6.28837e-05, 1.17703e-05
276, 275, 8.08056e-05, 5.0171e-05
277, 273, 3.1528e-05, 5.98812e-06
277, 274, 3.71296e-06, 1.2228e-05
277, 275, 1.68546e-05, 5.07887e-05
277, 276, 4.8882e-05, 3.21706e-05
278, 273, 3.43318e-05, 6.19705e-06
278, 274, 6.15793e-05, 1.21654e-05
278, 275, 8.11989e-05, 5.03373e-05
278, 276, 1.59978e-05, 3.23095e-05
278, 277, 6.60013e-05, 4.33108e-05
279, 274, 5.51885e-05, 1.2328e-05
279, 275, 7.28544e-05, 5.06633e-05
279, 276, 6.33876e-06, 3.20234e-05
279, 277, 5.47154e-05, 4.28704e-05
279, 278, 5.01112e-05, 4.57248e-05
280, 275, 4.12367e-05, 5.01908e-05
280, 276, 3.0373e-05, 3.24525e-05
280, 277, 2.26828e-05, 4.42149e-05
280, 278, 1.77865e-05, 4.56364e-05
280, 279, 9.94257e-06, 6.23223e-06
281, 275, 9.51782e-05, 5.07121e-05
281, 276, 2.85767e-05, 3.20531e-05
281, 277, 8.57398e-05, 4.35832e-05
281, 278, 7.73739e-05, 4.6103e-05
281, 279, 5.05346e-05, 7.22296e-06
281, 280, 7.95478e-05, 3.06736e-05
282, 277, 4.88893e-05, 4.28788e-05
282, 278, 4.37807e-05, 4.66203e-05
282, 279, 1.77353e-05, 5.92456e-06
282, 280, 4.68118e-05, 3.09826e-05
282, 281, 4.97746e-05, 4.60942e-05
283, 277, 2.48204e-05, 4.38383e-05
283, 278, 2.61184e-05, 4.59107e-05
283, 279, 5.46675e-06, 6.48998e-06
283, 280, 2.88692e-05, 3.11e-05
283, 281, 3.18176e-05, 4.73041e-05
283, 282, 1.28119e-05, 8.67934e-06
284, 277, 5.80967e-05, 4.36184e-05
284, 278, 5.06825e-05, 4.58859e-05
284, 279, 2.64374e-05, 4.68592e-06
284, 280, 5.54886e-05, 3.04117e-05
284, 281, 6.04139e-05, 4.6074e-05
284, 282, 4.08414e-05, 8.30466e-06
284, 283, 1.57535e-05, 1.10658e-05
285, 278, 5.41475e-05, 4.59857e-05
285, 279, 1.90517e-05, 5.39735e-06
285, 280, 4.7541e-05, 3.07528e-05
285, 281, 5.56426e-05, 4.63227e-05
285, 282, 3.65475e-05, 8.48574e-06
285, 283, 1.97521e-05, 1.13645e-05
285, 284, 2.22178e-05, 1.80392e-05
286, 277, 1.10937e-05, 4.29013e-05
286, 278, 1.117e-05, 4.67629e-05
286, 279, 4.09862e-05, 6.56859e-06
286, 280, 1.45742e-05, 3.02704e-05
286, 281, 7.22224e-06, 4.58856e-05
286, 282, 2.46968e-05, 8.44985e-06
286, 283, 8.10709e-05, 1.04429e-05
286, 284, 3.89878e-05, 1.86999e-05
286, 285, 1.07133e-05, 1.13497e-05
287, 279, 1.47795e-05, 5.46471e-06
287, 280, 4.23513e-05, 3.10133e-05
287, 281, 4.59628e-05, 4.5987e-05
287, 282, 3.14614e-05, 7.81911e-06
287, 283, 3.10518e-05, 1.13716e-05
287, 284, 1.45839e-05, 1.69715e-05
287, 285, 4.1709e-05, 1.12593e-05
287, 286, 3.08632e-05, 1.74836e-05
288, 280, 3.78474e-05, 3.16905e-05
288, 281, 3.93722e-05, 4.71366e-05
288, 282, 2.12026e-05, 5.83944e-06
288, 283, 3.73765e-05, 1.0863e-05
288, 284, 8.27303e-06, 1.71964e-05
288, 285, 3.04863e-05, 1.16778e-05
288, 286, 4.42232e-05, 1.69768e-05
288, 287, 1.9067e-05, 9.8901e-06
289, 284, 2.15612e-05, 1.70086e-05
289, 285, 5.02337e-05, 1.06145e-05
289, 286, 2.03723e-05, 1.84249e-05
289, 287, 3.9481e-05, 9.92404e-06
289, 288, 2.24336e-05, 2.11233e-05
290, 285, 8.84686e-06, 1.28218e-05
290, 286, 7.69804e-05, 1.71574e-05
290, 287, 1.85186e-05, 1.2747e-05
290, 288, 3.10039e-05, 2.07902e-05
290, 289, 7.04976e-05, 3.32974e-05
291, 287, 8.8804e-06, 9.9528e-06
291, 288, 1.07374e-05, 2.03645e-05
291, 289, 4.95754e-05, 3.34328e-05
291, 290, 1.89001e-05, 2.13246e-05
292, 288, 5.44611e-05, 1.78668e-05
292, 289, 1.60063e-05, 3.34331e-05
292, 290, 5.0544e-05, 2.27784e-05
292, 291, 4.24132e-05, 6.76106e-05
293, 289, 4.42922e-05, 3.32699e-05
293, 290, 1.03582e-05, 2.19435e-05
293, 291, 1.93444e-05, 6.76944e-05
293, 292, 1.20234e-05, 6.22279e-05
294, 290, 1.08988e-05, 2.10181e-05
294, 291, 1.56994e-05, 6.75126e-05
294, 292, 9.74221e-06, 6.29784e-05
294, 293, 1.81937e-05, 3.74509e-05
295, 291, 3.2373e-05, 6.76857e-05
295, 292, 4.29215e-05, 6.31688e-05
295, 293, 6.39527e-05, 3.76219e-05
295, 294, 3.82138e-05, 3.43788e-05
296, 291, 5.62103e-05, 6.76858e-05
296, 292, 4.84612e-05, 6.32665e-05
296, 293, 2.52349e-05, 3.75339e-05
296, 294, 5.18963e-05, 3.52945e-05
296, 295, 8.23084e-05, 4.82902e-06
298, 292, 4.51491e-05, 6.19358e-05
298, 293, 6.55938e-05, 3.79427e-05
298, 294, 3.73226e-05, 3.40287e-05
298, 295, 7.00906e-06, 4.33479e-06
298, 296, 9.26336e-05, 3.843e-05
299, 292, 1.96306e-05, 6.35267e-05
299, 293, 8.10013e-06, 3.76112e-05
299, 294, 2.59653e-05, 3.4686e-05
299, 295, 5.23551e-05, 3.57564e-06
299, 296, 3.52571e-05, 3.78914e-05
299, 298, 6.28406e-05, 2.46442e-05
300, 292, 2.17107e-05, 6.19013e-05
300, 293, 3.95541e-05, 3.77698e-05
300, 294, 1.49887e-05, 3.45604e-05
300, 295, 1.99357e-05, 3.6858e-06
300, 296, 6.79309e-05, 3.77911e-05
300, 298, 3.05614e-05, 2.47473e-05
300, 299, 2.02158e-05, 6.85106e-05
301, 294, 5.85314e-06, 3.4327e-05
301, 295, 3.31907e-05, 3.47892e-06
301, 296, 5.74684e-05, 3.81569e-05
301, 298, 4.14587e-05, 2.43576e-05
301, 299, 1.14034e-05, 6.77783e-05
301, 300, 1.22958e-05, 5.59019e-06
302, 294, 1.90738e-05, 3.47302e-05
302, 295, 1.88017e-05, 4.87755e-06
302, 296, 6.99736e-05, 3.79782e-05
302, 298, 2.85003e-05, 2.42832e-05
302, 299, 2.28039e-05, 6.80755e-05
302, 300, 2.68361e-05, 5.18809e-06
302, 301, 1.8302e-05, 1.62044e-05
303, 294, 1.90793e-05, 3.42229e-05
303, 295, 4.763e-05, 4.06974e-06
303, 296, 4.11022e-05, 3.79904e-05
303, 298, 5.66895e-05, 2.42058e-05
303, 299, 9.27641e-06, 6.89862e-05
303, 300, 7.12033e-06, 7.1016e-06
303, 301, 1.31194e-05, 1.58592e-05
303, 302, 8.99484e-06, 5.15011e-06
304, 295, 7.19645e-05, 3.54899e-06
304, 296, 1.83148e-05, 3.79063e-05
304, 298, 8.12e-05, 2.40635e-05
304, 299, 3.40587e-05, 6.80929e-05
304, 300, 3.07324e-05, 5.78019e-06
304, 301, 3.68633e-05, 1.56888e-05
304, 302, 1.8113e-05, 4.56316e-06
304, 303, 6.08474e-05, 1.40864e-05
305, 296, 5.19452e-05, 3.69912e-05
305, 298, 4.81339e-05, 2.47618e-05
305, 299, 4.72535e-06, 6.83137e-05
305, 300, 5.92009e-06, 6.80482e-06
305, 301, 5.33908e-06, 1.45431e-05
305, 302, 1.89674e-05, 6.38853e-06
305, 303, 2.6065e-05, 1.10369e-05
305, 304, 2.95909e-05, 1.21225e-05
306, 298, 5.72044e-05, 2.47093e-05
306, 300, 1.28841e-05, 5.47431e-06
306, 301, 1.19841e-05, 1.62762e-05
306, 302, 1.42933e-05, 5.65497e-06
306, 303, 3.55319e-05, 1.06233e-05
306, 304, 2.12688e-05, 1.21524e-05
306, 305, 6.3903e-06, 1.60623e-05
307, 300, 1.53937e-05, 5.03368e-06
307, 301, 2.12098e-05, 1.64119e-05
307, 302, 5.47943e-06, 6.21847e-06
307, 303, 4.48453e-05, 1.04311e-05
307, 304, 1.44751e-05, 1.25542e-05
307, 305, 1.46815e-05, 1.56952e-05
307, 306, 1.42991e-05, 1.44997e-05
308, 302, 3.83772e-05, 3.64906e-06
308, 303, 1.49041e-05, 1.0982e-05
308, 304, 4.6282e-05, 1.24615e-05
308, 305, 2.87789e-05, 1.46627e-05
308, 306, 4.27913e-05, 1.46425e-05
308, 307, 4.22707e-05, 9.91899e-06
309, 304, 3.62434e-05, 1.1468e-05
309, 305, 2.00525e-05, 1.49246e-05
309, 306, 3.61968e-05, 1.42088e-05
309, 307, 3.18678e-05, 1.03356e-05
309, 308, 5.04145e-05, 2.92227e-05
310, 305, 1.60446e-05, 1.52774e-05
310, 306, 1.57212e-05, 1.56546e-05
310, 307, 9.42073e-06, 1.12041e-05
310, 308, 7.26442e-05, 2.90391e-05
310, 309, 5.766e-05, 6.32432e-05
311, 305, 6.50672e-06, 1.44274e-05
311, 306, 2.31357e-05, 1.45143e-05
311, 307, 1.99723e-05, 9.38962e-06
311, 308, 5.75605e-05, 2.96186e-05
311, 309, 3.99474e-05, 6.28952e-05
311, 310, 2.6414e-05, 1.69107e-05
313, 307, 3.2853e-05, 9.63318e-06
313, 308, 6.10213e-05, 2.87962e-05
313, 309, 4.44959e-05, 6.32811e-05
313, 310, 4.23172e-05, 1.74105e-05
313, 311, 4.08653e-05, 4.12844e-05
314, 308, 6.53572e-05, 3.04405e-05
314, 309, 5.84505e-05, 6.28178e-05
314, 310, 1.2063e-05, 1.66529e-05
314, 311, 4.35375e-05, 4.04261e-05
314, 313, 6.39914e-05, 3.74986e-05
316, 308, 4.94529e-05, 2.94736e-05
316, 309, 3.92329e-05, 6.12336e-05
316, 310, 7.20831e-05, 1.50383e-05
316, 311, 4.77504e-05, 4.2454e-05
316, 313, 4.80368e-05, 3.78001e-05
316, 314, 5.62534e-05, 1.97102e-05
317, 309, 6.94359e-05, 6.33691e-05
317, 310, 5.85293e-05, 1.66633e-05
317, 311, 6.57967e-05, 4.19719e-05
317, 313, 1.45616e-05, 3.82974e-05
317, 314, 6.8701e-06, 2.11359e-05
317, 316, 5.84383e-06, 1.87785e-05
318, 308, 5.46504e-05, 3.04551e-05
318, 309, 4.79262e-05, 6.22844e-05
318, 310, 9.03891e-05, 1.8116e-05
318, 311, 6.3436e-05, 3.9674e-05
318, 313, 7.35512e-05, 3.49887e-05
318, 314, 8.47579e-05, 2.11915e-05
318, 316, 8.59834e-05, 1.9606e-05
318, 317, 6.39507e-05, 6.57432e-06
319, 310, 8.73701e-05, 1.64179e-05
319, 311, 6.14334e-05, 4.12447e-05
319, 313, 7.4404e-05, 3.6011e-05
319, 314, 8.59255e-05, 1.96581e-05
319, 316, 8.48171e-05, 1.99213e-05
319, 317, 5.97576e-05, 6.83116e-06
319, 318, 0.000108195, 5.85346e-05
320, 310, 1.05879e-05, 1.70898e-05
320, 311, 4.12628e-05, 4.15356e-05
320, 313, 5.48715e-05, 3.73487e-05
320, 314, 6.37793e-05, 1.98327e-05
320, 316, 5.05732e-05, 1.88651e-05
320, 317, 3.63171e-05, 8.63135e-06
320, 318, 3.73819e-05, 5.69699e-05
320, 319, 6.37913e-05, 5.06472e-05
321, 311, 7.40864e-05, 4.16001e-05
321, 313, 6.56737e-05, 3.698e-05
321, 314, 7.03051e-05, 2.22862e-05
321, 316, 7.12371e-05, 2.1209e-05
321, 317, 7.04856e-05, 7.78834e-06
321, 318, 0.000105651, 5.58212e-05
321, 319, 3.89564e-05, 5.05389e-05
321, 320, 3.77492e-05, 6.63808e-05
322, 311, 4.6416e-05, 4.28656e-05
322, 313, 1.48331e-05, 3.70039e-05
322, 314, 3.03419e-05, 1.98883e-05
322, 316, 2.42893e-05, 1.85558e-05
322, 317, 2.82463e-05, 7.8157e-06
322, 318, 5.03943e-05, 5.72658e-05
322, 319, 2.05605e-05, 5.0281e-05
322, 320, 3.75331e-05, 6.60575e-05
322, 321, 5.55234e-05, 3.22114e-05
323, 310, 1.67217e-05, 1.79691e-05
323, 311, 4.11727e-05, 4.0855e-05
323, 313, 4.05781e-05, 3.56753e-05
323, 314, 4.70011e-05, 2.10192e-05
323, 316, 4.35491e-05, 2.12172e-05
323, 317, 3.4171e-05, 7.71222e-06
323, 318, 2.48495e-05, 5.60564e-05
323, 319, 5.60613e-05, 5.17646e-05
323, 320, 6.17443e-05, 6.82677e-05
323, 321, 2.17341e-05, 3.10866e-05
323, 322, 3.08338e-05, 3.85005e-05
324, 317, 6.68012e-05, 7.39779e-06
324, 318, 9.39205e-05, 5.5884e-05
324, 319, 3.84488e-05, 5.02032e-05
324, 320, 3.46373e-05, 6.57165e-05
324, 321, 0.000106952, 3.23735e-05
324, 322, 5.75911e-05, 4.21722e-05
324, 323, 7.29457e-05, 2.50931e-05
325, 316, 1.84241e-05, 1.9692e-05
325, 317, 4.58769e-05, 8.43793e-06
325, 318, 5.43169e-05, 5.8232e-05
325, 319, 2.74424e-05, 5.10944e-05
325, 320, 4.32635e-05, 6.70635e-05
325, 321, 6.91256e-05, 3.2952e-05
325, 322, 2.38852e-05, 4.13887e-05
325, 323, 3.30875e-05, 2.49155e-05
325, 324, 1.34507e-05, 1.67076e-05
326, 317, 3.12146e-05, 8.68831e-06
326, 318, 8.28407e-05, 5.72225e-05
326, 319, 4.25026e-05, 5.25329e-05
326, 320, 3.18711e-05, 6.44615e-05
326, 321, 6.4673e-05, 3.3302e-05
326, 322, 5.28612e-05, 4.1157e-05
326, 323, 5.69846e-05, 2.52208e-05
326, 324, 5.7087e-05, 1.82196e-05
326, 325, 5.3834e-05, 2.53733e-05
327, 317, 4.9326e-05, 8.0109e-06
327, 318, 8.01968e-05, 5.80992e-05
327, 319, 1.54443e-05, 5.13918e-05
327, 320, 2.08438e-05, 6.61603e-05
327, 321, 8.69203e-05, 3.13932e-05
327, 322, 3.68714e-05, 4.20431e-05
327, 323, 5.26362e-05, 2.43871e-05
327, 324, 3.40578e-05, 1.80046e-05
327, 325, 7.68106e-05, 2.4929e-05
327, 326, 6.35456e-05, 2.32171e-05
328, 318, 9.77569e-05, 5.73429e-05
328, 319, 6.93175e-05, 5.29388e-05
328, 320, 5.05909e-05, 6.67031e-05
328, 321, 7.37825e-05, 3.19811e-05
328, 322, 6.74388e-05, 4.3013e-05
328, 323, 6.80578e-05, 2.71782e-05
328, 324, 7.77028e-05, 1.74439e-05
328, 325, 6.06897e-05, 2.67718e-05
328, 326, 1.28213e-05, 2.22098e-05
328, 327, 9.86929e-05, 4.35718e-05
329, 318, 9.58974e-05, 5.79847e-05
329, 321, 7.41721e-05, 3.39761e-05
329, 322, 7.37267e-05, 4.00755e-05
329, 323, 7.16092e-05, 2.37048e-05
329, 324, 8.00755e-05, 1.72817e-05
329, 325, 6.33304e-05, 2.38005e-05
329, 326, 1.4367e-05, 2.23069e-05
329, 327, 9.85301e-05, 4.00735e-05
329, 328, 6.26503e-05, 6.31837e-05
330, 319, 4.68957e-05, 5.13673e-05
330, 321, 4.7379e-05, 3.29894e-05
330, 322, 2.15073e-05, 4.06502e-05
330, 323, 1.63288e-05, 2.50466e-05
330, 324, 2.60354e-05, 1.79879e-05
330, 325, 5.33445e-05, 2.50207e-05
330, 326, 8.63642e-05, 2.43538e-05
330, 327, 4.38435e-05, 4.01147e-05
330, 328, 2.75857e-05, 6.20615e-05
330, 329, 8.51769e-05, 2.29475e-05
331, 321, 8.02321e-05, 3.39598e-05
331, 322, 3.81239e-05, 4.19547e-05
331, 323, 5.01044e-05, 2.26887e-05
331, 324, 4.03213e-05, 1.65584e-05
331, 325, 6.70615e-05, 2.30671e-05
331, 326, 4.47085e-05, 2.33848e-05
331, 327, 5.28241e-05, 4.26408e-05
331, 328, 4.35897e-05, 6.26598e-05
331, 329, 9.03389e-05, 1.94108e-05
331, 330, 5.74944e-05, 5.85726e-05
332, 320, 5.671e-05, 6.38161e-05
332, 323, 1.82088e-05, 2.28618e-05
332, 324, 2.49972e-05, 1.65242e-05
332, 325, 4.2556e-05, 2.56262e-05
332, 326, 8.23528e-05, 2.33771e-05
332, 327, 4.31452e-05, 4.31071e-05
332, 328, 1.96202e-05, 6.10032e-05
332, 329, 8.28507e-05, 2.02949e-05
332, 330, 4.7679e-05, 5.55384e-05
332, 331, 6.62235e-05, 5.13939e-05
333, 323, 8.0262e-05, 2.56445e-05
333, 325, 9.85709e-05, 2.441e-05
333, 326, 6.26806e-05, 2.47233e-05
333, 327, 6.79554e-05, 4.04163e-05
333, 328, 7.38229e-05, 6.32985e-05
333, 329, 0.000121445, 2.11285e-05
333, 330, 8.90856e-05, 5.46567e-05
333, 331, 6.62026e-05, 4.9112e-05
333, 332, 5.19122e-05, 3.59271e-05
334, 320, 8.70323e-05, 6.63532e-05
334, 326, 7.92037e-05, 2.31651e-05
334, 327, 8.9669e-05, 4.04285e-05
334, 328, 5.02274e-05, 6.17039e-05
334, 329, 3.05137e-05, 2.25896e-05
334, 330, 2.65537e-05, 5.65981e-05
334, 331, 5.93269e-05, 5.01334e-05
334, 332, 6.13169e-05, 3.8382e-05
334, 333, 4.7682e-05, 6.20131e-05
335, 328, 3.5129e-05, 5.93378e-05
335, 330, 1.89015e-05, 5.78732e-05
335, 331, 1.73943e-05, 5.11398e-05
335, 332, 3.43507e-05, 3.63775e-05
335, 333, 1.49796e-05, 6.05855e-05
335, 334, 4.96265e-05, 7.71737e-05
336, 329, 6.64954e-05, 2.0925e-05
336, 330, 5.92294e-05, 5.72973e-05
336, 331, 2.4913e-05, 5.12288e-05
336, 332, 5.87405e-05, 3.79606e-05
336, 333, 4.19033e-05, 5.96309e-05
336, 334, 7.62591e-05, 8.08871e-05
336, 335, 8.71084e-05, 1.15664e-05
338, 331, 6.48361e-05, 5.40309e-05
338, 332, 5.06309e-05, 3.90847e-05
338, 333, 6.87416e-05, 6.27246e-05
338, 334, 5.88364e-05, 8.04617e-05
338, 335, 3.46141e-05, 1.15017e-05
338, 336, 8.03295e-05, 5.55229e-05
339, 331, 1.40005e-05, 5.22387e-05
339, 332, 5.1385e-05, 3.51367e-05
339, 333, 3.00926e-05, 6.21219e-05
339, 334, 5.93772e-05, 8.17088e-05
339, 335, 8.88077e-05, 9.46687e-06
339, 336, 2.18283e-05, 5.50488e-05
339, 338, 9.37061e-05, 8.04269e-05
340, 331, 5.29244e-05, 5.04302e-05
340, 333, 5.75607e-05, 6.31775e-05
340, 334, 5.77115e-05, 7.91275e-05
340, 335, 3.51243e-05, 1.21394e-05
340, 336, 7.38345e-05, 5.50845e-05
340, 338, 7.12426e-05, 7.72181e-05
340, 339, 5.82926e-05, 2.11216e-05
341, 333, 6.02435e-05, 6.21956e-05
341, 334, 3.55579e-05, 8.19018e-05
341, 335, 1.03257e-05, 1.08874e-05
341, 336, 7.91958e-05, 5.61095e-05
341, 338, 3.49754e-05, 8.08443e-05
341, 339, 8.60957e-05, 2.40917e-05
341, 340, 4.70209e-05, 6.82391e-05
342, 333, 5.46019e-05, 6.16416e-05
342, 334, 4.31021e-05, 8.02743e-05
342, 335, 2.73098e-05, 1.05636e-05
342, 336, 6.77263e-05, 5.64607e-05
342, 338, 5.53842e-05, 7.8562e-05
342, 339, 6.95238e-05, 2.17117e-05
342, 340, 2.99082e-05, 6.75358e-05
342, 341, 8.27009e-05, 6.97661e-05
343, 335, 7.98331e-05, 1.05009e-05
343, 336, 3.73061e-05, 5.60006e-05
343, 338, 9.31676e-05, 7.87433e-05
343, 339, 1.55727e-05, 2.07775e-05
343, 340, 2.59802e-05, 6.93348e-05
343, 341, 6.84618e-05, 6.88065e-05
343, 342, 3.6826e-05, 6.10383e-05
344, 338, 9.48212e-05, 7.87955e-05
344, 339, 8.03078e-05, 2.46895e-05
344, 340, 7.38047e-05, 6.97325e-05
344, 341, 2.24277e-05, 6.78757e-05
344, 342, 9.04291e-05, 5.89146e-05
344, 343, 7.09151e-05, 5.64274e-05
346, 338, 5.27222e-05, 7.91542e-05
346, 339, 5.82097e-05, 2.26871e-05
346, 340, 1.77163e-05, 6.59224e-05
346, 341, 4.90027e-05, 6.95983e-05
346, 342, 2.91972e-05, 6.17692e-05
346, 343, 1.51329e-05, 5.95963e-05
346, 344, 6.28915e-05, 9.47928e-05
347, 338, 5.23343e-05, 7.91112e-05
347, 339, 7.06773e-05, 2.61515e-05
347, 340, 2.82583e-05, 6.68659e-05
347, 341, 7.74373e-05, 6.76857e-05
347, 342, 1.35466e-05, 5.92508e-05
347, 343, 2.66279e-05, 5.70958e-05
347, 344, 6.69766e-05, 9.45188e-05
347, 346, 2.95352e-05, 3.51789e-05
349, 338, 8.87965e-05, 8.04859e-05
349, 339, 5.31254e-05, 2.33565e-05
349, 340, 3.87689e-05, 6.93901e-05
349, 341, 0.000102627, 6.72563e-05
349, 342, 2.74778e-05, 5.89593e-05
349, 343, 5.31003e-05, 5.99357e-05
349, 344, 5.51318e-05, 9.31436e-05
349, 346, 5.55961e-05, 3.17476e-05
349, 347, 5.70455e-05, 6.05238e-05
350, 339, 7.11991e-05, 2.45157e-05
350, 340, 3.91168e-05, 6.7325e-05
350, 341, 4.48933e-05, 6.65422e-05
350, 342, 3.93242e-05, 6.02331e-05
350, 343, 1.69552e-05, 5.73817e-05
350, 344, 7.98746e-05, 9.4308e-05
350, 346, 1.36565e-05, 3.55494e-05
350, 347, 1.0782e-05, 6.01805e-05
350, 349, 5.86042e-05, 5.36531e-05
351, 339, 7.01399e-05, 2.07345e-05
351, 340, 5.28921e-05, 6.84224e-05
351, 341, 1.92683e-05, 6.7155e-05
351, 342, 6.30234e-05, 6.14538e-05
351, 343, 5.6941e-05, 5.91515e-05
351, 344, 8.23961e-05, 9.53304e-05
351, 346, 4.03259e-05, 3.43977e-05
351, 347, 4.92459e-05, 6.02647e-05
351, 349, 7.21748e-05, 5.46689e-05
351, 350, 5.90693e-05, 5.227e-05
353, 342, 6.48324e-05, 6.13173e-05
353, 343, 4.59718e-05, 6.00281e-05
353, 344, 8.40145e-05, 9.1583e-05
353, 346, 4.12525e-05, 3.31922e-05
353, 347, 4.38833e-05, 5.98548e-05
353, 349, 7.60859e-05, 5.58479e-05
353, 350, 6.60745e-05, 4.7467e-05
353, 351, 0.000102926, 3.71235e-05
354, 344, 9.03243e-05, 9.35657e-05
354, 346, 4.36244e-05, 3.5728e-05
354, 347, 4.20185e-05, 6.05981e-05
354, 349, 7.92504e-05, 5.19855e-05
354, 350, 5.63763e-05, 5.11882e-05
354, 351, 9.78994e-05, 3.82111e-05
354, 353, 4.61198e-05, 3.7552e-05
355, 346, 6.91224e-05, 3.81052e-05
355, 347, 7.87681e-05, 6.28266e-05
355, 349, 2.8852e-05, 5.34497e-05
355, 350, 7.25886e-05, 5.01564e-05
355, 351, 5.5277e-05, 3.46187e-05
355, 353, 0.00010317, 3.6714e-05
355, 354, 7.31218e-05, 1.95544e-05
356, 346, 6.61491e-05, 3.34375e-05
356, 347, 8.06038e-05, 6.22045e-05
356, 349, 4.0593e-05, 5.30692e-05
356, 350, 8.29777e-05, 4.86002e-05
356, 351, 7.42543e-05, 3.65937e-05
356, 353, 0.000105319, 3.86582e-05
356, 354, 6.95654e-05, 1.57556e-05
356, 355, 1.27579e-05, 4.1562e-05
357, 346, 4.07903e-05, 3.2808e-05
357, 347, 5.05617e-05, 6.0815e-05
357, 349, 7.21973e-05, 5.48999e-05
357, 350, 6.02922e-05, 4.92881e-05
357, 351, 9.51685e-05, 3.60032e-05
357, 353, 5.58102e-05, 4.10763e-05
357, 354, 1.61051e-05, 1.87184e-05
357, 355, 6.64581e-05, 3.88636e-05
357, 356, 7.82157e-05, 6.45387e-05
358, 347, 2.35643e-05, 6.18059e-05
358, 349, 3.59393e-05, 5.3799e-05
358, 350, 2.10276e-05, 5.07981e-05
358, 351, 5.13423e-05, 3.65173e-05
358, 353, 5.02546e-05, 3.99973e-05
358, 354, 5.40094e-05, 2.16231e-05
358, 355, 5.48793e-05, 3.95409e-05
358, 356, 3.39246e-05, 6.56237e-05
358, 357, 2.74433e-05, 6.23989e-05
359, 349, 4.1827e-05, 5.15283e-05
359, 350, 5.76402e-05, 4.94404e-05
359, 351, 7.20983e-05, 3.69315e-05
359, 353, 7.50542e-05, 4.10468e-05
359, 354, 3.47005e-05, 2.36666e-05
359, 355, 2.43496e-05, 3.90526e-05
359, 356, 4.91607e-05, 6.40938e-05
359, 357, 3.49362e-05, 5.79355e-05
359, 358, 4.86758e-05, 2.88369e-05
360, 350, 4.0334e-05, 5.32715e-05
360, 351, 5.39355e-05, 3.50126e-05
360, 353, 6.36855e-05, 3.62187e-05
360, 354, 3.79753e-05, 2.21958e-05
360, 355, 3.36132e-05, 3.74429e-05
360, 356, 3.65412e-05, 6.46114e-05
360, 357, 2.89756e-05, 5.41787e-05
360, 358, 5.57184e-05, 2.67741e-05
360, 359, 5.47826e-05, 2.08332e-05
361, 353, 8.63122e-05, 3.82233e-05
361, 354, 6.71032e-05, 2.63269e-05
361, 355, 1.8244e-05, 3.95497e-05
361, 356, 1.53335e-05, 6.06923e-05
361, 357, 1.18467e-05, 5.95502e-05
361, 358, 8.34308e-05, 2.60653e-05
361, 359, 3.88257e-05, 1.71871e-05
361, 360, 2.62173e-05, 7.77923e-05
362, 353, 8.05129e-05, 3.80641e-05
362, 354, 8.7513e-05, 1.87414e-05
362, 355, 6.99285e-05, 4.19377e-05
362, 356, 2.8071e-05, 6.51298e-05
362, 357, 3.61327e-05, 5.60795e-05
362, 358, 0.000104099, 2.98324e-05
362, 359, 8.07085e-05, 1.86682e-05
362, 360, 2.82858e-05, 7.0345e-05
362, 361, 6.60238e-05, 6.76586e-05
363, 353, 9.11735e-05, 3.83683e-05
363, 354, 8.66675e-05, 2.00212e-05
363, 355, 4.6364e-05, 3.8484e-05
363, 356, 1.19356e-05, 6.55383e-05
363, 357, 1.6319e-05, 5.63894e-05
363, 358, 0.000102801, 3.00911e-05
363, 359, 6.52531e-05, 1.96132e-05
363, 360, 1.37891e-05, 7.25317e-05
363, 361, 4.72153e-05, 6.90802e-05
363, 362, 2.42498e-05, 2.09942e-05
364, 355, 5.80909e-05, 4.00109e-05
364, 356, 5.95136e-05, 6.55747e-05
364, 357, 5.2287e-05, 5.80352e-05
364, 358, 3.78688e-05, 2.64966e-05
364, 359, 6.84427e-05, 2.0573e-05
364, 360, 7.62047e-05, 7.21755e-05
364, 361, 7.19104e-05, 6.91447e-05
364, 362, 5.21614e-05, 1.95761e-05
364, 363, 2.75388e-05, 9.69231e-06
365, 357, 5.87775e-05, 6.24089e-05
365, 358, 4.39246e-05, 2.41678e-05
365, 359, 9.31914e-05, 2.21504e-05
365, 360, 8.71148e-05, 7.09521e-05
365, 361, 9.00539e-05, 6.99819e-05
365, 362, 5.70047e-05, 2.08447e-05
365, 363, 2.16501e-05, 9.68043e-06
365, 364, 5.32751e-05, 6.42466e-05
366, 357, 3.50048e-05, 5.75157e-05
366, 358, 6.57995e-05, 2.85806e-05
366, 359, 8.25242e-05, 1.90033e-05
366, 360, 6.29175e-05, 7.23024e-05
366, 361, 7.1526e-05, 6.83069e-05
366, 362, 2.74096e-05, 1.67588e-05
366, 363, 1.51795e-05, 4.88322e-06
366, 364, 2.95353e-05, 6.70582e-05
366, 365, 1.41129e-05, 2.81073e-05
367, 357, 5.76386e-05, 5.84776e-05
367, 358, 9.33592e-05, 2.91084e-05
367, 359, 1.26215e-05, 1.94165e-05
367, 360, 7.29508e-05, 7.28128e-05
367, 361, 2.91505e-05, 6.5184e-05
367, 362, 8.66577e-05, 2.04811e-05
367, 363, 9.3875e-05, 9.83232e-06
367, 364, 8.84596e-05, 6.54683e-05
367, 365, 8.73171e-05, 2.49259e-05
367, 366, 7.49921e-05, 0.000101185
368, 359, 4.41997e-05, 1.85256e-05
368, 360, 5.83887e-05, 7.20216e-05
368, 361, 4.28391e-05, 6.73157e-05
368, 362, 5.08595e-05, 2.10439e-05
368, 363, 4.78252e-05, 6.41497e-06
368, 364, 5.20526e-05, 6.60971e-05
368, 365, 4.05756e-05, 2.93753e-05
368, 366, 3.83454e-05, 9.98063e-05
368, 367, 7.44831e-05, 8.56604e-05
369, 360, 8.49076e-05, 7.42603e-05
369, 361, 8.62433e-05, 7.15969e-05
369, 362, 5.51688e-05, 1.99494e-05
369, 363, 2.04368e-05, 8.65506e-06
369, 364, 5.51043e-05, 6.33674e-05
369, 365, 2.97413e-05, 2.60079e-05
369, 366, 5.99521e-05, 9.9125e-05
369, 367, 5.24757e-05, 8.54762e-05
369, 368, 9.14505e-05, 7.57562e-05
371, 362, 4.61477e-05, 1.70228e-05
371, 363, 5.44468e-05, 9.44431e-06
371, 364, 5.2486e-05, 6.70574e-05
371, 365, 4.18181e-05, 2.69381e-05
371, 366, 3.56579e-05, 9.91426e-05
371, 367, 7.97426e-05, 9.0423e-05
371, 368, 4.1692e-05, 7.2869e-05
371, 369, 3.35445e-05, 4.06119e-05
372, 364, 1.22005e-05, 6.4997e-05
372, 365, 3.24379e-05, 2.83117e-05
372, 366, 2.04522e-05, 0.000100155
372, 367, 4.07223e-05, 8.83066e-05
372, 368, 5.50037e-05, 7.19753e-05
372, 369, 6.91078e-05, 4.43745e-05
372, 371, 7.42477e-05, 6.77375e-05
373, 367, 0.000108651, 9.01451e-05
373, 368, 2.86205e-05, 6.91209e-05
373, 369, 9.63964e-05, 4.20268e-05
373, 371, 5.30021e-05, 6.22867e-05
373, 372, 4.69342e-05, 0.0001235
374, 368, 3.211e-05, 7.06487e-05
374, 369, 5.76262e-05, 4.22291e-05
374, 371, 9.97457e-06, 6.69256e-05
374, 372, 8.84542e-06, 0.000118719
374, 373, 2.23431e-05, 2.24108e-05
375, 368, 4.83941e-05, 7.64071e-05
375, 369, 4.62171e-05, 4.03682e-05
375, 371, 1.77344e-05, 6.85047e-05
375, 372, 2.5462e-05, 0.000115543
375, 373, 2.45091e-05, 2.3701e-05
375, 374, 7.61414e-05, 4.18675e-05
376, 371, 7.35001e-05, 6.68635e-05
376, 372, 8.76754e-05, 0.000118644
376, 373, 6.19612e-05, 2.58271e-05
376, 374, 0.000147896, 4.47819e-05
376, 375, 8.56324e-05, 6.06443e-05
377, 371, 3.53548e-05, 6.60024e-05
377, 372, 2.60798e-05, 0.000119644
377, 373, 3.66995e-05, 2.25149e-05
377, 374, 6.97365e-05, 4.71234e-05
377, 375, 1.69266e-05, 6.1761e-05
377, 376, 8.27869e-05, 4.40027e-05
379, 373, 5.10704e-05, 2.44102e-05
379, 374, 4.59117e-05, 4.51307e-05
379, 375, 2.90622e-05, 6.19721e-05
379, 376, 8.09141e-05, 4.15217e-05
379, 377, 4.483e-05, 5.88882e-05
380, 373, 5.53767e-05, 2.11904e-05
380, 374, 3.14302e-05, 4.34968e-05
380, 375, 5.65394e-05, 5.97798e-05
380, 376, 8.14383e-05, 4.37239e-05
380, 377, 5.40054e-05, 5.59069e-05
380, 379, 0.00011254, 2.75873e-05
381, 373, 6.78675e-05, 2.16617e-05
381, 374, 3.67518e-05, 4.69895e-05
381, 375, 5.32192e-05, 5.85914e-05
381, 376, 0.000101455, 4.43598e-05
381, 377, 7.30389e-05, 6.51424e-05
381, 379, 0.000112909, 2.79724e-05
381, 380, 9.07809e-05, 0.000113741
382, 373, 3.76461e-05, 2.15482e-05
382, 374, 5.44196e-05, 4.19569e-05
382, 375, 5.95527e-05, 5.78587e-05
382, 376, 5.74081e-05, 3.80042e-05
382, 377, 3.36023e-05, 6.59412e-05
382, 379, 9.57708e-05, 2.61135e-05
382, 380, 4.71554e-05, 0.000108176
382, 381, 3.49911e-05, 6.43812e-05
383, 373, 5.07331e-05, 2.39771e-05
383, 374, 7.00998e-05, 4.40217e-05
383, 375, 8.39659e-05, 6.08608e-05
383, 376, 3.97707e-05, 4.53856e-05
383, 377, 2.88045e-05, 6.5244e-05
383, 379, 0.000112356, 2.50224e-05
383, 380, 3.82087e-05, 0.000105875
383, 381, 5.32451e-05, 6.19049e-05
383, 382, 8.58888e-05, 4.22507e-05
384, 373, 8.70792e-06, 2.17253e-05
384, 374, 7.41803e-05, 4.33319e-05
384, 375, 3.81638e-05, 5.54612e-05
384, 376, 5.21839e-05, 4.62814e-05
384, 377, 2.78854e-05, 6.28875e-05
384, 379, 6.74006e-05, 2.60179e-05
384, 380, 4.33511e-05, 0.000109243
384, 381, 1.50527e-05, 6.37124e-05
384, 382, 3.96661e-05, 4.08761e-05
384, 383, 6.26393e-05, 4.40693e-05
387, 373, 2.05117e-05, 2.23577e-05
387, 376, 6.07513e-05, 4.12084e-05
387, 377, 3.54259e-05, 6.91376e-05
387, 379, 6.73548e-05, 2.82383e-05
387, 380, 5.13679e-05, 0.000109756
387, 381, 1.28836e-05, 6.73134e-05
387, 382, 5.06314e-05, 4.56062e-05
387, 383, 6.92401e-05, 4.19653e-05
387, 384, 2.65386e-05, 0.000141663
388, 373, 9.23076e-05, 2.52757e-05
388, 376, 0.000122532, 3.93528e-05
388, 377, 9.13937e-05, 5.50864e-05
388, 379, 0.000135551, 2.81633e-05
388, 380, 0.000107309, 0.000108564
388, 381, 7.5306e-05, 6.29648e-05
388, 382, 0.000125823, 4.22865e-05
388, 383, 0.000143561, 4.45906e-05
388, 384, 9.96024e-05, 0.000141469
388, 387, 2.85123e-05, 9.52277e-05
389, 377, 4.96485e-05, 6.56108e-05
389, 379, 3.27029e-05, 3.16847e-05
389, 380, 4.9415e-05, 0.000112781
389, 381, 3.97615e-05, 6.08815e-05
389, 382, 8.60509e-06, 4.50332e-05
389, 383, 2.58794e-05, 4.45327e-05
389, 384, 3.1332e-05, 0.000138878
389, 387, 9.50317e-05, 9.14573e-05
389, 388, 4.13579e-05, 5.35468e-05
390, 377, 9.62562e-05, 6.2335e-05
390, 379, 0.000114479, 2.62368e-05
390, 380, 0.000109525, 0.000111303
390, 381, 6.24422e-05, 6.57824e-05
390, 382, 0.000102775, 4.26121e-05
390, 383, 0.000123246, 4.3064e-05
390, 384, 8.45455e-05, 0.0001448
390, 387, 4.33552e-05, 9.03759e-05
390, 388, 6.85565e-05, 5.35133e-05
390, 389, 3.69489e-05, 9.22197e-05
391, 380, 0.000102831, 0.000104792
391, 381, 6.62688e-05, 6.47384e-05
391, 382, 0.000116882, 4.42356e-05
391, 383, 0.000135765, 4.49025e-05
391, 384, 8.69369e-05, 0.000142503
391, 387, 1.94671e-05, 9.15613e-05
391, 388, 8.85221e-05, 5.47387e-05
391, 389, 3.06072e-05, 9.10359e-05
391, 390, 5.4404e-05, 0.000111745
392, 381, 9.73465e-05, 6.38484e-05
392, 382, 0.000148165, 4.39042e-05
392, 383, 0.000169747, 4.60412e-05
392, 384, 0.000121411, 0.000139883
392, 387, 4.80458e-05, 9.01235e-05
392, 388, 0.000128271, 5.48227e-05
392, 389, 6.95904e-05, 9.13184e-05
392, 390, 9.19068e-05, 0.000111435
392, 391, 9.50712e-05, 0.000106016
393, 381, 4.77458e-05, 6.26947e-05
393, 382, 9.71349e-05, 4.52493e-05
393, 383, 0.00012017, 4.18236e-05
393, 384, 7.44441e-05, 0.000141831
393, 387, 1.78111e-05, 9.20248e-05
393, 388, 7.40365e-05, 5.53437e-05
393, 389, 1.72873e-05, 8.94188e-05
393, 390, 4.39664e-05, 0.000111604
393, 391, 5.21398e-05, 0.00010568
393, 392, 3.32613e-05, 1.36084e-05
395, 383, 9.04408e-05, 4.7717e-05
395, 384, 2.48019e-05, 0.000138094
395, 387, 4.91712e-05, 9.25196e-05
395, 388, 7.19881e-05, 5.2821e-05
395, 389, 3.87397e-05, 9.0322e-05
395, 390, 8.48431e-05, 0.000109329
395, 391, 1.38141e-05, 0.000109104
395, 392, 6.00802e-05, 1.09829e-05
395, 393, 6.23191e-05, 1.13643e-05
396, 383, 0.000135923, 4.39459e-05
396, 384, 7.90773e-05, 0.000142436
396, 387, 1.24858e-05, 9.18743e-05
396, 388, 9.33788e-05, 5.57185e-05
396, 389, 2.34793e-05, 9.20528e-05
396, 390, 7.05006e-05, 0.000111775
396, 391, 5.35621e-05, 0.000107247
396, 392, 1.21253e-05, 1.24032e-05
396, 393, 2.84726e-05, 1.11472e-05
396, 395, 7.02767e-05, 0.000101208
397, 387, 2.96712e-05, 9.55446e-05
397, 388, 9.89545e-05, 5.72213e-05
397, 389, 3.8339e-05, 9.30686e-05
397, 390, 9.17028e-05, 0.000113594
397, 391, 4.71988e-05, 0.000107008
397, 392, 3.47843e-05, 1.25186e-05
397, 393, 5.5833e-05, 1.09982e-05
397, 395, 5.31634e-05, 0.000101332
397, 396, 2.7329e-05, 3.78241e-05
398, 388, 0.000103002, 5.66129e-05
398, 389, 5.21472e-05, 9.0684e-05
398, 390, 0.000105042, 0.00011194
398, 391, 4.80857e-05, 0.000104335
398, 392, 4.43968e-05, 1.27685e-05
398, 393, 7.47215e-05, 1.28823e-05
398, 395, 5.62305e-05, 0.000103042
398, 396, 2.80657e-05, 3.60074e-05
398, 397, 4.3732e-05, 0.000137782
399, 390, 6.23149e-05, 0.000112058
399, 391, 5.92065e-05, 0.000105708
399, 392, 1.39119e-05, 1.23178e-05
399, 393, 2.40557e-05, 1.6021e-05
399, 395, 6.64893e-05, 0.000104524
399, 396, 3.13644e-05, 3.60045e-05
399, 397, 4.39697e-05, 0.000141507
399, 398, 5.8002e-05, 8.5834e-05
400, 392, 3.02112e-05, 1.85735e-05
400, 393, 5.79676e-05, 1.27515e-05
400, 395, 9.92522e-05, 0.000105053
400, 396, 3.815e-05, 4.09724e-05
400, 397, 3.73003e-05, 0.000141874
400, 398, 9.5953e-05, 8.69001e-05
400, 399, 5.23322e-05, 2.31705e-05
401, 393, 8.39559e-05, 1.53402e-05
401, 395, 0.000149524, 0.000104662
401, 396, 0.000102737, 3.67666e-05
401, 397, 0.00010052, 0.000135738
401, 398, 0.000127602, 8.68458e-05
401, 399, 2.43129e-05, 2.34784e-05
401, 400, 3.1997e-05, 3.19794e-05
402, 396, 9.51969e-05, 3.99508e-05
402, 397, 9.55247e-05, 0.000141212
402, 398, 0.000101174, 8.7303e-05
402, 399, 1.99923e-05, 2.9265e-05
402, 400, 3.43043e-05, 3.24256e-05
402, 401, 5.31243e-05, 2.86159e-05
403, 395, 0.000161687, 9.79471e-05
403, 396, 9.42756e-05, 3.7824e-05
403, 397, 8.51476e-05, 0.000141513
403, 398, 0.000150512, 9.00893e-05
403, 399, 4.85351e-05, 2.21298e-05
403, 400, 4.16973e-05, 3.63746e-05
403, 401, 2.93537e-05, 2.88242e-05
403, 402, 6.1523e-05, 2.29017e-05
404, 396, 5.91746e-05, 3.71848e-05
404, 397, 5.77972e-05, 0.000136678
404, 398, 0.000101635, 8.56789e-05
404, 399, 3.40571e-05, 2.54818e-05
404, 400, 3.09824e-05, 3.18468e-05
404, 401, 2.40658e-05, 2.91323e-05
404, 402, 2.83755e-05, 2.19668e-05
404, 403, 6.50381e-05, 6.1903e-05
406, 397, 0.000167706, 0.000137633
406, 399, 0.000121403, 2.83247e-05
406, 400, 0.000115529, 3.37543e-05
406, 401, 0.000112658, 3.39593e-05
406, 402, 0.000135545, 2.31246e-05
406, 403, 0.000107114, 6.37519e-05
406, 404, 7.9632e-05, 7.60012e-05
407, 398, 0.000140952, 8.65795e-05
407, 399, 4.16754e-05, 2.77472e-05
407, 400, 3.57941e-05, 3.39249e-05
407, 401, 2.24096e-05, 3.82751e-05
407, 402, 5.3864e-05, 2.94872e-05
407, 403, 5.29654e-05, 6.6165e-05
407, 404, 1.06904e-05, 8.27378e-05
407, 406, 4.07514e-05, 5.75063e-05
408, 399, 7.8486e-05, 2.63608e-05
408, 400, 7.24859e-05, 3.62956e-05
408, 401, 5.53849e-05, 3.15218e-05
408, 402, 9.24449e-05, 2.60143e-05
408, 403, 4.11557e-05, 6.36518e-05
408, 404, 3.33934e-05, 7.51232e-05
408, 406, 2.45131e-05, 5.6389e-05
408, 407, 2.82753e-05, 9.33479e-05
410, 404, 0.000183985, 8.07898e-05
410, 406, 0.000172052, 5.56833e-05
410, 407, 0.000159136, 9.2972e-05
410, 408, 0.000107753, 0.000109671
411, 406, 0.000162486, 5.94407e-05
411, 407, 0.000146409, 8.70236e-05
411, 408, 9.62835e-05, 0.000105994
411, 410, 4.03683e-05, 4.78872e-05
412, 406, 0.000296134, 6.55637e-05
412, 407, 0.00029047, 9.03791e-05
412, 408, 0.000244274, 0.000109625
412, 410, 0.000173026, 5.81397e-05
412, 411, 0.000180683, 0.000140196
413, 410, 0.000496281, 6.89219e-05
413, 411, 0.000513516, 0.000148749
413, 412, 0.00037793, 0.0001189
414, 412, 0.000543031, 0.000129244
414, 413, 0.000191873, 8.36671e-05
415, 412, 0.000544472, 0.000122794
415, 413, 0.000193986, 7.75681e-05
415, 414, 6.14857e-05, 0.000108904
416, 413, 0.000269012, 8.16888e-05
416, 414, 9.66638e-05, 0.000108782
416, 415, 0.000107161, 9.64691e-05
417, 413, 0.000303504, 8.19914e-05
417, 414, 0.000133881, 0.000113748
417, 415, 0.000131554, 9.82051e-05
417, 416, 8.23801e-05, 7.90427e-05
420, 413, 0.000319312, 8.39802e-05
420, 414, 0.000145042, 0.000111737
420, 415, 0.000140323, 9.98947e-05
420, 416, 8.72949e-05, 7.88625e-05
420, 417, 7.23623e-05, 7.85767e-05
421, 413, 0.000309459, 7.67379e-05
421, 414, 0.000131523, 0.000112431
421, 415, 0.00013292, 9.92378e-05
421, 416, 8.48079e-05, 7.70652e-05
421, 417, 7.18832e-05, 8.20565e-05
421, 420, 7.01986e-05, 0.000100022
422, 414, 0.000134174, 0.000112185
422, 415, 0.000124979, 9.99016e-05
422, 416, 0.000104465, 8.41664e-05
422, 417, 7.78336e-05, 8.06302e-05
422, 420, 7.17889e-05, 9.90118e-05
422, 421, 9.21893e-05, 6.76817e-05
423, 414, 0.000166084, 0.000111211
423, 415, 0.000172832, 9.96721e-05
423, 416, 6.85713e-05, 8.03731e-05
423, 417, 8.05375e-05, 8.32611e-05
423, 420, 9.47471e-05, 9.9108e-05
423, 421, 7.59914e-05, 6.54036e-05
423, 422, 8.89261e-05, 8.21487e-05
424, 414, 0.000166221, 0.000111737
424, 415, 0.000155201, 9.76194e-05
424, 416, 9.15498e-05, 8.08935e-05
424, 417, 8.21553e-05, 7.91203e-05
424, 420, 8.42851e-05, 9.75822e-05
424, 421, 9.10595e-05, 6.84617e-05
424, 422, 7.62061e-05, 8.2518e-05
424, 423, 7.75379e-05, 8.34921e-05
425, 414, 0.000184485, 0.000115072
425, 415, 0.000166039, 9.73657e-05
425, 416, 0.000105328, 8.22306e-05
425, 417, 9.90057e-05, 8.13045e-05
425, 420, 9.79423e-05, 9.86596e-05
425, 421, 0.000104316, 6.57662e-05
425, 422, 8.84858e-05, 8.18154e-05
425, 423, 9.02098e-05, 8.55763e-05
425, 424, 8.38739e-05, 0.000120276
426, 416, 0.000124702, 8.16399e-05
426, 417, 0.000117057, 8.385e-05
426, 420, 0.000109362, 9.96274e-05
426, 421, 0.000122368, 6.96829e-05
426, 422, 0.000100568, 8.10872e-05
426, 423, 0.000110549, 8.53649e-05
426, 424, 9.65828e-05, 0.00012174
426, 425, 0.000112095, 9.80671e-05
427, 416, 0.000127574, 8.47853e-05
427, 417, 0.000140502, 8.5939e-05
427, 420, 0.000146202, 0.000101808
427, 421, 0.000135091, 6.727e-05
427, 422, 0.000135638, 8.41758e-05
427, 423, 0.000110419, 8.77943e-05
427, 424, 0.000122526, 0.000121244
427, 425, 9.93939e-05, 9.45269e-05
427, 426, 0.00014559, 8.66035e-05
428, 416, 0.000158754, 8.14869e-05
428, 417, 0.000163575, 8.5617e-05
428, 420, 0.000161346, 0.000101824
428, 421, 0.000162414, 7.01644e-05
428, 422, 0.000148103, 8.69306e-05
428, 423, 0.000137381, 8.70174e-05
428, 424, 0.000135196, 0.000118975
428, 425, 0.000129187, 9.58298e-05
428, 426, 0.000155846, 8.72057e-05
428, 427, 8.0661e-05, 8.9344e-05
430, 420, 0.000219047, 0.00010172
430, 421, 0.000207785, 7.14121e-05
430, 422, 0.00020378, 8.77076e-05
430, 423, 0.000177657, 9.05596e-05
430, 424, 0.000186196, 0.000120553
430, 425, 0.00016204, 9.88507e-05
430, 426, 0.000206038, 8.89779e-05
430, 427, 0.00012054, 8.79459e-05
430, 428, 0.000138495, 8.87466e-05
431, 422, 0.00024328, 8.89442e-05
431, 423, 0.000231023, 9.13885e-05
431, 424, 0.0002268, 0.00012815
431, 425, 0.000218012, 9.93028e-05
431, 426, 0.000240114, 9.15538e-05
431, 427, 0.00011813, 9.04806e-05
431, 428, 0.000163712, 9.3688e-05
431, 430, 0.000138896, 8.95767e-05
432, 424, 0.000260719, 0.000125449
432, 425, 0.000240816, 0.000100047
432, 426, 0.000277278, 9.50783e-05
432, 427, 0.000156091, 9.20291e-05
432, 428, 0.000198525, 9.35814e-05
432, 430, 0.000176338, 9.33539e-05
432, 431, 9.6306e-05, 8.3358e-05
433, 427, 0.000253523, 9.53451e-05
433, 428, 0.000304814, 9.95951e-05
433, 430, 0.000271623, 9.49107e-05
433, 431, 0.000110465, 8.93309e-05
433, 432, 0.000126991, 8.52395e-05
434, 427, 0.00029536, 9.4475e-05
434, 428, 0.000342397, 9.81959e-05
434, 430, 0.000311604, 9.67973e-05
434, 431, 0.00014916, 8.92303e-05
434, 432, 0.000160961, 8.5538e-05
434, 433, 8.67256e-05, 0.000112751
435, 430, 0.000430915, 9.92701e-05
435, 431, 0.00026337, 9.10426e-05
435, 432, 0.000272501, 9.24501e-05
435, 433, 0.000163754, 0.00011262
435, 434, 0.000131244, 0.000138852
436, 430, 0.000478741, 0.00010229
436, 431, 0.000299018, 9.1979e-05
436, 432, 0.00031669, 9.02869e-05
436, 433, 0.000190253, 0.000115233
436, 434, 0.000177892, 0.000140925
436, 435, 9.62459e-05, 0.000108891
437, 431, 0.000299874, 9.50974e-05
437, 432, 0.000315261, 9.43521e-05
437, 433, 0.000192081, 0.000118547
437, 434, 0.000170036, 0.00014005
437, 435, 0.000111126, 0.000107529
437, 436, 9.80359e-05, 9.46545e-05
438, 431, 0.000335365, 9.90043e-05
438, 433, 0.00022469, 0.000119299
438, 434, 0.000209486, 0.000144489
438, 435, 0.00010626, 0.000111399
438, 436, 9.32373e-05, 9.66259e-05
438, 437, 9.56079e-05, 0.000115061
439, 433, 0.00028105, 0.000120776
439, 434, 0.000267725, 0.000145548
439, 435, 0.000147197, 0.000112878
439, 436, 0.00011955, 9.7638e-05
439, 437, 0.000114271, 0.000113672
439, 438, 0.000102784, 9.68691e-05
440, 434, 0.000286905, 0.00014427
440, 435, 0.000155827, 0.000113631
440, 436, 0.000131455, 9.81307e-05
440, 437, 0.00012657, 0.000116589
440, 438, 0.000111321, 9.74584e-05
440, 439, 9.18843e-05, 0.000140048
441, 435, 0.000195478, 0.000115324
441, 436, 0.000159826, 0.000101328
441, 437, 0.000154306, 0.000119735
441, 438, 0.000137066, 9.84368e-05
441, 439, 0.000108871, 0.000140118
441, 440, 0.000112595, 9.12536e-05
442, 435, 0.000244288, 0.000114637
442, 436, 0.000226996, 0.000102448
442, 437, 0.000218815, 0.000119949
442, 438, 0.000198208, 0.000100178
442, 439, 0.000136122, 0.000143043
442, 440, 0.000160814, 9.39927e-05
442, 441, 0.00012921, 0.000113874
443, 436, 0.000198162, 0.000103757
443, 437, 0.000192987, 0.000119095
443, 438, 0.000174206, 0.000103513
443, 439, 0.000121269, 0.00014375
443, 440, 0.000136228, 9.4729e-05
443, 441, 0.000113968, 0.000115019
443, 442, 0.000108977, 0.000105275
445, 436, 0.000202031, 0.000105114
445, 437, 0.00019841, 0.000119568
445, 438, 0.000178849, 0.000101425
445, 439, 0.000126611, 0.000140433
445, 440, 0.000141299, 9.42184e-05
445, 441, 0.000113835, 0.000116259
445, 442, 0.000112091, 0.000102049
445, 443, 0.000147316, 0.000124391
447, 437, 0.000230007, 0.000123862
447, 438, 0.00020915, 0.000100149
447, 439, 0.000163582, 0.000143152
447, 440, 0.000173749, 9.38227e-05
447, 441, 0.000114282, 0.000115212
447, 442, 0.000128664, 0.000104406
447, 443, 0.000106389, 0.000123794
447, 445, 9.87422e-05, 0.000108565
448, 437, 0.000225399, 0.000122096
448, 438, 0.000203963, 0.000105412
448, 439, 0.00016537, 0.000146957
448, 440, 0.000175664, 9.67476e-05
448, 441, 0.000114144, 0.000114978
448, 442, 0.000130397, 0.000104348
448, 443, 0.000108348, 0.000122687
448, 445, 0.000101927, 0.00011092
448, 447, 0.000148141, 0.000116601
449, 438, 0.000233778, 0.000103649
449, 439, 0.000166065, 0.000142012
449, 440, 0.000189217, 9.88201e-05
449, 441, 0.000144611, 0.000115748
449, 442, 0.00015073, 0.00010611
449, 443, 0.000144595, 0.000126605
449, 445, 0.000130389, 0.000112521
449, 447, 0.00010012, 0.000116832
449, 448, 0.000101549, 0.000167396
450, 438, 0.000238153, 0.000102294
450, 439, 0.000168843, 0.000143887
450, 440, 0.000195269, 9.80395e-05
450, 441, 0.000156609, 0.000114766
450, 442, 0.000156197, 0.000105074
450, 443, 0.000159106, 0.000121789
450, 445, 0.000141411, 0.000113033
450, 447, 9.88128e-05, 0.000116737
450, 448, 0.000103206, 0.000168562
450, 449, 0.000114085, 0.000109206
452, 439, 0.000278493, 0.00014812
452, 440, 0.00029929, 9.80767e-05
452, 441, 0.000226254, 0.000116956
452, 442, 0.000245776, 0.000108076
452, 443, 0.000154363, 0.000124858
452, 445, 0.000166832, 0.000114633
452, 447, 0.000183794, 0.000117835
452, 448, 0.000158307, 0.000168688
452, 449, 0.000191362, 0.000110806
452, 450, 0.000153345, 0.000123562
453, 441, 0.000241273, 0.000123036
453, 442, 0.000253358, 0.000111425
453, 443, 0.000196055, 0.000129351
453, 445, 0.000191014, 0.00011479
453, 447, 0.000164398, 0.000119484
453, 448, 0.000139163, 0.000168483
453, 449, 0.000195969, 0.000111041
453, 450, 0.000160497, 0.000127814
453, 452, 0.000111359, 0.00013108
454, 441, 0.000259324, 0.000117367
454, 442, 0.00027212, 0.000109769
454, 443, 0.000190463, 0.000131441
454, 445, 0.000195458, 0.000117105
454, 447, 0.000195747, 0.000118771
454, 448, 0.000163037, 0.000168065
454, 449, 0.000221114, 0.000111307
454, 450, 0.000170454, 0.000129466
454, 452, 0.000115236, 0.00013507
454, 453, 0.000108333, 0.000145626
456, 443, 0.000242762, 0.000131602
456, 445, 0.000237744, 0.00011755
456, 447, 0.000189541, 0.000119243
456, 448, 0.000172712, 0.000170216
456, 449, 0.000230955, 0.000113458
456, 450, 0.000199865, 0.000127978
456, 452, 0.00014366, 0.000132725
456, 453, 0.00011292, 0.000147022
456, 454, 0.000112617, 9.96921e-05
457, 447, 0.000230075, 0.00012559
457, 448, 0.000212987, 0.000169424
457, 449, 0.000274425, 0.000116858
457, 450, 0.000236421, 0.000127083
457, 452, 0.000174339, 0.000138295
457, 453, 0.000135143, 0.000149169
457, 454, 0.000141442, 0.000100334
457, 456, 0.000130282, 0.000148525
458, 447, 0.000250483, 0.000126294
458, 448, 0.00022475, 0.000168166
458, 449, 0.000291859, 0.000114594
458, 450, 0.00026018, 0.000124771
458, 452, 0.000198019, 0.000129443
458, 453, 0.000153709, 0.000149442
458, 454, 0.000154781, 9.73157e-05
458, 456, 0.000146907, 0.00014649
458, 457, 0.000113421, 0.000124561
459, 450, 0.000343879, 0.000124266
459, 452, 0.000263347, 0.000141746
459, 453, 0.000214238, 0.000149644
459, 454, 0.000230799, 0.000101985
459, 456, 0.000202921, 0.000150493
459, 457, 0.000168041, 0.000126439
459, 458, 0.000120459, 0.000181256
460, 452, 0.000292714, 0.000138022
460, 453, 0.000242936, 0.000153048
460, 454, 0.000255732, 0.000103711
460, 456, 0.000229507, 0.000152064
460, 457, 0.000180277, 0.000127254
460, 458, 0.00012804, 0.000180998
460, 459, 0.000122598, 0.000177682
461, 452, 0.000285932, 0.000138796
461, 453, 0.000230665, 0.000151701
461, 454, 0.000240036, 0.000103633
461, 456, 0.000222857, 0.000150169
461, 457, 0.000167605, 0.000126994
461, 458, 0.00012229, 0.00018071
461, 459, 0.00012587, 0.000177055
461, 460, 0.00011962, 0.000111596
462, 452, 0.000259557, 0.000138389
462, 453, 0.00020476, 0.000152109
462, 454, 0.000224684, 0.000101389
462, 456, 0.000194625, 0.000155167
462, 457, 0.000150815, 0.000128449
462, 458, 0.0001141, 0.000181886
462, 459, 0.000112497, 0.000178478
462, 460, 0.000110699, 0.00011649
462, 461, 0.000113608, 0.000145139
463, 453, 0.000224547, 0.000156783
463, 454, 0.000238704, 0.000104035
463, 456, 0.000219722, 0.000153989
463, 457, 0.000160414, 0.000128227
463, 458, 0.000119642, 0.000182826
463, 459, 0.000121382, 0.000176259
463, 460, 0.000117038, 0.000114298
463, 461, 0.000117783, 0.000147761
463, 462, 0.000121304, 0.000122874
464, 456, 0.000273517, 0.000152236
464, 457, 0.000227548, 0.000129139
464, 458, 0.000162567, 0.000181404
464, 459, 0.000150623, 0.000179556
464, 460, 0.000145714, 0.000114522
464, 461, 0.000162719, 0.000146387
464, 462, 0.000168121, 0.000119222
464, 463, 0.000153132, 0.00011875
465, 456, 0.000330048, 0.000151793
465, 457, 0.00026206, 0.000129719
465, 458, 0.000203892, 0.000184146
465, 459, 0.000198745, 0.000180365
465, 460, 0.000187587, 0.000111597
465, 461, 0.000200687, 0.00014615
465, 462, 0.00020988, 0.000121567
465, 463, 0.000171653, 0.000117274
465, 464, 0.000164125, 0.000116879
466, 456, 0.000303577, 0.000154597
466, 457, 0.000233426, 0.000128778
466, 458, 0.000174701, 0.00018562
466, 459, 0.000171909, 0.000180375
466, 460, 0.000163031, 0.000114294
466, 461, 0.000176352, 0.000143976
466, 462, 0.00018123, 0.000123076
466, 463, 0.000145857, 0.000118798
466, 464, 0.000142821, 0.000118665
466, 465, 0.000113441, 0.000130301
467, 457, 0.000226828, 0.00013287
467, 458, 0.000178246, 0.000184467
467, 459, 0.000185211, 0.000180851
467, 460, 0.000168623, 0.000114936
467, 461, 0.000176783, 0.000148438
467, 462, 0.000185122, 0.000124166
467, 463, 0.000142865, 0.000116402
467, 464, 0.000151131, 0.000117043
467, 465, 0.000116317, 0.000131168
467, 466, 0.000129371, 0.000121296
468, 457, 0.000250079, 0.000133531
468, 458, 0.000188877, 0.000182592
468, 459, 0.000170596, 0.000181143
468, 460, 0.000167438, 0.000114056
468, 461, 0.000186518, 0.000148843
468, 462, 0.000185572, 0.000123681
468, 463, 0.000167758, 0.000120005
468, 464, 0.000145108, 0.000119717
468, 465, 0.000137263, 0.000127986
468, 466, 0.000117292, 0.000121307
468, 467, 0.000113278, 0.000117254
469, 457, 0.000281939, 0.000134142
469, 458, 0.000229338, 0.000182641
469, 459, 0.00023326, 0.000180595
469, 460, 0.00022318, 0.000115677
469, 461, 0.000224703, 0.000145412
469, 462, 0.000235745, 0.000120969
469, 463, 0.00019011, 0.000117978
469, 464, 0.000189927, 0.00011884
469, 465, 0.000127633, 0.000128904
469, 466, 0.000144552, 0.000121212
469, 467, 0.000153963, 0.000119201
469, 468, 0.00016461, 0.000122212
470, 457, 0.00020602, 0.0001326
470, 458, 0.000154959, 0.000184557
470, 459, 0.000160023, 0.000180608
470, 460, 0.000157002, 0.000118727
470, 461, 0.000152105, 0.000147164
470, 462, 0.000165628, 0.000123517
470, 463, 0.000126971, 0.000120625
470, 464, 0.000133804, 0.000119547
470, 465, 0.000111202, 0.000130502
470, 466, 0.000118853, 0.000121903
470, 467, 0.00012877, 0.000117601
470, 468, 0.000113581, 0.000120637
470, 469, 0.00010942, 0.000120797
471, 459, 0.000252989, 0.000183409
471, 460, 0.000239938, 0.000116342
471, 461, 0.000244466, 0.000151242
471, 462, 0.000252198, 0.000124817
471, 463, 0.000208063, 0.000124337
471, 464, 0.000210632, 0.000123257
471, 465, 0.000143498, 0.00012925
471, 466, 0.000161028, 0.000125646
471, 467, 0.000171571, 0.000121276
471, 468, 0.000181157, 0.000125705
471, 469, 0.000162001, 0.000126814
471, 470, 0.000138334, 0.000113575
472, 460, 0.000282071, 0.000117099
472, 461, 0.000287187, 0.000150335
472, 462, 0.000295898, 0.000124771
472, 463, 0.000245075, 0.000122616
472, 464, 0.000248949, 0.000123245
472, 465, 0.000168485, 0.000133172
472, 466, 0.00017928, 0.000123827
472, 467, 0.000187318, 0.000119304
472, 468, 0.000215174, 0.000123983
472, 469, 0.000191461, 0.000125691
472, 470, 0.000160788, 0.00011197
472, 471, 0.000143357, 0.000123806
473, 462, 0.000298305, 0.000124605
473, 463, 0.000246185, 0.00012241
473, 464, 0.000252365, 0.000122052
473, 465, 0.000172925, 0.000132953
473, 466, 0.000196097, 0.00012707
473, 467, 0.000212423, 0.000121544
473, 468, 0.000217913, 0.000123631
473, 469, 0.000190044, 0.000125906
473, 470, 0.000167361, 0.000113975
473, 471, 0.000144572, 0.000121194
473, 472, 0.000154733, 0.000113362
474, 463, 0.000293556, 0.000126883
474, 464, 0.000291909, 0.000121918
474, 465, 0.000205363, 0.000134261
474, 466, 0.000226298, 0.000126493
474, 467, 0.000233597, 0.000119226
474, 468, 0.000262907, 0.00012913
474, 469, 0.00023655, 0.0001285
474, 470, 0.000201528, 0.000113683
474, 471, 0.000175265, 0.000124311
474, 472, 0.000166032, 0.000115923
474, 473, 0.000122267, 0.00011972
475, 465, 0.000312893, 0.000135429
475, 466, 0.000325852, 0.000128976
475, 467, 0.000335757, 0.0001224
475, 468, 0.000361854, 0.000129385
475, 469, 0.000342429, 0.000132904
475, 470, 0.000305092, 0.000115696
475, 471, 0.000281202, 0.000125555
475, 472, 0.000259067, 0.000115503
475, 473, 0.000203048, 0.000125751
475, 474, 0.000152877, 0.000146952
476, 466, 0.000311998, 0.000130067
476, 467, 0.000323398, 0.00012824
476, 468, 0.00034113, 0.000133046
476, 469, 0.000299792, 0.000134556
476, 470, 0.000269388, 0.000120053
476, 471, 0.000246776, 0.000127187
476, 472, 0.000247843, 0.000119637
476, 473, 0.000182468, 0.000122982
476, 474, 0.000154341, 0.000145225
476, 475, 0.00016672, 0.000136944
477, 469, 0.000553415, 0.000138857
477, 470, 0.000511823, 0.000121482
477, 471, 0.000480343, 0.000132222
477, 472, 0.00047871, 0.00012364
477, 473, 0.000399903, 0.000128083
477, 474, 0.000339931, 0.000152088
477, 475, 0.000252333, 0.000138268
477, 476, 0.000248322, 0.000166209
478, 471, 0.000501027, 0.000135163
478, 472, 0.000505231, 0.000128091
478, 473, 0.000420945, 0.000127408
478, 474, 0.000367211, 0.000150852
478, 475, 0.000280751, 0.000144548
478, 476, 0.000252141, 0.000171356
478, 477, 0.000135144, 0.000131018
479, 471, 0.000465322, 0.00013256
479, 472, 0.000450323, 0.000127046
479, 473, 0.000374562, 0.000132932
479, 474, 0.000315094, 0.000152268
479, 475, 0.000223822, 0.000141436
479, 476, 0.00022977, 0.000170599
479, 477, 0.000141955, 0.000129588
479, 478, 0.000139929, 0.000131873
480, 474, 0.000483204, 0.000156862
480, 475, 0.000384351, 0.000145364
480, 476, 0.000378096, 0.000175018
480, 477, 0.000219601, 0.000135454
480, 478, 0.000196456, 0.000137642
480, 479, 0.000187417, 0.000132401
481, 475, 0.000513671, 0.000149959
481, 476, 0.000495353, 0.000173468
481, 477, 0.000322905, 0.000137709
481, 478, 0.00030223, 0.000141919
481, 479, 0.000288057, 0.000133946
481, 480, 0.000164179, 0.000151525
482, 475, 0.000540042, 0.000150801
482, 476, 0.000532237, 0.000178689
482, 477, 0.000363759, 0.000136808
482, 478, 0.000330544, 0.00013551
482, 479, 0.000314155, 0.000136448
482, 480, 0.000202757, 0.000150822
482, 481, 0.000167792, 0.000162096
483, 475, 0.000560425, 0.000150973
483, 477, 0.00037163, 0.000139806
483, 478, 0.000338599, 0.000138257
483, 479, 0.000325965, 0.000134379
483, 480, 0.000199468, 0.000154083
483, 481, 0.000177703, 0.000156421
483, 482, 0.000144081, 0.0001763
484, 477, 0.00045894, 0.000143409
484, 478, 0.000433165, 0.000146756
484, 479, 0.000418789, 0.000142036
484, 480, 0.00028195, 0.000156963
484, 481, 0.000242996, 0.000162748
484, 482, 0.000160398, 0.000175684
484, 483, 0.000188105, 0.000153334
485, 477, 0.000448208, 0.000141456
485, 478, 0.00042127, 0.000137751
485, 479, 0.00040717, 0.000140989
485, 480, 0.000263094, 0.000157765
485, 481, 0.000235602, 0.000159158
485, 482, 0.000152242, 0.000176233
485, 483, 0.000182317, 0.00015302
485, 484, 0.00014191, 0.000155465
486, 477, 0.000565727, 0.000144869
486, 478, 0.0005354, 0.000144502
486, 479, 0.000533653, 0.000139917
486, 480, 0.000367147, 0.000158473
486, 481, 0.000352965, 0.00016223
486, 482, 0.00024375, 0.000178887
486, 483, 0.000272094, 0.000151311
486, 484, 0.000192062, 0.000159435
486, 485, 0.000220775, 0.000143427
487, 480, 0.000506803, 0.000162856
487, 481, 0.0004743, 0.000168306
487, 482, 0.000358815, 0.000182086
487, 483, 0.000394369, 0.000155412
487, 484, 0.000300857, 0.000160586
487, 485, 0.000294755, 0.000150479
487, 486, 0.00020748, 0.00015362
488, 480, 0.000540295, 0.000169307
488, 481, 0.000497867, 0.00016989
488, 482, 0.000383781, 0.000181778
488, 483, 0.000428697, 0.000159838
488, 484, 0.000327581, 0.000163477
488, 485, 0.000295509, 0.000149141
488, 486, 0.000214576, 0.00015598
488, 487, 0.000173258, 0.000158397
489, 481, 0.000621587, 0.000172713
489, 482, 0.000496476, 0.000183703
489, 483, 0.000538874, 0.000163391
489, 484, 0.00044258, 0.000164771
489, 485, 0.000401033, 0.000153673
489, 486, 0.000312159, 0.000157054
489, 487, 0.00025123, 0.000158158
489, 488, 0.000200988, 0.000157868
490, 482, 0.000539649, 0.000186938
490, 483, 0.000580519, 0.000162583
490, 484, 0.000473198, 0.000163143
490, 485, 0.000449408, 0.000151401
490, 486, 0.000352607, 0.000154181
490, 487, 0.000289255, 0.000159424
490, 488, 0.000215713, 0.000154969
490, 489, 0.000186576, 0.000153819
491, 484, 0.000486454, 0.000166283
491, 485, 0.000448976, 0.000155965
491, 486, 0.000348625, 0.000157476
491, 487, 0.000290302, 0.000159393
491, 488, 0.000225089, 0.000154408
491, 489, 0.000193582, 0.000157797
491, 490, 0.000176527, 0.000162663
492, 484, 0.000602605, 0.000164169
492, 485, 0.000577353, 0.000160137
492, 486, 0.000468109, 0.000161807
492, 487, 0.000407421, 0.000159403
492, 488, 0.000322249, 0.000159557
492, 489, 0.000277373, 0.000158703
492, 490, 0.000234186, 0.000165927
492, 491, 0.00016793, 0.000167976
493, 486, 0.000556592, 0.000164817
493, 487, 0.000488578, 0.000165111
493, 488, 0.000405804, 0.00016424
493, 489, 0.000363075, 0.000161819
493, 490, 0.000312238, 0.000172052
493, 491, 0.0002275, 0.000171624
493, 492, 0.000192257, 0.000159035
494, 486, 0.000597011, 0.000163169
494, 487, 0.000527969, 0.000165932
494, 488, 0.00043208, 0.000162828
494, 489, 0.000391198, 0.000159732
494, 490, 0.000333208, 0.00017195
494, 491, 0.000248401, 0.000169479
494, 492, 0.000226166, 0.000159563
494, 493, 0.000176969, 0.000164343
495, 487, 0.000696111, 0.00017113
495, 488, 0.000600489, 0.000170053
495, 489, 0.000557847, 0.000167342
495, 490, 0.000488919, 0.000174519
495, 491, 0.000388281, 0.000174014
495, 492, 0.000354116, 0.000163916
495, 493, 0.000231066, 0.000171901
495, 494, 0.000245269, 0.000176608
496, 488, 0.000603172, 0.000171322
496, 489, 0.000558997, 0.000168626
496, 490, 0.000488056, 0.000178861
496, 491, 0.000397643, 0.000177882
496, 492, 0.00035516, 0.00016538
496, 493, 0.000229422, 0.000173099
496, 494, 0.00024428, 0.000176942
496, 495, 0.000184615, 0.000169299
497, 488, 0.000656687, 0.00017224
497, 489, 0.000613006, 0.000167335
497, 490, 0.000548608, 0.000179736
497, 491, 0.000447948, 0.000181715
497, 492, 0.000407807, 0.00016941
497, 493, 0.000271956, 0.000171916
497, 494, 0.00028701, 0.00017801
497, 495, 0.000212674, 0.000173339
497, 496, 0.00016604, 0.000169757
498, 489, 0.000636314, 0.000167156
498, 490, 0.000568282, 0.000178198
498, 491, 0.000476784, 0.000178496
498, 492, 0.000428556, 0.000168697
498, 493, 0.00030267, 0.000173367
498, 494, 0.000310922, 0.000178124
498, 495, 0.000235117, 0.000169818
498, 496, 0.000173968, 0.000166683
498, 497, 0.00017615, 0.00016463
499, 492, 0.000611859, 0.000175116
499, 493, 0.000466784, 0.000180625
499, 494, 0.000486105, 0.000185236
499, 495, 0.0003852, 0.000177758
499, 496, 0.000264544, 0.000172993
499, 497, 0.000278468, 0.000172052
499, 498, 0.000284343, 0.000189154
500, 493, 0.000491003, 0.000181538
500, 494, 0.000512789, 0.000186405
500, 495, 0.000414498, 0.000177983
500, 496, 0.000290377, 0.000178144
500, 497, 0.000301924, 0.000169275
500, 498, 0.000305047, 0.00019341
500, 499, 0.000181533, 0.000184403
501, 492, 0.000634754, 0.000175645
501, 493, 0.000489741, 0.000182946
501, 494, 0.000501386, 0.000189781
501, 495, 0.000410173, 0.000182605
501, 496, 0.00028494, 0.000178585
501, 497, 0.000299489, 0.000174218
501, 498, 0.00030937, 0.000189782
501, 499, 0.000185558, 0.000181779
501, 500, 0.000190034, 0.00017281
502, 495, 0.000632245, 0.000186253
502, 496, 0.000488236, 0.000179366
502, 497, 0.000503215, 0.000177312
502, 498, 0.000511529, 0.000192623
502, 499, 0.000322531, 0.000184555
502, 500, 0.000262148, 0.000181048
502, 501, 0.000241697, 0.000219253
503, 495, 0.000688994, 0.000186043
503, 496, 0.000542454, 0.000185399
503, 497, 0.000552569, 0.000180303
503, 498, 0.000565616, 0.000192448
503, 499, 0.000371412, 0.000187016
503, 500, 0.000306673, 0.000180618
503, 501, 0.000269865, 0.000219478
503, 502, 0.000192377, 0.000189742
504, 496, 0.000645288, 0.000187692
504, 497, 0.00065029, 0.000181856
504, 498, 0.000665314, 0.000197422
504, 499, 0.000458921, 0.000191222
504, 500, 0.000393136, 0.0001845
504, 501, 0.000354513, 0.000221642
504, 502, 0.000244071, 0.000195723
504, 503, 0.000276981, 0.000194222
505, 495, 0.000754753, 0.000188622
505, 496, 0.000610595, 0.00018557
505, 497, 0.000622695, 0.000181775
505, 498, 0.00062611, 0.000197381
505, 499, 0.00042892, 0.000192731
505, 500, 0.000363406, 0.000184395
505, 501, 0.000322029, 0.000221673
505, 502, 0.000221724, 0.00019416
505, 503, 0.000249539, 0.000194549
505, 504, 0.00018743, 0.000193003
506, 497, 0.000755292, 0.000186599
506, 499, 0.000558476, 0.000194249
506, 500, 0.000482884, 0.00019139
506, 501, 0.0004454, 0.000226262
506, 502, 0.000316615, 0.000196114
506, 503, 0.000353676, 0.000196384
506, 504, 0.000232946, 0.000197648
506, 505, 0.00025346, 0.000194792
508, 499, 0.000616218, 0.000196837
508, 500, 0.000541868, 0.000193442
508, 501, 0.000493686, 0.000230201
508, 502, 0.0003628, 0.000201808
508, 503, 0.000408326, 0.000202168
508, 504, 0.000272856, 0.000202612
508, 505, 0.000295202, 0.000196853
508, 506, 0.000215071, 0.000194083
509, 500, 0.000620499, 0.000195283
509, 501, 0.000568118, 0.000230863
509, 502, 0.00043691, 0.00020409
509, 503, 0.000477253, 0.000200105
509, 504, 0.000328275, 0.000200613
509, 505, 0.000356891, 0.00020007
509, 506, 0.000266548, 0.000196
509, 508, 0.000211198, 0.000197279
510, 501, 0.000669685, 0.000234965
510, 502, 0.000530466, 0.000204304
510, 503, 0.000573913, 0.000203255
510, 504, 0.000416908, 0.00020265
510, 505, 0.000451585, 0.000202878
510, 506, 0.000342119, 0.000197149
510, 508, 0.000250852, 0.000193725
510, 509, 0.000204023, 0.000201029
511, 502, 0.000606548, 0.000209353
511, 503, 0.000655792, 0.00020623
511, 504, 0.000491096, 0.000207092
511, 505, 0.000521675, 0.00020305
511, 506, 0.000412318, 0.000199293
511, 508, 0.000297183, 0.000200685
511, 509, 0.000243015, 0.000205279
511, 510, 0.000226073, 0.000207866
512, 502, 0.000630392, 0.000210008
512, 503, 0.000678273, 0.000206405
512, 504, 0.000515113, 0.000205881
512, 505, 0.000546303, 0.000205898
512, 506, 0.00042686, 0.000200144
512, 508, 0.000314772, 0.00019905
512, 509, 0.00024735, 0.000205038
512, 510, 0.000237224, 0.00020544
512, 511, 0.000203405, 0.000211992
513, 504, 0.00067474, 0.000212439
513, 505, 0.000703562, 0.000209756
513, 506, 0.000586674, 0.000206074
513, 508, 0.000467096, 0.000204706
513, 509, 0.000372513, 0.000210833
513, 510, 0.000372545, 0.000209721
513, 511, 0.000302087, 0.000220045
513, 512, 0.000289039, 0.000208965
514, 504, 0.000603205, 0.000208162
514, 505, 0.000633898, 0.000210777
514, 506, 0.00051115, 0.000204745
514, 508, 0.000385786, 0.000204696
514, 509, 0.000306133, 0.000210291
514, 510, 0.000296367, 0.000211053
514, 511, 0.000241362, 0.000219625
514, 512, 0.000227322, 0.000206256
514, 513, 0.000221714, 0.000210184
515, 505, 0.000729788, 0.000207452
515, 506, 0.000601022, 0.000205227
515, 508, 0.000472015, 0.000204666
515, 509, 0.000386632, 0.000208757
515, 510, 0.000374594, 0.00021121
515, 511, 0.000302476, 0.000218206
515, 512, 0.000274415, 0.000208053
515, 513, 0.000213236, 0.000214016
515, 514, 0.000232704, 0.000210306
516, 506, 0.00068442, 0.000207511
516, 508, 0.000559505, 0.000207945
516, 509, 0.000466401, 0.000212058
516, 510, 0.000451162, 0.000212964
516, 511, 0.000370546, 0.000218973
516, 512, 0.000342245, 0.000211813
516, 513, 0.00024771, 0.000215034
516, 514, 0.000267643, 0.000210844
516, 515, 0.000225631, 0.000210802
517, 508, 0.000503164, 0.000209636
517, 509, 0.000415439, 0.000214291
517, 510, 0.000397715, 0.000214892
517, 511, 0.00032013, 0.00022229
517, 512, 0.000301714, 0.000214668
517, 513, 0.000229186, 0.000217638
517, 514, 0.000235504, 0.000211145
517, 515, 0.00021414, 0.000211921
517, 516, 0.000213803, 0.00021153
519, 508, 0.000520076, 0.000207494
519, 509, 0.000425757, 0.000216405
519, 510, 0.000410373, 0.000214333
519, 511, 0.000334986, 0.00022248
519, 512, 0.000311143, 0.00021165
519, 513, 0.000225114, 0.000216475
519, 514, 0.000251712, 0.000211071
519, 515, 0.000214324, 0.000212218
519, 516, 0.000217694, 0.000212636
519, 517, 0.000221939, 0.000218216
520, 509, 0.000692823, 0.00021889
520, 510, 0.000676127, 0.000221265
520, 511, 0.000589129, 0.000225047
520, 512, 0.000557154, 0.00021837
520, 513, 0.000424817, 0.000221276
520, 514, 0.000457769, 0.000217019
520, 515, 0.000389263, 0.000217754
520, 516, 0.000369577, 0.00021764
520, 517, 0.000314968, 0.000223212
520, 519, 0.000297058, 0.000216979
521, 511, 0.000628208, 0.000229477
521, 512, 0.000588666, 0.000223087
521, 513, 0.000452841, 0.000226534
521, 514, 0.000495801, 0.00022086
521, 515, 0.000417101, 0.000219843
521, 516, 0.000403054, 0.000221044
521, 517, 0.000346058, 0.000227015
521, 519, 0.000321979, 0.000220722
521, 520, 0.000238865, 0.000224072
522, 510, 0.000744374, 0.000224059
522, 511, 0.000659563, 0.000227819
522, 512, 0.000623073, 0.000218178
522, 513, 0.000477381, 0.000226157
522, 514, 0.000519608, 0.000219897
522, 515, 0.000447156, 0.000220852
522, 516, 0.000428914, 0.000220523
522, 517, 0.000369683, 0.000226235
522, 519, 0.000348047, 0.000219477
522, 520, 0.000256481, 0.000222526
522, 521, 0.000223987, 0.000227457
523, 512, 0.00063199, 0.000224545
523, 513, 0.000493429, 0.00022897
523, 514, 0.000527864, 0.000222176
523, 515, 0.000462088, 0.000220811
523, 516, 0.000437463, 0.000221286
523, 517, 0.000376609, 0.000228724
523, 519, 0.000357006, 0.00022052
523, 520, 0.000269669, 0.00022387
523, 521, 0.000222424, 0.000226362
523, 522, 0.000224033, 0.000228022
525, 513, 0.000813858, 0.000238811
525, 514, 0.000844796, 0.000230093
525, 515, 0.000771034, 0.000227916
525, 516, 0.000748433, 0.000230399
525, 517, 0.000678495, 0.000237076
525, 519, 0.000654742, 0.000230246
525, 520, 0.000520189, 0.000232297
525, 521, 0.000379474, 0.000238339
525, 522, 0.000441164, 0.000235228
525, 523, 0.000367131, 0.00022957
526, 513, 0.000892839, 0.000239534
526, 516, 0.000832764, 0.000232431
526, 517, 0.000765321, 0.000240852
526, 519, 0.000736447, 0.000233571
526, 520, 0.000601257, 0.000236063
526, 521, 0.000452094, 0.000239339
526, 522, 0.000512397, 0.000236612
526, 523, 0.000441638, 0.000231766
526, 525, 0.000237037, 0.00023589
527, 520, 0.000848072, 0.000240589
527, 521, 0.000693476, 0.00024663
527, 522, 0.000761526, 0.000244951
527, 523, 0.000679524, 0.000237836
527, 525, 0.000400206, 0.000242866
527, 526, 0.00032141, 0.000235169
528, 520, 0.000985091, 0.000246079
528, 521, 0.000829052, 0.000250596
528, 522, 0.000895768, 0.000248299
528, 523, 0.000814565, 0.000242581
528, 525, 0.000518264, 0.00024602
528, 526, 0.000431281, 0.000239226
528, 527, 0.000271224, 0.000243804
529, 520, 0.00101038, 0.000246624
529, 521, 0.000851021, 0.000252577
529, 522, 0.00091729, 0.000250803
529, 523, 0.00083168, 0.000245768
529, 525, 0.000541442, 0.000250152
529, 526, 0.000449421, 0.000240605
529, 527, 0.000284221, 0.000246394
529, 528, 0.000256628, 0.000246109
530, 521, 0.00100589, 0.000255017
530, 522, 0.00107052, 0.000253043
530, 523, 0.000979977, 0.000246297
530, 525, 0.000678234, 0.000250601
530, 526, 0.000581058, 0.000243839
530, 527, 0.000380015, 0.000247167
530, 528, 0.000329624, 0.000249007
530, 529, 0.000277775, 0.000249014
531, 525, 0.00102939, 0.000261619
531, 526, 0.000926936, 0.000253359
531, 527, 0.000697291, 0.000257126
531, 528, 0.000633963, 0.000258349
531, 529, 0.000542414, 0.000259491
531, 530, 0.000433037, 0.000256415
532, 525, 0.00113756, 0.000263465
532, 526, 0.00102744, 0.000254384
532, 527, 0.00080601, 0.000260347
532, 528, 0.00072944, 0.000259961
532, 529, 0.000638043, 0.000261932
532, 530, 0.000518741, 0.000259
532, 531, 0.000307705, 0.000268016
533, 525, 0.00119364, 0.000264648
533, 526, 0.00108229, 0.000257024
533, 527, 0.000856624, 0.000263019
533, 528, 0.000784891, 0.000262231
533, 529, 0.000689344, 0.000263832
533, 530, 0.000567556, 0.000261467
533, 531, 0.000342407, 0.000267988
533, 532, 0.000267781, 0.000260685
535, 525, 0.00118935, 0.000265561
535, 526, 0.00107729, 0.00025775
535, 527, 0.000847096, 0.000262791
535, 528, 0.000778953, 0.000263229
535, 529, 0.000675753, 0.000264854
535, 530, 0.00056268, 0.000261687
535, 531, 0.000335979, 0.000270992
535, 532, 0.000264928, 0.000263685
535, 533, 0.000266054, 0.000271416
537, 528, 0.00110193, 0.000272273
537, 529, 0.0010007, 0.000273547
537, 530, 0.000873509, 0.000270562
537, 531, 0.000606143, 0.000280832
537, 532, 0.000454428, 0.000271661
537, 533, 0.000428539, 0.000280018
537, 535, 0.000399385, 0.000272424
538, 529, 0.0011262, 0.000275368
538, 530, 0.000992969, 0.000273117
538, 531, 0.000725074, 0.00028101
538, 532, 0.000559028, 0.000273584
538, 533, 0.000528085, 0.000280324
538, 535, 0.000499951, 0.000274221
538, 537, 0.000288246, 0.000274757
539, 528, 0.00111453, 0.000273231
539, 529, 0.00101011, 0.000273984
539, 530, 0.000880331, 0.000272786
539, 531, 0.00061679, 0.000281743
539, 532, 0.000461205, 0.000272073
539, 533, 0.00043502, 0.000280271
539, 535, 0.000407305, 0.000273881
539, 537, 0.000274317, 0.000271595
539, 538, 0.000293355, 0.000277725
540, 530, 0.00115596, 0.00027858
540, 531, 0.000881877, 0.000287532
540, 532, 0.000709394, 0.000279378
540, 533, 0.000676694, 0.000287702
540, 535, 0.000642789, 0.000278551
540, 537, 0.000383273, 0.000277146
540, 538, 0.000341089, 0.000284891
540, 539, 0.000365997, 0.000280787
541, 531, 0.000941535, 0.000288749
541, 532, 0.000764114, 0.000280684
541, 533, 0.000736268, 0.00029025
541, 535, 0.000700968, 0.000279481
541, 537, 0.000424852, 0.000278287
541, 538, 0.00038548, 0.000285692
541, 539, 0.000404445, 0.000282183
541, 540, 0.000300873, 0.000280266
542, 531, 0.00094004, 0.000288074
542, 532, 0.000766598, 0.000279819
542, 533, 0.000731224, 0.000290566
542, 535, 0.00070067, 0.000281697
542, 537, 0.000428007, 0.000277248
542, 538, 0.000386828, 0.000286831
542, 539, 0.000403901, 0.000282306
542, 540, 0.000301365, 0.000279995
542, 541, 0.000291925, 0.000282937
543, 532, 0.000838581, 0.000282621
543, 533, 0.000803715, 0.000290022
543, 535, 0.000770063, 0.000280388
543, 537, 0.000480535, 0.000282084
543, 538, 0.000445815, 0.000286342
543, 539, 0.000459793, 0.000284831
543, 540, 0.000337577, 0.000283185
543, 541, 0.000318851, 0.000281293
543, 542, 0.000300089, 0.000283501
544, 532, 0.000764442, 0.000283389
544, 533, 0.000731637, 0.000290304
544, 535, 0.000698962, 0.000280421
544, 537, 0.000419639, 0.000279823
544, 538, 0.00038652, 0.000288427
544, 539, 0.000400275, 0.000284204
544, 540, 0.00030243, 0.000281618
544, 541, 0.000288783, 0.000281772
544, 542, 0.000280465, 0.000281506
544, 543, 0.00028451, 0.000278198
545, 533, 0.000841666, 0.000291142
545, 535, 0.000811822, 0.000284636
545, 537, 0.000515533, 0.000280987
545, 538, 0.000471312, 0.000288781
545, 539, 0.000495117, 0.000287741
545, 540, 0.000357902, 0.00028148
545, 541, 0.00034073, 0.000286555
545, 542, 0.000319139, 0.00028287
545, 543, 0.000300255, 0.000280411
545, 544, 0.000289672, 0.000286573
546, 535, 0.000958941, 0.000287304
546, 537, 0.000657374, 0.00028735
546, 538, 0.000606716, 0.000291572
546, 539, 0.000631558, 0.000291591
546, 540, 0.000472245, 0.000286035
546, 541, 0.000449648, 0.000286873
546, 542, 0.000418205, 0.000288373
546, 543, 0.000376783, 0.000285685
546, 544, 0.00035639, 0.000292298
546, 545, 0.000350722, 0.000285872
547, 537, 0.000737297, 0.000289481
547, 538, 0.000677171, 0.000295326
547, 539, 0.000711118, 0.000292124
547, 540, 0.000538813, 0.000288994
547, 541, 0.000519744, 0.000289436
547, 542, 0.000483463, 0.000290829
547, 543, 0.000434753, 0.000286517
547, 544, 0.000409743, 0.000294478
547, 545, 0.000406136, 0.000287666
547, 546, 0.000304363, 0.000288811
548, 537, 0.000738651, 0.000289407
548, 538, 0.00067931, 0.000295632
548, 539, 0.000710238, 0.000292989
548, 540, 0.000540972, 0.000289466
548, 541, 0.0005191, 0.00029187
548, 542, 0.000482591, 0.000291165
548, 543, 0.000437575, 0.000287915
548, 544, 0.000410079, 0.000292277
548, 545, 0.000404422, 0.000288743
548, 546, 0.000313019, 0.000289166
548, 547, 0.000294577, 0.000289562
549, 537, 0.000792957, 0.000290272
549, 538, 0.000729016, 0.000294925
549, 539, 0.000763685, 0.000294469
549, 540, 0.000592121, 0.000292655
549, 541, 0.000571764, 0.000291547
549, 542, 0.000535177, 0.000292646
549, 543, 0.00048373, 0.000287986
549, 544, 0.000452088, 0.000294612
549, 545, 0.000448578, 0.000290128
549, 546, 0.000333595, 0.000291866
549, 547, 0.000310461, 0.000289093
549, 548, 0.000291297, 0.00029133
550, 538, 0.000787628, 0.000297458
550, 539, 0.000813708, 0.000295501
550, 540, 0.000643271, 0.000290488
550, 541, 0.00061411, 0.000291051
550, 542, 0.000578827, 0.000290822
550, 543, 0.000531147, 0.000288555
550, 544, 0.000500679, 0.000294034
550, 545, 0.000491779, 0.000289146
550, 546, 0.000376793, 0.000290784
550, 547, 0.00033441, 0.000288597
550, 548, 0.000299842, 0.000291473
550, 549, 0.000305225, 0.000298646
551, 540, 0.000710064, 0.000294055
551, 541, 0.000694661, 0.000295657
551, 542, 0.000647898, 0.000296101
551, 543, 0.000593204, 0.000291918
551, 544, 0.000563499, 0.000296138
551, 545, 0.000558591, 0.000290671
551, 546, 0.000407673, 0.000291766
551, 547, 0.000379297, 0.000293468
551, 548, 0.000321359, 0.000294103
551, 549, 0.00034097, 0.000302069
551, 550, 0.000330512, 0.000296994
552, 540, 0.000764898, 0.000296304
552, 541, 0.000737443, 0.000295687
552, 542, 0.000694806, 0.000294458
552, 543, 0.000647126, 0.000294044
552, 544, 0.000611428, 0.000297107
552, 545, 0.000599938, 0.000295656
552, 546, 0.000463425, 0.000293677
552, 547, 0.000410054, 0.000293924
552, 548, 0.000349129, 0.000296069
552, 549, 0.000364103, 0.000303135
552, 550, 0.000326553, 0.000297534
552, 551, 0.000310595, 0.00029567
553, 540, 0.000825214, 0.000294694
553, 541, 0.000803164, 0.000297773
553, 542, 0.000755287, 0.000296364
553, 543, 0.000705069, 0.000293019
553, 544, 0.00067265, 0.000298214
553, 545, 0.000665634, 0.000294735
553, 546, 0.000512826, 0.000293892
553, 547, 0.000463291, 0.000293507
553, 548, 0.000386591, 0.000296991
553, 549, 0.000410773, 0.000302658
553, 550, 0.000371484, 0.000298164
553, 551, 0.000331861, 0.000295198
553, 552, 0.000302258, 0.0002933
555, 542, 0.000792626, 0.000295679
555, 543, 0.000731511, 0.000294819
555, 544, 0.000699362, 0.000299403
555, 545, 0.00069435, 0.000295163
555, 546, 0.000524066, 0.00029683
555, 547, 0.000494196, 0.000295254
555, 548, 0.000410324, 0.00029818
555, 549, 0.000435349, 0.000305725
555, 550, 0.000410554, 0.000300708
555, 551, 0.000343804, 0.000296985
555, 552, 0.000306631, 0.000294396
555, 553, 0.00031096, 0.000302283
556, 545, 0.00089434, 0.000299274
556, 546, 0.000718556, 0.000300303
556, 547, 0.000673627, 0.00030073
556, 548, 0.000576156, 0.000303563
556, 549, 0.000606552, 0.000312172
556, 550, 0.000556825, 0.000305346
556, 551, 0.000482064, 0.000303563
556, 552, 0.000393671, 0.000300014
556, 553, 0.000409412, 0.000307023
556, 555, 0.000352003, 0.000305877
557, 546, 0.000697495, 0.000301873
557, 547, 0.000643716, 0.000302791
557, 548, 0.000551287, 0.000304997
557, 549, 0.000580648, 0.000311174
557, 550, 0.000530816, 0.00030637
557, 551, 0.000458928, 0.000305151
557, 552, 0.00037371, 0.000300891
557, 553, 0.000393401, 0.000306803
557, 555, 0.000338736, 0.000305811
557, 556, 0.000301498, 0.000301701
558, 546, 0.000682871, 0.000302646
558, 547, 0.000638217, 0.000302313
558, 548, 0.00054013, 0.000305563
558, 549, 0.000573665, 0.000309511
558, 550, 0.000523053, 0.000305725
558, 551, 0.000453843, 0.000303401
558, 552, 0.00036994, 0.000300162
558, 553, 0.000385111, 0.000304881
558, 555, 0.000335502, 0.000306402
558, 556, 0.000306117, 0.000301788
558, 557, 0.000321189, 0.000301306
559, 546, 0.000819017, 0.00030394
559, 547, 0.000769879, 0.00030445
559, 548, 0.000670887, 0.000306907
559, 549, 0.000701008, 0.000311715
559, 550, 0.000643951, 0.000306274
559, 551, 0.000572604, 0.000306056
559, 552, 0.000471098, 0.000301996
559, 553, 0.000489879, 0.0003094
559, 555, 0.000418321, 0.000308232
559, 556, 0.000328738, 0.000304203
559, 557, 0.000303725, 0.000303901
559, 558, 0.000321239, 0.000305589
560, 547, 0.000681971, 0.000302655
560, 548, 0.00058699, 0.000305341
560, 549, 0.000613539, 0.000312193
560, 550, 0.000556455, 0.000304988
560, 551, 0.000489377, 0.000304424
560, 552, 0.000396816, 0.000300548
560, 553, 0.000415339, 0.000307648
560, 555, 0.000357311, 0.00030635
560, 556, 0.000304573, 0.000302277
560, 557, 0.000307845, 0.000304101
560, 558, 0.000306283, 0.000302393
560, 559, 0.000303001, 0.000302739
561, 547, 0.000732976, 0.000304639
561, 548, 0.000634083, 0.000306098
561, 549, 0.000664417, 0.000314633
561, 550, 0.000607936, 0.0003085
561, 551, 0.000537112, 0.000306838
561, 552, 0.000442468, 0.000303775
561, 553, 0.000457537, 0.000312061
561, 555, 0.000391491, 0.000308905
561, 556, 0.000319689, 0.000304253
561, 557, 0.000306268, 0.000305364
561, 558, 0.000315064, 0.000304913
561, 559, 0.000309366, 0.000303173
561, 560, 0.000315838, 0.000301421
562, 548, 0.000804178, 0.000309887
562, 549, 0.000833064, 0.000316504
562, 550, 0.000774251, 0.00031342
562, 551, 0.000696097, 0.000311858
562, 552, 0.000586488, 0.000307194
562, 553, 0.000607314, 0.000312875
562, 555, 0.000524484, 0.000311764
562, 556, 0.000409744, 0.000309519
562, 557, 0.000355839, 0.000309114
562, 558, 0.000385787, 0.000310634
562, 559, 0.000375816, 0.000307764
562, 560, 0.000398069, 0.000307877
562, 561, 0.00033261, 0.000310944
563, 549, 0.000809128, 0.000316935
563, 550, 0.000748605, 0.000311283
563, 551, 0.000671381, 0.000309556
563, 552, 0.00056906, 0.000305758
563, 553, 0.000587633, 0.000312386
563, 555, 0.000506863, 0.000312851
563, 556, 0.000389413, 0.000308394
563, 557, 0.000339648, 0.000308182
563, 558, 0.000375603, 0.000309059
563, 559, 0.000362632, 0.00030689
563, 560, 0.000382632, 0.000305535
563, 561, 0.000324674, 0.000311153
563, 562, 0.000310091, 0.000307666
565, 551, 0.000923891, 0.000316718
565, 552, 0.000808652, 0.000312287
565, 553, 0.000827901, 0.000317473
565, 555, 0.00073384, 0.000317726
565, 556, 0.000593858, 0.000313852
565, 557, 0.000515941, 0.000312659
565, 558, 0.000563747, 0.000313918
565, 559, 0.000548355, 0.0003111
565, 560, 0.000576663, 0.000312291
565, 561, 0.000479747, 0.0003154
565, 562, 0.000386004, 0.000313629
565, 563, 0.000367926, 0.000315081
566, 552, 0.000919788, 0.000315859
566, 553, 0.000935283, 0.000321901
566, 555, 0.000845954, 0.000320128
566, 556, 0.000699793, 0.00031675
566, 557, 0.000620786, 0.000316862
566, 558, 0.000659561, 0.000318413
566, 559, 0.000654403, 0.000315131
566, 560, 0.000683599, 0.000315073
566, 561, 0.000574888, 0.000319402
566, 562, 0.000463588, 0.000315815
566, 563, 0.00043489, 0.000316754
566, 565, 0.000358514, 0.000318145
567, 553, 0.00107536, 0.000325688
567, 555, 0.000978763, 0.000324641
567, 556, 0.000825564, 0.000321378
567, 557, 0.000744483, 0.000320302
567, 558, 0.000790295, 0.00032087
567, 559, 0.000776084, 0.000319891
567, 560, 0.000803483, 0.000318
567, 561, 0.000691401, 0.000321654
567, 562, 0.000572229, 0.000319465
567, 563, 0.000544744, 0.000320671
567, 565, 0.000421299, 0.000320189
567, 566, 0.000355279, 0.000319022
568, 556, 0.000998355, 0.000327349
568, 557, 0.000911187, 0.000325515
568, 558, 0.000961043, 0.000326183
568, 559, 0.000947099, 0.000322638
568, 560, 0.000975474, 0.000323129
568, 561, 0.000851792, 0.000327263
568, 562, 0.000727942, 0.000326518
568, 563, 0.00069673, 0.000324746
568, 565, 0.000551732, 0.000325895
568, 566, 0.000461104, 0.000324634
568, 567, 0.000369868, 0.000328687
569, 556, 0.00107166, 0.000327195
569, 557, 0.000978528, 0.000328649
569, 558, 0.00103118, 0.00032966
569, 559, 0.001013, 0.000327475
569, 560, 0.0010437, 0.000325031
569, 561, 0.000920123, 0.00032979
569, 562, 0.000794254, 0.000326552
569, 563, 0.000757029, 0.00033046
569, 565, 0.0006205, 0.000327913
569, 566, 0.000513528, 0.000325488
569, 567, 0.000415228, 0.00033058
569, 568, 0.000330304, 0.000328841
570, 559, 0.00138667, 0.000335974
570, 561, 0.0012931, 0.000338914
570, 562, 0.00115689, 0.000337243
570, 563, 0.0011172, 0.000339962
570, 565, 0.000961902, 0.000337934
570, 566, 0.000843501, 0.000336103
570, 567, 0.000707707, 0.00033765
570, 568, 0.000538927, 0.00033967
570, 569, 0.00049443, 0.000335842
572, 562, 0.00151851, 0.000347352
572, 563, 0.0014835, 0.000349566
572, 565, 0.00131813, 0.000347487
572, 566, 0.00119219, 0.000345691
572, 567, 0.0010469, 0.000348972
572, 568, 0.000855894, 0.000349139
572, 569, 0.000798232, 0.000345941
572, 570, 0.000544259, 0.000349122
573, 562, 0.00157974, 0.000348533
573, 565, 0.00137566, 0.000350552
573, 566, 0.0012505, 0.000348705
573, 567, 0.00110124, 0.000352145
573, 568, 0.000910972, 0.000351517
573, 569, 0.000844732, 0.000349103
573, 570, 0.0005791, 0.000351536
573, 572, 0.000375269, 0.000353325
574, 565, 0.00158473, 0.000356851
574, 566, 0.00146068, 0.000351765
574, 567, 0.00131235, 0.000358181
574, 568, 0.00110861, 0.000357035
574, 569, 0.00105354, 0.000355133
574, 570, 0.000765108, 0.000357654
574, 572, 0.000497727, 0.000358383
574, 573, 0.000431543, 0.00035538
575, 566, 0.00174049, 0.000362201
575, 567, 0.00158757, 0.000366211
575, 568, 0.00138736, 0.000365685
575, 569, 0.00131983, 0.000363234
575, 570, 0.00102334, 0.000365702
575, 572, 0.00071611, 0.000367553
575, 573, 0.000629928, 0.000363421
575, 574, 0.000448644, 0.000363838
576, 567, 0.00165077, 0.000369683
576, 568, 0.00144573, 0.00036924
576, 569, 0.00137934, 0.000365944
576, 570, 0.00108197, 0.000368348
576, 572, 0.000772032, 0.000369922
576, 573, 0.000680111, 0.000365575
576, 574, 0.000486161, 0.000367766
576, 575, 0.000372405, 0.000369454
577, 568, 0.00164885, 0.000374551
577, 569, 0.00157728, 0.000372606
577, 570, 0.00127453, 0.000376282
577, 572, 0.000956376, 0.000376599
577, 573, 0.000859775, 0.000372873
577, 574, 0.000638803, 0.0003745
577, 575, 0.000448524, 0.000375517
577, 576, 0.000426562, 0.000373346
579, 569, 0.00178208, 0.00037809
579, 570, 0.00147801, 0.000381198
579, 572, 0.00115502, 0.000382838
579, 573, 0.00104914, 0.000378949
579, 574, 0.000817633, 0.000380456
579, 575, 0.000583431, 0.000381103
579, 576, 0.000552582, 0.000377594
579, 577, 0.00041554, 0.000380126
580, 570, 0.00172086, 0.000388448
580, 572, 0.0013827, 0.000389555
580, 573, 0.00127582, 0.000385633
580, 574, 0.00103064, 0.000386594
580, 575, 0.000781188, 0.000388897
580, 576, 0.000747693, 0.00038415
580, 577, 0.000547346, 0.000387392
580, 579, 0.000437518, 0.00038896
581, 572, 0.00178589, 0.00040314
581, 573, 0.0016829, 0.000398625
581, 574, 0.00143062, 0.000398342
581, 575, 0.00116103, 0.000401821
581, 576, 0.00111447, 0.000397158
581, 577, 0.000893004, 0.000399759
581, 579, 0.000726491, 0.000402525
581, 580, 0.000619147, 0.000397796
582, 572, 0.00173009, 0.000399483
582, 573, 0.00162162, 0.000396146
582, 574, 0.00137058, 0.000396994
582, 575, 0.00110215, 0.000398287
582, 576, 0.00106491, 0.00039543
582, 577, 0.000842943, 0.000396498
582, 579, 0.000677082, 0.000400105
582, 580, 0.000575794, 0.000394566
582, 581, 0.000400595, 0.000397306
583, 574, 0.00167564, 0.000407354
583, 575, 0.00140264, 0.000409578
583, 576, 0.00136218, 0.000405651
583, 577, 0.00113298, 0.000406864
583, 579, 0.000951374, 0.000410304
583, 580, 0.000830865, 0.000405563
583, 581, 0.000479873, 0.000408755
583, 582, 0.000507496, 0.000407107
584, 575, 0.00159937, 0.000414857
584, 576, 0.001556, 0.000412665
584, 577, 0.00132124, 0.000413994
584, 579, 0.00113571, 0.000415676
584, 580, 0.00101373, 0.000412282
584, 581, 0.000613189, 0.000413766
584, 582, 0.000646025, 0.000412322
584, 583, 0.000445463, 0.000413542
585, 575, 0.00169825, 0.000417941
585, 576, 0.00165139, 0.000414492
585, 577, 0.00142183, 0.000415766
585, 579, 0.00122883, 0.000418828
585, 580, 0.00110081, 0.000414759
585, 581, 0.00068766, 0.000415711
585, 582, 0.000724229, 0.000414806
585, 583, 0.00049213, 0.000416744
585, 584, 0.000426349, 0.000417184
586, 577, 0.00167676, 0.000425422
586, 579, 0.00148066, 0.000427817
586, 580, 0.0013554, 0.000423879
586, 581, 0.000911555, 0.000425337
586, 582, 0.000956765, 0.000423919
586, 583, 0.000675869, 0.000425106
586, 584, 0.000546372, 0.000425129
586, 585, 0.00048593, 0.000426484
587, 579, 0.00157357, 0.000430682
587, 580, 0.00144393, 0.000426009
587, 581, 0.00100122, 0.000428316
587, 582, 0.00104691, 0.000428089
587, 583, 0.000751988, 0.000429198
587, 584, 0.000610675, 0.000428008
587, 585, 0.00054274, 0.000429246
587, 586, 0.000438255, 0.000426015
589, 580, 0.00169796, 0.000433478
589, 581, 0.00123603, 0.000435046
589, 582, 0.00127862, 0.000434281
589, 583, 0.000974789, 0.000434783
589, 584, 0.000812178, 0.00043609
589, 585, 0.000729898, 0.00043671
589, 586, 0.000534805, 0.000433435
589, 587, 0.000503173, 0.000435859
590, 581, 0.0013143, 0.000438104
590, 582, 0.00135318, 0.000437367
590, 583, 0.00104081, 0.000438484
590, 584, 0.000880855, 0.000437941
590, 585, 0.000794222, 0.000439325
590, 586, 0.000586523, 0.000434682
590, 587, 0.000546716, 0.000438876
590, 589, 0.000444486, 0.000439928
591, 581, 0.00130457, 0.000439312
591, 582, 0.00134227, 0.000437714
591, 583, 0.00103716, 0.000438193
591, 584, 0.00087244, 0.00043825
591, 585, 0.00078054, 0.000439003
591, 586, 0.000580535, 0.000435658
591, 587, 0.000539404, 0.000438685
591, 589, 0.000442638, 0.000440949
591, 590, 0.00044076, 0.000436905
592, 581, 0.00132718, 0.000438272
592, 582, 0.00137104, 0.000437933
592, 583, 0.00105731, 0.000438831
592, 584, 0.00089002, 0.000438714
592, 585, 0.000801921, 0.000439796
592, 586, 0.000595557, 0.000435886
592, 587, 0.000553575, 0.00043958
592, 589, 0.000444467, 0.00044012
592, 590, 0.000437815, 0.000438425
592, 591, 0.000437271, 0.000437265
593, 581, 0.00143345, 0.0004409
593, 583, 0.00115527, 0.000441677
593, 584, 0.000984432, 0.000440289
593, 585, 0.000903857, 0.00044163
593, 586, 0.000673766, 0.000437773
593, 587, 0.00063533, 0.000441779
593, 589, 0.000477511, 0.000443611
593, 590, 0.000453219, 0.000440187
593, 591, 0.000457819, 0.000439477
593, 592, 0.00044999, 0.000441126
594, 583, 0.00147514, 0.000451407
594, 584, 0.00129262, 0.000452082
594, 585, 0.00119893, 0.000453217
594, 586, 0.000948853, 0.000448408
594, 587, 0.000902703, 0.000452936
594, 589, 0.0006861, 0.000454042
594, 590, 0.000621338, 0.000452084
594, 591, 0.000631769, 0.000450346
594, 592, 0.000623995, 0.000452951
594, 593, 0.000572385, 0.000452286
595, 584, 0.00175378, 0.000466953
595, 585, 0.00165406, 0.000466881
595, 586, 0.001389, 0.000463033
595, 587, 0.00132622, 0.000466012
595, 589, 0.00108325, 0.000467427
595, 590, 0.00101365, 0.000465772
595, 591, 0.00102211, 0.000464315
595, 592, 0.0010036, 0.000466288
595, 593, 0.00093894, 0.000465797
595, 594, 0.000651956, 0.000467078
596, 585, 0.00174306, 0.000470222
596, 586, 0.00148386, 0.0004669
596, 587, 0.00142712, 0.000469768
596, 589, 0.00118156, 0.000471637
596, 590, 0.0011047, 0.000469472
596, 591, 0.00111412, 0.000468282
596, 592, 0.00109994, 0.000470401
596, 593, 0.00102979, 0.000469828
596, 594, 0.000727384, 0.000471568
596, 595, 0.000478924, 0.000468065
597, 586, 0.00204346, 0.000483486
597, 587, 0.0019785, 0.000486427
597, 589, 0.00171747, 0.000487582
597, 590, 0.00164306, 0.000484766
597, 591, 0.00164701, 0.000484812
597, 592, 0.00163226, 0.000485691
597, 593, 0.00155477, 0.000486385
597, 594, 0.00122402, 0.000488167
597, 595, 0.000817727, 0.00048421
597, 596, 0.000718715, 0.000482665
599, 589, 0.0024516, 0.000510972
599, 590, 0.0023744, 0.000507628
599, 591, 0.00237733, 0.00050746
599, 592, 0.00236361, 0.00050902
599, 593, 0.00228798, 0.000507654
599, 594, 0.00193095, 0.000510068
599, 595, 0.0014899, 0.000506941
599, 596, 0.00136741, 0.000504865
599, 597, 0.00090582, 0.000506966
601, 594, 0.00417541, 0.000578153
601, 595, 0.00370703, 0.000575
601, 596, 0.00357684, 0.000573201
601, 597, 0.00306077, 0.000575229
601, 599, 0.00232387, 0.000575205
602, 595, 0.00560075, 0.000629317
602, 596, 0.00545788, 0.000626974
602, 597, 0.00493767, 0.000629505
602, 599, 0.00418991, 0.00063054
602, 601, 0.00197775, 0.000630692
604, 597, 0.00611623, 0.000664039
604, 599, 0.00536139, 0.000664467
604, 601, 0.00312222, 0.000665508
604, 602, 0.00137112, 0.000666266
605, 599, 0.00585011, 0.000680222
605, 601, 0.00360368, 0.00068086
605, 602, 0.00180583, 0.000681799
605, 604, 0.000835145, 0.000681731
606, 601, 0.00450928, 0.000707818
606, 602, 0.00269274, 0.000708472
606, 604, 0.00156142, 0.000707864
606, 605, 0.00115565, 0.000706704
607, 601, 0.00450715, 0.00070655
607, 602, 0.00268492, 0.000708186
607, 604, 0.00155986, 0.000708066
607, 605, 0.00115465, 0.000706976
607, 606, 0.000708238, 0.000706005
609, 602, 0.00353674, 0.000732515
609, 604, 0.00237951, 0.000732434
609, 605, 0.0019254, 0.000730491
609, 606, 0.00113347, 0.000729184
609, 607, 0.00113477, 0.000731096
610, 602, 0.00369976, 0.000736165
610, 604, 0.00252372, 0.000736333
610, 605, 0.00207586, 0.000734922
610, 606, 0.00125826, 0.00073283
610, 607, 0.00126018, 0.000735223
610, 609, 0.000752265, 0.000736169
611, 602, 0.00385408, 0.000740745
611, 604, 0.00268008, 0.000740815
611, 605, 0.00222697, 0.0007393
611, 606, 0.00139873, 0.000737981
611, 607, 0.00139745, 0.000740013
611, 609, 0.000808383, 0.000740174
611, 610, 0.000760001, 0.000740296
612, 602, 0.0040376, 0.000744046
612, 604, 0.00286821, 0.000745306
612, 605, 0.00240336, 0.000743747
612, 606, 0.00155857, 0.00074258
612, 607, 0.00155702, 0.000744409
612, 609, 0.000899523, 0.000744117
612, 610, 0.000826096, 0.000744152
612, 611, 0.00076387, 0.000744857
613, 604, 0.00325163, 0.000755552
613, 605, 0.00278011, 0.000754142
613, 606, 0.00191391, 0.00075281
613, 607, 0.00191372, 0.000754644
613, 609, 0.00117366, 0.000754912
613, 610, 0.00106415, 0.000755095
613, 611, 0.00094286, 0.000755762
613, 612, 0.000854975, 0.00075333
615, 606, 0.00225213, 0.000762824
615, 607, 0.00225585, 0.00076477
615, 609, 0.00146589, 0.000765515
615, 610, 0.00134344, 0.000765018
615, 611, 0.00119797, 0.000766505
615, 612, 0.00107483, 0.000764037
615, 613, 0.00084679, 0.000764837
616, 606, 0.00225804, 0.000763198
616, 607, 0.0022575, 0.000765002
616, 609, 0.001474, 0.000764656
616, 610, 0.00135143, 0.000765533
616, 611, 0.00120016, 0.000766159
616, 612, 0.00107963, 0.000763728
616, 613, 0.000850986, 0.000764515
616, 615, 0.000765328, 0.000763849
617, 609, 0.00200695, 0.00077992
617, 610, 0.00186483, 0.000779438
617, 611, 0.00169899, 0.000780871
617, 612, 0.00155328, 0.000779031
617, 613, 0.00123302, 0.000779196
617, 615, 0.000973587, 0.00077793
617, 616, 0.000977488, 0.000779243
618, 609, 0.00199764, 0.000780783
618, 610, 0.00186566, 0.000780059
618, 611, 0.00169796, 0.000780641
618, 612, 0.00154964, 0.000777732
618, 613, 0.00122875, 0.000779782
618, 615, 0.000971474, 0.000777795
618, 616, 0.000975401, 0.000779779
618, 617, 0.000781549, 0.00077957
619, 609, 0.00237481, 0.000789092
619, 610, 0.0022307, 0.000788977
619, 611, 0.00205967, 0.000789796
619, 612, 0.00190335, 0.0007878
619, 613, 0.00155567, 0.000787892
619, 615, 0.00126107, 0.000788022
619, 616, 0.00125906, 0.000788893
619, 617, 0.000890958, 0.000790276
619, 618, 0.000885655, 0.000789982
620, 610, 0.00237063, 0.000792565
620, 611, 0.00220197, 0.000793506
620, 612, 0.00204621, 0.000791549
620, 613, 0.00168905, 0.000791583
620, 615, 0.00138178, 0.000790898
620, 616, 0.00137881, 0.00079371
620, 617, 0.00096971, 0.000794175
620, 618, 0.000965518, 0.000792623
620, 619, 0.000811064, 0.00079207
621, 611, 0.00299784, 0.000814417
621, 612, 0.0028262, 0.000810098
621, 613, 0.0024585, 0.000811739
621, 615, 0.00212328, 0.00081042
621, 616, 0.00211845, 0.000812392
621, 617, 0.00160644, 0.000812991
621, 618, 0.00160125, 0.000812364
621, 619, 0.00128157, 0.000811404
621, 620, 0.00117008, 0.000811095
622, 612, 0.0030318, 0.00081622
622, 613, 0.00265868, 0.000816618
622, 615, 0.0023174, 0.000816417
622, 616, 0.00231824, 0.000817033
622, 617, 0.0017856, 0.00081841
622, 618, 0.00178368, 0.000817309
622, 619, 0.00144845, 0.000816165
622, 620, 0.00132661, 0.00081682
622, 621, 0.000839199, 0.000816223
623, 613, 0.00287022, 0.00082367
623, 615, 0.00252953, 0.000821207
623, 616, 0.00253228, 0.000823353
623, 617, 0.00199329, 0.00082416
623, 618, 0.00199002, 0.000823802
623, 619, 0.00164104, 0.000822783
623, 620, 0.00151293, 0.000822626
623, 621, 0.000923254, 0.000822905
623, 622, 0.000854073, 0.000822178
624, 617, 0.00404976, 0.000872585
624, 618, 0.00405066, 0.000870056
624, 619, 0.00367299, 0.000870923
624, 620, 0.0035289, 0.000870744
624, 621, 0.0027123, 0.000870128
624, 622, 0.00253221, 0.000870862
624, 623, 0.00231174, 0.000872486
625, 619, 0.00605569, 0.000925058
625, 620, 0.00590989, 0.000924881
625, 621, 0.00507153, 0.000924017
625, 622, 0.0048893, 0.000923973
625, 623, 0.00466311, 0.000924586
625, 624, 0.00260147, 0.000921999
626, 621, 0.00953719, 0.00101878
626, 622, 0.00935381, 0.00101953
626, 623, 0.00913638, 0.00102101
626, 624, 0.0070364, 0.00101747
626, 625, 0.00466687, 0.00101821
627, 624, 0.0140629, 0.00115655
627, 625, 0.011706, 0.00115805
627, 626, 0.00722504, 0.00115791
628, 625, 0.0140109, 0.00120307
628, 626, 0.00952949, 0.00120343
628, 627, 0.0026241, 0.00120304
630, 626, 0.0116947, 0.00124551
630, 627, 0.00468628, 0.00124484
630, 628, 0.00253475, 0.00124692
631, 626, 0.0129507, 0.00126364
631, 627, 0.00592203, 0.00126358
631, 628, 0.00370647, 0.00126762
631, 630, 0.00180646, 0.00126075
632, 627, 0.00703112, 0.0012833
632, 628, 0.00479644, 0.00128474
632, 630, 0.00275995, 0.00128121
632, 631, 0.00173346, 0.0012827
633, 627, 0.00755156, 0.00129028
633, 628, 0.00531139, 0.00129245
633, 630, 0.00324814, 0.00128802
633, 631, 0.00213478, 0.00128976
633, 632, 0.00139604, 0.00129123
634, 627, 0.0075359, 0.00129206
634, 628, 0.00529857, 0.00129438
634, 630, 0.0032364, 0.00129006
634, 631, 0.00212969, 0.00129173
634, 632, 0.00139659, 0.00129293
634, 633, 0.00129088, 0.00128892
635, 628, 0.0071425, 0.00131608
635, 630, 0.00504429, 0.00131197
635, 631, 0.00383464, 0.00131365
635, 632, 0.00277622, 0.00131479
635, 633, 0.00231905, 0.00131115
635, 634, 0.00233964, 0.00131263
636, 630, 0.00635858, 0.00132376
636, 631, 0.00513022, 0.00132801
636, 632, 0.00403347, 0.00132931
636, 633, 0.00353481, 0.00132428
636, 634, 0.00356447, 0.0013259
636, 635, 0.00190537, 0.00132829
637, 631, 0.00633689, 0.00133912
637, 632, 0.00522487, 0.001339
637, 633, 0.00471465, 0.00133541
637, 634, 0.00475167, 0.00133696
637, 635, 0.00294408, 0.00134058
637, 636, 0.0018333, 0.00134069
638, 631, 0.00698899, 0.00134467
638, 632, 0.00587806, 0.00134568
638, 633, 0.00536772, 0.00134083
638, 634, 0.00540501, 0.00134484
638, 635, 0.00356486, 0.00134611
638, 636, 0.00235839, 0.00134619
638, 637, 0.00150719, 0.0013435
639, 633, 0.00634321, 0.00135082
639, 634, 0.00638724, 0.00135266
639, 635, 0.00451807, 0.00135485
639, 636, 0.00324559, 0.001355
639, 637, 0.00217388, 0.0013546
639, 638, 0.00170933, 0.00135139
640, 635, 0.00641733, 0.00136764
640, 636, 0.0051007, 0.00136635
640, 637, 0.00391665, 0.00136603
640, 638, 0.00331161, 0.00136401
640, 639, 0.00239832, 0.00136535
641, 635, 0.00783637, 0.00137524
641, 636, 0.00650686, 0.00137532
641, 637, 0.00530272, 0.0013742
641, 638, 0.00467733, 0.00137217
641, 639, 0.00369265, 0.00137369
641, 640, 0.00200115, 0.00137317
642, 636, 0.00972928, 0.00138909
642, 637, 0.00850915, 0.00138637
642, 638, 0.00787595, 0.00138438
642, 639, 0.00685073, 0.00138618
642, 640, 0.00494776, 0.00138525
642, 641, 0.00358139, 0.00138586
643, 637, 0.00912181, 0.00139001
643, 638, 0.00848906, 0.00138649
643, 639, 0.0074617, 0.00138827
643, 640, 0.00554365, 0.00138763
643, 641, 0.00415915, 0.00138931
643, 642, 0.00152206, 0.00139312
644, 638, 0.00910289, 0.00138903
644, 639, 0.0080782, 0.00139077
644, 640, 0.00614948, 0.00139033
644, 641, 0.0047537, 0.00139212
644, 642, 0.00186943, 0.00139577
644, 643, 0.00152293, 0.00139083
645, 640, 0.00752046, 0.00139348
645, 641, 0.00610211, 0.00139588
645, 642, 0.00299305, 0.00140056
645, 643, 0.00245073, 0.00139588
645, 644, 0.00197483, 0.00139578
646, 641, 0.00818164, 0.00140057
646, 642, 0.00496975, 0.00140313
646, 643, 0.0043647, 0.00139714
646, 644, 0.00379038, 0.00139968
646, 645, 0.00251744, 0.00139736
647, 641, 0.0082001, 0.00140205
647, 642, 0.00498046, 0.00140343
647, 643, 0.00437864, 0.00140089
647, 644, 0.0038028, 0.00139895
647, 645, 0.00252839, 0.0013983
647, 646, 0.00139915, 0.00140189
648, 642, 0.00567595, 0.0014056
648, 643, 0.0050693, 0.00140184
648, 644, 0.00448196, 0.00140123
648, 645, 0.00315723, 0.00139967
648, 646, 0.00157518, 0.00140496
648, 647, 0.00159199, 0.00140264
649, 642, 0.00565472, 0.00140652
649, 643, 0.00504862, 0.00140191
649, 644, 0.00446191, 0.00140148
649, 645, 0.0031367, 0.00140098
649, 646, 0.00156568, 0.00140285
649, 647, 0.00158189, 0.0014009
649, 648, 0.00140294, 0.00140194
650, 642, 0.00878444, 0.0014067
650, 643, 0.00816614, 0.00140235
650, 644, 0.00756349, 0.00140209
650, 645, 0.00616557, 0.0014023
650, 646, 0.00413956, 0.00140373
650, 647, 0.00417393, 0.00140388
650, 648, 0.00349453, 0.00140561
650, 649, 0.00347418, 0.00140388
651, 642, 0.0120475, 0.00141233
651, 643, 0.0114158, 0.0014068
651, 644, 0.0108142, 0.00140704
651, 645, 0.00940269, 0.00140495
651, 646, 0.00732495, 0.00140869
651, 647, 0.00736208, 0.00140816
651, 648, 0.00665092, 0.00140853
651, 649, 0.00662553, 0.00140808
651, 650, 0.00358782, 0.00140943
652, 646, 0.0160651, 0.00140911
652, 647, 0.0160986, 0.00140556
652, 648, 0.0153738, 0.00140661
652, 649, 0.0153543, 0.00140737
652, 650, 0.0121916, 0.00140603
652, 651, 0.00893035, 0.00140423
654, 650, 0.0353531, 0.00137951
654, 651, 0.0320587, 0.00137549
654, 652, 0.023277, 0.0013758
655, 651, 0.0395612, 0.00136087
655, 652, 0.0307783, 0.00136095
655, 654, 0.00763867, 0.00136529
656, 652, 0.0359374, 0.00134945
656, 654, 0.0127517, 0.00135675
656, 655, 0.0053706, 0.00135249
657, 654, 0.0183624, 0.00134743
657, 655, 0.0109065, 0.00134337
657, 656, 0.0057812, 0.00134445
658, 654, 0.018389, 0.00134659
658, 655, 0.0109328, 0.00134297
658, 656, 0.00581478, 0.00134626
658, 657, 0.00134808, 0.00134245
659, 654, 0.0207196, 0.00134487
659, 655, 0.0132574, 0.00134265
659, 656, 0.00809843, 0.00134346
659, 657, 0.00273045, 0.00133972
659, 658, 0.00269921, 0.00134312
660, 654, 0.0184142, 0.0013471
660, 655, 0.0109679, 0.00134062
660, 656, 0.00583788, 0.00134555
660, 657, 0.00135451, 0.0013414
660, 658, 0.00134469, 0.00134435
660, 659, 0.00266933, 0.00134131
661, 655, 0.0159909, 0.00133839
661, 656, 0.0108297, 0.00134031
661, 657, 0.00530369, 0.00133652
661, 658, 0.00527565, 0.00133931
661, 659, 0.00306689, 0.00133884
661, 660, 0.00527601, 0.00133858
662, 655, 0.0160525, 0.00133732
662, 656, 0.0108924, 0.00133975
662, 657, 0.00536823, 0.00133791
662, 658, 0.00533855, 0.0013408
662, 659, 0.00311848, 0.00133569
662, 660, 0.00533999, 0.00133838
662, 661, 0.0013404, 0.00133895
663, 656, 0.0121002, 0.00133771
663, 657, 0.00654168, 0.00133518
663, 658, 0.00651716, 0.00133658
663, 659, 0.00425204, 0.00133501
663, 660, 0.00652754, 0.00133344
663, 661, 0.00182274, 0.00133606
663, 662, 0.00182397, 0.00133902
664, 657, 0.00913273, 0.00133586
664, 658, 0.00910394, 0.00133741
664, 659, 0.00679539, 0.00133481
664, 660, 0.00910745, 0.00133532
664, 661, 0.00408744, 0.00133513
664, 662, 0.00408185, 0.00133762
664, 663, 0.00293759, 0.00133649
665, 657, 0.0110097, 0.00133528
665, 658, 0.0109709, 0.00133657
665, 659, 0.00865144, 0.00133492
665, 660, 0.0109822, 0.00133362
665, 661, 0.00591224, 0.00133473
665, 662, 0.00591231, 0.00133775
665, 663, 0.00469932, 0.00133612
665, 664, 0.00233872, 0.00133537
666, 659, 0.0139173, 0.00134014
666, 661, 0.0111391, 0.00134078
666, 662, 0.0111392, 0.00134397
666, 663, 0.00990234, 0.00134196
666, 664, 0.00734232, 0.00134236
666, 665, 0.00549532, 0.00134069
667, 659, 0.0139605, 0.00133775
667, 661, 0.0111841, 0.00133873
667, 662, 0.0111852, 0.00134194
667, 663, 0.00994927, 0.00133996
667, 664, 0.00738721, 0.0013407
667, 665, 0.0055439, 0.00133837
667, 666, 0.00134275, 0.00133721
668, 661, 0.0149345, 0.00134434
668, 662, 0.0149284, 0.00134603
668, 663, 0.013693, 0.00134422
668, 664, 0.0111148, 0.00134543
668, 665, 0.00924352, 0.00134431
668, 666, 0.00404636, 0.00134404
668, 667, 0.0040239, 0.00134606
669, 664, 0.018458, 0.00136206
669, 665, 0.0165632, 0.00136037
669, 666, 0.0112582, 0.0013625
669, 667, 0.0112293, 0.00136276
669, 668, 0.00750284, 0.00136141
670, 665, 0.0240493, 0.00138267
670, 666, 0.0187239, 0.00138408
670, 667, 0.0186961, 0.00138606
670, 668, 0.0149246, 0.00138278
670, 669, 0.00765243, 0.0013865
672, 666, 0.0245629, 0.00140377
672, 667, 0.0245316, 0.00140548
672, 668, 0.0207571, 0.0014038
672, 669, 0.0134478, 0.00140653
672, 670, 0.00600606, 0.00140411
673, 668, 0.0263291, 0.00142969
673, 669, 0.0190107, 0.0014333
673, 670, 0.0115075, 0.00143194
673, 672, 0.00575421, 0.00142759
674, 669, 0.0211164, 0.00144296
674, 670, 0.0135962, 0.00144036
674, 672, 0.00781116, 0.00143657
674, 673, 0.00251694, 0.00143665
675, 670, 0.0154496, 0.00144892
675, 672, 0.00964364, 0.00144276
675, 673, 0.00417486, 0.00144366
675, 674, 0.00236011, 0.00144866
676, 670, 0.0154732, 0.00144722
676, 672, 0.00965865, 0.00144491
676, 673, 0.00419459, 0.00144232
676, 674, 0.00237724, 0.00144787
676, 675, 0.00144887, 0.00144535
677, 670, 0.0163356, 0.00146169
677, 672, 0.0105206, 0.00145677
677, 673, 0.00506115, 0.00145603
677, 674, 0.00320604, 0.00146028
677, 675, 0.00191859, 0.00145853
677, 676, 0.00188121, 0.00146013
678, 672, 0.0125403, 0.00146888
678, 673, 0.00702124, 0.00146868
678, 674, 0.00506872, 0.00147615
678, 675, 0.00342584, 0.00147338
678, 676, 0.00336537, 0.00147416
678, 677, 0.00254053, 0.001473
679, 672, 0.0125288, 0.00146826
679, 673, 0.00702882, 0.00146896
679, 674, 0.00507822, 0.00147137
679, 675, 0.00344353, 0.00147092
679, 676, 0.00338302, 0.00147312
679, 677, 0.00253719, 0.00147146
679, 678, 0.00147529, 0.00146995
680, 672, 0.012957, 0.00148834
680, 673, 0.0075991, 0.0014858
680, 674, 0.00577031, 0.00149184
680, 675, 0.00430204, 0.00149012
680, 676, 0.0042294, 0.00149005
680, 677, 0.00317517, 0.0014909
680, 678, 0.0021316, 0.00148995
680, 679, 0.00210976, 0.00148666
681, 673, 0.00824598, 0.00148666
681, 674, 0.00634163, 0.00149053
681, 675, 0.00473531, 0.00149057
681, 676, 0.00466414, 0.00149082
681, 677, 0.00364738, 0.00149046
681, 678, 0.00210944, 0.00148976
681, 679, 0.00210986, 0.00148776
681, 680, 0.00171626, 0.00148774
682, 673, 0.0084322, 0.00149281
682, 674, 0.00657185, 0.00149781
682, 675, 0.00502798, 0.00149398
682, 676, 0.00495834, 0.00149627
682, 677, 0.00388814, 0.00149717
682, 678, 0.00245678, 0.00149498
682, 679, 0.00244696, 0.00149321
682, 680, 0.00169497, 0.00149506
682, 681, 0.00158291, 0.00149174
683, 677, 0.00606026, 0.00152962
683, 678, 0.00443287, 0.001529
683, 679, 0.00442075, 0.00152863
683, 680, 0.00334037, 0.00152906
683, 681, 0.00303174, 0.00152708
683, 682, 0.00266363, 0.00153137
684, 678, 0.00435685, 0.00151608
684, 679, 0.00436026, 0.00151501
684, 680, 0.00367864, 0.00151491
684, 681, 0.00310428, 0.00151542
684, 682, 0.00292777, 0.00152017
684, 683, 0.00198091, 0.00151776
685, 678, 0.00488517, 0.00153372
685, 679, 0.00487033, 0.0015333
685, 680, 0.00377604, 0.00153073
685, 681, 0.00345416, 0.00152876
685, 682, 0.00306988, 0.00153554
685, 683, 0.00162097, 0.00153232
685, 684, 0.00210049, 0.00153185
686, 678, 0.00539335, 0.00154392
686, 679, 0.00536004, 0.00154351
686, 680, 0.00404448, 0.00154237
686, 681, 0.00394451, 0.00154197
686, 682, 0.00346487, 0.00154529
686, 683, 0.0020896, 0.00154418
686, 684, 0.00302165, 0.0015443
686, 685, 0.00193291, 0.00154984
687, 677, 0.00875476, 0.00158308
687, 680, 0.0065155, 0.00158218
687, 681, 0.00680961, 0.00158017
687, 682, 0.00626229, 0.00158721
687, 683, 0.00533683, 0.00158333
687, 684, 0.00652691, 0.00158373
687, 685, 0.00514301, 0.00158644
687, 686, 0.00396171, 0.00158481
688, 680, 0.00836938, 0.00160565
688, 681, 0.00874768, 0.00160295
688, 682, 0.00819688, 0.00160871
688, 683, 0.00737, 0.00160731
688, 684, 0.008576, 0.00160527
688, 685, 0.00716455, 0.00160923
688, 686, 0.00593528, 0.00160771
688, 687, 0.0026191, 0.00160863
690, 683, 0.00966622, 0.00164853
690, 685, 0.00937836, 0.00164936
690, 686, 0.00813213, 0.00165097
690, 687, 0.00468667, 0.00164931
690, 688, 0.0029619, 0.0016506
691, 680, 0.00946661, 0.00161668
691, 682, 0.00928819, 0.00162085
691, 683, 0.00840188, 0.00161952
691, 685, 0.00817019, 0.00162278
691, 686, 0.00692763, 0.00162004
691, 687, 0.00350598, 0.0016185
691, 688, 0.00197269, 0.00162087
691, 690, 0.00208159, 0.00161849
692, 686, 0.0183846, 0.00172963
692, 687, 0.0147615, 0.00172662
692, 688, 0.0127419, 0.00172889
692, 690, 0.0108011, 0.0017278
692, 691, 0.0117766, 0.00173006
693, 687, 0.0131791, 0.00172712
693, 688, 0.0111559, 0.00172836
693, 690, 0.00908456, 0.00172785
693, 691, 0.0101257, 0.00172773
693, 692, 0.00261686, 0.00173229
694, 687, 0.0189783, 0.00175788
694, 688, 0.0169617, 0.00175958
694, 690, 0.0150345, 0.00175783
694, 691, 0.0160019, 0.00176202
694, 692, 0.00459885, 0.00176151
694, 693, 0.00639769, 0.00175884
695, 687, 0.0189858, 0.00175782
695, 688, 0.0169676, 0.00175721
695, 690, 0.0150283, 0.00175817
695, 691, 0.0160076, 0.00175899
695, 692, 0.00460297, 0.00176027
695, 693, 0.00639519, 0.00176028
695, 694, 0.00175519, 0.00176165
696, 688, 0.0287034, 0.00182503
696, 690, 0.0268725, 0.00182005
696, 691, 0.0277849, 0.00182549
696, 692, 0.0162485, 0.00182491
696, 693, 0.0181526, 0.00182398
696, 694, 0.0120605, 0.0018258
696, 695, 0.0120205, 0.00181903
698, 692, 0.031496, 0.00190499
698, 693, 0.0334161, 0.00190401
698, 694, 0.0272738, 0.00190552
698, 695, 0.0272319, 0.00189906
698, 696, 0.0153609, 0.00190145
699, 692, 0.0336958, 0.00191096
699, 693, 0.035612, 0.00190922
699, 694, 0.0294755, 0.00191001
699, 695, 0.0294308, 0.00190513
699, 696, 0.0175539, 0.00190729
699, 698, 0.00292304, 0.00190865
701, 692, 0.0401289, 0.00193291
701, 694, 0.0359206, 0.00193351
701, 695, 0.0358748, 0.00193019
701, 696, 0.0239856, 0.00192868
701, 698, 0.00890178, 0.00193143
701, 699, 0.00674786, 0.001933
702, 694, 0.038049, 0.00194855
702, 695, 0.0380035, 0.0019389
702, 696, 0.0261075, 0.00194233
702, 698, 0.0109741, 0.00194365
702, 699, 0.00880276, 0.00194558
702, 701, 0.00290687, 0.0019448
703, 696, 0.0304932, 0.00196816
703, 698, 0.0153149, 0.00197065
703, 699, 0.013126, 0.00197141
703, 701, 0.00684374, 0.00197042
703, 702, 0.00484968, 0.00196423
704, 696, 0.0335795, 0.00197286
704, 698, 0.0183943, 0.00197414
704, 699, 0.0161961, 0.00197719
704, 701, 0.00984368, 0.00197525
704, 702, 0.00778813, 0.00196914
704, 703, 0.00368489, 0.00197038
705, 696, 0.0336678, 0.00197397
705, 698, 0.0184789, 0.00197527
705, 699, 0.0162773, 0.00197722
705, 701, 0.00992756, 0.00197758
705, 702, 0.00786691, 0.00197123
705, 703, 0.00375099, 0.00197271
705, 704, 0.00197415, 0.00197673
706, 696, 0.0403992, 0.00198534
706, 698, 0.025224, 0.00198679
706, 699, 0.023018, 0.00198887
706, 701, 0.0166205, 0.00198655
706, 702, 0.0145401, 0.00197998
706, 703, 0.0101948, 0.00198153
706, 704, 0.00709489, 0.0019871
706, 705, 0.00716263, 0.0019918
707, 698, 0.0274036, 0.00199679
707, 699, 0.0252024, 0.00199771
707, 701, 0.0187936, 0.00199668
707, 702, 0.0167049, 0.00198975
707, 703, 0.0123424, 0.00199161
707, 704, 0.00920114, 0.00199701
707, 705, 0.00926496, 0.00200032
707, 706, 0.00295173, 0.00199552
708, 698, 0.0310996, 0.00200054
708, 699, 0.0288927, 0.00200356
708, 701, 0.0224758, 0.00200318
708, 702, 0.0203914, 0.00199571
708, 703, 0.016018, 0.00199762
708, 704, 0.0128557, 0.00200189
708, 705, 0.012925, 0.00200564
708, 706, 0.0062126, 0.00200036
708, 707, 0.00426157, 0.00199609
709, 698, 0.0352928, 0.00200725
709, 699, 0.0330778, 0.00201064
709, 701, 0.0266618, 0.00200944
709, 702, 0.0245841, 0.00200161
709, 703, 0.0202066, 0.00200326
709, 704, 0.0170271, 0.00200856
709, 705, 0.0171008, 0.00201198
709, 706, 0.0102882, 0.00200615
709, 707, 0.00822383, 0.00200527
709, 708, 0.00464663, 0.00200342
710, 698, 0.0392225, 0.00201136
710, 699, 0.0370019, 0.00201476
710, 701, 0.0305908, 0.00201249
710, 702, 0.0285085, 0.00200964
710, 703, 0.0241338, 0.00200891
710, 704, 0.0209528, 0.00201298
710, 705, 0.0210302, 0.00201364
710, 706, 0.0141822, 0.002013
710, 707, 0.0120905, 0.00200697
710, 708, 0.00837822, 0.00201
710, 709, 0.00447455, 0.00201635
711, 699, 0.0389051, 0.00201992
711, 701, 0.0324938, 0.00202131
711, 702, 0.0304082, 0.00201385
711, 703, 0.0260241, 0.00201538
711, 704, 0.0228411, 0.00201933
711, 705, 0.0229136, 0.00202419
711, 706, 0.0160659, 0.00201794
711, 707, 0.0139711, 0.0020175
711, 708, 0.0102394, 0.00201634
711, 709, 0.00622532, 0.00202028
711, 710, 0.0027637, 0.00201338
712, 701, 0.0405737, 0.00202986
712, 702, 0.0384907, 0.00202456
712, 703, 0.0341176, 0.00202752
712, 704, 0.0309218, 0.00203014
712, 705, 0.0309999, 0.0020363
712, 706, 0.0241338, 0.00203263
712, 707, 0.022027, 0.00202966
712, 708, 0.018257, 0.00202743
712, 709, 0.0141482, 0.00203364
712, 710, 0.0101903, 0.002023
712, 711, 0.00841419, 0.00202643
713, 701, 0.0405378, 0.00203395
713, 702, 0.0384533, 0.00202651
713, 703, 0.03408, 0.00202914
713, 704, 0.0308937, 0.00203305
713, 705, 0.0309661, 0.00203536
713, 706, 0.0241021, 0.00203163
713, 707, 0.0219885, 0.00202873
713, 708, 0.0182254, 0.00202887
713, 709, 0.0141138, 0.00203781
713, 710, 0.0101541, 0.00202569
713, 711, 0.00838031, 0.00203085
713, 712, 0.00202796, 0.00203343
714, 704, 0.0525715, 0.00205698
714, 705, 0.0526469, 0.00205891
714, 706, 0.0457704, 0.00205676
714, 707, 0.0436631, 0.00205259
714, 708, 0.0398776, 0.00205142
714, 709, 0.0357502, 0.00206157
714, 710, 0.0317326, 0.00205079
714, 711, 0.0299292, 0.00205304
714, 712, 0.0217954, 0.00205689
714, 713, 0.0217379, 0.00204556
715, 706, 0.0606998, 0.00206905
715, 707, 0.0585909, 0.00206618
715, 708, 0.0548075, 0.00206612
715, 709, 0.0506729, 0.00207506
715, 710, 0.0466626, 0.0020595
715, 711, 0.0448461, 0.00206553
715, 712, 0.0367053, 0.00206791
715, 713, 0.0366463, 0.0020614
715, 714, 0.0150646, 0.0020614
716, 706, 0.0606857, 0.00206849
716, 707, 0.0585749, 0.00206692
716, 708, 0.0547994, 0.00206649
716, 709, 0.0506575, 0.00207466
716, 710, 0.046639, 0.00206259
716, 711, 0.0448402, 0.002069
716, 712, 0.0366938, 0.00207152
716, 713, 0.0366353, 0.00206372
716, 714, 0.0150504, 0.00206132
716, 715, 0.0020706, 0.00206763
717, 708, 0.0710947, 0.00208155
717, 709, 0.0669609, 0.00208413
717, 710, 0.0629493, 0.00207321
717, 711, 0.0611357, 0.00208216
717, 712, 0.0529919, 0.00208353
717, 713, 0.052933, 0.00207172
717, 714, 0.0312904, 0.00207414
717, 715, 0.0164325, 0.00208058
717, 716, 0.0164777, 0.00208225
718, 709, 0.0815618, 0.00208999
718, 710, 0.0775436, 0.0020856
718, 711, 0.0757295, 0.00208658
718, 712, 0.0675826, 0.00209516
718, 713, 0.0675332, 0.00208376
718, 714, 0.0458793, 0.00208628
718, 715, 0.0309765, 0.00208777
718, 716, 0.0310152, 0.00209182
718, 717, 0.0147671, 0.00208511
719, 710, 0.0824876, 0.00208722
719, 711, 0.0806824, 0.00209622
719, 712, 0.0725288, 0.00209867
719, 713, 0.0724769, 0.00208708
719, 714, 0.0508117, 0.00209083
719, 715, 0.0359134, 0.00209838
719, 716, 0.0359568, 0.00209755
719, 717, 0.0196733, 0.0020907
719, 718, 0.00531732, 0.00209861
720, 712, 0.121034, 0.00210995
720, 713, 0.120989, 0.00210035
720, 714, 0.0994469, 0.00210641
720, 715, 0.084645, 0.00210672
720, 716, 0.0846921, 0.00211322
720, 717, 0.0685496, 0.00210761
720, 718, 0.0541078, 0.00211182
720, 719, 0.0494451, 0.00211331
721, 714, 0.140534, 0.00209839
721, 715, 0.125685, 0.00210429
721, 716, 0.125725, 0.00210962
721, 717, 0.109482, 0.00210262
721, 718, 0.0948806, 0.0021097
721, 719, 0.0901215, 0.00210973
721, 720, 0.0413088, 0.00210918
722, 714, 0.129885, 0.00211163
722, 715, 0.115047, 0.00211689
722, 716, 0.115083, 0.0021225
722, 717, 0.098859, 0.00211554
722, 718, 0.084282, 0.00212468
722, 719, 0.0795321, 0.0021246
722, 720, 0.0306557, 0.00212247
722, 721, 0.0108634, 0.00211536
723, 717, 0.153835, 0.00210483
723, 718, 0.139198, 0.00210916
723, 719, 0.134414, 0.00211022
723, 720, 0.0857868, 0.00210933
723, 721, 0.0445794, 0.00210136
723, 722, 0.0552141, 0.00210824
724, 715, 0.156992, 0.00211535
724, 716, 0.15704, 0.00212123
724, 717, 0.140753, 0.00211757
724, 718, 0.126129, 0.00212319
724, 719, 0.12135, 0.00212696
724, 720, 0.0727144, 0.00212134
724, 721, 0.0315231, 0.0021151
724, 722, 0.042156, 0.00212283
724, 723, 0.0133353, 0.00212259
725, 718, 0.171489, 0.00210441
725, 719, 0.166691, 0.00210324
725, 720, 0.118175, 0.00210324
725, 721, 0.0769451, 0.0020953
725, 722, 0.0875888, 0.00210118
725, 723, 0.0323791, 0.0021003
725, 724, 0.0454455, 0.00209449
726, 721, 0.133915, 0.0020506
726, 722, 0.144547, 0.00205799
726, 723, 0.0892996, 0.00206083
726, 724, 0.102386, 0.00204822
726, 725, 0.0569644, 0.00205549
727, 721, 0.146235, 0.00204286
727, 723, 0.101627, 0.00205186
727, 724, 0.114708, 0.00203872
727, 725, 0.0692836, 0.00204887
727, 726, 0.012477, 0.00204515
728, 723, 0.12707, 0.0020091
728, 724, 0.140152, 0.00200247
728, 725, 0.0947172, 0.00200754
728, 726, 0.0378064, 0.00200289
728, 727, 0.0255164, 0.00200958
729, 724, 0.150983, 0.00199154
729, 725, 0.105552, 0.00199514
729, 726, 0.0486281, 0.00199146
729, 727, 0.0363277, 0.00199844
729, 728, 0.0110632, 0.00199197
730, 726, 0.0747981, 0.00196671
730, 727, 0.0624865, 0.00197199
730, 728, 0.0371208, 0.0019702
730, 729, 0.0263079, 0.00196336
731, 725, 0.119531, 0.00198194
731, 726, 0.0626054, 0.00198004
731, 727, 0.0502986, 0.00198748
731, 728, 0.024943, 0.00198486
731, 729, 0.0141681, 0.00198093
731, 730, 0.0124072, 0.00198086
732, 726, 0.0789472, 0.00194461
732, 727, 0.0666309, 0.00195637
732, 728, 0.0412605, 0.00195486
732, 729, 0.0304433, 0.00194964
732, 730, 0.00456895, 0.00194351
732, 731, 0.0164201, 0.00195158
733, 728, 0.0650304, 0.00187534
733, 729, 0.0542043, 0.00187158
733, 730, 0.0279916, 0.00187093
733, 731, 0.0401468, 0.0018784
733, 732, 0.0237782, 0.00186653
734, 728, 0.0659173, 0.00184263
734, 729, 0.0551048, 0.00183734
734, 730, 0.0289101, 0.00183613
734, 731, 0.0410503, 0.00184163
734, 732, 0.0246903, 0.00183237
734, 733, 0.00214129, 0.00183988
735, 732, 0.0447091, 0.00175192
735, 733, 0.0210705, 0.00176122
735, 734, 0.0201606, 0.00175978
736, 733, 0.024895, 0.00174162
736, 734, 0.0239852, 0.00174009
736, 735, 0.00419652, 0.00174435
737, 733, 0.024859, 0.00173837
737, 734, 0.0239461, 0.00174111
737, 735, 0.0041631, 0.00174876
737, 736, 0.00174228, 0.0017426
738, 733, 0.0249147, 0.0017409
738, 734, 0.0239941, 0.00173986
738, 735, 0.00421485, 0.00174425
738, 736, 0.00174886, 0.00173943
738, 737, 0.00174834, 0.00174204
739, 735, 0.00896703, 0.00171714
739, 736, 0.0052605, 0.00171455
739, 737, 0.00523413, 0.00171294
739, 738, 0.005281, 0.00172377
740, 735, 0.00889758, 0.00171648
740, 736, 0.00518526, 0.00171308
740, 737, 0.00516261, 0.00171235
740, 738, 0.00521271, 0.00172568
740, 739, 0.00171513, 0.00171747
741, 734, 0.0261979, 0.00172725
741, 735, 0.00630206, 0.001732
741, 736, 0.00282561, 0.00172764
741, 737, 0.00280276, 0.00172548
741, 738, 0.00283753, 0.00174141
741, 739, 0.00327932, 0.00172916
741, 740, 0.00321634, 0.00173035
742, 734, 0.0100271, 0.00156228
742, 735, 0.02938, 0.00156934
742, 736, 0.0331393, 0.00156642
742, 737, 0.0331638, 0.00156275
742, 738, 0.0331125, 0.00158095
742, 739, 0.0380696, 0.00156765
742, 740, 0.037994, 0.00157104
742, 741, 0.0353104, 0.00156648
