13, 0, 3.20924e-06, 1.37841e-06
18, 0, 1.50845e-06, 1.67518e-06
18, 13, 6.12415e-06, 3.37995e-06
30, 0, 1.6756e-06, 2.74193e-06
30, 13, 8.92309e-06, 3.89466e-06
30, 18, 2.55936e-06, 4.14948e-06
40, 0, 2.33728e-06, 1.87869e-06
40, 13, 5.76294e-06, 3.04748e-06
40, 18, 2.97352e-06, 3.38165e-06
40, 30, 3.00284e-06, 2.99687e-06
48, 0, 1.91832e-06, 9.28676e-07
48, 13, 5.11191e-06, 3.01888e-06
48, 18, 2.02652e-06, 3.35819e-06
48, 30, 1.58766e-06, 2.81225e-06
48, 40, 1.83577e-06, 2.4136e-06
55, 0, 3.33114e-06, 2.03836e-06
55, 13, 4.99009e-06, 3.62807e-06
55, 18, 2.11001e-06, 3.49077e-06
55, 30, 1.95185e-06, 2.88715e-06
55, 40, 4.21559e-06, 3.2787e-06
55, 48, 1.38305e-06, 3.53053e-06
62, 0, 1.61447e-06, 1.75289e-06
62, 13, 5.92964e-06, 3.19899e-06
62, 18, 2.5022e-06, 3.19048e-06
62, 30, 5.42354e-06, 2.68441e-06
62, 40, 1.51377e-06, 2.87126e-06
62, 48, 2.00822e-06, 3.33538e-06
62, 55, 3.95135e-06, 1.84754e-06
68, 0, 1.44221e-06, 1.37734e-06
68, 13, 2.11526e-06, 3.14255e-06
68, 18, 5.8509e-06, 2.91449e-06
68, 30, 1.5333e-06, 2.60835e-06
68, 40, 1.56603e-06, 3.11111e-06
68, 48, 4.90354e-06, 3.86081e-06
68, 55, 1.84657e-06, 1.60384e-06
68, 62, 3.69e-06, 1.97452e-06
74, 0, 1.2691e-06, 1.2113e-06
74, 13, 9.06853e-06, 2.87479e-06
74, 18, 4.21305e-06, 3.11757e-06
74, 30, 1.30287e-06, 2.11476e-06
74, 40, 1.35764e-06, 2.38249e-06
74, 48, 5.51754e-06, 3.20114e-06
74, 55, 5.48071e-06, 1.22364e-06
74, 62, 4.64932e-06, 2.10685e-06
74, 68, 1.13397e-06, 3.08789e-06
75, 0, 2.06382e-06, 1.27516e-06
75, 13, 9.67774e-06, 3.05583e-06
75, 18, 5.58597e-06, 3.31112e-06
75, 30, 1.84772e-06, 3.27193e-06
75, 40, 1.40134e-06, 3.35339e-06
75, 48, 2.12215e-06, 3.49973e-06
75, 55, 1.36525e-06, 1.57636e-06
75, 62, 2.88057e-06, 2.05617e-06
75, 68, 1.42781e-06, 2.96112e-06
75, 74, 2.03956e-06, 2.05223e-06
81, 0, 1.12493e-06, 1.8555e-06
81, 13, 5.14292e-06, 3.04866e-06
81, 18, 2.36161e-06, 3.05849e-06
81, 30, 4.61731e-06, 2.5289e-06
81, 40, 1.10459e-06, 2.8682e-06
81, 48, 1.147e-06, 3.25786e-06
81, 55, 1.84166e-06, 1.20344e-06
81, 62, 1.63106e-06, 1.73373e-06
81, 68, 1.5707e-06, 3.04667e-06
81, 74, 1.30787e-06, 1.94714e-06
81, 75, 1.57543e-06, 2.22828e-06
84, 0, 6.4014e-06, 1.11712e-06
84, 13, 2.38903e-06, 2.91675e-06
84, 18, 2.21946e-06, 3.34017e-06
84, 30, 5.03782e-06, 2.20428e-06
84, 40, 2.25726e-06, 2.47543e-06
84, 48, 3.75966e-06, 3.4188e-06
84, 55, 4.76748e-06, 1.43387e-06
84, 62, 5.34942e-06, 2.4849e-06
84, 68, 2.83344e-06, 3.09594e-06
84, 74, 3.72673e-06, 1.75357e-06
84, 75, 8.66473e-06, 1.39143e-06
84, 81, 3.92096e-06, 1.15101e-06
90, 0, 5.52797e-06, 1.86817e-06
90, 13, 8.93155e-06, 3.15678e-06
90, 18, 5.65283e-06, 3.03741e-06
90, 30, 2.31142e-06, 2.75143e-06
90, 40, 4.60143e-06, 3.3014e-06
90, 48, 4.64583e-06, 3.35504e-06
90, 55, 2.44089e-06, 1.66464e-06
90, 62, 2.60808e-06, 1.66514e-06
90, 68, 2.18563e-06, 3.04504e-06
90, 74, 3.84535e-06, 2.0319e-06
90, 75, 2.71102e-06, 1.46689e-06
90, 81, 3.53924e-06, 1.44498e-06
90, 84, 1.67455e-06, 3.9861e-06
95, 0, 1.3041e-06, 1.70518e-06
95, 13, 2.55431e-06, 3.44855e-06
95, 18, 1.98347e-06, 3.16438e-06
95, 30, 1.16468e-06, 3.08851e-06
95, 40, 1.17688e-06, 3.5615e-06
95, 48, 1.42393e-06, 3.34208e-06
95, 55, 1.60036e-06, 1.89487e-06
95, 62, 1.07534e-06, 2.16168e-06
95, 68, 1.67846e-06, 3.08963e-06
95, 74, 1.2532e-06, 2.59517e-06
95, 75, 1.44507e-06, 2.24172e-06
95, 81, 3.59724e-06, 1.13534e-06
95, 84, 6.18464e-06, 4.13239e-06
95, 90, 2.47506e-06, 3.21742e-06
100, 0, 1.64573e-06, 1.05069e-06
100, 13, 1.03154e-05, 2.81265e-06
100, 18, 3.43874e-06, 2.77992e-06
100, 30, 1.56592e-06, 2.49049e-06
100, 40, 1.48843e-06, 2.86126e-06
100, 48, 1.48537e-06, 2.93473e-06
100, 55, 3.92042e-06, 1.45853e-06
100, 62, 1.36291e-06, 1.82061e-06
100, 68, 1.36025e-06, 2.85841e-06
100, 74, 1.45563e-06, 1.86261e-06
100, 75, 2.02628e-06, 1.47797e-06
100, 81, 1.35265e-06, 1.06152e-06
100, 84, 4.33065e-06, 3.65158e-06
100, 90, 5.50117e-06, 2.62303e-06
100, 95, 4.58733e-06, 1.69118e-06
106, 0, 4.75838e-06, 9.26343e-07
106, 13, 9.8261e-06, 3.02406e-06
106, 18, 6.67023e-06, 2.60362e-06
106, 30, 7.15236e-06, 2.59669e-06
106, 40, 4.79547e-06, 2.89027e-06
106, 48, 5.39983e-06, 3.14002e-06
106, 55, 3.79925e-06, 1.21547e-06
106, 62, 3.58308e-06, 2.2589e-06
106, 68, 7.31879e-06, 2.66004e-06
106, 74, 3.58641e-06, 1.68792e-06
106, 75, 3.41547e-06, 1.41944e-06
106, 81, 4.8308e-06, 8.34449e-07
106, 84, 2.66522e-06, 3.59251e-06
106, 90, 7.58826e-06, 2.76486e-06
106, 95, 2.53797e-06, 1.88002e-06
106, 100, 4.66249e-06, 2.1463e-06
114, 0, 4.21644e-06, 1.64598e-06
114, 13, 9.03327e-06, 3.44421e-06
114, 18, 7.12975e-06, 3.21087e-06
114, 30, 1.82619e-06, 2.88468e-06
114, 40, 2.12952e-06, 3.24803e-06
114, 48, 3.75935e-06, 4.13007e-06
114, 55, 6.70098e-06, 1.903e-06
114, 62, 3.58197e-06, 2.10516e-06
114, 68, 3.76968e-06, 2.74832e-06
114, 74, 1.85485e-06, 2.39144e-06
114, 75, 1.70344e-06, 2.12931e-06
114, 81, 4.0643e-06, 1.0689e-06
114, 84, 8.04517e-06, 4.32824e-06
114, 90, 4.50714e-06, 2.85465e-06
114, 95, 2.14685e-06, 2.44545e-06
114, 100, 2.46995e-06, 2.90135e-06
114, 106, 3.54796e-06, 3.22736e-06
123, 0, 1.50731e-06, 1.80374e-06
123, 13, 1.06769e-05, 3.08203e-06
123, 18, 3.36309e-06, 3.31781e-06
123, 30, 1.56531e-06, 2.78226e-06
123, 40, 1.69102e-06, 2.89067e-06
123, 48, 2.74036e-06, 3.28222e-06
123, 55, 3.64827e-06, 1.47732e-06
123, 62, 1.95067e-06, 1.80859e-06
123, 68, 3.23106e-06, 3.16641e-06
123, 74, 1.559e-06, 2.09178e-06
123, 75, 2.15998e-06, 1.37094e-06
123, 81, 2.15474e-06, 1.51872e-06
123, 84, 6.1569e-06, 3.90148e-06
123, 90, 7.73447e-06, 2.43283e-06
123, 95, 1.61513e-06, 2.28762e-06
123, 100, 1.55838e-06, 2.75721e-06
123, 106, 5.48717e-06, 2.80707e-06
123, 114, 2.28706e-06, 2.03623e-06
127, 0, 1.4351e-06, 1.15216e-06
127, 13, 5.30497e-06, 2.97438e-06
127, 18, 2.50883e-06, 3.42552e-06
127, 30, 1.52616e-06, 2.24273e-06
127, 40, 1.40622e-06, 2.52653e-06
127, 48, 1.4746e-06, 3.56053e-06
127, 55, 5.21413e-06, 1.16795e-06
127, 62, 1.91641e-06, 2.13359e-06
127, 68, 4.6354e-06, 3.14961e-06
127, 74, 3.4914e-06, 1.82422e-06
127, 75, 2.04332e-06, 1.68913e-06
127, 81, 1.39008e-06, 9.15418e-07
127, 84, 3.30597e-06, 3.92092e-06
127, 90, 4.33981e-06, 2.41368e-06
127, 95, 1.3981e-06, 1.94824e-06
127, 100, 2.03812e-06, 2.59144e-06
127, 106, 1.52031e-06, 2.65275e-06
127, 114, 3.19836e-06, 1.96439e-06
127, 123, 2.16687e-06, 1.4158e-06
134, 0, 1.30256e-06, 1.77613e-06
134, 13, 3.44544e-06, 3.45817e-06
134, 18, 3.01997e-06, 3.21512e-06
134, 30, 4.95315e-06, 2.97518e-06
134, 40, 9.05739e-07, 3.26836e-06
134, 48, 1.31782e-06, 3.30494e-06
134, 55, 1.65425e-06, 1.54022e-06
134, 62, 1.27595e-06, 2.31604e-06
134, 68, 1.35362e-06, 3.20124e-06
134, 74, 2.29748e-06, 2.63569e-06
134, 75, 1.39559e-06, 2.14227e-06
134, 81, 1.40664e-06, 1.13183e-06
134, 84, 5.46382e-06, 4.25334e-06
134, 90, 3.49957e-06, 2.78452e-06
134, 95, 1.00883e-06, 1.88414e-06
134, 100, 1.35082e-06, 2.82062e-06
134, 106, 1.30735e-06, 2.64426e-06
134, 114, 1.25001e-06, 2.57033e-06
134, 123, 1.24019e-06, 2.3098e-06
134, 127, 1.5464e-06, 1.98378e-06
139, 0, 1.40052e-06, 2.09721e-06
139, 13, 9.78247e-06, 3.46603e-06
139, 18, 1.83195e-06, 3.58004e-06
139, 30, 1.80582e-06, 3.46836e-06
139, 40, 1.41925e-06, 3.3325e-06
139, 48, 1.63692e-06, 3.522e-06
139, 55, 8.70073e-06, 1.95369e-06
139, 62, 4.28223e-06, 2.28558e-06
139, 68, 5.29549e-06, 3.19229e-06
139, 74, 1.80703e-06, 2.41532e-06
139, 75, 1.51914e-06, 2.12099e-06
139, 81, 3.43696e-06, 1.67549e-06
139, 84, 3.49125e-06, 4.32401e-06
139, 90, 6.34313e-06, 2.65094e-06
139, 95, 1.72867e-06, 2.70634e-06
139, 100, 1.75924e-06, 2.93884e-06
139, 106, 1.45021e-06, 2.1351e-06
139, 114, 1.46636e-06, 3.04293e-06
139, 123, 1.84797e-06, 2.66633e-06
139, 127, 1.58178e-06, 1.8068e-06
139, 134, 1.30373e-06, 2.64389e-06
145, 0, 1.58438e-06, 2.3672e-06
145, 13, 2.75545e-06, 3.81798e-06
145, 18, 1.47262e-06, 3.59463e-06
145, 30, 1.32317e-06, 3.19335e-06
145, 40, 1.4702e-06, 3.81272e-06
145, 48, 1.43145e-06, 3.42215e-06
145, 55, 4.08867e-06, 2.41448e-06
145, 62, 1.29898e-06, 2.57434e-06
145, 68, 1.56921e-06, 3.81695e-06
145, 74, 1.1563e-06, 2.65567e-06
145, 75, 1.81578e-06, 1.57012e-06
145, 81, 1.35213e-06, 1.59413e-06
145, 84, 2.04287e-06, 4.48817e-06
145, 90, 1.95718e-06, 2.44738e-06
145, 95, 1.67399e-06, 2.34458e-06
145, 100, 1.32862e-06, 3.36236e-06
145, 106, 1.5209e-06, 3.24561e-06
145, 114, 2.03119e-06, 2.24055e-06
145, 123, 1.23508e-06, 2.63732e-06
145, 127, 1.12368e-06, 2.69176e-06
145, 134, 1.55451e-06, 2.38967e-06
145, 139, 1.37467e-06, 2.11955e-06
150, 0, 1.24174e-06, 9.34294e-07
150, 13, 5.71636e-06, 3.00994e-06
150, 18, 2.34283e-06, 3.54182e-06
150, 30, 3.99824e-06, 2.21256e-06
150, 40, 1.52511e-06, 2.3816e-06
150, 48, 2.08231e-06, 3.01288e-06
150, 55, 1.77959e-06, 1.58481e-06
150, 62, 1.9058e-06, 3.06904e-06
150, 68, 1.93147e-06, 3.4353e-06
150, 74, 1.32584e-06, 2.10762e-06
150, 75, 1.49091e-06, 1.57293e-06
150, 81, 1.3897e-06, 1.34135e-06
150, 84, 6.28292e-06, 3.97467e-06
150, 90, 3.69126e-06, 2.35603e-06
150, 95, 1.31259e-06, 1.84676e-06
150, 100, 1.35603e-06, 2.47438e-06
150, 106, 1.37313e-06, 2.74917e-06
150, 114, 1.64148e-06, 1.92736e-06
150, 123, 1.74692e-06, 1.77711e-06
150, 127, 1.98565e-06, 2.84535e-06
150, 134, 1.48856e-06, 1.80902e-06
150, 145, 1.25378e-06, 1.66471e-06
151, 0, 1.2368e-06, 2.0642e-06
151, 13, 2.19211e-06, 3.38686e-06
151, 18, 4.07636e-06, 3.49441e-06
151, 30, 1.45953e-06, 3.09716e-06
151, 40, 1.36327e-06, 3.85636e-06
151, 48, 1.03194e-06, 3.83199e-06
151, 55, 2.16762e-06, 1.9015e-06
151, 62, 1.90521e-06, 2.16082e-06
151, 68, 2.34469e-06, 2.97769e-06
151, 74, 1.22745e-06, 2.22186e-06
151, 75, 1.88095e-06, 1.91136e-06
151, 81, 1.51497e-06, 1.22216e-06
151, 84, 6.22903e-06, 4.53097e-06
151, 90, 3.14209e-06, 3.07155e-06
151, 95, 1.345e-06, 2.1772e-06
151, 100, 1.60002e-06, 3.14861e-06
151, 106, 1.28767e-06, 2.80645e-06
151, 114, 2.06615e-06, 2.31607e-06
151, 123, 1.07972e-06, 2.52108e-06
151, 127, 1.78339e-06, 2.10689e-06
151, 134, 1.24874e-06, 2.25876e-06
151, 139, 1.32947e-06, 1.64714e-06
151, 145, 1.34553e-06, 2.46437e-06
151, 150, 1.15852e-06, 1.10839e-06
157, 0, 1.19882e-06, 1.51673e-06
157, 13, 5.60822e-06, 3.26594e-06
157, 18, 3.48419e-06, 3.59559e-06
157, 30, 1.13499e-06, 2.7672e-06
157, 40, 1.22622e-06, 3.16378e-06
157, 48, 1.72921e-06, 3.79816e-06
157, 55, 3.32053e-06, 1.62264e-06
157, 62, 1.45122e-06, 2.49773e-06
157, 68, 2.31149e-06, 3.212e-06
157, 74, 1.04802e-06, 2.56408e-06
157, 75, 1.351e-06, 1.75002e-06
157, 81, 1.06358e-06, 1.07444e-06
157, 84, 6.54145e-06, 4.1804e-06
157, 90, 6.2967e-06, 2.80362e-06
157, 95, 1.01606e-06, 2.39173e-06
157, 100, 1.13601e-06, 3.25104e-06
157, 106, 1.6037e-06, 2.54272e-06
157, 114, 1.7187e-06, 1.89197e-06
157, 123, 9.80045e-07, 1.87797e-06
157, 127, 1.20416e-06, 2.31608e-06
157, 134, 1.13965e-06, 1.97052e-06
157, 139, 1.19462e-06, 1.14677e-06
157, 145, 1.18499e-06, 2.08245e-06
157, 150, 1.11372e-06, 1.00043e-06
157, 151, 1.07295e-06, 2.22546e-06
160, 0, 1.12893e-06, 1.51823e-06
160, 13, 4.72867e-06, 3.08584e-06
160, 18, 1.99299e-06, 3.52518e-06
160, 30, 1.96859e-06, 2.11679e-06
160, 40, 1.20112e-06, 2.19838e-06
160, 48, 1.61435e-06, 3.13944e-06
160, 55, 3.52209e-06, 1.65582e-06
160, 62, 1.54901e-06, 2.59182e-06
160, 68, 1.57897e-06, 2.92713e-06
160, 74, 1.24821e-06, 2.14255e-06
160, 75, 1.37037e-06, 1.61481e-06
160, 81, 1.14344e-06, 1.31927e-06
160, 84, 3.71399e-06, 4.41208e-06
160, 90, 5.67752e-06, 2.72695e-06
160, 95, 1.26686e-06, 1.98682e-06
160, 100, 1.27945e-06, 2.65198e-06
160, 106, 1.10116e-06, 2.7542e-06
160, 114, 1.63797e-06, 1.94862e-06
160, 123, 1.49295e-06, 1.76928e-06
160, 127, 1.21068e-06, 2.52359e-06
160, 134, 1.12374e-06, 1.74275e-06
160, 139, 1.10193e-06, 1.50554e-06
160, 145, 1.21028e-06, 1.77221e-06
160, 150, 1.10554e-06, 8.2703e-07
160, 151, 1.25719e-06, 2.18065e-06
160, 157, 1.78585e-06, 1.28902e-06
161, 0, 1.55122e-06, 1.59387e-06
161, 13, 6.05345e-06, 3.43904e-06
161, 18, 2.252e-06, 3.12948e-06
161, 30, 1.46691e-06, 2.93063e-06
161, 40, 1.34554e-06, 3.43091e-06
161, 48, 1.73877e-06, 3.2952e-06
161, 55, 2.94014e-06, 1.70258e-06
161, 62, 1.49573e-06, 2.11316e-06
161, 68, 4.41538e-06, 2.97508e-06
161, 74, 4.9566e-06, 2.53872e-06
161, 75, 1.59511e-06, 2.17543e-06
161, 81, 1.48997e-06, 1.04609e-06
161, 84, 2.26072e-06, 4.04605e-06
161, 90, 6.14756e-06, 2.62129e-06
161, 95, 1.66531e-06, 1.68161e-06
161, 100, 1.28758e-06, 2.67877e-06
161, 106, 1.46895e-06, 2.4934e-06
161, 114, 2.01784e-06, 2.46225e-06
161, 123, 1.50935e-06, 2.1748e-06
161, 127, 1.40055e-06, 1.80909e-06
161, 134, 1.38866e-06, 2.00264e-06
161, 139, 1.42507e-06, 1.74701e-06
161, 145, 1.35772e-06, 2.12269e-06
161, 150, 1.27754e-06, 8.48254e-07
161, 151, 1.73519e-06, 1.82009e-06
161, 157, 1.66905e-06, 1.39841e-06
161, 160, 1.32826e-06, 1.49979e-06
162, 0, 1.57991e-06, 2.3048e-06
162, 13, 5.0727e-06, 3.78024e-06
162, 18, 1.6555e-06, 3.59234e-06
162, 30, 2.13858e-06, 3.48701e-06
162, 40, 1.20867e-06, 3.73029e-06
162, 48, 1.47004e-06, 3.30697e-06
162, 55, 2.805e-06, 1.67456e-06
162, 62, 1.56461e-06, 2.16692e-06
162, 68, 4.3254e-06, 3.43674e-06
162, 74, 3.65265e-06, 2.09681e-06
162, 75, 5.10812e-06, 1.6873e-06
162, 81, 1.27892e-06, 1.6301e-06
162, 84, 3.88739e-06, 4.2702e-06
162, 90, 2.69505e-06, 2.77053e-06
162, 95, 1.43063e-06, 2.45053e-06
162, 100, 4.27889e-06, 3.0577e-06
162, 106, 1.36419e-06, 2.90001e-06
162, 123, 4.36023e-06, 2.34652e-06
162, 127, 2.0289e-06, 2.65447e-06
162, 134, 1.32923e-06, 1.95663e-06
162, 139, 4.47015e-06, 1.51614e-06
162, 145, 1.51779e-06, 2.22355e-06
162, 150, 1.4828e-06, 1.3375e-06
162, 151, 9.45291e-07, 1.8701e-06
162, 157, 1.4942e-06, 1.71114e-06
162, 160, 1.27576e-06, 2.17692e-06
162, 161, 1.74505e-06, 2.1563e-06
163, 0, 2.09416e-06, 1.02298e-06
163, 13, 4.15679e-06, 2.87801e-06
163, 18, 1.75881e-06, 2.65301e-06
163, 40, 2.32084e-06, 2.49884e-06
163, 48, 1.84649e-06, 3.16952e-06
163, 55, 3.48558e-06, 1.22953e-06
163, 62, 2.7787e-06, 2.04611e-06
163, 68, 2.92896e-06, 2.7666e-06
163, 74, 3.82857e-06, 1.9027e-06
163, 75, 6.1311e-06, 1.7094e-06
163, 81, 1.95464e-06, 9.38279e-07
163, 84, 3.88264e-06, 3.9997e-06
163, 90, 2.21891e-06, 2.48533e-06
163, 95, 1.92274e-06, 1.64519e-06
163, 100, 4.94203e-06, 2.32165e-06
163, 106, 1.77612e-06, 2.68176e-06
163, 123, 2.93609e-06, 1.3648e-06
163, 127, 2.76025e-06, 1.91875e-06
163, 134, 2.08885e-06, 1.78143e-06
163, 139, 2.19739e-06, 1.6854e-06
163, 145, 2.40148e-06, 1.15266e-06
163, 150, 2.42514e-06, 1.13712e-06
163, 151, 2.24024e-06, 1.59162e-06
163, 157, 5.10366e-06, 8.00576e-07
163, 160, 2.27372e-06, 1.85153e-06
163, 161, 2.08899e-06, 8.88436e-07
163, 162, 2.13598e-06, 9.19799e-07
164, 0, 2.09255e-06, 1.01628e-06
164, 13, 5.84776e-06, 2.92664e-06
164, 18, 2.62872e-06, 3.33641e-06
164, 40, 4.93398e-06, 2.39153e-06
164, 48, 3.65342e-06, 3.46222e-06
164, 55, 2.26327e-06, 1.33091e-06
164, 62, 2.26735e-06, 2.10727e-06
164, 68, 4.71743e-06, 2.86375e-06
164, 74, 3.30099e-06, 1.82034e-06
164, 75, 3.78085e-06, 1.77819e-06
164, 81, 1.9731e-06, 9.06871e-07
164, 84, 3.24445e-06, 3.87801e-06
164, 90, 3.57659e-06, 2.60953e-06
164, 95, 4.39731e-06, 1.62423e-06
164, 100, 2.07981e-06, 2.45177e-06
164, 106, 1.92041e-06, 2.53736e-06
164, 123, 4.79104e-06, 1.38391e-06
164, 127, 1.99248e-06, 2.40936e-06
164, 134, 4.37194e-06, 1.63108e-06
164, 139, 2.98386e-06, 1.59035e-06
164, 145, 4.34082e-06, 1.17224e-06
164, 150, 3.06039e-06, 1.2501e-06
164, 151, 4.47648e-06, 1.54569e-06
164, 157, 2.05774e-06, 8.81633e-07
164, 160, 2.29806e-06, 1.83594e-06
164, 161, 2.02643e-06, 1.01686e-06
164, 162, 1.80225e-06, 9.77407e-07
164, 163, 1.98117e-06, 2.12644e-06
166, 0, 8.39756e-06, 1.58837e-06
166, 13, 2.28108e-06, 3.44222e-06
166, 18, 1.94519e-06, 3.39088e-06
166, 40, 4.31494e-06, 3.368e-06
166, 48, 3.73395e-06, 3.8619e-06
166, 55, 5.7766e-06, 1.83022e-06
166, 62, 6.67598e-06, 2.05942e-06
166, 68, 7.82064e-06, 3.60052e-06
166, 74, 3.80682e-06, 2.56484e-06
166, 75, 8.41462e-06, 2.51383e-06
166, 81, 6.39513e-06, 1.07527e-06
166, 84, 6.10412e-06, 4.12971e-06
166, 90, 1.72231e-06, 3.10999e-06
166, 95, 3.38181e-06, 2.63913e-06
166, 100, 3.27904e-06, 2.65331e-06
166, 106, 3.20371e-06, 2.91466e-06
166, 123, 7.09251e-06, 2.2423e-06
166, 127, 5.80766e-06, 2.04108e-06
166, 134, 4.01991e-06, 1.95369e-06
166, 139, 3.57794e-06, 2.81768e-06
166, 145, 3.28379e-06, 2.22968e-06
166, 150, 5.01982e-06, 8.46829e-07
166, 151, 4.4985e-06, 2.02328e-06
166, 157, 7.03473e-06, 1.90789e-06
166, 160, 5.3115e-06, 1.49307e-06
166, 161, 5.2711e-06, 2.12869e-06
166, 162, 3.99592e-06, 1.97218e-06
166, 163, 3.25848e-06, 2.69014e-06
166, 164, 4.38691e-06, 2.93387e-06
168, 0, 4.16679e-06, 1.10972e-06
168, 13, 6.29553e-06, 2.85119e-06
168, 18, 3.38328e-06, 3.16998e-06
168, 40, 2.87586e-06, 2.79158e-06
168, 48, 3.12424e-06, 3.16493e-06
168, 55, 1.45661e-06, 1.24171e-06
168, 62, 2.30283e-06, 1.78788e-06
168, 75, 3.83698e-06, 1.54231e-06
168, 81, 4.41589e-06, 8.27655e-07
168, 84, 2.12288e-06, 4.19623e-06
168, 90, 4.49178e-06, 2.3518e-06
168, 95, 3.05388e-06, 1.6488e-06
168, 100, 5.0149e-06, 2.60613e-06
168, 106, 2.12055e-06, 2.58761e-06
168, 123, 3.87953e-06, 1.19026e-06
168, 127, 2.45389e-06, 1.81294e-06
168, 134, 3.54018e-06, 1.59386e-06
168, 139, 3.74871e-06, 1.79141e-06
168, 145, 3.17979e-06, 2.22772e-06
168, 150, 2.67163e-06, 9.28549e-07
168, 160, 3.38465e-06, 1.55059e-06
168, 161, 4.98853e-06, 1.68707e-06
168, 162, 2.72345e-06, 8.31125e-07
168, 163, 1.97481e-06, 2.02508e-06
168, 164, 1.6386e-06, 3.15663e-06
168, 166, 7.1703e-06, 3.80761e-06
170, 13, 6.25998e-06, 3.16144e-06
170, 18, 4.15962e-06, 2.70941e-06
170, 55, 6.53607e-06, 1.88126e-06
170, 62, 6.32698e-06, 1.82677e-06
170, 81, 6.329e-06, 1.8095e-06
170, 90, 3.80855e-06, 2.67179e-06
170, 106, 5.14446e-06, 2.71804e-06
170, 134, 7.30887e-06, 1.60868e-06
170, 161, 5.42961e-06, 2.04576e-06
170, 162, 5.73778e-06, 1.49923e-06
170, 163, 5.74642e-06, 2.33334e-06
170, 164, 6.31188e-06, 2.48281e-06
170, 166, 5.84678e-06, 3.92692e-06
170, 168, 7.42099e-06, 2.84224e-06
171, 13, 8.27143e-06, 3.11532e-06
171, 55, 4.17161e-06, 1.60976e-06
171, 90, 4.8465e-06, 2.49895e-06
171, 106, 4.06626e-06, 2.37768e-06
171, 163, 2.02204e-06, 2.40989e-06
171, 164, 1.62627e-06, 2.13189e-06
171, 166, 5.0429e-06, 4.0634e-06
171, 168, 2.1136e-06, 2.69621e-06
171, 170, 2.83267e-06, 3.19728e-06
172, 55, 3.59307e-06, 1.19643e-06
172, 90, 7.70691e-06, 2.36868e-06
172, 164, 7.92532e-06, 2.41801e-06
172, 166, 9.91208e-06, 4.01655e-06
172, 168, 3.89657e-06, 2.77883e-06
172, 170, 7.25059e-06, 3.12222e-06
172, 171, 4.52386e-06, 2.98857e-06
173, 55, 2.31358e-06, 1.31407e-06
173, 166, 7.56682e-06, 3.86374e-06
173, 168, 1.42875e-06, 3.41863e-06
173, 170, 4.16012e-06, 3.01358e-06
173, 171, 4.84274e-06, 2.98366e-06
173, 172, 3.4043e-06, 2.09371e-06
174, 168, 5.25877e-06, 2.74206e-06
174, 170, 7.14913e-06, 2.73155e-06
174, 171, 4.74552e-06, 3.46534e-06
174, 172, 8.82576e-06, 1.86208e-06
174, 173, 6.43452e-06, 1.35613e-06
175, 168, 3.09073e-06, 3.51634e-06
175, 170, 6.95319e-06, 2.99755e-06
175, 171, 2.27965e-06, 3.2042e-06
175, 172, 5.44208e-06, 2.08205e-06
175, 173, 4.14904e-06, 1.94155e-06
175, 174, 4.46674e-06, 2.11439e-06
176, 168, 1.81017e-06, 3.38342e-06
176, 170, 8.16504e-06, 3.2447e-06
176, 171, 2.89948e-06, 3.34043e-06
176, 172, 9.05169e-06, 2.5263e-06
176, 173, 5.81017e-06, 1.31823e-06
176, 174, 6.17158e-06, 1.97804e-06
176, 175, 9.14633e-06, 2.6514e-06
177, 168, 8.16244e-06, 3.02229e-06
177, 170, 6.1859e-06, 2.74507e-06
177, 171, 6.28244e-06, 2.95065e-06
177, 172, 2.89494e-06, 2.37218e-06
177, 173, 3.70131e-06, 1.52788e-06
177, 174, 4.56982e-06, 2.23617e-06
177, 175, 1.96357e-06, 2.87106e-06
177, 176, 4.81761e-06, 3.24481e-06
178, 171, 2.78751e-06, 3.58732e-06
178, 172, 8.68681e-06, 2.61071e-06
178, 173, 6.71527e-06, 1.74634e-06
178, 174, 7.20209e-06, 2.3939e-06
178, 175, 9.02862e-06, 2.6619e-06
178, 176, 4.52864e-06, 2.80508e-06
178, 177, 6.70287e-06, 4.83698e-06
179, 171, 5.31761e-06, 3.47354e-06
179, 172, 4.48685e-06, 2.43571e-06
179, 173, 2.68952e-06, 1.79574e-06
179, 174, 2.39428e-06, 2.26412e-06
179, 175, 6.01727e-06, 3.22885e-06
179, 176, 4.38633e-06, 3.14749e-06
179, 177, 4.08067e-06, 5.21233e-06
179, 178, 6.79282e-06, 6.34664e-06
180, 171, 7.01835e-06, 2.79683e-06
180, 172, 2.16406e-06, 1.90458e-06
180, 173, 2.30872e-06, 1.6172e-06
180, 174, 2.29813e-06, 2.13587e-06
180, 175, 2.89759e-06, 1.98275e-06
180, 176, 4.34818e-06, 2.72708e-06
180, 177, 2.82112e-06, 4.9417e-06
180, 178, 6.73383e-06, 5.6959e-06
180, 179, 4.33143e-06, 5.07038e-06
181, 174, 4.78601e-06, 2.18221e-06
181, 175, 1.65416e-06, 2.76182e-06
181, 176, 6.43103e-06, 2.83278e-06
181, 177, 3.74572e-06, 5.0537e-06
181, 178, 6.57262e-06, 6.05463e-06
181, 179, 6.2175e-06, 5.3575e-06
181, 180, 8.51686e-06, 8.15034e-06
182, 177, 4.39218e-06, 4.88961e-06
182, 178, 6.90547e-06, 6.13756e-06
182, 179, 2.10688e-06, 5.51564e-06
182, 180, 4.06255e-06, 7.96911e-06
182, 181, 2.58325e-06, 4.80717e-06
183, 178, 4.40595e-06, 6.20429e-06
183, 179, 3.64251e-06, 5.10392e-06
183, 180, 5.53523e-06, 7.91953e-06
183, 181, 2.36447e-06, 4.33781e-06
183, 182, 5.09894e-06, 8.81071e-06
184, 178, 9.0137e-06, 6.45996e-06
184, 179, 7.76098e-06, 5.12034e-06
184, 180, 9.17861e-06, 8.10324e-06
184, 181, 3.09449e-06, 5.03797e-06
184, 182, 4.06511e-06, 9.03991e-06
184, 183, 6.21826e-06, 5.48653e-06
185, 179, 5.31079e-06, 5.3568e-06
185, 180, 4.11255e-06, 8.01872e-06
185, 181, 8.92587e-06, 4.58894e-06
185, 182, 4.56545e-06, 9.14269e-06
185, 183, 2.44904e-06, 5.21604e-06
185, 184, 4.46112e-06, 1.66733e-06
186, 179, 7.68116e-06, 5.36329e-06
186, 180, 1.05219e-05, 7.91349e-06
186, 181, 6.90994e-06, 4.72709e-06
186, 182, 6.25486e-06, 8.81663e-06
186, 183, 7.69915e-06, 5.29118e-06
186, 184, 5.16066e-06, 1.52685e-06
186, 185, 6.63991e-06, 2.15248e-06
188, 179, 4.84529e-06, 5.26286e-06
188, 180, 4.27944e-06, 8.33052e-06
188, 181, 2.7477e-06, 4.60834e-06
188, 182, 3.5686e-06, 8.98083e-06
188, 183, 1.93548e-06, 5.35466e-06
188, 184, 3.29029e-06, 1.17678e-06
188, 185, 1.20726e-06, 1.56763e-06
188, 186, 3.32925e-06, 4.45928e-06
189, 179, 2.85614e-06, 5.56342e-06
189, 180, 2.98005e-06, 7.99671e-06
189, 181, 4.14488e-06, 4.51978e-06
189, 182, 4.38873e-06, 8.80638e-06
189, 183, 1.11991e-06, 5.16742e-06
189, 184, 3.29853e-06, 8.77782e-07
189, 185, 1.78536e-06, 1.00063e-06
189, 186, 2.53034e-06, 4.4841e-06
189, 188, 2.06349e-06, 1.83074e-06
190, 179, 3.98882e-06, 5.24213e-06
190, 180, 4.9813e-06, 7.94915e-06
190, 181, 3.37745e-06, 4.60297e-06
190, 182, 1.02575e-06, 9.34188e-06
190, 183, 4.66917e-06, 5.35152e-06
190, 184, 1.95015e-06, 1.69877e-06
190, 185, 2.9939e-06, 1.40643e-06
190, 186, 5.72615e-06, 4.61901e-06
190, 188, 5.47652e-06, 2.12637e-06
190, 189, 5.99235e-06, 3.64632e-06
191, 179, 1.54475e-06, 5.16119e-06
191, 180, 2.40811e-06, 8.04867e-06
191, 181, 5.0934e-06, 4.85722e-06
191, 182, 3.06436e-06, 8.99451e-06
191, 183, 3.5762e-06, 5.86726e-06
191, 184, 3.43663e-06, 1.80973e-06
191, 185, 1.36656e-06, 1.26486e-06
191, 186, 3.52054e-06, 4.80046e-06
191, 188, 3.24345e-06, 1.93502e-06
191, 189, 3.163e-06, 3.12995e-06
191, 190, 5.35557e-06, 3.42594e-06
192, 180, 7.15484e-06, 8.15642e-06
192, 181, 5.28477e-06, 4.50096e-06
192, 182, 5.83991e-06, 8.78748e-06
192, 183, 5.12946e-06, 5.54989e-06
192, 184, 7.82483e-06, 1.8157e-06
192, 185, 4.64816e-06, 1.44735e-06
192, 186, 7.08068e-06, 4.8232e-06
192, 188, 7.09042e-06, 1.90461e-06
192, 189, 7.4367e-06, 3.99987e-06
192, 190, 4.38212e-06, 3.64861e-06
192, 191, 5.23131e-06, 3.2592e-06
195, 184, 5.34256e-06, 2.4243e-06
195, 185, 5.80838e-06, 2.07081e-06
195, 186, 9.11044e-06, 4.7987e-06
195, 188, 8.11419e-06, 2.36841e-06
195, 189, 9.33214e-06, 3.48858e-06
195, 190, 4.51387e-06, 3.83701e-06
195, 191, 6.47257e-06, 3.36288e-06
195, 192, 1.88959e-06, 4.203e-06
196, 184, 4.91072e-06, 1.07178e-06
196, 185, 2.67641e-06, 7.90429e-07
196, 186, 1.02375e-06, 4.36909e-06
196, 188, 4.29192e-06, 1.97363e-06
196, 189, 3.72893e-06, 3.16439e-06
196, 190, 6.04452e-06, 3.31378e-06
196, 191, 2.81517e-06, 3.20542e-06
196, 192, 5.82766e-06, 3.93012e-06
196, 195, 2.11709e-06, 4.5259e-06
198, 184, 7.5044e-06, 1.4959e-06
198, 185, 6.12877e-06, 1.2988e-06
198, 186, 8.32153e-06, 4.71627e-06
198, 188, 9.0723e-06, 1.57943e-06
198, 189, 9.73735e-06, 3.44555e-06
198, 190, 4.15744e-06, 3.31465e-06
198, 191, 6.35819e-06, 3.38095e-06
198, 192, 3.91649e-06, 3.92631e-06
198, 195, 8.46242e-06, 4.9542e-06
198, 196, 5.09179e-06, 5.41714e-06
199, 184, 2.30907e-06, 1.67741e-06
199, 185, 5.98779e-06, 2.06552e-06
199, 186, 7.05113e-06, 4.98323e-06
199, 188, 6.37398e-06, 1.93245e-06
199, 189, 6.63194e-06, 4.14244e-06
199, 190, 1.59904e-06, 3.66132e-06
199, 191, 1.10536e-05, 3.26792e-06
199, 192, 7.73767e-06, 4.33853e-06
199, 195, 8.43638e-06, 4.97749e-06
199, 196, 5.20295e-06, 5.53371e-06
199, 198, 8.1594e-06, 4.32497e-06
201, 185, 7.91766e-06, 1.12744e-06
201, 188, 6.68732e-06, 1.6122e-06
201, 189, 6.8882e-06, 3.50141e-06
201, 190, 2.49739e-06, 3.44797e-06
201, 191, 4.30173e-06, 3.18788e-06
201, 192, 2.80273e-06, 4.10511e-06
201, 195, 5.41096e-06, 4.24791e-06
201, 196, 3.90872e-06, 5.23496e-06
201, 198, 1.24373e-06, 4.10871e-06
201, 199, 5.29518e-06, 3.4347e-06
203, 188, 7.98475e-06, 2.27506e-06
203, 189, 8.4319e-06, 3.95906e-06
203, 190, 4.54338e-06, 3.47152e-06
203, 191, 5.31275e-06, 3.25512e-06
203, 192, 5.23286e-06, 4.18341e-06
203, 195, 9.64216e-06, 4.8561e-06
203, 196, 3.47587e-06, 5.88048e-06
203, 198, 3.74131e-06, 4.3257e-06
203, 199, 2.15323e-06, 3.72509e-06
203, 201, 5.83369e-06, 2.52022e-06
204, 188, 2.6065e-06, 1.65193e-06
204, 189, 5.62555e-06, 3.45053e-06
204, 190, 1.02292e-05, 3.51614e-06
204, 191, 3.25075e-06, 3.14687e-06
204, 192, 7.60986e-06, 4.06751e-06
204, 195, 3.88478e-06, 4.65588e-06
204, 196, 6.57418e-06, 5.51251e-06
204, 198, 2.95869e-06, 4.05297e-06
204, 199, 5.08059e-06, 3.41563e-06
204, 201, 2.25716e-06, 2.59012e-06
204, 203, 5.75703e-06, 5.42559e-06
205, 189, 8.83722e-06, 3.58595e-06
205, 190, 6.24928e-06, 3.70393e-06
205, 191, 7.05978e-06, 3.41587e-06
205, 192, 2.59878e-06, 4.33245e-06
205, 195, 8.85932e-06, 4.72264e-06
205, 196, 6.15163e-06, 5.37307e-06
205, 198, 5.80816e-06, 3.70592e-06
205, 199, 3.08204e-06, 3.49071e-06
205, 201, 7.81597e-06, 2.61809e-06
205, 203, 2.78486e-06, 5.30308e-06
205, 204, 6.55885e-06, 4.65797e-06
206, 190, 6.90159e-06, 3.30418e-06
206, 191, 5.08013e-06, 3.21373e-06
206, 192, 7.6257e-06, 4.00828e-06
206, 195, 3.3266e-06, 4.48256e-06
206, 196, 5.63332e-06, 5.46597e-06
206, 198, 2.11286e-06, 3.87521e-06
206, 199, 5.09243e-06, 3.35576e-06
206, 201, 2.61508e-06, 2.52336e-06
206, 203, 5.27341e-06, 5.61001e-06
206, 204, 2.70955e-06, 4.61168e-06
206, 205, 3.64017e-06, 2.72001e-06
207, 190, 3.03918e-06, 3.67543e-06
207, 191, 6.41475e-06, 3.09968e-06
207, 192, 6.01017e-06, 3.87973e-06
207, 195, 6.43826e-06, 4.87656e-06
207, 196, 2.02685e-06, 5.6423e-06
207, 198, 1.5733e-06, 4.15444e-06
207, 199, 2.19778e-06, 3.66539e-06
207, 201, 5.86819e-06, 3.08594e-06
207, 203, 4.20048e-06, 5.46882e-06
207, 204, 3.33634e-06, 5.07788e-06
207, 205, 3.25904e-06, 2.92067e-06
207, 206, 2.09208e-06, 6.41106e-06
209, 192, 8.08094e-06, 4.10557e-06
209, 195, 5.95083e-06, 4.59438e-06
209, 196, 3.32587e-06, 5.74001e-06
209, 198, 1.10322e-05, 4.4526e-06
209, 199, 7.33714e-06, 3.2652e-06
209, 201, 1.37367e-05, 3.30244e-06
209, 203, 1.05469e-05, 5.23864e-06
209, 204, 5.99983e-06, 4.98994e-06
209, 205, 4.69191e-06, 2.73875e-06
209, 206, 6.75325e-06, 6.80977e-06
209, 207, 8.01077e-06, 1.27366e-05
210, 195, 6.7289e-06, 4.68593e-06
210, 198, 3.31952e-06, 4.09949e-06
210, 199, 1.94592e-06, 3.75046e-06
210, 201, 4.74132e-06, 3.34447e-06
210, 203, 3.07614e-06, 5.72687e-06
210, 204, 4.56245e-06, 5.35733e-06
210, 205, 5.43942e-06, 2.95689e-06
210, 206, 3.02653e-06, 7.09241e-06
210, 207, 6.25324e-06, 1.23182e-05
210, 209, 6.16869e-06, 1.12566e-05
211, 195, 2.72529e-06, 5.10872e-06
211, 198, 8.25098e-06, 4.16929e-06
211, 199, 5.22858e-06, 4.02207e-06
211, 201, 8.15245e-06, 3.45303e-06
211, 203, 7.42827e-06, 5.79054e-06
211, 204, 2.75083e-06, 5.39123e-06
211, 205, 5.13184e-06, 3.17175e-06
211, 206, 3.97024e-06, 7.02123e-06
211, 207, 7.91228e-06, 1.26066e-05
211, 209, 3.20163e-06, 1.15838e-05
211, 210, 4.21921e-06, 8.74234e-06
212, 198, 7.71808e-06, 4.23178e-06
212, 199, 7.65664e-06, 3.99736e-06
212, 201, 3.61776e-06, 3.26698e-06
212, 203, 7.97485e-06, 5.52283e-06
212, 204, 4.69548e-06, 4.87134e-06
212, 205, 2.77768e-06, 2.65782e-06
212, 206, 4.33078e-06, 6.72776e-06
212, 207, 8.79263e-06, 1.2734e-05
212, 209, 2.96596e-06, 1.07105e-05
212, 210, 4.75537e-06, 8.59823e-06
212, 211, 9.15402e-06, 2.7028e-06
213, 199, 3.84824e-06, 3.51121e-06
213, 201, 7.85497e-06, 2.54578e-06
213, 203, 3.00573e-06, 5.30821e-06
213, 204, 3.25887e-06, 4.61732e-06
213, 205, 4.45727e-06, 2.46737e-06
213, 206, 5.96058e-06, 6.55455e-06
213, 207, 2.5504e-06, 1.25752e-05
213, 209, 8.58545e-06, 1.12872e-05
213, 210, 2.37715e-06, 8.23571e-06
213, 211, 4.49586e-06, 1.56535e-06
213, 212, 4.62473e-06, 4.59993e-06
214, 203, 8.20204e-06, 5.21008e-06
214, 204, 6.39364e-06, 4.82779e-06
214, 205, 6.34914e-06, 2.61109e-06
214, 206, 9.55855e-06, 6.75067e-06
214, 207, 2.79619e-06, 1.25796e-05
214, 209, 1.50978e-05, 1.07657e-05
214, 210, 5.71738e-06, 8.51592e-06
214, 211, 4.53668e-06, 2.46305e-06
214, 212, 7.48736e-06, 4.38374e-06
214, 213, 1.15098e-05, 6.76187e-06
215, 205, 3.7358e-06, 2.71727e-06
215, 206, 3.82995e-06, 6.95748e-06
215, 207, 1.01577e-05, 1.25861e-05
215, 209, 1.82696e-06, 1.09988e-05
215, 210, 4.6106e-06, 8.48281e-06
215, 211, 8.46572e-06, 2.10957e-06
215, 212, 4.81543e-06, 4.2212e-06
215, 213, 2.38973e-06, 6.41647e-06
215, 214, 7.03269e-06, 1.41942e-05
216, 207, 7.5197e-06, 1.22122e-05
216, 209, 9.82152e-06, 1.11171e-05
216, 210, 5.74437e-06, 8.68358e-06
216, 211, 9.62839e-06, 1.86159e-06
216, 212, 1.34499e-06, 4.48244e-06
216, 213, 4.55385e-06, 6.62444e-06
216, 214, 1.12911e-05, 1.38128e-05
216, 215, 5.5725e-06, 5.46346e-06
217, 209, 4.98427e-06, 1.11693e-05
217, 210, 3.54736e-06, 8.65745e-06
217, 211, 9.48073e-06, 3.25264e-06
217, 212, 8.47353e-06, 4.93325e-06
217, 213, 3.30594e-06, 6.6342e-06
217, 214, 5.01576e-06, 1.40144e-05
217, 215, 7.78063e-06, 5.13827e-06
217, 216, 5.36163e-06, 2.07163e-06
219, 210, 8.31122e-06, 8.13152e-06
219, 211, 4.58991e-06, 1.61484e-06
219, 212, 7.86192e-06, 4.60495e-06
219, 213, 1.14195e-05, 6.49326e-06
219, 214, 9.46317e-06, 1.42191e-05
219, 215, 3.45805e-06, 4.97232e-06
219, 216, 7.1041e-06, 2.39434e-06
219, 217, 4.61138e-06, 3.62074e-06
220, 210, 6.49492e-06, 8.72665e-06
220, 211, 9.35444e-06, 2.16755e-06
220, 212, 1.11305e-05, 4.44326e-06
220, 213, 6.38156e-06, 6.73398e-06
220, 214, 6.90581e-06, 1.40132e-05
220, 215, 7.79748e-06, 5.30135e-06
220, 216, 5.58247e-06, 2.15477e-06
220, 217, 4.62174e-06, 3.82826e-06
220, 219, 8.13628e-06, 1.38337e-05
221, 210, 9.47403e-06, 8.72161e-06
221, 211, 8.08935e-06, 2.478e-06
221, 212, 7.54804e-06, 4.87709e-06
221, 213, 6.21247e-06, 6.65252e-06
221, 214, 5.81027e-06, 1.41475e-05
221, 215, 1.16767e-05, 5.50659e-06
221, 216, 4.99001e-06, 1.84048e-06
221, 217, 5.74368e-06, 3.75288e-06
221, 219, 7.06586e-06, 1.32818e-05
221, 220, 8.02532e-06, 1.13494e-05
222, 212, 7.06211e-06, 4.32352e-06
222, 213, 3.32519e-06, 6.68865e-06
222, 214, 8.75853e-06, 1.39564e-05
222, 215, 1.12647e-05, 5.15813e-06
222, 216, 4.59817e-06, 2.06039e-06
222, 217, 9.43288e-06, 3.61836e-06
222, 219, 6.62453e-06, 1.31138e-05
222, 220, 7.60241e-06, 1.06149e-05
222, 221, 5.34177e-06, 1.46818e-05
223, 213, 8.96014e-06, 6.5628e-06
223, 214, 8.656e-06, 1.43782e-05
223, 215, 4.79109e-06, 5.35689e-06
223, 216, 5.88471e-06, 2.07203e-06
223, 217, 4.73475e-06, 3.61258e-06
223, 219, 1.15799e-05, 1.33396e-05
223, 220, 4.21228e-06, 1.08994e-05
223, 221, 3.95517e-06, 1.47225e-05
223, 222, 3.8608e-06, 4.76992e-06
224, 213, 4.05561e-06, 6.45603e-06
224, 214, 7.96775e-06, 1.34838e-05
224, 215, 1.24681e-05, 5.5461e-06
224, 216, 5.93881e-06, 1.58966e-06
224, 217, 7.05018e-06, 3.64183e-06
224, 219, 5.61459e-06, 1.35096e-05
224, 220, 7.26597e-06, 1.09187e-05
224, 221, 4.96013e-06, 1.47152e-05
224, 222, 3.24054e-06, 4.02902e-06
224, 223, 1.02287e-05, 6.69828e-06
225, 215, 4.00732e-06, 5.38948e-06
225, 216, 8.08461e-06, 1.8554e-06
225, 217, 5.50341e-06, 3.83566e-06
225, 219, 9.59534e-06, 1.33662e-05
225, 220, 8.34899e-06, 1.12234e-05
225, 221, 6.70657e-06, 1.47255e-05
225, 222, 4.05755e-06, 4.52395e-06
225, 223, 8.6668e-06, 7.28959e-06
225, 224, 3.54518e-06, 8.9542e-06
226, 216, 4.47327e-06, 2.24659e-06
226, 217, 7.63498e-06, 3.61892e-06
226, 219, 1.16373e-05, 1.35362e-05
226, 220, 2.18391e-06, 1.1145e-05
226, 221, 2.75842e-06, 1.4489e-05
226, 222, 4.78601e-06, 4.32007e-06
226, 223, 4.11002e-06, 6.77894e-06
226, 224, 9.57866e-06, 9.03146e-06
226, 225, 7.45904e-06, 1.00087e-05
227, 216, 5.96626e-06, 1.65387e-06
227, 217, 1.19785e-05, 3.60106e-06
227, 219, 4.15758e-06, 1.30996e-05
227, 220, 1.23098e-05, 1.09528e-05
227, 221, 9.85492e-06, 1.46877e-05
227, 222, 6.94581e-06, 3.87166e-06
227, 223, 1.30325e-05, 6.81853e-06
227, 224, 2.55282e-06, 8.64104e-06
227, 225, 1.19802e-05, 9.73984e-06
227, 226, 4.30177e-06, 1.3965e-05
228, 217, 9.06475e-06, 3.40615e-06
228, 219, 1.07228e-05, 1.30268e-05
228, 220, 3.0909e-06, 1.11506e-05
228, 221, 3.08345e-06, 1.48102e-05
228, 222, 5.4381e-06, 4.08609e-06
228, 223, 8.62056e-06, 6.65076e-06
228, 224, 7.91598e-06, 9.18261e-06
228, 225, 1.11113e-05, 9.59284e-06
228, 226, 5.92949e-06, 1.4136e-05
228, 227, 1.25913e-05, 1.86068e-05
229, 219, 8.92685e-06, 1.36181e-05
229, 220, 4.06866e-06, 1.07317e-05
229, 221, 5.17249e-06, 1.47005e-05
229, 222, 3.17391e-06, 4.10913e-06
229, 223, 9.61988e-06, 6.86062e-06
229, 224, 3.67902e-06, 9.05128e-06
229, 225, 1.12886e-05, 9.42418e-06
229, 226, 2.69671e-06, 1.40541e-05
229, 227, 8.21459e-06, 1.89671e-05
229, 228, 3.29204e-06, 9.05185e-06
230, 219, 1.61961e-05, 1.37934e-05
230, 220, 6.21405e-06, 1.13427e-05
230, 221, 8.96336e-06, 1.47092e-05
230, 222, 7.25542e-06, 4.50181e-06
230, 223, 6.05411e-06, 7.0931e-06
230, 224, 7.8709e-06, 9.19518e-06
230, 225, 4.31762e-06, 9.10359e-06
230, 226, 7.45486e-06, 1.40306e-05
230, 227, 1.13039e-05, 1.86365e-05
230, 228, 9.74589e-06, 8.77967e-06
230, 229, 8.01642e-06, 1.19607e-05
231, 219, 1.51706e-05, 1.33385e-05
231, 220, 9.4977e-06, 1.09044e-05
231, 221, 1.0291e-05, 1.5018e-05
231, 222, 9.96693e-06, 4.7006e-06
231, 223, 1.1322e-05, 7.36105e-06
231, 224, 7.51995e-06, 9.15377e-06
231, 225, 4.14123e-06, 9.81818e-06
231, 226, 7.76694e-06, 1.40336e-05
231, 227, 7.72033e-06, 1.87311e-05
231, 228, 1.20282e-05, 9.00885e-06
231, 229, 7.86734e-06, 1.2429e-05
231, 230, 9.23424e-06, 7.4754e-06
232, 220, 1.00203e-05, 1.09766e-05
232, 221, 1.23423e-05, 1.47756e-05
232, 222, 9.80931e-06, 4.11948e-06
232, 223, 9.0608e-06, 6.5199e-06
232, 224, 2.18265e-06, 9.01846e-06
232, 225, 9.57334e-06, 9.8303e-06
232, 226, 5.18302e-06, 1.39856e-05
232, 227, 4.24756e-06, 1.88228e-05
232, 228, 8.20863e-06, 8.89877e-06
232, 229, 4.79508e-06, 1.18209e-05
232, 230, 8.43119e-06, 6.64842e-06
232, 231, 9.53238e-06, 5.63776e-06
233, 221, 4.11816e-06, 1.46568e-05
233, 222, 5.14875e-06, 4.76868e-06
233, 223, 8.1788e-06, 7.22178e-06
233, 224, 7.24171e-06, 9.39785e-06
233, 225, 5.14723e-06, 9.74111e-06
233, 226, 7.6605e-06, 1.446e-05
233, 227, 1.07659e-05, 1.87521e-05
233, 228, 6.39811e-06, 8.75008e-06
233, 229, 4.03011e-06, 1.23119e-05
233, 230, 3.97356e-06, 6.70944e-06
233, 231, 4.4676e-06, 5.8589e-06
233, 232, 5.16668e-06, 9.41304e-06
235, 224, 3.59433e-06, 8.84166e-06
235, 225, 9.1485e-06, 9.36576e-06
235, 226, 3.31184e-06, 1.4058e-05
235, 227, 6.24954e-06, 1.86463e-05
235, 228, 5.32004e-06, 8.4299e-06
235, 229, 3.06563e-06, 1.2113e-05
235, 230, 6.56273e-06, 7.19563e-06
235, 231, 7.81728e-06, 5.23768e-06
235, 232, 4.93704e-06, 9.11082e-06
235, 233, 4.79535e-06, 4.20659e-06
236, 225, 1.27321e-05, 9.85352e-06
236, 226, 4.57409e-06, 1.40561e-05
236, 227, 8.16589e-06, 1.89075e-05
236, 228, 3.86497e-06, 8.71691e-06
236, 229, 4.80898e-06, 1.22107e-05
236, 230, 5.83382e-06, 6.88062e-06
236, 231, 5.40859e-06, 5.60952e-06
236, 232, 1.90476e-06, 8.67153e-06
236, 233, 6.39445e-06, 3.2734e-06
236, 235, 7.57101e-06, 1.0094e-05
237, 227, 7.31004e-06, 1.84377e-05
237, 228, 6.30831e-06, 8.53522e-06
237, 229, 2.90964e-06, 1.20362e-05
237, 230, 3.3549e-06, 6.26924e-06
237, 231, 6.693e-06, 5.8472e-06
237, 232, 7.91031e-06, 9.12721e-06
237, 233, 8.42472e-06, 3.134e-06
237, 235, 1.36903e-05, 1.03266e-05
237, 236, 2.60645e-06, 1.42656e-05
238, 229, 6.43178e-06, 1.2138e-05
238, 230, 1.17978e-05, 7.23274e-06
238, 231, 8.27539e-06, 5.16127e-06
238, 232, 5.09717e-06, 9.48827e-06
238, 233, 5.96625e-06, 3.35813e-06
238, 235, 6.08803e-06, 1.06793e-05
238, 236, 9.10673e-06, 1.33988e-05
238, 237, 5.30547e-06, 2.91782e-05
239, 230, 2.63978e-05, 6.56156e-06
239, 231, 2.57057e-05, 5.34799e-06
239, 232, 2.73989e-05, 9.03091e-06
239, 233, 2.62191e-05, 3.67701e-06
239, 235, 3.81573e-05, 9.78625e-06
239, 236, 2.64204e-05, 1.3089e-05
239, 237, 2.97964e-05, 2.99871e-05
239, 238, 3.01324e-05, 1.84465e-05
240, 232, 4.41921e-06, 9.19243e-06
240, 233, 1.0632e-05, 3.70822e-06
240, 235, 9.16726e-06, 9.72059e-06
240, 236, 5.13495e-06, 1.3309e-05
240, 237, 8.73763e-06, 3.00967e-05
240, 238, 6.36463e-06, 1.90008e-05
240, 239, 9.19549e-06, 5.18812e-06
241, 232, 4.23558e-05, 8.94894e-06
241, 233, 4.44909e-05, 2.27025e-06
241, 235, 3.34571e-05, 9.88156e-06
241, 236, 4.49894e-05, 1.43412e-05
241, 237, 4.2325e-05, 3.02948e-05
241, 238, 4.12916e-05, 1.82306e-05
241, 239, 4.95446e-05, 4.79025e-06
241, 240, 7.47654e-06, 8.24959e-06
242, 233, 4.85747e-05, 3.16671e-06
242, 235, 5.96635e-05, 1.01433e-05
242, 236, 4.80216e-05, 1.35811e-05
242, 237, 4.95415e-05, 3.06954e-05
242, 238, 5.00763e-05, 1.92332e-05
242, 239, 4.17086e-05, 4.46411e-06
242, 240, 9.05099e-05, 7.46547e-06
242, 241, 4.061e-05, 2.1564e-05
243, 235, 2.10735e-05, 1.00407e-05
243, 236, 3.27021e-05, 1.38053e-05
243, 237, 3.21201e-05, 3.00173e-05
243, 238, 3.15011e-05, 1.86565e-05
243, 239, 3.98983e-05, 4.61406e-06
243, 240, 1.23186e-05, 8.85728e-06
243, 241, 4.14429e-05, 2.16119e-05
243, 242, 1.48583e-05, 6.99603e-06
244, 236, 2.27328e-05, 1.37176e-05
244, 237, 2.07082e-05, 3.00763e-05
244, 238, 2.42776e-05, 1.88022e-05
244, 239, 3.05565e-05, 4.58509e-06
244, 240, 1.96095e-05, 8.41279e-06
244, 241, 3.32587e-05, 2.14485e-05
244, 242, 1.9959e-05, 7.36655e-06
244, 243, 5.40238e-05, 4.99271e-06
245, 237, 4.44548e-05, 3.06712e-05
245, 238, 5.09813e-05, 1.82254e-05
245, 239, 4.22309e-05, 4.42511e-06
245, 240, 8.67475e-05, 8.50035e-06
245, 241, 3.65419e-05, 2.15092e-05
245, 242, 8.57496e-05, 7.15913e-06
245, 243, 1.53189e-05, 3.43825e-06
245, 244, 8.87936e-05, 1.82933e-05
246, 237, 1.95932e-05, 3.01638e-05
246, 238, 1.48638e-05, 1.88837e-05
246, 239, 2.26075e-05, 4.82102e-06
246, 240, 3.04692e-05, 8.15846e-06
246, 241, 2.38195e-05, 2.1625e-05
246, 242, 2.8948e-05, 7.61787e-06
246, 243, 4.53701e-05, 3.93861e-06
246, 244, 2.96195e-05, 1.81625e-05
246, 245, 4.22437e-05, 1.18279e-05
247, 238, 4.51425e-05, 1.85718e-05
247, 239, 5.6161e-05, 4.77366e-06
247, 240, 8.94275e-06, 8.57276e-06
247, 241, 5.52739e-05, 2.17051e-05
247, 242, 9.59772e-06, 7.78083e-06
247, 243, 7.66555e-05, 4.78767e-06
247, 244, 4.8078e-06, 1.91317e-05
247, 245, 7.44861e-05, 1.21952e-05
247, 246, 5.20253e-05, 5.95131e-06
248, 240, 8.43894e-05, 7.55441e-06
248, 241, 3.35088e-05, 2.15564e-05
248, 242, 8.96539e-05, 7.1084e-06
248, 243, 1.49809e-05, 3.31337e-06
248, 244, 8.86169e-05, 1.82747e-05
248, 245, 1.78935e-05, 1.18992e-05
248, 246, 3.96984e-05, 6.70697e-06
248, 247, 2.16414e-05, 8.68332e-06
249, 242, 3.01375e-05, 7.12516e-06
249, 243, 4.5302e-05, 3.37348e-06
249, 244, 2.97779e-05, 1.89677e-05
249, 245, 4.14989e-05, 1.16596e-05
249, 246, 1.91333e-05, 5.5078e-06
249, 247, 3.75286e-05, 8.87873e-06
249, 248, 2.25933e-05, 1.53852e-05
250, 242, 6.33381e-05, 6.88464e-06
250, 243, 7.00652e-06, 4.24703e-06
250, 244, 5.91658e-05, 1.71315e-05
250, 245, 9.26157e-06, 1.17137e-05
250, 246, 1.43422e-05, 6.08982e-06
250, 247, 8.19041e-06, 8.67016e-06
250, 248, 5.54557e-05, 1.53485e-05
250, 249, 5.92365e-06, 1.38982e-05
251, 244, 5.51718e-06, 1.83856e-05
251, 245, 5.82717e-05, 1.21984e-05
251, 246, 4.11112e-05, 7.23067e-06
251, 247, 5.94392e-05, 9.3877e-06
251, 248, 6.66008e-06, 1.54272e-05
251, 249, 5.14166e-05, 1.38667e-05
251, 250, 3.99682e-05, 1.59986e-05
252, 248, 8.06032e-06, 1.48624e-05
252, 249, 5.84984e-05, 1.43039e-05
252, 250, 4.58096e-05, 1.63465e-05
252, 251, 4.43575e-05, 1.49431e-05
253, 249, 6.95184e-06, 1.41261e-05
253, 250, 1.68793e-05, 1.57609e-05
253, 251, 1.74383e-05, 1.49793e-05
253, 252, 6.27156e-05, 3.15396e-05
254, 251, 2.69301e-05, 1.4927e-05
254, 252, 2.06433e-05, 3.18319e-05
254, 253, 3.91827e-05, 4.03883e-06
255, 252, 5.14213e-05, 3.20577e-05
255, 253, 8.3457e-06, 4.55413e-06
255, 254, 4.52531e-05, 5.98166e-06
256, 253, 4.86471e-05, 4.61939e-06
256, 254, 1.34545e-05, 6.09501e-06
256, 255, 6.54249e-05, 1.66812e-05
257, 255, 1.78999e-05, 1.61726e-05
257, 256, 1.25187e-05, 1.70539e-05
258, 256, 2.65702e-05, 1.68387e-05
258, 257, 5.54488e-05, 1.22144e-05
259, 256, 2.25483e-05, 1.66522e-05
259, 257, 5.08148e-05, 1.23865e-05
259, 258, 6.54556e-05, 1.00462e-05
260, 256, 6.62201e-05, 1.63485e-05
260, 257, 4.53541e-05, 1.17255e-05
260, 258, 2.7101e-05, 9.66496e-06
260, 259, 5.71893e-06, 1.93803e-05
261, 258, 5.7337e-05, 9.92266e-06
261, 259, 7.93877e-05, 1.91868e-05
261, 260, 8.07924e-05, 2.10391e-05
262, 259, 8.34649e-05, 1.9222e-05
262, 260, 8.01615e-05, 2.15755e-05
262, 261, 1.58903e-05, 2.49226e-05
263, 259, 4.26374e-05, 1.96425e-05
263, 260, 3.79521e-05, 2.12056e-05
263, 261, 5.71917e-05, 2.50687e-05
263, 262, 1.61495e-05, 1.30391e-05
264, 261, 6.96806e-05, 2.39156e-05
264, 262, 2.64683e-05, 1.20798e-05
264, 263, 3.02853e-06, 1.68399e-05
265, 261, 5.1415e-05, 2.41881e-05
265, 262, 1.41983e-05, 1.30646e-05
265, 263, 2.09867e-05, 1.98297e-05
265, 264, 1.95604e-05, 3.88835e-05
266, 261, 2.70706e-05, 2.50218e-05
266, 262, 1.50288e-05, 1.25696e-05
266, 263, 4.33177e-05, 1.91992e-05
266, 264, 3.91075e-05, 3.83879e-05
266, 265, 5.16857e-06, 8.55602e-06
267, 262, 2.38667e-05, 1.22971e-05
267, 263, 6.22195e-06, 1.79005e-05
267, 264, 6.92698e-06, 3.88258e-05
267, 265, 4.05042e-05, 9.85352e-06
267, 266, 3.40647e-06, 4.33848e-05
268, 262, 9.76904e-06, 1.26493e-05
268, 263, 2.65226e-05, 1.91073e-05
268, 264, 2.22374e-05, 3.908e-05
268, 265, 1.5764e-05, 8.8106e-06
268, 266, 2.85373e-05, 4.34587e-05
268, 267, 3.85922e-05, 3.82849e-05
269, 262, 9.52756e-06, 1.29132e-05
269, 263, 2.08202e-05, 1.7859e-05
269, 264, 1.20203e-05, 3.9035e-05
269, 265, 2.59292e-05, 8.80253e-06
269, 266, 1.21948e-05, 4.42105e-05
269, 267, 2.98126e-05, 3.82583e-05
269, 268, 1.57169e-05, 1.86199e-05
271, 265, 2.77279e-05, 9.17352e-06
271, 266, 6.61658e-05, 4.37991e-05
271, 267, 7.64099e-05, 3.84419e-05
271, 268, 3.46019e-05, 1.85315e-05
271, 269, 3.29189e-05, 9.2452e-06
272, 267, 1.85145e-05, 3.80909e-05
272, 268, 2.42947e-05, 1.9206e-05
272, 269, 2.32049e-05, 1.13549e-05
272, 271, 4.47204e-05, 3.81005e-05
273, 268, 4.7904e-05, 1.86211e-05
273, 269, 5.10407e-05, 9.36867e-06
273, 271, 7.5814e-05, 3.77933e-05
273, 272, 8.61252e-05, 2.93363e-05
274, 269, 2.30791e-05, 9.97419e-06
274, 271, 5.04789e-06, 3.66563e-05
274, 272, 5.40941e-06, 2.9403e-05
274, 273, 1.40654e-05, 7.29814e-06
275, 271, 6.76078e-06, 3.79692e-05
275, 272, 8.28299e-06, 2.93989e-05
275, 273, 1.37252e-05, 8.24474e-06
275, 274, 2.22195e-05, 1.42798e-05
276, 272, 5.46412e-05, 2.9724e-05
276, 273, 3.44298e-05, 7.04098e-06
276, 274, 6.63281e-05, 1.32363e-05
276, 275, 2.09256e-05, 4.97913e-05
277, 273, 6.73661e-05, 6.29866e-06
277, 274, 9.85028e-05, 1.3347e-05
277, 275, 1.37963e-05, 4.97233e-05
277, 276, 3.7571e-05, 3.39863e-05
278, 273, 3.34434e-05, 6.92415e-06
278, 274, 7.0193e-05, 1.3829e-05
278, 275, 2.29322e-05, 4.99328e-05
278, 276, 1.08809e-05, 3.35606e-05
278, 277, 6.20107e-05, 4.37247e-05
279, 274, 5.28781e-05, 1.46355e-05
279, 275, 3.94464e-05, 4.98397e-05
279, 276, 1.23888e-05, 3.34055e-05
279, 277, 5.03643e-05, 4.44245e-05
279, 278, 5.69872e-05, 4.77666e-05
280, 275, 6.15141e-05, 5.00225e-05
280, 276, 4.36929e-05, 3.36138e-05
280, 277, 1.98631e-05, 4.38088e-05
280, 278, 8.77765e-05, 4.85055e-05
280, 279, 1.56338e-05, 5.75408e-06
281, 275, 7.18573e-06, 4.97553e-05
281, 276, 1.56155e-05, 3.38554e-05
281, 277, 7.48567e-05, 4.41617e-05
281, 278, 2.68428e-05, 4.80601e-05
281, 279, 4.66997e-05, 4.35611e-06
281, 280, 6.92263e-05, 2.26915e-05
282, 277, 4.68028e-05, 4.45046e-05
282, 278, 5.86156e-05, 4.78904e-05
282, 279, 1.37068e-05, 3.45663e-06
282, 280, 3.35521e-05, 2.15192e-05
282, 281, 6.02268e-05, 4.79311e-05
283, 277, 3.4764e-05, 4.4577e-05
283, 278, 7.54531e-05, 4.76412e-05
283, 279, 7.92328e-06, 3.71497e-06
283, 280, 1.85841e-05, 2.12905e-05
283, 281, 7.64772e-05, 4.92681e-05
283, 282, 8.97161e-06, 5.8714e-06
284, 277, 5.60565e-05, 4.42613e-05
284, 278, 5.06139e-05, 4.78722e-05
284, 279, 2.52711e-05, 3.95139e-06
284, 280, 4.52657e-05, 2.30324e-05
284, 281, 4.9133e-05, 4.83093e-05
284, 282, 3.11175e-05, 6.0701e-06
284, 283, 2.2626e-05, 1.49271e-05
285, 278, 5.69366e-05, 4.762e-05
285, 279, 1.72595e-05, 5.74995e-06
285, 280, 3.6998e-05, 2.25701e-05
285, 281, 5.4078e-05, 4.79151e-05
285, 282, 2.63343e-05, 6.82274e-06
285, 283, 2.53113e-05, 1.47926e-05
285, 284, 1.22299e-05, 4.36952e-05
286, 277, 9.37015e-05, 4.42761e-05
286, 278, 1.7392e-05, 4.80985e-05
286, 279, 6.1967e-05, 4.30578e-06
286, 280, 8.67356e-05, 2.2548e-05
286, 281, 1.43043e-05, 4.84819e-05
286, 282, 7.34348e-05, 5.97012e-06
286, 283, 2.70143e-05, 1.5182e-05
286, 284, 5.93773e-05, 4.52726e-05
286, 285, 8.53008e-05, 1.2868e-05
287, 279, 1.2494e-05, 4.65393e-06
287, 280, 2.95307e-05, 2.40336e-05
287, 281, 5.94673e-05, 4.86523e-05
287, 282, 1.73424e-05, 7.84034e-06
287, 283, 3.42629e-05, 1.52653e-05
287, 284, 5.16856e-06, 4.3828e-05
287, 285, 3.43233e-05, 1.27223e-05
287, 286, 3.02558e-05, 3.82312e-05
288, 280, 2.62747e-05, 2.31649e-05
288, 281, 7.34785e-05, 4.83705e-05
288, 282, 1.0549e-05, 6.01556e-06
288, 283, 4.81341e-05, 1.33077e-05
288, 284, 1.2173e-05, 4.57067e-05
288, 285, 2.54518e-05, 1.24019e-05
288, 286, 4.46068e-05, 3.89427e-05
288, 287, 2.65327e-05, 1.18375e-05
289, 284, 1.2085e-05, 4.38442e-05
289, 285, 3.83992e-05, 1.21513e-05
289, 286, 2.76225e-05, 3.95877e-05
289, 287, 3.60687e-05, 1.14328e-05
289, 288, 1.07054e-05, 1.98387e-05
290, 285, 8.86517e-05, 1.19627e-05
290, 286, 2.57835e-05, 3.9664e-05
290, 287, 8.15252e-05, 1.16651e-05
290, 288, 4.66196e-05, 1.86067e-05
290, 289, 2.13676e-05, 4.853e-05
291, 287, 2.08536e-05, 1.12687e-05
291, 288, 3.83259e-05, 1.8683e-05
291, 289, 7.91528e-05, 4.89269e-05
291, 290, 3.52075e-05, 4.38585e-05
292, 288, 1.71851e-05, 1.89568e-05
292, 289, 3.22947e-05, 4.90017e-05
292, 290, 2.31611e-05, 4.43331e-05
292, 291, 3.60176e-05, 1.88975e-05
293, 289, 8.30807e-05, 4.86957e-05
293, 290, 3.78587e-05, 4.35604e-05
293, 291, 2.7306e-05, 1.7302e-05
293, 292, 9.81176e-06, 3.10776e-05
294, 290, 3.89726e-05, 4.39915e-05
294, 291, 2.84137e-05, 1.67639e-05
294, 292, 1.11716e-05, 3.68392e-05
294, 293, 9.4181e-06, 3.88592e-05
295, 291, 2.33772e-05, 1.65406e-05
295, 292, 3.25818e-05, 3.51032e-05
295, 293, 5.27523e-05, 3.8397e-05
295, 294, 3.0485e-05, 2.5931e-05
296, 291, 3.07209e-05, 1.56587e-05
296, 292, 4.45964e-05, 3.29007e-05
296, 293, 6.60323e-05, 3.83661e-05
296, 294, 4.33909e-05, 2.54342e-05
296, 295, 1.1163e-05, 8.59645e-06
298, 292, 3.26288e-05, 3.49265e-05
298, 293, 5.00399e-05, 3.84365e-05
298, 294, 3.30465e-05, 2.6342e-05
298, 295, 1.07173e-05, 8.62284e-06
298, 296, 1.48973e-05, 3.77758e-05
299, 292, 2.55304e-05, 3.13956e-05
299, 293, 8.9294e-06, 3.82539e-05
299, 294, 2.83828e-05, 2.56398e-05
299, 295, 5.87907e-05, 7.1475e-06
299, 296, 7.12124e-05, 3.80274e-05
299, 298, 6.40812e-05, 2.48443e-05
300, 292, 7.98106e-06, 3.35341e-05
300, 293, 2.71276e-05, 3.82486e-05
300, 294, 6.96053e-06, 2.58615e-05
300, 295, 2.74846e-05, 8.23398e-06
300, 296, 3.99799e-05, 3.74776e-05
300, 298, 3.26732e-05, 2.44223e-05
300, 299, 1.76381e-05, 1.42313e-05
301, 294, 1.17584e-05, 2.59563e-05
301, 295, 4.16872e-05, 8.55937e-06
301, 296, 5.29287e-05, 3.79281e-05
301, 298, 4.62361e-05, 2.50234e-05
301, 299, 6.02741e-06, 1.42399e-05
301, 300, 1.35722e-05, 6.21887e-06
302, 294, 1.18031e-05, 2.58258e-05
302, 295, 2.84655e-05, 1.0256e-05
302, 296, 3.90254e-05, 3.80646e-05
302, 298, 3.35555e-05, 2.41804e-05
302, 299, 2.04156e-05, 1.34616e-05
302, 300, 2.82522e-05, 5.92657e-06
302, 301, 2.08177e-05, 1.34746e-05
303, 294, 2.59161e-05, 2.63022e-05
303, 295, 5.55838e-05, 1.00079e-05
303, 296, 6.77782e-05, 3.82357e-05
303, 298, 6.09747e-05, 2.47731e-05
303, 299, 1.15701e-05, 1.39156e-05
303, 300, 7.73721e-06, 8.40084e-06
303, 301, 1.02755e-05, 1.2848e-05
303, 302, 8.38714e-06, 1.16185e-05
304, 295, 1.96237e-05, 8.07575e-06
304, 296, 1.04149e-05, 3.75741e-05
304, 298, 1.54932e-05, 2.50393e-05
304, 299, 6.30571e-05, 1.34353e-05
304, 300, 6.77914e-05, 6.58009e-06
304, 301, 6.41601e-05, 1.31797e-05
304, 302, 8.13482e-05, 1.37206e-05
304, 303, 3.84811e-05, 7.91786e-06
305, 296, 6.44475e-05, 3.77494e-05
305, 298, 5.75645e-05, 2.47233e-05
305, 299, 1.1321e-05, 1.38594e-05
305, 300, 6.65756e-06, 6.89055e-06
305, 301, 1.92601e-05, 1.31878e-05
305, 302, 2.0527e-05, 1.01504e-05
305, 303, 3.43212e-05, 8.68815e-06
305, 304, 7.6414e-05, 1.47276e-05
306, 298, 6.79748e-05, 2.45488e-05
306, 300, 1.25386e-05, 8.02602e-06
306, 301, 1.56466e-05, 1.34113e-05
306, 302, 3.76198e-06, 1.03932e-05
306, 303, 4.13611e-05, 9.23069e-06
306, 304, 8.38085e-05, 1.43402e-05
306, 305, 7.889e-06, 1.33551e-05
307, 300, 2.79287e-05, 7.74525e-06
307, 301, 2.75196e-05, 1.48198e-05
307, 302, 1.29764e-05, 1.14246e-05
307, 303, 5.24035e-05, 9.19538e-06
307, 304, 9.57387e-05, 1.4269e-05
307, 305, 1.40344e-05, 1.33099e-05
307, 306, 9.46219e-05, 1.84394e-05
308, 302, 1.78446e-05, 1.2926e-05
308, 303, 2.66674e-05, 8.62782e-06
308, 304, 6.86615e-05, 1.45343e-05
308, 305, 1.84434e-05, 1.40563e-05
308, 306, 6.69732e-05, 1.76662e-05
308, 307, 6.87496e-05, 7.79831e-06
309, 304, 7.99835e-05, 1.48872e-05
309, 305, 8.62727e-06, 1.38415e-05
309, 306, 8.01516e-05, 1.81118e-05
309, 307, 8.07893e-05, 5.9608e-06
309, 308, 4.60024e-05, 3.43674e-05
310, 305, 2.80434e-05, 1.3084e-05
310, 306, 0.000112667, 1.75654e-05
310, 307, 0.000113625, 7.96723e-06
310, 308, 7.81163e-05, 3.42625e-05
310, 309, 5.08291e-05, 6.08847e-05
311, 305, 1.4382e-05, 1.51049e-05
311, 306, 9.23418e-05, 1.76871e-05
311, 307, 9.3983e-05, 8.16044e-06
311, 308, 6.13808e-05, 3.51041e-05
311, 309, 3.61718e-05, 5.85092e-05
311, 310, 1.04979e-05, 1.8708e-05
313, 307, 0.000104139, 7.50692e-06
313, 308, 7.71338e-05, 3.5378e-05
313, 309, 7.22591e-05, 5.91723e-05
313, 310, 5.26666e-05, 1.87056e-05
313, 311, 5.18495e-05, 4.41764e-05
314, 308, 7.23412e-05, 3.51623e-05
314, 309, 4.41436e-05, 6.05788e-05
314, 310, 7.71663e-06, 1.77165e-05
314, 311, 4.34111e-05, 4.37564e-05
314, 313, 4.8415e-05, 2.82341e-05
316, 308, 4.56071e-05, 3.55734e-05
316, 309, 3.58068e-05, 6.01948e-05
316, 310, 5.98244e-05, 1.88913e-05
316, 311, 5.46327e-05, 4.37446e-05
316, 313, 0.000101135, 2.84042e-05
316, 314, 4.46313e-05, 1.5151e-05
317, 309, 6.64755e-05, 5.78025e-05
317, 310, 4.57448e-05, 1.8105e-05
317, 311, 7.3191e-05, 4.11104e-05
317, 313, 8.93457e-05, 2.90134e-05
317, 314, 0.000108819, 1.63499e-05
317, 316, 2.1001e-05, 2.58495e-05
318, 308, 6.02209e-05, 3.41508e-05
318, 309, 7.58695e-05, 5.90783e-05
318, 310, 9.55921e-05, 1.7366e-05
318, 311, 6.22304e-05, 4.45564e-05
318, 313, 7.4892e-05, 2.74035e-05
318, 314, 0.000108697, 1.71256e-05
318, 316, 0.000130488, 2.48097e-05
318, 317, 6.62055e-05, 1.15598e-05
319, 310, 8.58934e-05, 1.82495e-05
319, 311, 5.72231e-05, 4.42266e-05
319, 313, 6.70459e-05, 2.64239e-05
319, 314, 9.73331e-05, 1.86123e-05
319, 316, 0.000120395, 2.58792e-05
319, 317, 5.99672e-05, 1.18993e-05
319, 318, 0.000105391, 4.21038e-05
320, 310, 1.09827e-05, 1.99912e-05
320, 311, 4.71629e-05, 4.43361e-05
320, 313, 4.52618e-05, 2.82555e-05
320, 314, 0.000109102, 1.69537e-05
320, 316, 5.52669e-05, 2.41545e-05
320, 317, 3.1109e-05, 1.3076e-05
320, 318, 2.96588e-05, 4.30463e-05
320, 319, 5.7675e-05, 5.12157e-05
321, 311, 2.28585e-05, 4.18151e-05
321, 313, 8.1468e-05, 2.83418e-05
321, 314, 4.30631e-05, 1.57816e-05
321, 316, 5.70948e-05, 2.45083e-05
321, 317, 4.60664e-05, 1.04789e-05
321, 318, 9.3753e-05, 4.24343e-05
321, 319, 7.69052e-05, 5.10066e-05
321, 320, 5.93494e-05, 6.03275e-05
322, 311, 5.00286e-05, 4.18473e-05
322, 313, 1.23114e-05, 2.88542e-05
322, 314, 0.000117549, 1.77337e-05
322, 316, 9.48267e-05, 2.41342e-05
322, 317, 3.04691e-05, 1.02489e-05
322, 318, 5.32835e-05, 4.33436e-05
322, 319, 1.68895e-05, 5.09831e-05
322, 320, 3.97371e-05, 6.12861e-05
322, 321, 6.90901e-05, 3.64452e-05
323, 310, 2.26337e-05, 1.8947e-05
323, 311, 5.44617e-05, 4.30099e-05
323, 313, 3.41703e-05, 2.73074e-05
323, 314, 0.000116966, 1.73947e-05
323, 316, 5.92953e-05, 2.50626e-05
323, 317, 3.48153e-05, 9.6834e-06
323, 318, 2.2876e-05, 3.99157e-05
323, 319, 5.39932e-05, 4.94099e-05
323, 320, 6.59016e-05, 6.03831e-05
323, 321, 3.3434e-05, 3.54744e-05
323, 322, 2.8688e-05, 3.99551e-05
324, 317, 3.8033e-05, 1.06746e-05
324, 318, 8.22486e-05, 4.14262e-05
324, 319, 6.63132e-05, 5.09576e-05
324, 320, 5.23413e-05, 5.71366e-05
324, 321, 6.38558e-05, 3.60412e-05
324, 322, 6.50898e-05, 3.96893e-05
324, 323, 5.71451e-05, 2.88709e-05
325, 316, 1.39055e-05, 2.38227e-05
325, 317, 6.89874e-05, 1.00837e-05
325, 318, 6.56457e-05, 4.30074e-05
325, 319, 0.000101359, 5.09581e-05
325, 320, 0.000100597, 5.85672e-05
325, 321, 2.86342e-05, 3.57169e-05
325, 322, 8.18284e-05, 4.10928e-05
325, 323, 6.66299e-05, 2.7991e-05
325, 324, 2.49716e-05, 1.84781e-05
326, 317, 2.76085e-05, 9.36686e-06
326, 318, 8.01946e-05, 3.99142e-05
326, 319, 3.42578e-05, 4.94048e-05
326, 320, 2.38441e-05, 5.94942e-05
326, 321, 7.57197e-05, 3.57158e-05
326, 322, 4.79363e-05, 3.75941e-05
326, 323, 4.73147e-05, 2.73661e-05
326, 324, 8.01512e-05, 1.98354e-05
326, 325, 7.04062e-05, 3.14738e-05
327, 317, 5.08607e-05, 1.04775e-05
327, 318, 8.93245e-05, 4.38015e-05
327, 319, 8.73437e-05, 4.91879e-05
327, 320, 7.85976e-05, 5.96471e-05
327, 321, 5.96806e-05, 3.49012e-05
327, 322, 8.23387e-05, 4.20147e-05
327, 323, 6.96213e-05, 2.72425e-05
327, 324, 2.86974e-05, 1.92077e-05
327, 325, 6.0627e-05, 3.27376e-05
327, 326, 4.51383e-05, 2.63751e-05
328, 318, 9.22645e-05, 4.22809e-05
328, 319, 6.89889e-05, 5.16706e-05
328, 320, 4.94052e-05, 5.81613e-05
328, 321, 7.57169e-05, 3.6921e-05
328, 322, 6.46379e-05, 3.96442e-05
328, 323, 6.13655e-05, 2.7383e-05
328, 324, 6.51729e-05, 1.97597e-05
328, 325, 6.88634e-05, 3.34999e-05
328, 326, 9.93947e-06, 2.81628e-05
328, 327, 5.61178e-05, 4.01148e-05
329, 318, 9.44116e-05, 4.14939e-05
329, 321, 7.83992e-05, 3.55825e-05
329, 322, 6.60799e-05, 4.14326e-05
329, 323, 5.99853e-05, 2.7741e-05
329, 324, 6.78257e-05, 1.91319e-05
329, 325, 7.30054e-05, 3.13364e-05
329, 326, 1.22291e-05, 2.60027e-05
329, 327, 6.01735e-05, 3.88365e-05
329, 328, 5.88987e-05, 6.83201e-05
330, 319, 4.90034e-05, 5.06224e-05
330, 321, 5.10217e-05, 3.56402e-05
330, 322, 2.58709e-05, 3.98596e-05
330, 323, 2.10787e-05, 2.93914e-05
330, 324, 8.34978e-05, 1.9033e-05
330, 325, 4.16309e-05, 3.44183e-05
330, 326, 9.06033e-05, 2.49561e-05
330, 327, 5.64531e-05, 3.99918e-05
330, 328, 2.55467e-05, 6.962e-05
330, 329, 8.24725e-05, 2.30526e-05
331, 321, 7.91794e-05, 3.61276e-05
331, 322, 2.75122e-05, 3.96694e-05
331, 323, 3.33576e-05, 2.92541e-05
331, 324, 9.52803e-05, 1.9072e-05
331, 325, 6.8429e-05, 3.19571e-05
331, 326, 4.91932e-05, 2.50753e-05
331, 327, 6.95114e-05, 3.91188e-05
331, 328, 3.27715e-05, 6.82547e-05
331, 329, 8.84911e-05, 2.47202e-05
331, 330, 5.57936e-05, 5.36911e-05
332, 320, 6.74259e-05, 5.86622e-05
332, 323, 2.57197e-05, 2.9729e-05
332, 324, 9.89384e-05, 1.86333e-05
332, 325, 5.32194e-05, 3.39326e-05
332, 326, 9.52422e-05, 2.78703e-05
332, 327, 7.39294e-05, 3.91715e-05
332, 328, 2.65094e-05, 6.79764e-05
332, 329, 9.30923e-05, 2.05059e-05
332, 330, 5.57219e-05, 5.5782e-05
332, 331, 6.83061e-05, 5.58207e-05
333, 323, 8.23876e-05, 2.82126e-05
333, 325, 7.36185e-05, 3.33511e-05
333, 326, 4.42179e-05, 2.54661e-05
333, 327, 5.06645e-05, 3.60931e-05
333, 328, 8.40195e-05, 6.96545e-05
333, 329, 4.22346e-05, 2.2443e-05
333, 330, 5.19922e-05, 5.49928e-05
333, 331, 4.77151e-05, 5.72787e-05
333, 332, 7.84456e-05, 3.35764e-05
334, 320, 8.76207e-05, 5.86327e-05
334, 326, 8.1632e-05, 2.71834e-05
334, 327, 1.89438e-05, 3.93106e-05
334, 328, 5.02157e-05, 6.89743e-05
334, 329, 3.40389e-05, 2.28542e-05
334, 330, 2.71898e-05, 5.60172e-05
334, 331, 5.69032e-05, 5.8221e-05
334, 332, 6.38558e-05, 3.27998e-05
334, 333, 5.2961e-05, 6.514e-05
335, 328, 2.8239e-05, 6.46415e-05
335, 330, 1.5138e-05, 5.46441e-05
335, 331, 2.56649e-05, 5.50621e-05
335, 332, 3.28476e-05, 3.40091e-05
335, 333, 1.49105e-05, 6.48043e-05
335, 334, 4.28654e-05, 7.88374e-05
336, 329, 5.8955e-05, 1.90057e-05
336, 330, 4.45527e-05, 5.47204e-05
336, 331, 2.29187e-05, 5.74906e-05
336, 332, 4.5579e-05, 3.14145e-05
336, 333, 3.61178e-05, 6.55118e-05
336, 334, 6.57149e-05, 8.16373e-05
336, 335, 2.2451e-05, 1.4325e-05
338, 331, 4.16721e-05, 5.35473e-05
338, 332, 7.82541e-05, 3.54631e-05
338, 333, 5.1269e-05, 6.55334e-05
338, 334, 8.79465e-05, 7.94944e-05
338, 335, 1.48917e-05, 1.44291e-05
338, 336, 5.81199e-05, 5.62322e-05
339, 331, 1.37259e-05, 5.35047e-05
339, 332, 3.24764e-05, 3.49584e-05
339, 333, 1.28607e-05, 6.62e-05
339, 334, 5.08611e-05, 7.89395e-05
339, 335, 2.45481e-05, 1.28471e-05
339, 336, 2.06024e-05, 5.548e-05
339, 338, 3.71738e-05, 5.9427e-05
340, 331, 4.54638e-05, 5.702e-05
340, 333, 5.43316e-05, 6.60003e-05
340, 334, 9.10289e-05, 7.66531e-05
340, 335, 1.5782e-05, 1.42875e-05
340, 336, 5.2352e-05, 5.54218e-05
340, 338, 5.55016e-05, 5.97444e-05
340, 339, 7.5045e-05, 2.47941e-05
341, 333, 4.22994e-05, 6.45951e-05
341, 334, 6.06625e-05, 7.80875e-05
341, 335, 3.50479e-05, 1.33941e-05
341, 336, 4.1938e-05, 5.70773e-05
341, 338, 1.523e-05, 6.09315e-05
341, 339, 3.81199e-05, 2.42277e-05
341, 340, 8.91284e-05, 6.07988e-05
342, 333, 4.30313e-05, 6.95564e-05
342, 334, 2.45217e-05, 8.05055e-05
342, 335, 8.82072e-05, 1.49292e-05
342, 336, 5.04494e-05, 5.55194e-05
342, 338, 7.71344e-05, 5.74838e-05
342, 339, 8.71494e-05, 2.36805e-05
342, 340, 2.51868e-05, 6.3027e-05
342, 341, 6.48692e-05, 6.74222e-05
343, 335, 4.53493e-05, 1.29804e-05
343, 336, 1.57639e-05, 5.78211e-05
343, 338, 5.38592e-05, 5.86933e-05
343, 339, 6.7048e-05, 2.25688e-05
343, 340, 3.48358e-05, 6.24434e-05
343, 341, 4.90967e-05, 6.74761e-05
343, 342, 2.33317e-05, 5.7032e-05
344, 338, 2.12738e-05, 6.08736e-05
344, 339, 1.34506e-05, 2.23099e-05
344, 340, 9.62122e-05, 5.97465e-05
344, 341, 2.15851e-05, 6.81924e-05
344, 342, 8.34563e-05, 5.87751e-05
344, 343, 7.65162e-05, 6.38713e-05
346, 338, 4.70991e-05, 5.99945e-05
346, 339, 4.76705e-05, 2.31505e-05
346, 340, 5.28582e-05, 6.41505e-05
346, 341, 4.0618e-05, 6.5374e-05
346, 342, 4.13095e-05, 5.73446e-05
346, 343, 2.22361e-05, 6.37043e-05
346, 344, 6.67614e-05, 9.41446e-05
347, 338, 2.76152e-05, 5.83569e-05
347, 339, 4.24725e-05, 2.42554e-05
347, 340, 9.45581e-05, 6.23745e-05
347, 341, 4.29703e-05, 6.59765e-05
347, 342, 8.31364e-05, 5.86396e-05
347, 343, 8.81567e-05, 6.44245e-05
347, 344, 7.11721e-05, 9.7294e-05
347, 346, 7.28624e-05, 4.10184e-05
349, 338, 9.14645e-05, 5.89491e-05
349, 339, 9.33511e-05, 2.4501e-05
349, 340, 1.45564e-05, 6.37192e-05
349, 341, 7.89196e-05, 6.72337e-05
349, 342, 2.12414e-05, 5.49484e-05
349, 343, 3.15136e-05, 6.48254e-05
349, 344, 0.000120488, 9.4792e-05
349, 346, 4.45015e-05, 3.94659e-05
349, 347, 3.13939e-05, 6.18958e-05
350, 339, 4.23461e-05, 2.31944e-05
350, 340, 6.68201e-05, 6.41794e-05
350, 341, 3.86938e-05, 6.64942e-05
350, 342, 5.48376e-05, 5.81947e-05
350, 343, 3.35566e-05, 6.42921e-05
350, 344, 5.30633e-05, 9.70576e-05
350, 346, 2.77332e-05, 3.95847e-05
350, 347, 3.28329e-05, 6.39164e-05
350, 349, 2.77478e-05, 5.31223e-05
351, 339, 5.9114e-06, 2.37678e-05
351, 340, 8.90462e-05, 6.16712e-05
351, 341, 1.20943e-05, 6.25226e-05
351, 342, 6.7753e-05, 5.88108e-05
351, 343, 6.2687e-05, 6.3527e-05
351, 344, 3.63125e-05, 9.69843e-05
351, 346, 4.39689e-05, 3.83847e-05
351, 347, 6.30936e-05, 6.33335e-05
351, 349, 4.20642e-05, 5.02392e-05
351, 350, 6.22749e-05, 4.57511e-05
353, 342, 7.00267e-05, 5.78113e-05
353, 343, 6.20369e-05, 6.62699e-05
353, 344, 3.95573e-05, 9.64702e-05
353, 346, 4.66235e-05, 3.82469e-05
353, 347, 5.86166e-05, 6.4933e-05
353, 349, 3.92368e-05, 5.0639e-05
353, 350, 6.71175e-05, 4.55646e-05
353, 351, 3.79901e-05, 3.25093e-05
354, 344, 2.93111e-05, 9.6742e-05
354, 346, 4.69932e-05, 3.71015e-05
354, 347, 5.86099e-05, 6.5086e-05
354, 349, 3.007e-05, 4.9449e-05
354, 350, 8.25801e-05, 4.67684e-05
354, 351, 5.19643e-05, 3.56518e-05
354, 353, 4.72113e-05, 3.93158e-05
355, 346, 7.77955e-05, 3.87205e-05
355, 347, 8.22303e-05, 6.53827e-05
355, 349, 2.83888e-05, 4.98186e-05
355, 350, 0.00010529, 4.75813e-05
355, 351, 6.95564e-05, 3.39835e-05
355, 353, 5.25475e-05, 4.06275e-05
355, 354, 6.318e-05, 1.0817e-05
356, 346, 8.01773e-05, 3.56976e-05
356, 347, 9.12412e-05, 6.35679e-05
356, 349, 5.16092e-05, 5.34816e-05
356, 350, 9.62703e-05, 4.69457e-05
356, 351, 4.80632e-05, 3.24198e-05
356, 353, 6.85846e-05, 3.58621e-05
356, 354, 6.09144e-05, 1.08903e-05
356, 355, 5.63956e-05, 3.88924e-05
357, 346, 5.90282e-05, 3.84243e-05
357, 347, 6.75319e-05, 6.51343e-05
357, 349, 4.46496e-05, 5.21827e-05
357, 350, 7.57863e-05, 4.63449e-05
357, 351, 3.84687e-05, 3.28265e-05
357, 353, 5.66847e-05, 3.73455e-05
357, 354, 4.05669e-05, 1.17581e-05
357, 355, 3.79586e-05, 3.47939e-05
357, 356, 5.35336e-05, 6.01619e-05
358, 347, 2.50315e-05, 6.32227e-05
358, 349, 3.50811e-05, 5.48977e-05
358, 350, 7.69787e-05, 4.6489e-05
358, 351, 7.95639e-05, 3.47232e-05
358, 353, 2.68265e-05, 3.69172e-05
358, 354, 3.67366e-05, 1.21837e-05
358, 355, 1.28429e-05, 4.04192e-05
358, 356, 6.41494e-05, 6.1656e-05
358, 357, 3.86667e-05, 5.74695e-05
359, 349, 5.67575e-05, 5.39214e-05
359, 350, 4.84974e-05, 4.84473e-05
359, 351, 5.26956e-05, 3.51621e-05
359, 353, 5.98037e-05, 4.16655e-05
359, 354, 1.16217e-05, 1.34982e-05
359, 355, 4.07e-05, 3.54565e-05
359, 356, 7.85207e-05, 5.89973e-05
359, 357, 6.09276e-05, 5.49389e-05
359, 358, 3.03093e-05, 2.51723e-05
360, 350, 6.53647e-05, 4.79777e-05
360, 351, 6.60323e-05, 3.50756e-05
360, 353, 4.19706e-05, 4.06812e-05
360, 354, 2.20188e-05, 1.27558e-05
360, 355, 2.20413e-05, 3.96496e-05
360, 356, 6.91367e-05, 6.04435e-05
360, 357, 4.57578e-05, 5.7282e-05
360, 358, 2.72353e-05, 2.66249e-05
360, 359, 4.32742e-05, 2.5602e-05
361, 353, 5.21343e-05, 3.95597e-05
361, 354, 2.4874e-05, 1.54847e-05
361, 355, 3.46898e-05, 3.7528e-05
361, 356, 8.7193e-05, 5.86319e-05
361, 357, 6.62976e-05, 5.67473e-05
361, 358, 3.72997e-05, 2.85289e-05
361, 359, 4.95407e-05, 2.5931e-05
361, 360, 6.87361e-05, 7.64119e-05
362, 353, 5.44884e-05, 4.108e-05
362, 354, 6.45139e-05, 1.12478e-05
362, 355, 6.07107e-05, 3.81723e-05
362, 356, 9.83823e-05, 5.96686e-05
362, 357, 7.98125e-05, 5.70207e-05
362, 358, 6.80685e-05, 2.61192e-05
362, 359, 9.12132e-05, 2.65892e-05
362, 360, 0.000106988, 8.01142e-05
362, 361, 7.03707e-05, 6.48022e-05
363, 353, 4.22546e-05, 3.8876e-05
363, 354, 5.63808e-05, 1.43356e-05
363, 355, 4.82156e-05, 3.87283e-05
363, 356, 8.84543e-05, 6.14153e-05
363, 357, 6.98867e-05, 5.51172e-05
363, 358, 5.92062e-05, 3.06162e-05
363, 359, 7.37846e-05, 2.93181e-05
363, 360, 0.000101578, 7.76066e-05
363, 361, 5.95224e-05, 6.60894e-05
363, 362, 0.000114983, 2.43024e-05
364, 355, 2.91631e-05, 3.63774e-05
364, 356, 4.14199e-05, 5.873e-05
364, 357, 1.93472e-05, 5.08525e-05
364, 358, 2.32358e-05, 3.08299e-05
364, 359, 2.77739e-05, 2.69272e-05
364, 360, 5.54521e-05, 8.03823e-05
364, 361, 2.63996e-05, 6.54759e-05
364, 362, 5.93857e-05, 2.15269e-05
364, 363, 7.03982e-05, 1.9053e-05
365, 357, 1.08666e-05, 5.26526e-05
365, 358, 4.06334e-05, 2.51434e-05
365, 359, 4.8495e-05, 2.48518e-05
365, 360, 7.13533e-05, 7.77226e-05
365, 361, 4.26326e-05, 6.3496e-05
365, 362, 7.12093e-05, 2.26108e-05
365, 363, 9.13152e-05, 2.03827e-05
365, 364, 6.08778e-05, 6.1215e-05
366, 357, 3.26776e-05, 5.4754e-05
366, 358, 3.40602e-05, 2.7062e-05
366, 359, 4.78229e-05, 2.48779e-05
366, 360, 7.27982e-05, 7.85912e-05
366, 361, 3.51948e-05, 6.49653e-05
366, 362, 8.65297e-05, 2.89788e-05
366, 363, 8.00524e-05, 2.08581e-05
366, 364, 7.8319e-05, 6.25598e-05
366, 365, 9.27434e-05, 3.47591e-05
367, 357, 5.72645e-05, 5.27489e-05
367, 358, 5.80877e-05, 2.39936e-05
367, 359, 4.52742e-05, 2.47393e-05
367, 360, 5.1813e-05, 7.77159e-05
367, 361, 5.28867e-05, 6.63871e-05
367, 362, 3.10011e-05, 2.46103e-05
367, 363, 7.91845e-05, 1.95388e-05
367, 364, 2.47327e-05, 6.1486e-05
367, 365, 9.95986e-05, 3.44766e-05
367, 366, 2.26432e-05, 8.71213e-05
368, 359, 2.75068e-05, 3.07106e-05
368, 360, 4.93575e-05, 7.53003e-05
368, 361, 1.19925e-05, 7.03541e-05
368, 362, 6.28435e-05, 2.57611e-05
368, 363, 5.7008e-05, 1.50989e-05
368, 364, 5.52014e-05, 6.26816e-05
368, 365, 6.87362e-05, 3.63271e-05
368, 366, 5.94985e-05, 9.62382e-05
368, 367, 3.48979e-05, 9.16979e-05
369, 360, 7.02041e-05, 7.7907e-05
369, 361, 4.9508e-05, 6.61429e-05
369, 362, 6.73905e-05, 2.37013e-05
369, 363, 8.60116e-05, 1.94666e-05
369, 364, 5.8935e-05, 6.21534e-05
369, 365, 0.000106941, 3.49671e-05
369, 366, 5.88854e-05, 8.83402e-05
369, 367, 4.77268e-05, 8.90231e-05
369, 368, 3.11432e-05, 5.782e-05
371, 362, 7.91325e-05, 2.67322e-05
371, 363, 5.78429e-05, 1.85326e-05
371, 364, 6.37286e-05, 6.16857e-05
371, 365, 7.08639e-05, 3.77642e-05
371, 366, 7.03855e-05, 9.16341e-05
371, 367, 4.48268e-05, 8.81149e-05
371, 368, 1.9249e-05, 5.7288e-05
371, 369, 6.63435e-05, 4.41561e-05
372, 364, 1.34407e-05, 6.34026e-05
372, 365, 6.65265e-05, 3.71308e-05
372, 366, 1.80266e-05, 9.18681e-05
372, 367, 2.12487e-05, 8.72569e-05
372, 368, 5.51717e-05, 5.54483e-05
372, 369, 5.70006e-05, 4.12232e-05
372, 371, 5.24116e-05, 5.89608e-05
373, 367, 8.09705e-05, 9.4597e-05
373, 368, 6.23658e-05, 5.70182e-05
373, 369, 3.29033e-05, 4.47777e-05
373, 371, 4.90861e-05, 6.41658e-05
373, 372, 8.11514e-05, 2.71365e-05
374, 368, 2.46843e-05, 5.88734e-05
374, 369, 5.51864e-05, 4.44568e-05
374, 371, 4.03565e-05, 5.89125e-05
374, 372, 2.26339e-05, 2.71764e-05
374, 373, 6.47548e-05, 1.77365e-05
375, 368, 3.55668e-05, 5.47727e-05
375, 369, 5.68233e-05, 4.28384e-05
375, 371, 4.23212e-05, 5.76715e-05
375, 372, 4.52753e-05, 2.79416e-05
375, 373, 4.12775e-05, 1.74389e-05
375, 374, 4.74613e-05, 0.000133549
376, 371, 5.59469e-05, 6.0874e-05
376, 372, 8.61091e-05, 2.97088e-05
376, 373, 0.000100161, 2.01996e-05
376, 374, 5.96604e-05, 0.000130716
376, 375, 9.31602e-05, 7.12246e-05
377, 371, 6.42546e-05, 5.95103e-05
377, 372, 0.000115078, 3.48641e-05
377, 373, 8.52081e-05, 1.7744e-05
377, 374, 7.53475e-05, 0.000133992
377, 375, 7.17315e-05, 6.89588e-05
377, 376, 9.71413e-05, 3.94011e-05
379, 373, 8.33391e-05, 1.80966e-05
379, 374, 8.459e-05, 0.000131349
379, 375, 7.09267e-05, 6.77417e-05
379, 376, 0.000107318, 3.85931e-05
379, 377, 6.79997e-05, 8.87477e-05
380, 373, 6.44842e-05, 1.84713e-05
380, 374, 8.26004e-05, 0.000132307
380, 375, 4.49649e-05, 6.97956e-05
380, 376, 0.000121281, 4.0933e-05
380, 377, 8.8816e-05, 8.94952e-05
380, 379, 9.27766e-05, 2.74945e-05
381, 373, 5.15799e-05, 1.9673e-05
381, 374, 6.22195e-05, 0.000132256
381, 375, 4.16901e-05, 6.86547e-05
381, 376, 9.10745e-05, 4.16527e-05
381, 377, 7.87981e-05, 8.88323e-05
381, 379, 6.90555e-05, 2.57699e-05
381, 380, 5.9254e-05, 9.34572e-05
382, 373, 3.43998e-05, 1.81951e-05
382, 374, 4.73799e-05, 0.000132995
382, 375, 3.88724e-05, 6.79791e-05
382, 376, 8.85422e-05, 4.34607e-05
382, 377, 0.000101618, 9.05098e-05
382, 379, 5.52413e-05, 2.74966e-05
382, 380, 2.23945e-05, 9.54748e-05
382, 381, 4.65458e-05, 5.60276e-05
383, 373, 0.00011064, 1.6212e-05
383, 374, 4.46377e-05, 0.000131936
383, 375, 0.000109202, 7.17284e-05
383, 376, 3.26552e-05, 3.92511e-05
383, 377, 4.37982e-05, 8.91334e-05
383, 379, 4.76071e-05, 2.54206e-05
383, 380, 0.000109664, 9.4615e-05
383, 381, 6.07698e-05, 5.93116e-05
383, 382, 8.12913e-05, 4.05997e-05
384, 373, 7.12177e-05, 1.88485e-05
384, 374, 1.79347e-05, 0.000131797
384, 375, 6.02944e-05, 6.95738e-05
384, 376, 5.47736e-05, 4.5145e-05
384, 377, 6.9091e-05, 8.86793e-05
384, 379, 2.10652e-05, 2.97329e-05
384, 380, 6.29349e-05, 9.46173e-05
384, 381, 2.81196e-05, 5.58944e-05
384, 382, 4.76982e-05, 4.58464e-05
384, 383, 7.10365e-05, 9.62272e-05
387, 373, 8.3118e-05, 1.73918e-05
387, 376, 3.71067e-05, 4.17957e-05
387, 377, 7.24509e-05, 9.03167e-05
387, 379, 1.45008e-05, 2.7647e-05
387, 380, 7.67778e-05, 9.46284e-05
387, 381, 4.7838e-05, 5.64867e-05
387, 382, 4.21716e-05, 4.45743e-05
387, 383, 9.70227e-05, 9.13474e-05
387, 384, 8.22404e-05, 3.06989e-05
388, 373, 4.02478e-05, 1.7858e-05
388, 376, 9.65704e-05, 4.04416e-05
388, 377, 9.04016e-05, 8.86454e-05
388, 379, 7.19247e-05, 2.72053e-05
388, 380, 4.34245e-05, 9.99454e-05
388, 381, 3.59433e-05, 5.77214e-05
388, 382, 7.41379e-05, 4.50939e-05
388, 383, 4.87559e-05, 8.96338e-05
388, 384, 2.43061e-05, 3.09044e-05
388, 387, 7.2939e-05, 9.34721e-05
389, 377, 4.0789e-05, 8.80527e-05
389, 379, 4.28586e-05, 2.64331e-05
389, 380, 9.38571e-05, 9.5946e-05
389, 381, 4.21955e-05, 5.77812e-05
389, 382, 7.78899e-05, 4.19532e-05
389, 383, 7.8779e-05, 8.91336e-05
389, 384, 8.70242e-05, 3.1592e-05
389, 387, 3.82808e-05, 8.92517e-05
389, 388, 3.50168e-05, 7.28266e-05
390, 377, 6.0061e-05, 9.09468e-05
390, 379, 5.71069e-05, 2.99723e-05
390, 380, 8.12366e-05, 9.62226e-05
390, 381, 2.14568e-05, 5.56267e-05
390, 382, 6.96558e-05, 4.44825e-05
390, 383, 4.80526e-05, 9.27626e-05
390, 384, 5.24575e-05, 3.18167e-05
390, 387, 5.59497e-05, 8.6004e-05
390, 388, 1.81221e-05, 7.39279e-05
390, 389, 4.79747e-05, 5.75895e-05
391, 380, 6.30643e-05, 9.11422e-05
391, 381, 2.96213e-05, 5.8652e-05
391, 382, 8.3023e-05, 4.4791e-05
391, 383, 3.87615e-05, 8.97822e-05
391, 384, 2.31555e-05, 3.2226e-05
391, 387, 7.26191e-05, 9.18015e-05
391, 388, 3.72591e-05, 6.92226e-05
391, 389, 7.72494e-05, 5.89489e-05
391, 390, 4.84835e-05, 9.9346e-05
392, 381, 5.2409e-05, 5.42197e-05
392, 382, 9.87409e-05, 4.14845e-05
392, 383, 6.96583e-05, 9.11345e-05
392, 384, 8.83023e-05, 3.50819e-05
392, 387, 5.96598e-05, 8.86202e-05
392, 388, 4.57158e-05, 6.89291e-05
392, 389, 1.95074e-05, 5.93058e-05
392, 390, 4.0865e-05, 0.000101974
392, 391, 6.25993e-05, 0.000108715
393, 381, 2.6089e-05, 5.4901e-05
393, 382, 8.72569e-05, 4.48544e-05
393, 383, 3.77639e-05, 8.96829e-05
393, 384, 3.83479e-05, 3.02525e-05
393, 387, 6.89052e-05, 8.92003e-05
393, 388, 2.92365e-05, 7.19014e-05
393, 389, 5.72538e-05, 5.82689e-05
393, 390, 3.0149e-05, 0.000102861
393, 391, 3.26284e-05, 0.000106489
393, 392, 3.97342e-05, 0.0001046
395, 383, 6.43246e-05, 9.16604e-05
395, 384, 5.38385e-05, 3.35439e-05
395, 387, 4.31206e-05, 8.7516e-05
395, 388, 2.69296e-05, 7.12963e-05
395, 389, 5.29016e-05, 6.08364e-05
395, 390, 5.57424e-05, 0.000102776
395, 391, 1.7787e-05, 0.000111142
395, 392, 5.94482e-05, 0.000105089
395, 393, 2.58049e-05, 1.99123e-05
396, 383, 2.40409e-05, 8.88234e-05
396, 384, 3.6049e-05, 2.85509e-05
396, 387, 8.52962e-05, 9.1287e-05
396, 388, 4.7945e-05, 7.45563e-05
396, 389, 7.54206e-05, 6.16391e-05
396, 390, 3.84933e-05, 0.000106082
396, 391, 5.37239e-05, 0.000107883
396, 392, 3.29373e-05, 0.000107113
396, 393, 5.00027e-05, 2.23729e-05
396, 395, 1.82394e-05, 2.5655e-05
397, 387, 6.66027e-05, 9.4332e-05
397, 388, 8.53948e-05, 7.10567e-05
397, 389, 5.81412e-05, 6.36615e-05
397, 390, 0.000101448, 0.000104408
397, 391, 0.000100207, 0.000108311
397, 392, 0.000136417, 0.000108294
397, 393, 0.000115154, 2.25266e-05
397, 395, 0.000124737, 2.79107e-05
397, 396, 6.53063e-05, 3.64022e-05
398, 388, 7.0775e-05, 7.04626e-05
398, 389, 3.86054e-05, 6.27917e-05
398, 390, 8.45861e-05, 0.000104214
398, 391, 8.3132e-05, 0.000109001
398, 392, 0.000121284, 0.000104434
398, 393, 9.10059e-05, 2.2563e-05
398, 395, 0.000110762, 2.90114e-05
398, 396, 4.67931e-05, 3.39908e-05
398, 397, 0.000104814, 0.000145364
399, 390, 3.39139e-05, 0.000107516
399, 391, 8.02285e-05, 0.000107472
399, 392, 6.95593e-05, 0.00010785
399, 393, 7.79067e-05, 2.4788e-05
399, 395, 4.02631e-05, 3.12983e-05
399, 396, 6.31934e-05, 3.51112e-05
399, 397, 2.39675e-05, 0.000150073
399, 398, 2.49127e-05, 4.42079e-05
400, 392, 0.000132243, 0.00010644
400, 393, 0.000117364, 2.74515e-05
400, 395, 0.000102178, 3.10612e-05
400, 396, 6.89346e-05, 3.61576e-05
400, 397, 8.98107e-05, 0.000146374
400, 398, 7.20692e-05, 4.78145e-05
400, 399, 8.556e-05, 2.87216e-05
401, 393, 5.57733e-05, 2.49089e-05
401, 395, 7.95111e-05, 3.29266e-05
401, 396, 5.59452e-05, 3.87907e-05
401, 397, 0.000100771, 0.000149047
401, 398, 9.52477e-05, 4.3853e-05
401, 399, 4.89456e-05, 2.80986e-05
401, 400, 5.12437e-05, 3.92076e-05
402, 396, 3.1536e-05, 4.16321e-05
402, 397, 8.20261e-05, 0.000146344
402, 398, 7.84945e-05, 4.49147e-05
402, 399, 3.93045e-05, 2.90162e-05
402, 400, 3.39738e-05, 3.98161e-05
402, 401, 4.12285e-05, 0.000152253
403, 395, 9.31951e-05, 3.16917e-05
403, 396, 3.65883e-05, 3.81061e-05
403, 397, 8.82557e-05, 0.000147056
403, 398, 7.49311e-05, 4.61972e-05
403, 399, 5.43644e-05, 3.10574e-05
403, 400, 4.5146e-05, 3.78739e-05
403, 401, 5.41706e-05, 0.000149583
403, 402, 5.28347e-05, 4.35545e-05
404, 396, 8.26707e-05, 3.49515e-05
404, 397, 0.000120702, 0.000153509
404, 398, 9.9657e-05, 4.68275e-05
404, 399, 0.000105648, 3.00585e-05
404, 400, 0.000101549, 4.21534e-05
404, 401, 0.000106918, 0.000150653
404, 402, 8.16491e-05, 4.39859e-05
404, 403, 9.10129e-05, 6.60592e-05
406, 397, 9.30536e-05, 0.000153477
406, 399, 8.63741e-05, 4.40861e-05
406, 400, 7.8432e-05, 4.96226e-05
406, 401, 8.25918e-05, 0.00015368
406, 402, 8.56318e-05, 4.75011e-05
406, 403, 7.72567e-05, 7.13552e-05
406, 404, 5.56495e-05, 8.00218e-05
407, 398, 0.00013481, 5.52439e-05
407, 399, 0.000137841, 4.06261e-05
407, 400, 0.000118051, 4.84945e-05
407, 401, 0.000137973, 0.000153675
407, 402, 9.64107e-05, 4.82808e-05
407, 403, 0.000112242, 7.05072e-05
407, 404, 4.67798e-05, 8.43436e-05
407, 406, 4.55973e-05, 8.58006e-05
408, 399, 0.000102371, 3.84882e-05
408, 400, 9.0182e-05, 4.96977e-05
408, 401, 0.000105346, 0.000152796
408, 402, 6.72755e-05, 4.9925e-05
408, 403, 8.36344e-05, 7.11745e-05
408, 404, 4.19522e-05, 8.46064e-05
408, 406, 5.45712e-05, 8.85895e-05
408, 407, 4.0722e-05, 0.000109284
410, 404, 0.000133456, 9.26925e-05
410, 406, 0.00012498, 9.85389e-05
410, 407, 0.000138026, 0.000114272
410, 408, 0.000167697, 0.000126195
411, 406, 0.000161282, 0.000100386
411, 407, 0.000183312, 0.000116261
411, 408, 0.00020645, 0.000136802
411, 410, 6.79354e-05, 0.000179547
412, 406, 0.000270136, 0.000105956
412, 407, 0.000291005, 0.000121204
412, 408, 0.000288267, 0.000145134
412, 410, 0.000149948, 0.000186635
412, 411, 0.000134766, 0.000110848
413, 410, 0.000423837, 0.000202539
413, 411, 0.000385514, 0.00013793
413, 412, 0.000323866, 0.000172505
414, 412, 0.000550705, 0.00018428
414, 413, 0.000223296, 0.000135189
415, 412, 0.000550166, 0.000182908
415, 413, 0.000206022, 0.000134965
415, 414, 0.000133518, 0.000145865
416, 413, 0.000272733, 0.000142672
416, 414, 0.000157826, 0.000154036
416, 415, 0.000162799, 0.000152492
417, 413, 0.000239212, 0.000139866
417, 414, 0.000140861, 0.000156216
417, 415, 0.000145856, 0.000149972
417, 416, 0.000154856, 0.000143652
420, 413, 0.000312951, 0.000142041
420, 414, 0.000190853, 0.000154539
420, 415, 0.000199784, 0.000149348
420, 416, 0.000148936, 0.000143681
420, 417, 0.000164752, 0.00014485
421, 413, 0.000268738, 0.000143733
421, 414, 0.000158404, 0.000152635
421, 415, 0.000163136, 0.000148825
421, 416, 0.000142275, 0.000142977
421, 417, 0.000138938, 0.000141782
421, 420, 0.000155338, 0.000169095
422, 414, 0.000203058, 0.0001553
422, 415, 0.000211587, 0.000152924
422, 416, 0.000181517, 0.000145577
422, 417, 0.000187024, 0.000144432
422, 420, 0.000141685, 0.000172125
422, 421, 0.000170922, 0.000143249
423, 414, 0.000215096, 0.00015796
423, 415, 0.000223582, 0.000151483
423, 416, 0.000178439, 0.000143908
423, 417, 0.000192979, 0.000143102
423, 420, 0.000143824, 0.000174416
423, 421, 0.000167782, 0.000143271
423, 422, 0.0001664, 0.000156748
424, 414, 0.000233942, 0.00015618
424, 415, 0.000239738, 0.000155128
424, 416, 0.000167681, 0.000151563
424, 417, 0.0001958, 0.000146587
424, 420, 0.000148603, 0.000171215
424, 421, 0.000152235, 0.000146136
424, 422, 0.000186822, 0.000160103
424, 423, 0.000148137, 0.000156441
425, 414, 0.000186037, 0.000155221
425, 415, 0.000183852, 0.000154278
425, 416, 0.000204668, 0.000148916
425, 417, 0.000181055, 0.000144829
425, 420, 0.000157867, 0.000173598
425, 421, 0.000198463, 0.000144263
425, 422, 0.00013796, 0.000159529
425, 423, 0.000185532, 0.000155173
425, 424, 0.000139852, 0.000145991
426, 416, 0.000196174, 0.000149235
426, 417, 0.000194519, 0.000146607
426, 420, 0.000157533, 0.000175167
426, 421, 0.000198628, 0.0001482
426, 422, 0.00015095, 0.00015986
426, 423, 0.000183782, 0.000155986
426, 424, 0.000145537, 0.000147585
426, 425, 0.000169556, 0.000153661
427, 416, 0.000202614, 0.000148861
427, 417, 0.000218559, 0.000150221
427, 420, 0.000156876, 0.000174852
427, 421, 0.000184232, 0.00014922
427, 422, 0.000170835, 0.00016517
427, 423, 0.00017821, 0.000156998
427, 424, 0.000155932, 0.000148534
427, 425, 0.000174727, 0.000153289
427, 426, 0.000151953, 0.000167831
428, 416, 0.000180279, 0.000149939
428, 417, 0.000202443, 0.000150452
428, 420, 0.000147169, 0.000175949
428, 421, 0.000163991, 0.000147887
428, 422, 0.00017331, 0.000167909
428, 423, 0.000153286, 0.000157726
428, 424, 0.00015729, 0.000150434
428, 425, 0.000160992, 0.000155976
428, 426, 0.000147009, 0.000168709
428, 427, 0.000164491, 0.000170698
430, 420, 0.000210604, 0.000182638
430, 421, 0.000239815, 0.000152276
430, 422, 0.000233697, 0.000168753
430, 423, 0.000222463, 0.000162767
430, 424, 0.000207892, 0.000154409
430, 425, 0.000231775, 0.000161503
430, 426, 0.000161294, 0.000171769
430, 427, 0.000203199, 0.000175528
430, 428, 0.000178022, 0.000171177
431, 422, 0.000319594, 0.000168508
431, 423, 0.000319177, 0.000168533
431, 424, 0.000286449, 0.000160173
431, 425, 0.000317589, 0.000162931
431, 426, 0.000223561, 0.000177881
431, 427, 0.000272635, 0.000178832
431, 428, 0.000248444, 0.000177092
431, 430, 0.000170871, 0.000190565
432, 424, 0.000276578, 0.000161266
432, 425, 0.000293854, 0.00016577
432, 426, 0.000206183, 0.000176732
432, 427, 0.000263861, 0.000179531
432, 428, 0.00022342, 0.000181775
432, 430, 0.000168202, 0.000188386
432, 431, 0.000166357, 0.000161031
433, 427, 0.000408549, 0.000188241
433, 428, 0.000369929, 0.000184222
433, 430, 0.000273238, 0.000194373
433, 431, 0.000280786, 0.000166445
433, 432, 0.000266592, 0.000171378
434, 427, 0.000421435, 0.000189243
434, 428, 0.000371517, 0.000186522
434, 430, 0.000279472, 0.000198015
434, 431, 0.000282224, 0.000168783
434, 432, 0.000262948, 0.000171312
434, 433, 0.000206704, 0.000191618
435, 430, 0.000319005, 0.000200758
435, 431, 0.000329784, 0.000178152
435, 432, 0.000309624, 0.000179569
435, 433, 0.000204945, 0.000201604
435, 434, 0.00019199, 0.000213448
436, 430, 0.00040923, 0.000204076
436, 431, 0.000405284, 0.00017584
436, 432, 0.000385183, 0.000178442
436, 433, 0.000285024, 0.000203376
436, 434, 0.000241596, 0.000218134
436, 435, 0.000196673, 0.000174915
437, 431, 0.000428689, 0.000181213
437, 432, 0.000406046, 0.000183805
437, 433, 0.000282911, 0.000205272
437, 434, 0.000259115, 0.000216815
437, 435, 0.000210925, 0.00017911
437, 436, 0.000177499, 0.000182775
438, 431, 0.000493369, 0.000182656
438, 433, 0.00032419, 0.000210633
438, 434, 0.000315708, 0.000222647
438, 435, 0.000260677, 0.000182741
438, 436, 0.000206864, 0.000187717
438, 437, 0.0001868, 0.000216112
439, 433, 0.00041774, 0.000208522
439, 434, 0.000396099, 0.000222245
439, 435, 0.000338018, 0.000186208
439, 436, 0.000253766, 0.000188945
439, 437, 0.000227064, 0.000215767
439, 438, 0.000206708, 0.000184332
440, 434, 0.000397377, 0.000222039
440, 435, 0.000327603, 0.000186795
440, 436, 0.000259783, 0.000191943
440, 437, 0.00022856, 0.000217009
440, 438, 0.000211996, 0.000184605
440, 439, 0.000199807, 0.000187391
441, 435, 0.000365991, 0.000188965
441, 436, 0.000279836, 0.000190581
441, 437, 0.000245884, 0.000219888
441, 438, 0.0002274, 0.000186106
441, 439, 0.000214548, 0.00019134
441, 440, 0.000207544, 0.000212177
442, 435, 0.000313195, 0.000191527
442, 436, 0.000239624, 0.0001931
442, 437, 0.000211876, 0.000224103
442, 438, 0.000200577, 0.000183814
442, 439, 0.00019472, 0.000192256
442, 440, 0.000189884, 0.000210426
442, 441, 0.000193582, 0.000183988
443, 436, 0.000303538, 0.000194838
443, 437, 0.00026357, 0.00022153
443, 438, 0.000240187, 0.000186646
443, 439, 0.000220776, 0.000192868
443, 440, 0.000220792, 0.000212678
443, 441, 0.00018675, 0.000183444
443, 442, 0.000208755, 0.000192087
445, 436, 0.000306903, 0.000193574
445, 437, 0.000270996, 0.000223323
445, 438, 0.00024757, 0.000185484
445, 439, 0.000227661, 0.000193391
445, 440, 0.000227824, 0.000215727
445, 441, 0.000192061, 0.00018284
445, 442, 0.000215476, 0.000192385
445, 443, 0.000195046, 0.00018136
447, 437, 0.000313525, 0.000224641
447, 438, 0.000287676, 0.000189893
447, 439, 0.000273806, 0.000194166
447, 440, 0.000266845, 0.000214111
447, 441, 0.000215824, 0.000186902
447, 442, 0.000242993, 0.000200038
447, 443, 0.000194936, 0.000188276
447, 445, 0.000221119, 0.000188247
448, 437, 0.000288762, 0.000224473
448, 438, 0.00026098, 0.000191805
448, 439, 0.000237738, 0.00019513
448, 440, 0.00023648, 0.000214277
448, 441, 0.000199653, 0.00018655
448, 442, 0.000227107, 0.000193727
448, 443, 0.000203354, 0.000186827
448, 445, 0.000206861, 0.000187716
448, 447, 0.000200248, 0.000205974
449, 438, 0.000276985, 0.000190713
449, 439, 0.000256351, 0.000196024
449, 440, 0.000252708, 0.000216429
449, 441, 0.000205109, 0.000185589
449, 442, 0.000235676, 0.00019717
449, 443, 0.000197208, 0.000186344
449, 445, 0.000211272, 0.000189299
449, 447, 0.000190332, 0.000203216
449, 448, 0.000190394, 0.000200377
450, 438, 0.000297847, 0.000193499
450, 439, 0.000275005, 0.000198747
450, 440, 0.000271766, 0.00021753
450, 441, 0.000218689, 0.000188111
450, 442, 0.00025573, 0.000200366
450, 443, 0.000203258, 0.00019291
450, 445, 0.000227382, 0.000191861
450, 447, 0.000193754, 0.000206946
450, 448, 0.000196531, 0.000202685
450, 449, 0.000202895, 0.00019763
452, 439, 0.000366106, 0.00019862
452, 440, 0.000361017, 0.000218103
452, 441, 0.000284022, 0.00018863
452, 442, 0.000321872, 0.000200358
452, 443, 0.000234444, 0.00019135
452, 445, 0.000289124, 0.000194518
452, 447, 0.000224694, 0.000203206
452, 448, 0.000234116, 0.000202687
452, 449, 0.000262552, 0.000194124
452, 450, 0.000201405, 0.000244179
453, 441, 0.000275743, 0.000197695
453, 442, 0.000321446, 0.000203517
453, 443, 0.000237367, 0.00019777
453, 445, 0.000288473, 0.000193027
453, 447, 0.000220762, 0.000210614
453, 448, 0.000229483, 0.00020422
453, 449, 0.000242001, 0.000205481
453, 450, 0.000203314, 0.000247729
453, 452, 0.000201125, 0.000225756
454, 441, 0.000291919, 0.000190764
454, 442, 0.000329746, 0.000198575
454, 443, 0.000241035, 0.000192461
454, 445, 0.000297239, 0.000194076
454, 447, 0.000228029, 0.000210726
454, 448, 0.000237304, 0.000206886
454, 449, 0.000267874, 0.00020595
454, 450, 0.00020201, 0.000246584
454, 452, 0.000211155, 0.000224139
454, 453, 0.000194671, 0.00021713
456, 443, 0.000319411, 0.00019739
456, 445, 0.000385327, 0.000199671
456, 447, 0.000297226, 0.000215758
456, 448, 0.000310555, 0.000212054
456, 449, 0.00034375, 0.000202859
456, 450, 0.000255446, 0.000248659
456, 452, 0.000271671, 0.00022553
456, 453, 0.000218954, 0.000224579
456, 454, 0.000225997, 0.000210372
457, 447, 0.000314824, 0.000214554
457, 448, 0.000320649, 0.000208988
457, 449, 0.000353464, 0.000209183
457, 450, 0.000263517, 0.000244997
457, 452, 0.000278876, 0.000229698
457, 453, 0.000219861, 0.000228883
457, 454, 0.000237162, 0.000207777
457, 456, 0.000237188, 0.000230067
458, 447, 0.000362681, 0.000213815
458, 448, 0.000377299, 0.000212622
458, 449, 0.000413898, 0.00020701
458, 450, 0.000309787, 0.000250574
458, 452, 0.000334304, 0.000228506
458, 453, 0.000258913, 0.00022672
458, 454, 0.000263093, 0.000211215
458, 456, 0.000249548, 0.000229617
458, 457, 0.000213245, 0.000204688
459, 450, 0.000312875, 0.000253262
459, 452, 0.000331504, 0.00023097
459, 453, 0.000257341, 0.000228482
459, 454, 0.000270465, 0.000213385
459, 456, 0.000261127, 0.000232456
459, 457, 0.000214589, 0.000203974
459, 458, 0.000203657, 0.000218365
460, 452, 0.000418513, 0.000231423
460, 453, 0.000333019, 0.000227044
460, 454, 0.000331262, 0.000214722
460, 456, 0.000310915, 0.000234215
460, 457, 0.000220804, 0.00020387
460, 458, 0.000231686, 0.000219194
460, 459, 0.000231195, 0.000219005
461, 452, 0.000348561, 0.000232503
461, 453, 0.000278191, 0.000230008
461, 454, 0.000291487, 0.000211702
461, 456, 0.000275423, 0.00023527
461, 457, 0.000222012, 0.000206575
461, 458, 0.000209152, 0.000218725
461, 459, 0.000228867, 0.000220555
461, 460, 0.000215547, 0.000237615
462, 452, 0.000375523, 0.000232963
462, 453, 0.000295345, 0.00023061
462, 454, 0.000282946, 0.000215721
462, 456, 0.00026721, 0.000235769
462, 457, 0.000207758, 0.000202619
462, 458, 0.000226374, 0.000217981
462, 459, 0.000209698, 0.000220212
462, 460, 0.000208051, 0.000235352
462, 461, 0.00021025, 0.000208457
463, 453, 0.000317437, 0.000228466
463, 454, 0.000302229, 0.000218552
463, 456, 0.000283767, 0.000236212
463, 457, 0.000215405, 0.000206942
463, 458, 0.000234866, 0.000220495
463, 459, 0.000217418, 0.000219621
463, 460, 0.000213518, 0.000236215
463, 461, 0.000211991, 0.000207831
463, 462, 0.000215545, 0.000210556
464, 456, 0.000336129, 0.000236054
464, 457, 0.000242466, 0.000207095
464, 458, 0.000265996, 0.000226592
464, 459, 0.000249818, 0.000221224
464, 460, 0.000234632, 0.000235788
464, 461, 0.000223714, 0.000210228
464, 462, 0.00023533, 0.000212756
464, 463, 0.000222255, 0.000218195
465, 456, 0.000338314, 0.00023894
465, 457, 0.000237967, 0.000207631
465, 458, 0.000237598, 0.000222101
465, 459, 0.000254299, 0.000221695
465, 460, 0.000223981, 0.000239845
465, 461, 0.000216016, 0.000210472
465, 462, 0.000258854, 0.000211974
465, 463, 0.00024366, 0.000216631
465, 464, 0.000219597, 0.000218349
466, 456, 0.000356481, 0.000235451
466, 457, 0.000254924, 0.000212524
466, 458, 0.000275452, 0.000226069
466, 459, 0.000261512, 0.000223901
466, 460, 0.00024069, 0.000238012
466, 461, 0.00022782, 0.000210439
466, 462, 0.000237879, 0.000211638
466, 463, 0.000225945, 0.000217513
466, 464, 0.000219052, 0.000216494
466, 465, 0.000218794, 0.000232523
467, 457, 0.000251412, 0.000210049
467, 458, 0.000267133, 0.000221748
467, 459, 0.000261018, 0.000225482
467, 460, 0.000239922, 0.000239431
467, 461, 0.000222344, 0.000211199
467, 462, 0.000242316, 0.000212269
467, 463, 0.000230196, 0.00022049
467, 464, 0.000217846, 0.000218358
467, 465, 0.000212928, 0.00023488
467, 466, 0.000216029, 0.000213861
468, 457, 0.000263701, 0.000208617
468, 458, 0.000270112, 0.000219237
468, 459, 0.000274794, 0.000219619
468, 460, 0.000246246, 0.000239938
468, 461, 0.000230552, 0.000211444
468, 462, 0.000272106, 0.000214862
468, 463, 0.000251434, 0.000221284
468, 464, 0.000229611, 0.000218351
468, 465, 0.000211596, 0.00023527
468, 466, 0.000236309, 0.000215931
468, 467, 0.000219322, 0.000217431
469, 457, 0.000298292, 0.000212315
469, 458, 0.000312619, 0.000225397
469, 459, 0.00031337, 0.000227094
469, 460, 0.00027855, 0.000238856
469, 461, 0.000259079, 0.000210691
469, 462, 0.000288913, 0.000213326
469, 463, 0.000264347, 0.000219122
469, 464, 0.000248224, 0.000220039
469, 465, 0.000209864, 0.000235489
469, 466, 0.000240704, 0.000215312
469, 467, 0.00021208, 0.00021623
469, 468, 0.000243852, 0.00021398
470, 457, 0.000276231, 0.000210484
470, 458, 0.000292419, 0.000223524
470, 459, 0.000284092, 0.000224828
470, 460, 0.000255085, 0.000240724
470, 461, 0.00023964, 0.000209787
470, 462, 0.000258253, 0.00021214
470, 463, 0.000241144, 0.000216969
470, 464, 0.000229668, 0.000219881
470, 465, 0.000216901, 0.000235509
470, 466, 0.000223099, 0.000216585
470, 467, 0.000211311, 0.000215981
470, 468, 0.000227454, 0.000215222
470, 469, 0.000214282, 0.000223342
471, 459, 0.000391416, 0.00022664
471, 460, 0.000356655, 0.000242731
471, 461, 0.000325332, 0.000215645
471, 462, 0.000349235, 0.000217787
471, 463, 0.000326263, 0.000217499
471, 464, 0.00031293, 0.000217615
471, 465, 0.00026259, 0.000238182
471, 466, 0.000290441, 0.000220873
471, 467, 0.000254664, 0.000218568
471, 468, 0.00028294, 0.000216057
471, 469, 0.000257143, 0.000220689
471, 470, 0.000227997, 0.000220724
472, 460, 0.000301079, 0.000242619
472, 461, 0.000279672, 0.000214371
472, 462, 0.000286727, 0.000216152
472, 463, 0.000271318, 0.000223872
472, 464, 0.000258808, 0.000222084
472, 465, 0.000232282, 0.000237114
472, 466, 0.000240993, 0.000216971
472, 467, 0.000219792, 0.000220835
472, 468, 0.000235697, 0.000216673
472, 469, 0.000229646, 0.000225538
472, 470, 0.000210618, 0.000224814
472, 471, 0.000217898, 0.000231955
473, 462, 0.000330194, 0.000218351
473, 463, 0.000308453, 0.000222623
473, 464, 0.000299561, 0.00022351
473, 465, 0.000259144, 0.00023729
473, 466, 0.000276108, 0.000220017
473, 467, 0.000245485, 0.00022105
473, 468, 0.000265737, 0.000221107
473, 469, 0.000255456, 0.000224782
473, 470, 0.000226767, 0.000222182
473, 471, 0.00022565, 0.000229487
473, 472, 0.00023423, 0.000225397
474, 463, 0.000391056, 0.000225603
474, 464, 0.000375169, 0.000224731
474, 465, 0.000317761, 0.000236757
474, 466, 0.000350439, 0.000221806
474, 467, 0.000307004, 0.000223909
474, 468, 0.00033271, 0.000223708
474, 469, 0.000310867, 0.000227862
474, 470, 0.000264888, 0.000223315
474, 471, 0.000249445, 0.000232266
474, 472, 0.000263549, 0.00022837
474, 473, 0.000225557, 0.000224715
475, 465, 0.000443477, 0.000240263
475, 466, 0.000472049, 0.000230062
475, 467, 0.000420802, 0.000228882
475, 468, 0.000448237, 0.000226523
475, 469, 0.000434984, 0.000234401
475, 470, 0.000370715, 0.000234001
475, 471, 0.000335739, 0.00023325
475, 472, 0.000361514, 0.00023193
475, 473, 0.000290249, 0.000227194
475, 474, 0.000287482, 0.000234885
476, 466, 0.000455402, 0.000225046
476, 467, 0.000407205, 0.00022819
476, 468, 0.000436573, 0.00022666
476, 469, 0.000417454, 0.000230396
476, 470, 0.000357326, 0.000234428
476, 471, 0.000323979, 0.000236598
476, 472, 0.000342849, 0.000235984
476, 473, 0.000279735, 0.000223307
476, 474, 0.000276626, 0.00023661
476, 475, 0.000259802, 0.000223673
477, 469, 0.000644727, 0.000243275
477, 470, 0.000574593, 0.000238214
477, 471, 0.000527471, 0.000244751
477, 472, 0.000554346, 0.000241376
477, 473, 0.000459605, 0.000234527
477, 474, 0.000453744, 0.000241234
477, 475, 0.000284588, 0.000235495
477, 476, 0.000345033, 0.000249133
478, 471, 0.000599308, 0.000249861
478, 472, 0.000642533, 0.000241224
478, 473, 0.000524191, 0.000238074
478, 474, 0.000521454, 0.000248742
478, 475, 0.000316362, 0.000234003
478, 476, 0.000404977, 0.00025434
478, 477, 0.000244138, 0.000232745
479, 471, 0.000612213, 0.000247322
479, 472, 0.000631308, 0.00024279
479, 473, 0.000535957, 0.000239851
479, 474, 0.000523278, 0.000246135
479, 475, 0.000331003, 0.000235888
479, 476, 0.000417047, 0.000255613
479, 477, 0.000254961, 0.000233148
479, 478, 0.000247147, 0.000240737
480, 474, 0.000755297, 0.000253061
480, 475, 0.000519135, 0.000243087
480, 476, 0.000626254, 0.000259349
480, 477, 0.000398575, 0.000239528
480, 478, 0.000353938, 0.0002494
480, 479, 0.000306203, 0.000243618
481, 475, 0.000635294, 0.000246922
481, 476, 0.000740514, 0.000264786
481, 477, 0.000500662, 0.000242837
481, 478, 0.000446743, 0.000250002
481, 479, 0.000384367, 0.000243765
481, 480, 0.000259217, 0.000246196
482, 475, 0.000617299, 0.000248035
482, 476, 0.000725195, 0.000266778
482, 477, 0.000489479, 0.00024683
482, 478, 0.000439721, 0.000251892
482, 479, 0.000376467, 0.000248545
482, 480, 0.000255907, 0.000251815
482, 481, 0.000250393, 0.000256619
483, 475, 0.000674524, 0.000250383
483, 477, 0.000535671, 0.000246879
483, 478, 0.00048477, 0.00025299
483, 479, 0.000423644, 0.000249408
483, 480, 0.000269377, 0.000252795
483, 481, 0.000256081, 0.000258292
483, 482, 0.000259743, 0.000268865
484, 477, 0.00072688, 0.000249983
484, 478, 0.000673897, 0.000258875
484, 479, 0.00058977, 0.000257603
484, 480, 0.000404931, 0.000256377
484, 481, 0.000364175, 0.00026239
484, 482, 0.000376427, 0.00027504
484, 483, 0.000292539, 0.0002591
485, 477, 0.000700545, 0.000251497
485, 478, 0.000638079, 0.000259568
485, 479, 0.000568888, 0.000255757
485, 480, 0.000378198, 0.000256872
485, 481, 0.000345779, 0.000262688
485, 482, 0.000358958, 0.000272328
485, 483, 0.00027637, 0.000261324
485, 484, 0.000249816, 0.000247638
486, 477, 0.000813254, 0.000254123
486, 478, 0.000755571, 0.00026335
486, 479, 0.000670288, 0.000253047
486, 480, 0.000472699, 0.000261181
486, 481, 0.000432424, 0.000266613
486, 482, 0.000440205, 0.000275169
486, 483, 0.000345245, 0.00026147
486, 484, 0.000263868, 0.000252727
486, 485, 0.000303553, 0.000252429
487, 480, 0.000621033, 0.000266721
487, 481, 0.000577771, 0.000269742
487, 482, 0.000575126, 0.000285186
487, 483, 0.000470372, 0.000268189
487, 484, 0.000350179, 0.000258059
487, 485, 0.000412636, 0.000262733
487, 486, 0.000304959, 0.000263047
488, 480, 0.00069376, 0.000269546
488, 481, 0.000655783, 0.00027331
488, 482, 0.000661397, 0.000284304
488, 483, 0.000540916, 0.000273808
488, 484, 0.000410696, 0.000257294
488, 485, 0.000483608, 0.0002621
488, 486, 0.000361536, 0.00026527
488, 487, 0.000291569, 0.00026186
489, 481, 0.000693784, 0.000274605
489, 482, 0.000700053, 0.000290587
489, 483, 0.000587661, 0.000275174
489, 484, 0.00044695, 0.000263844
489, 485, 0.000515531, 0.00026456
489, 486, 0.000399557, 0.000270032
489, 487, 0.000314513, 0.000261337
489, 488, 0.000298454, 0.000272787
490, 482, 0.000741674, 0.000291217
490, 483, 0.000640659, 0.000273804
490, 484, 0.000494175, 0.000262955
490, 485, 0.000570319, 0.000269519
490, 486, 0.000418432, 0.000270017
490, 487, 0.00033054, 0.000264156
490, 488, 0.000301204, 0.000270715
490, 489, 0.000279894, 0.000274714
491, 484, 0.00059377, 0.000270271
491, 485, 0.000669391, 0.000270586
491, 486, 0.000521298, 0.000273381
491, 487, 0.000416982, 0.000270302
491, 488, 0.000372267, 0.000278977
491, 489, 0.000290419, 0.000278021
491, 490, 0.000279106, 0.000275214
492, 484, 0.000725904, 0.000270128
492, 485, 0.000807679, 0.000277506
492, 486, 0.000641944, 0.000277061
492, 487, 0.000522968, 0.000268302
492, 488, 0.000472781, 0.000280897
492, 489, 0.000373738, 0.000285199
492, 490, 0.00032551, 0.000277172
492, 491, 0.000290792, 0.000269895
493, 486, 0.000767425, 0.00028405
493, 487, 0.000641981, 0.000278356
493, 488, 0.000588793, 0.000284898
493, 489, 0.000468691, 0.000285821
493, 490, 0.00041016, 0.000280568
493, 491, 0.000364427, 0.000276189
493, 492, 0.000327766, 0.000276365
494, 486, 0.000767928, 0.000281967
494, 487, 0.000638032, 0.000277272
494, 488, 0.000585533, 0.000283461
494, 489, 0.000461488, 0.000287115
494, 490, 0.000407318, 0.000281409
494, 491, 0.000364397, 0.000275378
494, 492, 0.000335305, 0.000279587
494, 493, 0.00028786, 0.000282053
495, 487, 0.000763102, 0.000284944
495, 488, 0.000692917, 0.000291788
495, 489, 0.000574117, 0.000292733
495, 490, 0.000510749, 0.000288065
495, 491, 0.000445514, 0.000283577
495, 492, 0.000402915, 0.000287796
495, 493, 0.000342286, 0.000288796
495, 494, 0.000307154, 0.000307377
496, 488, 0.00085727, 0.000290912
496, 489, 0.000720203, 0.000300448
496, 490, 0.000657336, 0.000292667
496, 491, 0.0005849, 0.000290069
496, 492, 0.000536504, 0.00028784
496, 493, 0.000454677, 0.000293496
496, 494, 0.000397712, 0.000305064
496, 495, 0.00031022, 0.000295693
497, 488, 0.000906891, 0.000295195
497, 489, 0.000772802, 0.000298848
497, 490, 0.000700418, 0.000293577
497, 491, 0.000627999, 0.000286648
497, 492, 0.000574238, 0.000291311
497, 493, 0.000492762, 0.000294971
497, 494, 0.000431401, 0.000309894
497, 495, 0.000328566, 0.000296464
497, 496, 0.000296393, 0.000300129
498, 489, 0.000680242, 0.000300197
498, 490, 0.000610506, 0.000294732
498, 491, 0.000541332, 0.000287015
498, 492, 0.000488242, 0.000287657
498, 493, 0.000420388, 0.000294471
498, 494, 0.000364634, 0.000311192
498, 495, 0.000298548, 0.000295451
498, 496, 0.000298472, 0.000297663
498, 497, 0.000301509, 0.00029178
499, 492, 0.00072532, 0.00030241
499, 493, 0.000649771, 0.000304373
499, 494, 0.000571849, 0.000318234
499, 495, 0.000439495, 0.000304513
499, 496, 0.000365851, 0.000304744
499, 497, 0.000370178, 0.000301649
499, 498, 0.000351767, 0.000304074
500, 493, 0.000734548, 0.00030876
500, 494, 0.000660564, 0.000317368
500, 495, 0.000511714, 0.000307506
500, 496, 0.00044173, 0.000308756
500, 497, 0.000430718, 0.000303361
500, 498, 0.000393362, 0.000313453
500, 499, 0.000311049, 0.000302972
501, 492, 0.000809375, 0.000305406
501, 493, 0.000717738, 0.000305459
501, 494, 0.000643611, 0.000319928
501, 495, 0.00050231, 0.000309678
501, 496, 0.000421276, 0.000309243
501, 497, 0.000416191, 0.000302565
501, 498, 0.000380018, 0.000307618
501, 499, 0.000308742, 0.000301429
501, 500, 0.000314275, 0.000304061
502, 495, 0.000751545, 0.000314398
502, 496, 0.000657734, 0.000318203
502, 497, 0.000645981, 0.000309548
502, 498, 0.000595844, 0.000316636
502, 499, 0.000450762, 0.000313401
502, 500, 0.000386276, 0.000314659
502, 501, 0.000388717, 0.000316741
503, 495, 0.000755562, 0.000315589
503, 496, 0.000648129, 0.000318723
503, 497, 0.000639804, 0.000311817
503, 498, 0.000600072, 0.000315904
503, 499, 0.00044994, 0.000312509
503, 500, 0.000379771, 0.000315554
503, 501, 0.00038491, 0.000321439
503, 502, 0.000310681, 0.000311836
504, 496, 0.000751489, 0.000321845
504, 497, 0.000743767, 0.000314673
504, 498, 0.000696927, 0.00032597
504, 499, 0.000531434, 0.000312604
504, 500, 0.000458129, 0.00031809
504, 501, 0.000461103, 0.000324694
504, 502, 0.000334208, 0.000314841
504, 503, 0.000329316, 0.000315658
505, 495, 0.000833803, 0.00032279
505, 496, 0.000725801, 0.000328917
505, 497, 0.00071596, 0.00031545
505, 498, 0.000672166, 0.000324759
505, 499, 0.000513262, 0.000316781
505, 500, 0.000434778, 0.00031898
505, 501, 0.000440196, 0.000323089
505, 502, 0.00033316, 0.000315113
505, 503, 0.000326144, 0.000314225
505, 504, 0.000326834, 0.000317713
506, 497, 0.000912449, 0.000321753
506, 499, 0.0006846, 0.000320148
506, 500, 0.000595091, 0.000327272
506, 501, 0.000596055, 0.000327925
506, 502, 0.000416995, 0.000321697
506, 503, 0.000414577, 0.000320387
506, 504, 0.000350508, 0.000323322
506, 505, 0.000336113, 0.000330914
508, 499, 0.000807617, 0.000326765
508, 500, 0.000711665, 0.000331152
508, 501, 0.00071746, 0.000335649
508, 502, 0.000522564, 0.000328104
508, 503, 0.000510902, 0.000324147
508, 504, 0.000437972, 0.000329168
508, 505, 0.000408583, 0.000334045
508, 506, 0.000367783, 0.00033029
509, 500, 0.00080224, 0.000333091
509, 501, 0.000802452, 0.000338431
509, 502, 0.000601368, 0.000328731
509, 503, 0.00058359, 0.000329756
509, 504, 0.00049636, 0.00033324
509, 505, 0.000461596, 0.000337304
509, 506, 0.000414179, 0.000334493
509, 508, 0.00035506, 0.000340755
510, 501, 0.000828678, 0.000340567
510, 502, 0.000621047, 0.000330144
510, 503, 0.000609489, 0.000331189
510, 504, 0.000521736, 0.000333938
510, 505, 0.000482389, 0.000338938
510, 506, 0.000435556, 0.000336449
510, 508, 0.000363028, 0.000347197
510, 509, 0.000339976, 0.000331489
511, 502, 0.000750829, 0.000336277
511, 503, 0.000733731, 0.00033506
511, 504, 0.000640421, 0.00033784
511, 505, 0.000593324, 0.000342274
511, 506, 0.00054209, 0.000339166
511, 508, 0.000439094, 0.000348941
511, 509, 0.000393389, 0.000331053
511, 510, 0.000355481, 0.000340067
512, 502, 0.000777857, 0.000337063
512, 503, 0.000767773, 0.000336693
512, 504, 0.00066314, 0.000339333
512, 505, 0.000622573, 0.000341668
512, 506, 0.000568825, 0.000342992
512, 508, 0.000457458, 0.000349852
512, 509, 0.000411784, 0.000332758
512, 510, 0.000359208, 0.00034156
512, 511, 0.000341889, 0.000352192
513, 504, 0.000801188, 0.000346526
513, 505, 0.000758858, 0.000348624
513, 506, 0.000694757, 0.000349948
513, 508, 0.000573629, 0.000360106
513, 509, 0.000509138, 0.000337732
513, 510, 0.000439458, 0.000349509
513, 511, 0.000395863, 0.000354046
513, 512, 0.000401481, 0.000346421
514, 504, 0.000831299, 0.00034508
514, 505, 0.000783926, 0.000350177
514, 506, 0.000715532, 0.000343529
514, 508, 0.000596474, 0.000353056
514, 509, 0.000524204, 0.000337116
514, 510, 0.000456141, 0.000345282
514, 511, 0.000403729, 0.000352788
514, 512, 0.000412778, 0.000342647
514, 513, 0.000344964, 0.000347303
515, 505, 0.00075365, 0.000351523
515, 506, 0.000695794, 0.000346654
515, 508, 0.000562943, 0.000356958
515, 509, 0.000514612, 0.00033918
515, 510, 0.000434349, 0.000348999
515, 511, 0.000391477, 0.000352912
515, 512, 0.000397389, 0.000347051
515, 513, 0.000345736, 0.000347961
515, 514, 0.000343724, 0.000350776
516, 506, 0.000781038, 0.000348969
516, 508, 0.00064153, 0.000361311
516, 509, 0.000581948, 0.000341418
516, 510, 0.000497831, 0.000350478
516, 511, 0.000443319, 0.000357965
516, 512, 0.000455122, 0.000348154
516, 513, 0.000351043, 0.000354536
516, 514, 0.000360013, 0.000355109
516, 515, 0.00034827, 0.000346172
517, 508, 0.000663052, 0.00035872
517, 509, 0.000592767, 0.000344599
517, 510, 0.000514052, 0.000356062
517, 511, 0.000455548, 0.000358139
517, 512, 0.000465809, 0.00035159
517, 513, 0.000361627, 0.000358629
517, 514, 0.000372316, 0.000357963
517, 515, 0.000357783, 0.000348005
517, 516, 0.000357342, 0.000346033
519, 508, 0.000697848, 0.000363091
519, 509, 0.000640122, 0.000343806
519, 510, 0.000544227, 0.000354889
519, 511, 0.000487551, 0.00035744
519, 512, 0.000498806, 0.000348486
519, 513, 0.000369287, 0.000352187
519, 514, 0.000381098, 0.000356841
519, 515, 0.00036052, 0.000348288
519, 516, 0.000355044, 0.000347622
519, 517, 0.000355387, 0.000354287
520, 509, 0.000869813, 0.000355829
520, 510, 0.000760486, 0.000361381
520, 511, 0.000694397, 0.000369279
520, 512, 0.000703342, 0.000359221
520, 513, 0.000511251, 0.000362229
520, 514, 0.000534335, 0.000366453
520, 515, 0.0004869, 0.000357719
520, 516, 0.000434834, 0.000354738
520, 517, 0.00043687, 0.000363239
520, 519, 0.00046489, 0.000360407
521, 511, 0.000797343, 0.000373228
521, 512, 0.0008111, 0.000364223
521, 513, 0.000604072, 0.000368114
521, 514, 0.000628113, 0.000370615
521, 515, 0.000576987, 0.000361708
521, 516, 0.00051113, 0.000359887
521, 517, 0.000509272, 0.000368953
521, 519, 0.000544332, 0.000365046
521, 520, 0.000406601, 0.000369315
522, 510, 0.000854896, 0.000366358
522, 511, 0.000779286, 0.000369242
522, 512, 0.00079121, 0.000366688
522, 513, 0.000591846, 0.000367843
522, 514, 0.000615404, 0.000368545
522, 515, 0.000559124, 0.000358141
522, 516, 0.000495873, 0.000359772
522, 517, 0.000495329, 0.000368144
522, 519, 0.000524716, 0.000364135
522, 520, 0.000402649, 0.000367127
522, 521, 0.000369269, 0.000366154
523, 512, 0.000833574, 0.000365552
523, 513, 0.000629498, 0.000372181
523, 514, 0.000655686, 0.000373833
523, 515, 0.000599217, 0.00036346
523, 516, 0.00052917, 0.000362974
523, 517, 0.000530229, 0.000369789
523, 519, 0.00056275, 0.00036567
523, 520, 0.000420614, 0.000369981
523, 521, 0.000367145, 0.000370669
523, 522, 0.000381504, 0.000369175
525, 513, 0.000952398, 0.000383898
525, 514, 0.000973417, 0.000382326
525, 515, 0.00091087, 0.000376665
525, 516, 0.000825445, 0.000374521
525, 517, 0.00082228, 0.000384327
525, 519, 0.000858524, 0.000380397
525, 520, 0.000670364, 0.000382142
525, 521, 0.000526696, 0.000379723
525, 522, 0.000572414, 0.000383848
525, 523, 0.000509477, 0.00037988
526, 513, 0.0010581, 0.000384617
526, 516, 0.000930957, 0.0003783
526, 517, 0.000929137, 0.000386438
526, 519, 0.000963031, 0.000382537
526, 520, 0.000771148, 0.000385427
526, 521, 0.000616694, 0.000386163
526, 522, 0.000665189, 0.000386754
526, 523, 0.000596707, 0.000384189
526, 525, 0.000413051, 0.00038362
527, 520, 0.000951697, 0.000396357
527, 521, 0.000783401, 0.000394804
527, 522, 0.000842116, 0.000396747
527, 523, 0.000755324, 0.000392311
527, 525, 0.000491812, 0.000393537
527, 526, 0.000457038, 0.000396536
528, 520, 0.00115658, 0.000400112
528, 521, 0.000981489, 0.000397887
528, 522, 0.00103409, 0.000400991
528, 523, 0.000951612, 0.000398846
528, 525, 0.000646577, 0.00039877
528, 526, 0.000595667, 0.000401602
528, 527, 0.000424002, 0.000398451
529, 520, 0.00116416, 0.000404338
529, 521, 0.00098775, 0.000400687
529, 522, 0.00104639, 0.000404456
529, 523, 0.000956081, 0.000401184
529, 525, 0.000646864, 0.000401621
529, 526, 0.000604799, 0.000403726
529, 527, 0.000426251, 0.000400716
529, 528, 0.000399393, 0.000403638
530, 521, 0.00116757, 0.000406314
530, 522, 0.00122865, 0.000410151
530, 523, 0.00113518, 0.000405747
530, 525, 0.000802862, 0.000405466
530, 526, 0.000755306, 0.000410844
530, 527, 0.000521841, 0.000406758
530, 528, 0.000448185, 0.00040874
530, 529, 0.000426161, 0.00040544
531, 525, 0.00108318, 0.000420514
531, 526, 0.00102719, 0.0004236
531, 527, 0.000752869, 0.000418976
531, 528, 0.000642069, 0.000420621
531, 529, 0.000592166, 0.000417296
531, 530, 0.000522815, 0.000417357
532, 525, 0.00121962, 0.000424262
532, 526, 0.00115864, 0.00042704
532, 527, 0.00087389, 0.000424426
532, 528, 0.000754489, 0.000426334
532, 529, 0.000703178, 0.000420556
532, 530, 0.000619576, 0.000422973
532, 531, 0.000435982, 0.000421916
533, 525, 0.00128229, 0.000424664
533, 526, 0.0012166, 0.000427678
533, 527, 0.000932536, 0.00042261
533, 528, 0.000810452, 0.000427444
533, 529, 0.000749501, 0.000422538
533, 530, 0.000663309, 0.000424041
533, 531, 0.000462858, 0.000423941
533, 532, 0.000440592, 0.000422772
535, 525, 0.00130506, 0.000425424
535, 526, 0.00123906, 0.000431138
535, 527, 0.000955564, 0.000424051
535, 528, 0.000830077, 0.000428088
535, 529, 0.000773209, 0.000425905
535, 530, 0.00068211, 0.000425387
535, 531, 0.000472831, 0.00042602
535, 532, 0.000447538, 0.00042518
535, 533, 0.000439134, 0.000424131
537, 528, 0.00109828, 0.000441052
537, 529, 0.00103275, 0.000437974
537, 530, 0.000933111, 0.000437529
537, 531, 0.000651997, 0.000438818
537, 532, 0.000599648, 0.000436549
537, 533, 0.000561827, 0.000435453
537, 535, 0.000538533, 0.00043405
538, 529, 0.00117908, 0.000441637
538, 530, 0.00107624, 0.000443693
538, 531, 0.000772639, 0.000444681
538, 532, 0.000712234, 0.000441154
538, 533, 0.000665864, 0.000440162
538, 535, 0.000636561, 0.000440623
538, 537, 0.000459994, 0.000443257
539, 528, 0.00111813, 0.000442154
539, 529, 0.00105506, 0.000438655
539, 530, 0.000953262, 0.0004395
539, 531, 0.000672486, 0.000441354
539, 532, 0.000617564, 0.000438244
539, 533, 0.00057815, 0.000437715
539, 535, 0.00055268, 0.000437783
539, 537, 0.000444024, 0.000440628
539, 538, 0.000465584, 0.000442125
540, 530, 0.00123862, 0.000448161
540, 531, 0.000925359, 0.000448439
540, 532, 0.000857454, 0.000447234
540, 533, 0.000806468, 0.000446853
540, 535, 0.000776291, 0.000447974
540, 537, 0.000537269, 0.000450677
540, 538, 0.000477603, 0.000451971
540, 539, 0.000513785, 0.000451329
541, 531, 0.000979112, 0.000451638
541, 532, 0.000912334, 0.000451348
541, 533, 0.000855889, 0.000447926
541, 535, 0.000819444, 0.000449571
541, 537, 0.000569444, 0.000451377
541, 538, 0.000497791, 0.000454569
541, 539, 0.000543096, 0.000454352
541, 540, 0.000459533, 0.000452852
542, 531, 0.000952951, 0.000453695
542, 532, 0.000883743, 0.000450837
542, 533, 0.000829518, 0.000448381
542, 535, 0.000796965, 0.000448225
542, 537, 0.000550995, 0.000451431
542, 538, 0.000483659, 0.000455183
542, 539, 0.000525814, 0.000452751
542, 540, 0.000451999, 0.000453394
542, 541, 0.000449431, 0.000453081
543, 532, 0.000910867, 0.000454017
543, 533, 0.000854423, 0.00044974
543, 535, 0.000820649, 0.000450824
543, 537, 0.000568032, 0.000453761
543, 538, 0.000496716, 0.00045662
543, 539, 0.000543104, 0.000457705
543, 540, 0.000461807, 0.000455903
543, 541, 0.000452537, 0.000452651
543, 542, 0.0004539, 0.000450305
544, 532, 0.000952067, 0.000453715
544, 533, 0.000895113, 0.000450811
544, 535, 0.000860456, 0.000449631
544, 537, 0.000596272, 0.000453651
544, 538, 0.000518397, 0.000456863
544, 539, 0.000571749, 0.000455669
544, 540, 0.000470971, 0.000452055
544, 541, 0.000457225, 0.000454469
544, 542, 0.000460627, 0.000450357
544, 543, 0.000453391, 0.000454775
545, 533, 0.000933273, 0.000452625
545, 535, 0.000895101, 0.000454566
545, 537, 0.00062613, 0.000458996
545, 538, 0.000542326, 0.000459682
545, 539, 0.000595546, 0.000460047
545, 540, 0.000485023, 0.000456164
545, 541, 0.000468628, 0.000456641
545, 542, 0.000472985, 0.000453313
545, 543, 0.000456982, 0.000455141
545, 544, 0.000461411, 0.000456165
546, 535, 0.00108458, 0.000460299
546, 537, 0.000790133, 0.000463604
546, 538, 0.000681107, 0.000465331
546, 539, 0.000754026, 0.000464413
546, 540, 0.000593712, 0.000463896
546, 541, 0.00055371, 0.000461266
546, 542, 0.000564501, 0.0004567
546, 543, 0.00050572, 0.000461925
546, 544, 0.000534337, 0.000459717
546, 545, 0.000514805, 0.000464381
547, 537, 0.000829304, 0.0004657
547, 538, 0.000715614, 0.000467573
547, 539, 0.000791925, 0.000469381
547, 540, 0.000630343, 0.000465764
547, 541, 0.000580842, 0.000464725
547, 542, 0.000592308, 0.000461222
547, 543, 0.000531403, 0.000464586
547, 544, 0.000560063, 0.000464155
547, 545, 0.00052788, 0.000466883
547, 546, 0.000470283, 0.000468312
548, 537, 0.00085799, 0.000466634
548, 538, 0.000742329, 0.000469413
548, 539, 0.000819245, 0.000468392
548, 540, 0.000652294, 0.000468172
548, 541, 0.000600796, 0.00046648
548, 542, 0.000612643, 0.000461729
548, 543, 0.000545767, 0.000465395
548, 544, 0.00057934, 0.000466326
548, 545, 0.000544136, 0.000467322
548, 546, 0.000475789, 0.000470458
548, 547, 0.000467796, 0.000469158
549, 537, 0.000891028, 0.000466737
549, 538, 0.000776301, 0.000468881
549, 539, 0.000849997, 0.000469952
549, 540, 0.000678424, 0.000467778
549, 541, 0.000627544, 0.000465818
549, 542, 0.000639309, 0.000461158
549, 543, 0.000566427, 0.000465848
549, 544, 0.000601008, 0.000466009
549, 545, 0.00056981, 0.00046862
549, 546, 0.000490338, 0.000469449
549, 547, 0.000469703, 0.000468037
549, 548, 0.000475205, 0.000467466
550, 538, 0.000818981, 0.000470758
550, 539, 0.00089631, 0.000471638
550, 540, 0.000719502, 0.000467585
550, 541, 0.000662986, 0.000467914
550, 542, 0.000676084, 0.000463086
550, 543, 0.000597725, 0.000468777
550, 544, 0.000636399, 0.000465244
550, 545, 0.000600444, 0.000469358
550, 546, 0.00050821, 0.000471274
550, 547, 0.000477929, 0.000471184
550, 548, 0.000485116, 0.000468347
550, 549, 0.000476802, 0.00047008
551, 540, 0.000796401, 0.000471235
551, 541, 0.000734961, 0.00047213
551, 542, 0.000749967, 0.000466738
551, 543, 0.000662444, 0.00047121
551, 544, 0.000704205, 0.000470291
551, 545, 0.00066272, 0.000472948
551, 546, 0.000546903, 0.00047504
551, 547, 0.000505296, 0.000473051
551, 548, 0.000511101, 0.000470878
551, 549, 0.000499118, 0.000472406
551, 550, 0.000477229, 0.000472749
552, 540, 0.000774435, 0.000473235
552, 541, 0.000717181, 0.000472658
552, 542, 0.000729011, 0.000468535
552, 543, 0.000643505, 0.000473038
552, 544, 0.000686925, 0.000472151
552, 545, 0.000648134, 0.000474143
552, 546, 0.000539238, 0.000475528
552, 547, 0.000496737, 0.000473087
552, 548, 0.000505068, 0.000473453
552, 549, 0.000493654, 0.000473888
552, 550, 0.000476621, 0.000473867
552, 551, 0.000471902, 0.000474143
553, 540, 0.000865996, 0.000475387
553, 541, 0.000802238, 0.000473559
553, 542, 0.000816682, 0.000470802
553, 543, 0.000725421, 0.000475385
553, 544, 0.0007701, 0.000473113
553, 545, 0.000723073, 0.000475861
553, 546, 0.000595077, 0.000478519
553, 547, 0.000542385, 0.000475253
553, 548, 0.000548226, 0.000473142
553, 549, 0.000531766, 0.000476666
553, 550, 0.000498828, 0.00047501
553, 551, 0.000489231, 0.000475122
553, 552, 0.000478968, 0.000471068
555, 542, 0.000864879, 0.000473375
555, 543, 0.00077084, 0.00047539
555, 544, 0.000815388, 0.000473783
555, 545, 0.000769348, 0.000477102
555, 546, 0.000630121, 0.000477751
555, 547, 0.00057271, 0.000476526
555, 548, 0.000578396, 0.000475789
555, 549, 0.000563185, 0.000477227
555, 550, 0.000520543, 0.000475662
555, 551, 0.000508493, 0.000477013
555, 552, 0.00049149, 0.0004724
555, 553, 0.000486801, 0.000474975
556, 545, 0.000920584, 0.00048398
556, 546, 0.000763478, 0.000485169
556, 547, 0.000692038, 0.000485148
556, 548, 0.000697592, 0.000485591
556, 549, 0.000678115, 0.000484172
556, 550, 0.000616647, 0.000482536
556, 551, 0.000589806, 0.000482568
556, 552, 0.000556414, 0.000479616
556, 553, 0.00055332, 0.00048338
556, 555, 0.000526643, 0.000482965
557, 546, 0.00076103, 0.000488326
557, 547, 0.000684663, 0.000484592
557, 548, 0.000691465, 0.000484181
557, 549, 0.000669106, 0.000487067
557, 550, 0.000609886, 0.000483611
557, 551, 0.000583375, 0.000484457
557, 552, 0.000552316, 0.00048209
557, 553, 0.000547966, 0.000483502
557, 555, 0.000526301, 0.000482871
557, 556, 0.00048296, 0.000478861
558, 546, 0.00074511, 0.000485652
558, 547, 0.000676233, 0.000486203
558, 548, 0.000679366, 0.000484656
558, 549, 0.000657571, 0.00048692
558, 550, 0.000599785, 0.000485384
558, 551, 0.000576326, 0.000485058
558, 552, 0.000546477, 0.000480742
558, 553, 0.000540668, 0.000482935
558, 555, 0.000519869, 0.000482777
558, 556, 0.00048568, 0.000480655
558, 557, 0.000489253, 0.000481536
559, 546, 0.000814636, 0.000488682
559, 547, 0.000735185, 0.000487109
559, 548, 0.000741487, 0.00048664
559, 549, 0.00071833, 0.000487282
559, 550, 0.000653442, 0.000486696
559, 551, 0.000623232, 0.000487094
559, 552, 0.000588062, 0.000483519
559, 553, 0.000585773, 0.000486839
559, 555, 0.000557419, 0.000486137
559, 556, 0.00049672, 0.000482167
559, 557, 0.000492781, 0.000485023
559, 558, 0.000498574, 0.000487897
560, 547, 0.000694551, 0.000486563
560, 548, 0.000699058, 0.000484625
560, 549, 0.000678108, 0.000487308
560, 550, 0.000616805, 0.000486809
560, 551, 0.000592102, 0.000485977
560, 552, 0.000559976, 0.000481738
560, 553, 0.000552228, 0.00048621
560, 555, 0.000527324, 0.00048506
560, 556, 0.000485309, 0.000480856
560, 557, 0.000483805, 0.000483898
560, 558, 0.000484074, 0.000486092
560, 559, 0.000483027, 0.000492158
561, 547, 0.000728179, 0.00048698
561, 548, 0.000735944, 0.000487202
561, 549, 0.000712187, 0.000490151
561, 550, 0.000648463, 0.00048724
561, 551, 0.000617846, 0.000487243
561, 552, 0.000583277, 0.000485694
561, 553, 0.000580074, 0.00048827
561, 555, 0.000554938, 0.000486388
561, 556, 0.000492496, 0.000483222
561, 557, 0.000493046, 0.000485332
561, 558, 0.00049714, 0.000488954
561, 559, 0.000493572, 0.000494305
561, 560, 0.000492805, 0.000485189
562, 548, 0.000868238, 0.000493754
562, 549, 0.000837649, 0.000495324
562, 550, 0.000765203, 0.000493844
562, 551, 0.000730066, 0.000494142
562, 552, 0.000686621, 0.000490526
562, 553, 0.00067629, 0.000492773
562, 555, 0.000634462, 0.000492579
562, 556, 0.000539139, 0.000489765
562, 557, 0.000516626, 0.000491395
562, 558, 0.000537549, 0.000494711
562, 559, 0.000520913, 0.000499211
562, 560, 0.000513625, 0.000492336
562, 561, 0.000505148, 0.000493092
563, 549, 0.000842521, 0.0004939
563, 550, 0.000770256, 0.000494993
563, 551, 0.000730922, 0.000492093
563, 552, 0.000685942, 0.000490198
563, 553, 0.000681492, 0.000491968
563, 555, 0.000643501, 0.000491766
563, 556, 0.00054444, 0.000487817
563, 557, 0.000525047, 0.000490609
563, 558, 0.000545798, 0.000493955
563, 559, 0.000529766, 0.000497823
563, 560, 0.000523525, 0.000491007
563, 561, 0.000513362, 0.000490956
563, 562, 0.000505623, 0.000489512
565, 551, 0.000880151, 0.000500051
565, 552, 0.000831526, 0.000496565
565, 553, 0.000817301, 0.000500386
565, 555, 0.000761093, 0.000499759
565, 556, 0.000640664, 0.000496456
565, 557, 0.000600842, 0.000500976
565, 558, 0.000634563, 0.000503395
565, 559, 0.000607801, 0.000507363
565, 560, 0.000595042, 0.0005003
565, 561, 0.000577567, 0.000500247
565, 562, 0.000515014, 0.000497179
565, 563, 0.000527903, 0.000504478
566, 552, 0.000908148, 0.000502318
566, 553, 0.000895969, 0.000504698
566, 555, 0.000841505, 0.000503274
566, 556, 0.000701506, 0.00050163
566, 557, 0.000659321, 0.000502849
566, 558, 0.000697937, 0.000508342
566, 559, 0.00066677, 0.000511719
566, 560, 0.00064942, 0.000504631
566, 561, 0.000628006, 0.000505576
566, 562, 0.000548149, 0.000503172
566, 563, 0.000565963, 0.000509398
566, 565, 0.000503595, 0.00050786
567, 553, 0.00105643, 0.000509292
567, 555, 0.000988248, 0.000510381
567, 556, 0.000842017, 0.000505268
567, 557, 0.000787957, 0.000507953
567, 558, 0.000833529, 0.000513402
567, 559, 0.000797253, 0.00051609
567, 560, 0.000775307, 0.000508464
567, 561, 0.000751188, 0.000508946
567, 562, 0.000634665, 0.000507145
567, 563, 0.000664249, 0.000513159
567, 565, 0.000551041, 0.000513826
567, 566, 0.000528546, 0.000511441
568, 556, 0.000967979, 0.000512284
568, 557, 0.000916174, 0.000515939
568, 558, 0.000962672, 0.000519051
568, 559, 0.000921213, 0.000523715
568, 560, 0.000897262, 0.000516722
568, 561, 0.000867176, 0.000516686
568, 562, 0.000739362, 0.00051416
568, 563, 0.000771557, 0.00051845
568, 565, 0.000614518, 0.000519534
568, 566, 0.00057822, 0.000517831
568, 567, 0.000550218, 0.000516126
569, 556, 0.00100669, 0.000517779
569, 557, 0.000946731, 0.000517046
569, 558, 0.000991944, 0.000522856
569, 559, 0.000949662, 0.000526115
569, 560, 0.000927066, 0.000519062
569, 561, 0.00089782, 0.000521059
569, 562, 0.000764246, 0.000517143
569, 563, 0.000795853, 0.000524028
569, 565, 0.000635789, 0.000520878
569, 566, 0.000596773, 0.000519714
569, 567, 0.000560166, 0.000519962
569, 568, 0.0005206, 0.000519222
570, 559, 0.00125167, 0.000539242
570, 561, 0.00118976, 0.000531274
570, 562, 0.00103691, 0.000529612
570, 563, 0.00107173, 0.000537043
570, 565, 0.00086613, 0.000534989
570, 566, 0.000808388, 0.000532164
570, 567, 0.00074378, 0.000531099
570, 568, 0.000616477, 0.000531591
570, 569, 0.000623111, 0.000533922
572, 562, 0.00127747, 0.000544661
572, 563, 0.00131362, 0.000549622
572, 565, 0.00109078, 0.000547597
572, 566, 0.00102064, 0.000545373
572, 567, 0.000939348, 0.000546721
572, 568, 0.000780243, 0.000546016
572, 569, 0.000780403, 0.000547167
572, 570, 0.000623697, 0.000545773
573, 562, 0.00138362, 0.000549445
573, 565, 0.00118964, 0.000551712
573, 566, 0.00111615, 0.000550179
573, 567, 0.00103086, 0.00055017
573, 568, 0.00086473, 0.000548232
573, 569, 0.000863138, 0.000550672
573, 570, 0.000684119, 0.000551075
573, 572, 0.000557716, 0.000549351
574, 565, 0.00129832, 0.000559975
574, 566, 0.00122335, 0.000558161
574, 567, 0.00113164, 0.000557781
574, 568, 0.000957566, 0.000558341
574, 569, 0.000952389, 0.00055823
574, 570, 0.000756179, 0.000558074
574, 572, 0.000587093, 0.000558469
574, 573, 0.000584267, 0.000559686
575, 566, 0.00143727, 0.000570617
575, 567, 0.0013402, 0.00057074
575, 568, 0.00115181, 0.000570109
575, 569, 0.00114362, 0.000570717
575, 570, 0.000923391, 0.000570345
575, 572, 0.000689798, 0.000570391
575, 573, 0.000682394, 0.000571551
575, 574, 0.000609333, 0.000568749
576, 567, 0.00147888, 0.000575975
576, 568, 0.00129079, 0.000573516
576, 569, 0.00127658, 0.000575248
576, 570, 0.00104873, 0.000574832
576, 572, 0.000785685, 0.000574616
576, 573, 0.000771842, 0.000575587
576, 574, 0.000667921, 0.000574003
576, 575, 0.000587466, 0.000575421
577, 568, 0.00139127, 0.000582448
577, 569, 0.00137355, 0.000583542
577, 570, 0.00113924, 0.00058321
577, 572, 0.00085596, 0.000582804
577, 573, 0.000842644, 0.000584485
577, 574, 0.000726982, 0.000581562
577, 575, 0.0006191, 0.000583705
577, 576, 0.000591037, 0.000583883
579, 569, 0.00159202, 0.000590768
579, 570, 0.00134417, 0.000591784
579, 572, 0.00103711, 0.000590394
579, 573, 0.00101839, 0.000590942
579, 574, 0.000877992, 0.00059146
579, 575, 0.000727339, 0.000592587
579, 576, 0.000665899, 0.000591958
579, 577, 0.000616766, 0.00059072
580, 570, 0.00147276, 0.000600776
580, 572, 0.00115024, 0.000599633
580, 573, 0.00113037, 0.000599442
580, 574, 0.000982717, 0.000598527
580, 575, 0.0008133, 0.000600453
580, 576, 0.000735264, 0.00059955
580, 577, 0.000667011, 0.000599159
580, 579, 0.00063624, 0.000599763
581, 572, 0.00143529, 0.000617415
581, 573, 0.00140317, 0.00061795
581, 574, 0.00123557, 0.000615828
581, 575, 0.00104441, 0.00061898
581, 576, 0.000951442, 0.000617637
581, 577, 0.000854405, 0.000616427
581, 579, 0.000773812, 0.000617021
581, 580, 0.000666739, 0.000617086
582, 572, 0.00134542, 0.000613879
582, 573, 0.00131912, 0.000614601
582, 574, 0.00115464, 0.00061384
582, 575, 0.000969682, 0.000614976
582, 576, 0.000877963, 0.000614841
582, 577, 0.000788431, 0.00061366
582, 579, 0.000721805, 0.000614366
582, 580, 0.00063427, 0.000612518
582, 581, 0.000616867, 0.000616096
583, 574, 0.00136925, 0.000627915
583, 575, 0.00116773, 0.000629795
583, 576, 0.00106764, 0.000629032
583, 577, 0.000959444, 0.000628464
583, 579, 0.000869935, 0.000629132
583, 580, 0.00073515, 0.00062846
583, 581, 0.000647818, 0.000629592
583, 582, 0.000659704, 0.000630274
584, 575, 0.0013333, 0.000637656
584, 576, 0.00122422, 0.000637204
584, 577, 0.001108, 0.000635765
584, 579, 0.00100478, 0.000636259
584, 580, 0.000843417, 0.000636398
584, 581, 0.00071468, 0.000638034
584, 582, 0.000736016, 0.000637594
584, 583, 0.00064273, 0.000637052
585, 575, 0.00140733, 0.000641241
585, 576, 0.00129666, 0.00064078
585, 577, 0.00117863, 0.000640007
585, 579, 0.00106921, 0.000640359
585, 580, 0.000900734, 0.000639345
585, 581, 0.000757063, 0.000640945
585, 582, 0.000781455, 0.000641033
585, 583, 0.000663542, 0.000640555
585, 584, 0.000643686, 0.000639925
586, 577, 0.00127493, 0.000651724
586, 579, 0.00115575, 0.000651614
586, 580, 0.000979276, 0.000652458
586, 581, 0.000820829, 0.000653255
586, 582, 0.000847855, 0.00065345
586, 583, 0.000702212, 0.000653048
586, 584, 0.000666839, 0.00065172
586, 585, 0.000656412, 0.000653785
587, 579, 0.0012723, 0.000655965
587, 580, 0.00108709, 0.000655447
587, 581, 0.000909704, 0.000657117
587, 582, 0.000938916, 0.000657804
587, 583, 0.000762861, 0.000656843
587, 584, 0.000708156, 0.000654775
587, 585, 0.000686931, 0.00065741
587, 586, 0.000656852, 0.000656736
589, 580, 0.00121367, 0.000664801
589, 581, 0.00102509, 0.000667099
589, 582, 0.00105367, 0.000667701
589, 583, 0.000854774, 0.000666088
589, 584, 0.000783071, 0.000666011
589, 585, 0.000749757, 0.000666854
589, 586, 0.000688735, 0.000666588
589, 587, 0.00068111, 0.000664552
590, 581, 0.00104532, 0.000671635
590, 582, 0.00107677, 0.000672113
590, 583, 0.000872626, 0.00067173
590, 584, 0.000797375, 0.000669839
590, 585, 0.000762737, 0.000671941
590, 586, 0.0006974, 0.000671591
590, 587, 0.000688757, 0.000670184
590, 589, 0.000670705, 0.000671097
591, 581, 0.00105242, 0.00067145
591, 582, 0.00108289, 0.000670263
591, 583, 0.00087655, 0.000670542
591, 584, 0.000801806, 0.000669705
591, 585, 0.000766725, 0.000670588
591, 586, 0.000698815, 0.000671056
591, 587, 0.00069044, 0.000669658
591, 589, 0.000670463, 0.000669645
591, 590, 0.000670017, 0.000669891
592, 581, 0.00102604, 0.000671011
592, 582, 0.00105731, 0.000671158
592, 583, 0.000855264, 0.000670327
592, 584, 0.000785042, 0.00066947
592, 585, 0.000751789, 0.000671487
592, 586, 0.000690933, 0.000670823
592, 587, 0.000683825, 0.000668872
592, 589, 0.000670456, 0.000670475
592, 590, 0.000671562, 0.000669947
592, 591, 0.000670682, 0.000670053
593, 581, 0.00107725, 0.000674435
593, 583, 0.000898119, 0.000673262
593, 584, 0.000820685, 0.000671887
593, 585, 0.000784745, 0.00067507
593, 586, 0.000710992, 0.000674075
593, 587, 0.000700229, 0.000672408
593, 589, 0.000675176, 0.00067342
593, 590, 0.000673115, 0.00067383
593, 591, 0.000673651, 0.000672933
593, 592, 0.000673733, 0.000672813
594, 583, 0.00112174, 0.000689288
594, 584, 0.00102244, 0.000688837
594, 585, 0.000972656, 0.000689677
594, 586, 0.00085713, 0.000689099
594, 587, 0.000835273, 0.000687447
594, 589, 0.000762695, 0.000688898
594, 590, 0.00074619, 0.000688985
594, 591, 0.000751399, 0.000687861
594, 592, 0.000750804, 0.000687579
594, 593, 0.000716602, 0.000687861
595, 584, 0.00122478, 0.000706822
595, 585, 0.00116649, 0.000708191
595, 586, 0.00103048, 0.000708268
595, 587, 0.000998708, 0.000706636
595, 589, 0.000899164, 0.000707718
595, 590, 0.000874093, 0.000706923
595, 591, 0.000877882, 0.000706421
595, 592, 0.000874066, 0.00070791
595, 593, 0.000817417, 0.000706096
595, 594, 0.000757889, 0.000708143
596, 585, 0.00118359, 0.000713871
596, 586, 0.00104522, 0.000712584
596, 587, 0.00101431, 0.000711738
596, 589, 0.000909752, 0.000713577
596, 590, 0.000885777, 0.000712215
596, 591, 0.00089006, 0.000712001
596, 592, 0.000885373, 0.000711351
596, 593, 0.000826255, 0.00071168
596, 594, 0.000764852, 0.000712832
596, 595, 0.000714434, 0.000712018
597, 586, 0.00131799, 0.000736483
597, 587, 0.00127647, 0.000733898
597, 589, 0.00115163, 0.000735836
597, 590, 0.00111706, 0.000734701
597, 591, 0.00111749, 0.000734426
597, 592, 0.00111034, 0.000734972
597, 593, 0.00102742, 0.000734121
597, 594, 0.000934189, 0.000735705
597, 595, 0.000817674, 0.000735324
597, 596, 0.000794344, 0.000733863
599, 589, 0.00147635, 0.000766674
599, 590, 0.00143439, 0.000764909
599, 591, 0.00142868, 0.000765025
599, 592, 0.00141474, 0.000765185
599, 593, 0.00131574, 0.000764414
599, 594, 0.00119489, 0.000766187
599, 595, 0.00103162, 0.000765235
599, 596, 0.000987608, 0.000762939
599, 597, 0.000844759, 0.000766059
601, 594, 0.00223112, 0.000859895
601, 595, 0.00200335, 0.000859203
601, 596, 0.00190933, 0.000857504
601, 597, 0.0016626, 0.000860503
601, 599, 0.00132647, 0.000856628
602, 595, 0.00288352, 0.000934148
602, 596, 0.00276089, 0.000932516
602, 597, 0.00247897, 0.000935437
602, 599, 0.00208383, 0.000931902
602, 601, 0.00123338, 0.000934106
604, 597, 0.00303331, 0.000983238
604, 599, 0.00261011, 0.000979626
604, 601, 0.0016565, 0.000982224
604, 602, 0.00114189, 0.00098183
605, 599, 0.00278577, 0.00100083
605, 601, 0.00180692, 0.00100359
605, 602, 0.00124924, 0.0010027
605, 604, 0.0010231, 0.00100274
606, 601, 0.00223191, 0.00104053
606, 602, 0.00159407, 0.00104027
606, 604, 0.00122314, 0.00103912
606, 605, 0.0011134, 0.00104056
607, 601, 0.00217631, 0.00104061
607, 602, 0.00154422, 0.0010406
607, 604, 0.00118887, 0.00104017
607, 605, 0.00109204, 0.00104019
607, 606, 0.00103938, 0.00103963
609, 602, 0.00187004, 0.00107325
609, 604, 0.00143629, 0.0010735
609, 605, 0.00128496, 0.00107419
609, 606, 0.00112602, 0.00107274
609, 607, 0.00111827, 0.00107184
610, 602, 0.0019569, 0.00107853
610, 604, 0.00150578, 0.00107927
610, 605, 0.00134262, 0.00107955
610, 606, 0.00116373, 0.00107747
610, 607, 0.00115337, 0.00107759
610, 609, 0.00108227, 0.00107708
611, 602, 0.00201129, 0.00108485
611, 604, 0.00155283, 0.00108437
611, 605, 0.00138654, 0.0010858
611, 606, 0.00119395, 0.00108437
611, 607, 0.00118255, 0.0010841
611, 609, 0.00109452, 0.00108412
611, 610, 0.00108623, 0.00108563
612, 602, 0.00209393, 0.00109028
612, 604, 0.00162378, 0.0010911
612, 605, 0.00144985, 0.00109122
612, 606, 0.0012401, 0.0010904
612, 607, 0.00122631, 0.00109022
612, 609, 0.00111794, 0.00109016
612, 610, 0.00110297, 0.00109041
612, 611, 0.00109396, 0.00108949
613, 604, 0.00173413, 0.0011052
613, 605, 0.00155175, 0.00110563
613, 606, 0.0013211, 0.00110483
613, 607, 0.00130543, 0.0011038
613, 609, 0.00116462, 0.00110438
613, 610, 0.00114155, 0.00110665
613, 611, 0.00112363, 0.00110374
613, 612, 0.00111576, 0.00110651
615, 606, 0.0014071, 0.00111936
615, 607, 0.00139112, 0.00111889
615, 609, 0.00122212, 0.00111832
615, 610, 0.00119107, 0.00111998
615, 611, 0.00116499, 0.00111889
615, 612, 0.00115196, 0.00111968
615, 613, 0.00112296, 0.00111883
616, 606, 0.00140763, 0.0011193
616, 607, 0.00138904, 0.0011183
616, 609, 0.00122391, 0.00111825
616, 610, 0.00119245, 0.00111977
616, 611, 0.00116537, 0.00111875
616, 612, 0.0011529, 0.00112014
616, 613, 0.0011237, 0.00111868
616, 615, 0.00112225, 0.00111946
617, 609, 0.00137121, 0.00114008
617, 610, 0.00132785, 0.00114098
617, 611, 0.00128508, 0.00113926
617, 612, 0.00126076, 0.00114139
617, 613, 0.00119413, 0.00113989
617, 615, 0.00115829, 0.00114056
617, 616, 0.00116023, 0.00114021
618, 609, 0.00137366, 0.00113867
618, 610, 0.00132545, 0.00114086
618, 611, 0.00128358, 0.00113988
618, 612, 0.00126058, 0.00114015
618, 613, 0.00119342, 0.00114046
618, 615, 0.00115824, 0.00113984
618, 616, 0.00116017, 0.00114076
618, 617, 0.00113926, 0.00113906
619, 609, 0.00149478, 0.00115278
619, 610, 0.00144046, 0.00115353
619, 611, 0.00138807, 0.00115131
619, 612, 0.00135789, 0.00115301
619, 613, 0.00127025, 0.00115297
619, 615, 0.00121594, 0.00115247
619, 616, 0.00121951, 0.00115315
619, 617, 0.00116385, 0.00115152
619, 618, 0.00116298, 0.00115293
620, 610, 0.00145252, 0.00115952
620, 611, 0.00140169, 0.00115774
620, 612, 0.00136748, 0.00115811
620, 613, 0.00128247, 0.00115799
620, 615, 0.00122882, 0.00115791
620, 616, 0.00122981, 0.00115823
620, 617, 0.00117275, 0.0011565
620, 618, 0.00117193, 0.0011573
620, 619, 0.00115685, 0.00115695
621, 611, 0.00163773, 0.0011848
621, 612, 0.00159738, 0.00118581
621, 613, 0.00148804, 0.00118476
621, 615, 0.00140749, 0.00118561
621, 616, 0.00141082, 0.00118536
621, 617, 0.00130181, 0.00118337
621, 618, 0.00129979, 0.00118523
621, 619, 0.00124373, 0.00118372
621, 620, 0.00122976, 0.00118415
622, 612, 0.00166257, 0.00119434
622, 613, 0.00154796, 0.00119266
622, 615, 0.00146111, 0.00119254
622, 616, 0.00146255, 0.00119292
622, 617, 0.00134162, 0.00119073
622, 618, 0.00134005, 0.00119405
622, 619, 0.00127593, 0.00119228
622, 620, 0.00125886, 0.00119228
622, 621, 0.00119498, 0.00119327
623, 613, 0.00161004, 0.00120001
623, 615, 0.00151686, 0.0012003
623, 616, 0.00151899, 0.0012003
623, 617, 0.00138925, 0.00119928
623, 618, 0.00138436, 0.00120068
623, 619, 0.00131347, 0.00120017
623, 620, 0.00129438, 0.00120008
623, 621, 0.0012097, 0.00119982
623, 622, 0.00120332, 0.0012003
624, 617, 0.00205549, 0.00126902
624, 618, 0.0020424, 0.00126998
624, 619, 0.00191642, 0.00126818
624, 620, 0.00187656, 0.00126912
624, 621, 0.00164605, 0.00127051
624, 622, 0.00158603, 0.00126957
624, 623, 0.00153466, 0.001272
625, 619, 0.00280242, 0.00134236
625, 620, 0.00275013, 0.00134281
625, 621, 0.00246173, 0.00134516
625, 622, 0.00237637, 0.00134383
625, 623, 0.00229638, 0.00134487
625, 624, 0.00166085, 0.00134307
626, 621, 0.00433834, 0.00148366
626, 622, 0.00423676, 0.001483
626, 623, 0.00412909, 0.00148324
626, 624, 0.00329008, 0.00148185
626, 625, 0.00241156, 0.00148291
627, 624, 0.00645264, 0.00170246
627, 625, 0.00539883, 0.00170272
627, 626, 0.00357973, 0.00170237
628, 625, 0.00648558, 0.00177513
628, 626, 0.00460268, 0.00177494
628, 627, 0.00208344, 0.00177386
630, 626, 0.0056673, 0.0018401
630, 627, 0.00285801, 0.00184136
630, 628, 0.00212697, 0.00184182
631, 626, 0.00642987, 0.00187542
631, 627, 0.0035161, 0.00187515
631, 628, 0.00262435, 0.00187731
631, 630, 0.00201435, 0.00187992
632, 627, 0.00405039, 0.00191251
632, 628, 0.00308215, 0.00191578
632, 630, 0.00230073, 0.00191609
632, 631, 0.0019842, 0.0019175
633, 627, 0.00437222, 0.00192599
633, 628, 0.00336687, 0.00192917
633, 630, 0.00251327, 0.00192931
633, 631, 0.00210793, 0.00193185
633, 632, 0.00195545, 0.00192693
634, 627, 0.00438806, 0.00192559
634, 628, 0.0033815, 0.00192839
634, 630, 0.00252476, 0.00192849
634, 631, 0.00211552, 0.0019334
634, 632, 0.00195771, 0.00192621
634, 633, 0.00192536, 0.00192435
635, 628, 0.00444361, 0.00198131
635, 630, 0.00341762, 0.00198015
635, 631, 0.00282074, 0.0019839
635, 632, 0.00246941, 0.00197781
635, 633, 0.00226651, 0.00197726
635, 634, 0.00225922, 0.00197725
636, 630, 0.00415763, 0.00201873
636, 631, 0.00348784, 0.00201877
636, 632, 0.00305616, 0.0020151
636, 633, 0.00277842, 0.00201348
636, 634, 0.00275956, 0.00201334
636, 635, 0.00216531, 0.00201709
637, 631, 0.00416984, 0.00205342
637, 632, 0.00369431, 0.00204694
637, 633, 0.00337041, 0.00204663
637, 634, 0.00333759, 0.00204776
637, 635, 0.00255611, 0.00205045
637, 636, 0.00217288, 0.002049
638, 631, 0.0045485, 0.00206582
638, 632, 0.00405324, 0.00206223
638, 633, 0.00371158, 0.00205931
638, 634, 0.00367412, 0.0020614
638, 635, 0.00282091, 0.00206409
638, 636, 0.00234579, 0.00206418
638, 637, 0.00209914, 0.00206261
639, 633, 0.00429521, 0.00209159
639, 634, 0.00424421, 0.00209253
639, 635, 0.00331164, 0.00209523
639, 636, 0.00272466, 0.00209508
639, 637, 0.00231834, 0.00209485
639, 638, 0.00217484, 0.00209158
640, 635, 0.00434004, 0.00214617
640, 636, 0.00363119, 0.00214605
640, 637, 0.00304656, 0.00214589
640, 638, 0.00275947, 0.00214512
640, 639, 0.00241533, 0.00214224
641, 635, 0.00516594, 0.00217678
641, 636, 0.00440623, 0.00217768
641, 637, 0.00374801, 0.00217642
641, 638, 0.00339816, 0.0021757
641, 639, 0.00294019, 0.00217265
641, 640, 0.00233577, 0.00217485
642, 636, 0.00626959, 0.00225012
642, 637, 0.00552466, 0.00224974
642, 638, 0.00509383, 0.00224768
642, 639, 0.00450905, 0.0022463
642, 640, 0.00356107, 0.00224741
642, 641, 0.00295045, 0.00224945
643, 637, 0.00588014, 0.00226489
643, 638, 0.00544212, 0.00226391
643, 639, 0.0048396, 0.00226116
643, 640, 0.00385803, 0.00226227
643, 641, 0.00320247, 0.0022645
643, 642, 0.0022946, 0.00226404
644, 638, 0.00583026, 0.00228049
644, 639, 0.00521687, 0.00227665
644, 640, 0.00420621, 0.00227892
644, 641, 0.00351297, 0.0022825
644, 642, 0.00241031, 0.00227928
644, 643, 0.00231513, 0.00228007
645, 640, 0.00495733, 0.00231356
645, 641, 0.00420662, 0.0023161
645, 642, 0.00281667, 0.00231559
645, 643, 0.00261242, 0.00231499
645, 644, 0.00245992, 0.00232066
646, 641, 0.00531681, 0.00235925
646, 642, 0.00369612, 0.00235623
646, 643, 0.00339458, 0.00235946
646, 644, 0.00312596, 0.00236366
646, 645, 0.00266504, 0.00235873
647, 641, 0.00530832, 0.00235805
647, 642, 0.00368813, 0.00235693
647, 643, 0.0033854, 0.00235755
647, 644, 0.0031195, 0.00236261
647, 645, 0.00266092, 0.00236141
647, 646, 0.00236286, 0.00236095
648, 642, 0.00404254, 0.00237317
648, 643, 0.00372026, 0.00237475
648, 644, 0.00342816, 0.00237809
648, 645, 0.00289367, 0.00237659
648, 646, 0.00241414, 0.00237913
648, 647, 0.0024109, 0.00237817
649, 642, 0.00404909, 0.0023737
649, 643, 0.00372333, 0.00237581
649, 644, 0.00343014, 0.00238016
649, 645, 0.00289705, 0.00237529
649, 646, 0.00241213, 0.00237808
649, 647, 0.00240946, 0.00237718
649, 648, 0.00237383, 0.00237885
650, 642, 0.00573911, 0.00243007
650, 643, 0.00535585, 0.00243205
650, 644, 0.00500058, 0.00243374
650, 645, 0.00429555, 0.00243269
650, 646, 0.00334004, 0.002435
650, 647, 0.00332705, 0.00243416
650, 648, 0.00305082, 0.00243372
650, 649, 0.00304687, 0.00242929
651, 642, 0.00763795, 0.00248498
651, 643, 0.00722236, 0.00248715
651, 644, 0.00683435, 0.00249353
651, 645, 0.00606368, 0.00249094
651, 646, 0.00493942, 0.00249128
651, 647, 0.0049096, 0.00248988
651, 648, 0.00454016, 0.00249319
651, 649, 0.00452592, 0.0024858
651, 650, 0.00313586, 0.00248653
652, 646, 0.00986098, 0.00265466
652, 647, 0.00979436, 0.00265437
652, 648, 0.00935263, 0.00265655
652, 649, 0.00930751, 0.00265079
652, 650, 0.00750912, 0.00264873
652, 651, 0.00569996, 0.00264627
654, 650, 0.0214139, 0.00307159
654, 651, 0.019271, 0.00306955
654, 652, 0.0141335, 0.00307305
655, 651, 0.0241957, 0.00321018
655, 652, 0.018974, 0.00321528
655, 654, 0.00579874, 0.00321483
656, 652, 0.0222845, 0.00331425
656, 654, 0.00875082, 0.00331446
656, 655, 0.00465981, 0.00331536
657, 654, 0.012582, 0.00342121
657, 655, 0.00802695, 0.00342045
657, 656, 0.00523789, 0.00341896
658, 654, 0.0125828, 0.0034181
658, 655, 0.00802853, 0.00341691
658, 656, 0.0052442, 0.0034175
658, 657, 0.0034199, 0.00342328
659, 654, 0.0149107, 0.00345728
659, 655, 0.0102509, 0.0034573
659, 656, 0.00723283, 0.0034569
659, 657, 0.00417924, 0.00346207
659, 658, 0.0041919, 0.00345734
660, 654, 0.012605, 0.00341718
660, 655, 0.00804774, 0.00341738
660, 656, 0.00525438, 0.00341567
660, 657, 0.00342045, 0.00342232
660, 658, 0.00342118, 0.00341629
660, 659, 0.00414496, 0.00341574
661, 655, 0.0125472, 0.00350747
661, 656, 0.00942652, 0.00350674
661, 657, 0.00589289, 0.00350997
661, 658, 0.00590501, 0.00350735
661, 659, 0.00423708, 0.00350701
661, 660, 0.00588002, 0.00351027
662, 655, 0.0125713, 0.00350831
662, 656, 0.00943973, 0.00350788
662, 657, 0.00591258, 0.00350871
662, 658, 0.00592297, 0.00350861
662, 659, 0.00424887, 0.00350797
662, 660, 0.00589393, 0.0035104
662, 661, 0.00350923, 0.00350912
663, 656, 0.01031, 0.00353106
663, 657, 0.00667898, 0.00353429
663, 658, 0.00669576, 0.00353053
663, 659, 0.00483408, 0.00353021
663, 660, 0.00665771, 0.00353344
663, 661, 0.00365641, 0.00353292
663, 662, 0.00364242, 0.00353411
664, 657, 0.00906934, 0.0035791
664, 658, 0.00908183, 0.00357414
664, 659, 0.00694899, 0.00357385
664, 660, 0.00902427, 0.00357723
664, 661, 0.00506121, 0.00357662
664, 662, 0.00502473, 0.00357793
664, 663, 0.00443765, 0.00357402
665, 657, 0.0113612, 0.00361106
665, 658, 0.0113717, 0.00360748
665, 659, 0.00913593, 0.00360828
665, 660, 0.0113093, 0.00361182
665, 661, 0.00700813, 0.00360992
665, 662, 0.00696931, 0.00361084
665, 663, 0.00621652, 0.00360516
665, 664, 0.00435381, 0.00361036
666, 659, 0.0150103, 0.0037041
666, 661, 0.0126964, 0.00370601
666, 662, 0.0126453, 0.00370638
666, 663, 0.0117792, 0.00370341
666, 664, 0.00931244, 0.0037039
666, 665, 0.00715015, 0.00370612
667, 659, 0.015008, 0.00370189
667, 661, 0.0127034, 0.00370449
667, 662, 0.0126429, 0.0037054
667, 663, 0.0117839, 0.00370101
667, 664, 0.00932007, 0.00370334
667, 665, 0.00715108, 0.00370586
667, 666, 0.00370145, 0.00369914
668, 661, 0.0175972, 0.00377217
668, 662, 0.0175312, 0.00377254
668, 663, 0.0166434, 0.00376827
668, 664, 0.0140904, 0.00376969
668, 665, 0.0117668, 0.00377213
668, 666, 0.00628439, 0.00376966
668, 667, 0.00627405, 0.00376831
669, 664, 0.0232306, 0.00390492
669, 665, 0.0208376, 0.00390707
669, 666, 0.0148616, 0.00390303
669, 667, 0.0148369, 0.0039024
669, 668, 0.0100856, 0.00390335
670, 665, 0.0327051, 0.00405319
670, 666, 0.0266325, 0.00404826
670, 667, 0.0265998, 0.00404728
670, 668, 0.0216406, 0.00404855
670, 669, 0.0126113, 0.00404664
672, 666, 0.0374868, 0.004166
672, 667, 0.0374478, 0.00416532
672, 668, 0.0324506, 0.00416532
672, 669, 0.0232377, 0.00416498
672, 670, 0.0116908, 0.00416621
673, 668, 0.0427996, 0.00428335
673, 669, 0.0335272, 0.00428285
673, 670, 0.0217286, 0.00428345
673, 672, 0.0112246, 0.00428505
674, 669, 0.0367447, 0.0043209
674, 670, 0.0249167, 0.00432399
674, 672, 0.0142807, 0.00432626
674, 673, 0.00542622, 0.00432677
675, 670, 0.027874, 0.00435851
675, 672, 0.0171498, 0.00436303
675, 673, 0.00762428, 0.00436163
675, 674, 0.00529576, 0.00436153
676, 670, 0.0277824, 0.00435849
676, 672, 0.0170638, 0.00436202
676, 673, 0.00754799, 0.00436312
676, 674, 0.00523767, 0.00436078
676, 675, 0.00435652, 0.00436215
677, 670, 0.0342791, 0.00440055
677, 672, 0.0234753, 0.00440337
677, 673, 0.0134669, 0.00440381
677, 674, 0.0104553, 0.00440216
677, 675, 0.00789124, 0.0044028
677, 676, 0.00785097, 0.00439738
678, 672, 0.0277596, 0.00444807
678, 673, 0.0176397, 0.00445072
678, 674, 0.014519, 0.00444755
678, 675, 0.0117646, 0.0044463
678, 676, 0.0117087, 0.0044433
678, 677, 0.00617611, 0.0044454
679, 672, 0.0277474, 0.00444858
679, 673, 0.0176241, 0.00444934
679, 674, 0.0144994, 0.00444792
679, 675, 0.0117412, 0.00444736
679, 676, 0.0116934, 0.00444232
679, 677, 0.00616436, 0.0044473
679, 678, 0.00444758, 0.00444767
680, 672, 0.0370942, 0.00450064
680, 673, 0.026873, 0.00450256
680, 674, 0.023687, 0.00450029
680, 675, 0.0208252, 0.0044983
680, 676, 0.0207661, 0.00449422
680, 677, 0.0144408, 0.00449958
680, 678, 0.0104365, 0.00450082
680, 679, 0.0105126, 0.00450025
681, 673, 0.0257346, 0.00450535
681, 674, 0.0225411, 0.00450309
681, 675, 0.0196858, 0.00450249
681, 676, 0.0196294, 0.00449704
681, 677, 0.0133368, 0.00450237
681, 678, 0.00939187, 0.00450294
681, 679, 0.00945767, 0.00450234
681, 680, 0.00466818, 0.00450393
682, 673, 0.0289689, 0.00452256
682, 674, 0.0257668, 0.00452021
682, 675, 0.0228882, 0.0045212
682, 676, 0.0228424, 0.00451473
682, 677, 0.0164652, 0.0045194
682, 678, 0.0123865, 0.00452166
682, 679, 0.0124568, 0.00451993
682, 680, 0.00498195, 0.00452262
682, 681, 0.00561043, 0.00452121
683, 677, 0.0275675, 0.00459604
683, 678, 0.0233305, 0.00459699
683, 679, 0.0234093, 0.00459651
683, 680, 0.0142128, 0.00459975
683, 681, 0.0153706, 0.00459759
683, 682, 0.0121892, 0.00459584
684, 678, 0.0175079, 0.00457499
684, 679, 0.0175777, 0.00457362
684, 680, 0.0087759, 0.00457594
684, 681, 0.00982265, 0.00457681
684, 682, 0.00702661, 0.0045728
684, 683, 0.0075032, 0.00457315
685, 678, 0.0252954, 0.00461112
685, 679, 0.0253797, 0.00460824
685, 680, 0.0161159, 0.00461218
685, 681, 0.0172884, 0.00461025
685, 682, 0.0140708, 0.00460827
685, 683, 0.00504937, 0.00461094
685, 684, 0.00920031, 0.00460973
686, 678, 0.0313513, 0.00463637
686, 679, 0.0314283, 0.00463581
686, 680, 0.022069, 0.00463863
686, 681, 0.0232659, 0.00463873
686, 682, 0.0199674, 0.00463488
686, 683, 0.00941494, 0.00463621
686, 684, 0.014849, 0.0046372
686, 685, 0.00767139, 0.00463917
687, 677, 0.0536046, 0.00471634
687, 680, 0.0399585, 0.00471836
687, 681, 0.0411881, 0.00471786
687, 682, 0.0378325, 0.00471331
687, 683, 0.0267347, 0.00471855
687, 684, 0.0325826, 0.00471638
687, 685, 0.0246919, 0.00471815
687, 686, 0.0187799, 0.00472023
688, 680, 0.0499623, 0.00476242
688, 681, 0.0512, 0.00476135
688, 682, 0.0478318, 0.0047579
688, 683, 0.036689, 0.00476069
688, 684, 0.0425742, 0.00476041
688, 685, 0.0346333, 0.00476225
688, 686, 0.0286425, 0.0047618
688, 687, 0.0111403, 0.00475932
690, 683, 0.0521099, 0.00483882
690, 685, 0.0500539, 0.00484083
690, 686, 0.0440205, 0.00484143
690, 687, 0.0260432, 0.00483749
690, 688, 0.0162266, 0.00483521
691, 680, 0.0564946, 0.0047925
691, 682, 0.0543604, 0.00479112
691, 683, 0.0431977, 0.00479235
691, 685, 0.0411381, 0.00479528
691, 686, 0.0351256, 0.00479606
691, 687, 0.0173008, 0.00479113
691, 688, 0.00809826, 0.00478988
691, 690, 0.0101095, 0.00478712
692, 686, 0.0815305, 0.0049719
692, 687, 0.0634099, 0.00496667
692, 688, 0.053355, 0.00496785
692, 690, 0.0380396, 0.00496309
692, 691, 0.0468264, 0.00496705
693, 687, 0.0612665, 0.00496902
693, 688, 0.0511992, 0.00496657
693, 690, 0.0358965, 0.00496294
693, 691, 0.0446837, 0.00496921
693, 692, 0.00544243, 0.00496794
694, 687, 0.0780125, 0.00501633
694, 688, 0.0679316, 0.00501343
694, 690, 0.0525869, 0.00501242
694, 691, 0.0613965, 0.00501582
694, 692, 0.0154476, 0.00501642
694, 693, 0.0176062, 0.00501677
695, 687, 0.0780169, 0.00501429
695, 688, 0.0679388, 0.00501248
695, 690, 0.0525817, 0.00501142
695, 691, 0.0614085, 0.00501688
695, 692, 0.0154544, 0.00501598
695, 693, 0.0176082, 0.00501698
695, 694, 0.00501249, 0.00501588
696, 688, 0.101211, 0.00511073
696, 690, 0.0858451, 0.00510923
696, 691, 0.0946905, 0.00511434
696, 692, 0.0482443, 0.00511318
696, 693, 0.050497, 0.00511439
696, 694, 0.0337941, 0.00511464
696, 695, 0.0337177, 0.00510741
698, 692, 0.0890688, 0.00522177
698, 693, 0.0913196, 0.00522017
698, 694, 0.0745245, 0.00522135
698, 695, 0.074447, 0.00521723
698, 696, 0.041306, 0.00522372
699, 692, 0.0933647, 0.00522873
699, 693, 0.0956228, 0.00522996
699, 694, 0.0788239, 0.00523059
699, 695, 0.0787483, 0.00522374
699, 696, 0.0455848, 0.00523219
699, 698, 0.00675588, 0.00523432
701, 692, 0.107337, 0.00525956
701, 694, 0.092795, 0.00525953
701, 695, 0.0927143, 0.00525535
701, 696, 0.059513, 0.00526205
701, 698, 0.0190142, 0.00526403
701, 699, 0.01497, 0.00525637
702, 694, 0.0986284, 0.00527633
702, 695, 0.0985512, 0.00527406
702, 696, 0.0653408, 0.00528095
702, 698, 0.0246916, 0.00528099
702, 699, 0.0205555, 0.00527502
702, 701, 0.00787968, 0.00527568
703, 696, 0.0772975, 0.00530806
703, 698, 0.0365002, 0.00531062
703, 699, 0.0323017, 0.00530212
703, 701, 0.0186249, 0.00530907
703, 702, 0.013105, 0.00530684
704, 696, 0.0823724, 0.00531701
704, 698, 0.0415431, 0.00531708
704, 699, 0.0373318, 0.00530989
704, 701, 0.0235452, 0.00531408
704, 702, 0.0178817, 0.00531568
704, 703, 0.00732677, 0.0053134
705, 696, 0.0823792, 0.00531904
705, 698, 0.0415548, 0.005319
705, 699, 0.0373361, 0.00531305
705, 701, 0.0235544, 0.00531636
705, 702, 0.0178876, 0.00531546
705, 703, 0.00732812, 0.00531634
705, 704, 0.00531253, 0.00531282
706, 696, 0.0932732, 0.00532875
706, 698, 0.0523997, 0.00533092
706, 699, 0.0481645, 0.00532403
706, 701, 0.0342786, 0.00532594
706, 702, 0.0285027, 0.00532645
706, 703, 0.0168451, 0.00532716
706, 704, 0.0121564, 0.00532373
706, 705, 0.0121505, 0.00532663
707, 698, 0.0574546, 0.00533954
707, 699, 0.0532151, 0.00533234
707, 701, 0.0392957, 0.00533565
707, 702, 0.0335047, 0.00533606
707, 703, 0.0217268, 0.0053367
707, 704, 0.0168731, 0.00533078
707, 705, 0.0168554, 0.00533497
707, 706, 0.00735772, 0.00533334
708, 698, 0.0633119, 0.00534404
708, 699, 0.0590711, 0.0053354
708, 701, 0.0451412, 0.00533973
708, 702, 0.0393289, 0.00534175
708, 703, 0.0274792, 0.00533937
708, 704, 0.022539, 0.00533725
708, 705, 0.0225335, 0.00533722
708, 706, 0.0121849, 0.00533817
708, 707, 0.00792288, 0.0053421
709, 698, 0.0696965, 0.00535102
709, 699, 0.0654456, 0.00534115
709, 701, 0.0515081, 0.00534598
709, 702, 0.0456829, 0.00534623
709, 703, 0.03378, 0.0053457
709, 704, 0.0288039, 0.00534226
709, 705, 0.0287989, 0.00534516
709, 706, 0.0181647, 0.0053475
709, 707, 0.0133687, 0.00534883
709, 708, 0.00832465, 0.00534864
710, 698, 0.0758405, 0.00535583
710, 699, 0.0715895, 0.00534734
710, 701, 0.0576378, 0.00535093
710, 702, 0.0518059, 0.0053499
710, 703, 0.0398752, 0.00535324
710, 704, 0.0348805, 0.00534863
710, 705, 0.034874, 0.00535412
710, 706, 0.0241338, 0.00534862
710, 707, 0.0191856, 0.00535235
710, 708, 0.0136393, 0.00535483
710, 709, 0.0080959, 0.00535368
711, 699, 0.0753919, 0.00535609
711, 701, 0.0614295, 0.00535686
711, 702, 0.055596, 0.00535845
711, 703, 0.0436596, 0.00535814
711, 704, 0.0386534, 0.00535441
711, 705, 0.0386424, 0.00536001
711, 706, 0.0278607, 0.00535577
711, 707, 0.02287, 0.00536227
711, 708, 0.0172098, 0.00535961
711, 709, 0.0112402, 0.00535978
711, 710, 0.00655238, 0.00536307
712, 701, 0.0736611, 0.00536939
712, 702, 0.0678264, 0.00536828
712, 703, 0.055861, 0.00536802
712, 704, 0.0508438, 0.00536194
712, 705, 0.0508372, 0.00536626
712, 706, 0.0399806, 0.00536824
712, 707, 0.0349288, 0.00536974
712, 708, 0.02913, 0.00536955
712, 709, 0.0228028, 0.00536834
712, 710, 0.0169223, 0.00537298
712, 711, 0.0134529, 0.0053751
713, 701, 0.0737075, 0.00537137
713, 702, 0.0678623, 0.00537294
713, 703, 0.055908, 0.00537295
713, 704, 0.0508819, 0.00536664
713, 705, 0.050869, 0.00536965
713, 706, 0.0400172, 0.00537185
713, 707, 0.0349626, 0.00537423
713, 708, 0.029173, 0.00537169
713, 709, 0.0228419, 0.00537327
713, 710, 0.0169566, 0.00537797
713, 711, 0.0134869, 0.00537827
713, 712, 0.0053721, 0.00538181
714, 704, 0.0836218, 0.0053782
714, 705, 0.083612, 0.00538238
714, 706, 0.0727078, 0.00538093
714, 707, 0.0676214, 0.00538362
714, 708, 0.0617637, 0.00538344
714, 709, 0.0553202, 0.00538185
714, 710, 0.0492401, 0.00538928
714, 711, 0.045557, 0.00539037
714, 712, 0.0332322, 0.00539263
714, 713, 0.0333365, 0.00538582
715, 706, 0.0952517, 0.00538596
715, 707, 0.0901614, 0.00538864
715, 708, 0.0843012, 0.00538973
715, 709, 0.0778447, 0.00538723
715, 710, 0.0717403, 0.00538929
715, 711, 0.0680454, 0.0053905
715, 712, 0.0556569, 0.00539501
715, 713, 0.0557561, 0.00539234
715, 714, 0.023203, 0.00539558
716, 706, 0.0952397, 0.00538918
716, 707, 0.0901499, 0.00539278
716, 708, 0.0842739, 0.00539077
716, 709, 0.0778201, 0.00539054
716, 710, 0.0717195, 0.00539841
716, 711, 0.0680267, 0.0053957
716, 712, 0.0556366, 0.00539966
716, 713, 0.0557355, 0.00539138
716, 714, 0.0231874, 0.00539863
716, 715, 0.00538537, 0.00538875
717, 708, 0.108788, 0.00539141
717, 709, 0.102332, 0.00539292
717, 710, 0.096223, 0.00539639
717, 711, 0.0925177, 0.00539676
717, 712, 0.0801061, 0.00540031
717, 713, 0.0802125, 0.00539266
717, 714, 0.0474083, 0.00540186
717, 715, 0.0251127, 0.00539273
717, 716, 0.0251644, 0.00539026
718, 709, 0.124129, 0.00539144
718, 710, 0.118019, 0.00539335
718, 711, 0.114318, 0.00539677
718, 712, 0.101894, 0.00539645
718, 713, 0.101999, 0.00539128
718, 714, 0.0691425, 0.00539556
718, 715, 0.0466656, 0.00538827
718, 716, 0.0467208, 0.00538709
718, 717, 0.0225273, 0.005387
719, 710, 0.125581, 0.00539794
719, 711, 0.121874, 0.00539711
719, 712, 0.109455, 0.00539816
719, 713, 0.109554, 0.005393
719, 714, 0.0766838, 0.00539853
719, 715, 0.0541887, 0.00539303
719, 716, 0.0542443, 0.00538796
719, 717, 0.0299321, 0.00539072
719, 718, 0.00930646, 0.00538912
720, 712, 1.38728, 0.00815941
720, 713, 1.38685, 0.00814901
720, 714, 1.41955, 0.00815455
720, 715, 1.4418, 0.00815334
720, 716, 1.44156, 0.0081491
720, 717, 1.4658, 0.00815344
720, 718, 1.48734, 0.00814735
720, 719, 1.49469, 0.00814173
721, 714, 1.35597, 0.00810947
721, 715, 1.37824, 0.00810171
721, 716, 1.37799, 0.00809724
721, 717, 1.40223, 0.00810216
721, 718, 1.42377, 0.00810059
721, 719, 1.43112, 0.00809275
721, 720, 0.0642366, 0.00810011
722, 714, 1.37394, 0.00814027
722, 715, 1.39619, 0.00813392
722, 716, 1.39595, 0.00812898
722, 717, 1.42018, 0.00813273
722, 718, 1.44173, 0.00813261
722, 719, 1.44908, 0.00812747
722, 720, 0.0464606, 0.00813111
722, 721, 0.019749, 0.0081344
723, 717, 1.33457, 0.00805076
723, 718, 1.35611, 0.00804634
723, 719, 1.36346, 0.00804241
723, 720, 0.131765, 0.00804541
723, 721, 0.0682481, 0.00804842
723, 722, 0.0860913, 0.00804614
724, 715, 1.32583, 0.00807126
724, 716, 1.32559, 0.00806858
724, 717, 1.34983, 0.00807025
724, 718, 1.37136, 0.0080662
724, 719, 1.37871, 0.00806338
724, 720, 0.116547, 0.00807118
724, 721, 0.0531385, 0.00807468
724, 722, 0.0709251, 0.008069
724, 723, 0.0172748, 0.00806679
725, 718, 1.30102, 0.00797834
725, 719, 1.30837, 0.00797609
725, 720, 0.186906, 0.00798499
725, 721, 0.123252, 0.0079807
725, 722, 0.141157, 0.00798232
725, 723, 0.0557582, 0.00798177
725, 724, 0.070842, 0.00797402
726, 721, 0.218745, 0.00782847
726, 722, 0.23666, 0.00782617
726, 723, 0.150975, 0.00782518
726, 724, 0.166151, 0.00781248
726, 725, 0.0958575, 0.00781991
727, 721, 0.239572, 0.00779586
727, 723, 0.171789, 0.00779257
727, 724, 0.18696, 0.00778456
727, 725, 0.116629, 0.00778916
727, 726, 0.0222333, 0.00778862
728, 723, 0.228287, 0.00764483
728, 724, 0.24345, 0.00763735
728, 725, 0.173071, 0.00763686
728, 726, 0.077736, 0.00763925
728, 727, 0.0570506, 0.00764382
729, 724, 0.263595, 0.00759242
729, 725, 0.193209, 0.0076022
729, 726, 0.0978158, 0.00759733
729, 727, 0.0770643, 0.00760005
729, 728, 0.021515, 0.00761058
730, 726, 0.146518, 0.00750345
730, 727, 0.125721, 0.00750559
730, 728, 0.0693402, 0.0075122
730, 729, 0.0494183, 0.00750792
731, 725, 0.218607, 0.00755113
731, 726, 0.123164, 0.00755599
731, 727, 0.102385, 0.00755837
731, 728, 0.0461666, 0.00756594
731, 729, 0.0265512, 0.00755465
731, 730, 0.0245278, 0.00756074
732, 726, 0.16447, 0.00743613
732, 727, 0.143675, 0.0074335
732, 728, 0.0872339, 0.00744096
732, 729, 0.0672338, 0.00743623
732, 730, 0.0195093, 0.00744126
732, 731, 0.0420092, 0.00743153
733, 728, 0.163282, 0.00716129
733, 729, 0.143216, 0.00715515
733, 730, 0.0945151, 0.00715765
733, 731, 0.117764, 0.0071557
733, 732, 0.0765019, 0.00715048
734, 728, 0.183608, 0.00703254
734, 729, 0.163538, 0.00702397
734, 730, 0.114821, 0.00702557
734, 731, 0.138077, 0.00702339
734, 732, 0.0967656, 0.00702175
734, 733, 0.0215503, 0.007026
735, 732, 0.169284, 0.00671991
735, 733, 0.0932515, 0.00672698
735, 734, 0.0729008, 0.00672222
736, 733, 0.109525, 0.00665278
736, 734, 0.0891526, 0.0066489
736, 735, 0.0176161, 0.00665087
737, 733, 0.109588, 0.00665382
737, 734, 0.0892084, 0.00664878
737, 735, 0.0176649, 0.00665496
737, 736, 0.00665134, 0.00665418
738, 733, 0.109506, 0.00665529
738, 734, 0.089131, 0.00665187
738, 735, 0.0175931, 0.00665647
738, 736, 0.00665448, 0.00665117
738, 737, 0.00665299, 0.00665141
739, 735, 0.0406051, 0.00653818
739, 736, 0.024643, 0.00653645
739, 737, 0.0246542, 0.00653299
739, 738, 0.0246335, 0.00653289
740, 735, 0.0405788, 0.00654022
740, 736, 0.0246176, 0.00653454
740, 737, 0.0246272, 0.00653365
740, 738, 0.0246019, 0.00653358
740, 739, 0.00654179, 0.00653506
741, 734, 0.100795, 0.00659665
741, 735, 0.0287489, 0.00660209
741, 736, 0.0134078, 0.00659256
741, 737, 0.0134176, 0.0065937
741, 738, 0.0134003, 0.00659052
741, 739, 0.0137707, 0.00659555
741, 740, 0.0137289, 0.00659779
742, 734, 0.130944, 0.00592293
742, 735, 0.0584617, 0.00592622
742, 736, 0.0422372, 0.00592443
742, 737, 0.0422247, 0.00592354
742, 738, 0.0421761, 0.00592221
742, 739, 0.0189429, 0.00592709
742, 740, 0.018975, 0.00592614
742, 741, 0.0306025, 0.00593461
