13, 0, 5.20228e-05, 5.18619e-05
18, 0, 5.20284e-05, 5.17467e-05
18, 13, 5.22442e-05, 5.14856e-05
30, 0, 5.14977e-05, 5.14406e-05
30, 13, 5.15459e-05, 5.14963e-05
30, 18, 5.1677e-05, 5.18194e-05
40, 0, 5.21369e-05, 5.2214e-05
40, 13, 5.21039e-05, 5.21893e-05
40, 18, 5.23087e-05, 5.20731e-05
40, 30, 5.21402e-05, 5.21992e-05
48, 0, 5.13896e-05, 5.15173e-05
48, 13, 5.14266e-05, 5.12052e-05
48, 18, 5.16149e-05, 5.13868e-05
48, 30, 5.14905e-05, 5.15155e-05
48, 40, 5.13769e-05, 5.14895e-05
55, 0, 5.22406e-05, 5.17491e-05
55, 13, 5.21535e-05, 5.15292e-05
55, 18, 5.24921e-05, 5.16452e-05
55, 30, 5.20353e-05, 5.17415e-05
55, 40, 5.23242e-05, 5.1692e-05
55, 48, 5.19954e-05, 5.16925e-05
62, 0, 5.19397e-05, 5.14726e-05
62, 13, 5.19931e-05, 5.14171e-05
62, 18, 5.22362e-05, 5.16311e-05
62, 30, 5.16358e-05, 5.15041e-05
62, 40, 5.19245e-05, 5.21792e-05
62, 48, 5.19197e-05, 5.21877e-05
62, 55, 5.22355e-05, 5.14679e-05
68, 0, 5.21842e-05, 5.23221e-05
68, 13, 5.24671e-05, 5.21946e-05
68, 18, 5.21668e-05, 5.22733e-05
68, 30, 5.21642e-05, 5.21571e-05
68, 40, 5.2161e-05, 5.22086e-05
68, 48, 5.23494e-05, 5.21883e-05
68, 55, 5.2289e-05, 5.24069e-05
68, 62, 5.21569e-05, 5.21283e-05
74, 0, 5.19384e-05, 5.17492e-05
74, 13, 5.20488e-05, 5.15723e-05
74, 18, 5.18765e-05, 5.19215e-05
74, 30, 5.19304e-05, 5.1871e-05
74, 40, 5.18303e-05, 5.17919e-05
74, 48, 5.22218e-05, 5.17861e-05
74, 55, 5.21713e-05, 5.21045e-05
74, 62, 5.20133e-05, 5.17604e-05
74, 68, 5.19171e-05, 5.19503e-05
75, 0, 5.22633e-05, 5.21437e-05
75, 13, 5.23714e-05, 5.19639e-05
75, 18, 5.22277e-05, 5.20327e-05
75, 30, 5.22583e-05, 5.21555e-05
75, 40, 5.22683e-05, 5.21235e-05
75, 48, 5.24115e-05, 5.14473e-05
75, 55, 5.2181e-05, 5.2092e-05
75, 62, 5.24163e-05, 5.2057e-05
75, 68, 5.21934e-05, 5.20454e-05
75, 74, 5.22664e-05, 5.22721e-05
81, 0, 5.15285e-05, 5.16249e-05
81, 13, 5.16211e-05, 5.15384e-05
81, 18, 5.17762e-05, 5.1628e-05
81, 30, 5.14674e-05, 5.15958e-05
81, 40, 5.1521e-05, 5.16041e-05
81, 48, 5.15244e-05, 5.17101e-05
81, 55, 5.18031e-05, 5.16254e-05
81, 62, 5.15315e-05, 5.16344e-05
81, 68, 5.16295e-05, 5.16031e-05
81, 74, 5.1522e-05, 5.15717e-05
81, 75, 5.14477e-05, 5.17017e-05
84, 0, 5.19772e-05, 5.18183e-05
84, 13, 5.18955e-05, 5.15826e-05
84, 18, 5.21123e-05, 5.18072e-05
84, 30, 5.18546e-05, 5.16816e-05
84, 40, 5.18157e-05, 5.17417e-05
84, 48, 5.18274e-05, 5.16573e-05
84, 55, 5.20938e-05, 5.17413e-05
84, 62, 5.18395e-05, 5.17081e-05
84, 68, 5.17928e-05, 5.1768e-05
84, 74, 5.17952e-05, 5.19212e-05
84, 75, 5.2271e-05, 5.17479e-05
84, 81, 5.18204e-05, 5.17843e-05
90, 0, 5.19065e-05, 5.16844e-05
90, 13, 5.21514e-05, 5.15349e-05
90, 18, 5.25044e-05, 5.17629e-05
90, 30, 5.21439e-05, 5.19401e-05
90, 40, 5.20332e-05, 5.17427e-05
90, 48, 5.20811e-05, 5.15512e-05
90, 55, 5.23633e-05, 5.18826e-05
90, 62, 5.19463e-05, 5.17105e-05
90, 68, 5.22257e-05, 5.16087e-05
90, 74, 5.19368e-05, 5.1738e-05
90, 75, 5.24426e-05, 5.19409e-05
90, 81, 5.19981e-05, 5.17544e-05
90, 84, 5.18094e-05, 5.17396e-05
95, 0, 5.17428e-05, 5.1776e-05
95, 13, 5.22985e-05, 5.16667e-05
95, 18, 5.26846e-05, 5.17696e-05
95, 30, 5.18156e-05, 5.17826e-05
95, 40, 5.17879e-05, 5.18037e-05
95, 48, 5.18127e-05, 5.17832e-05
95, 55, 5.20119e-05, 5.18403e-05
95, 62, 5.17211e-05, 5.1705e-05
95, 68, 5.18239e-05, 5.17356e-05
95, 74, 5.17276e-05, 5.19615e-05
95, 75, 5.18283e-05, 5.18285e-05
95, 81, 5.1844e-05, 5.1789e-05
95, 84, 5.17708e-05, 5.18201e-05
95, 90, 5.19772e-05, 5.18749e-05
100, 0, 5.27266e-05, 5.18181e-05
100, 13, 5.21467e-05, 5.09908e-05
100, 18, 5.30463e-05, 5.15045e-05
100, 30, 5.2013e-05, 5.18635e-05
100, 40, 5.27224e-05, 5.18208e-05
100, 48, 5.27714e-05, 5.12119e-05
100, 55, 5.30419e-05, 5.18932e-05
100, 62, 5.2728e-05, 5.16449e-05
100, 68, 5.27872e-05, 5.13988e-05
100, 74, 5.27478e-05, 5.1862e-05
100, 75, 5.27583e-05, 5.18583e-05
100, 81, 5.27748e-05, 5.18177e-05
100, 84, 5.20841e-05, 5.17885e-05
100, 90, 5.27727e-05, 5.19017e-05
100, 95, 5.27775e-05, 5.18076e-05
106, 0, 5.18039e-05, 5.1611e-05
106, 13, 5.19949e-05, 5.15241e-05
106, 18, 5.23722e-05, 5.16129e-05
106, 30, 5.16848e-05, 5.09755e-05
106, 40, 5.17605e-05, 5.15438e-05
106, 48, 5.18083e-05, 5.18293e-05
106, 55, 5.22459e-05, 5.15935e-05
106, 62, 5.18863e-05, 5.16221e-05
106, 68, 5.17791e-05, 5.15047e-05
106, 74, 5.27168e-05, 5.1807e-05
106, 75, 5.21314e-05, 5.17991e-05
106, 81, 5.18314e-05, 5.16539e-05
106, 84, 5.16889e-05, 5.17687e-05
106, 90, 5.18502e-05, 5.11443e-05
106, 95, 5.23067e-05, 5.10135e-05
106, 100, 5.19525e-05, 5.08806e-05
114, 0, 5.13347e-05, 5.1575e-05
114, 13, 5.14086e-05, 5.15734e-05
114, 18, 5.15857e-05, 5.21083e-05
114, 30, 5.12881e-05, 5.16399e-05
114, 40, 5.11826e-05, 5.16497e-05
114, 48, 5.12334e-05, 5.11186e-05
114, 55, 5.12955e-05, 5.14925e-05
114, 62, 5.14122e-05, 5.16309e-05
114, 68, 5.14675e-05, 5.21317e-05
114, 74, 5.12749e-05, 5.17338e-05
114, 75, 5.12684e-05, 5.16941e-05
114, 81, 5.13326e-05, 5.16415e-05
114, 84, 5.14052e-05, 5.16876e-05
114, 90, 5.08593e-05, 5.18097e-05
114, 95, 5.07946e-05, 5.15867e-05
114, 100, 5.12928e-05, 5.16227e-05
114, 106, 5.14244e-05, 5.17038e-05
123, 0, 5.19971e-05, 5.09192e-05
123, 13, 5.23089e-05, 5.09372e-05
123, 18, 5.2096e-05, 5.12507e-05
123, 30, 5.20328e-05, 5.09608e-05
123, 40, 5.20201e-05, 5.10693e-05
123, 48, 5.2021e-05, 5.16503e-05
123, 55, 5.22001e-05, 5.08666e-05
123, 62, 5.20322e-05, 5.08467e-05
123, 68, 5.22282e-05, 5.19095e-05
123, 74, 5.20173e-05, 5.16983e-05
123, 75, 5.20094e-05, 5.16052e-05
123, 81, 5.20379e-05, 5.16482e-05
123, 84, 5.20141e-05, 5.15957e-05
123, 90, 5.2318e-05, 5.10095e-05
123, 95, 5.20394e-05, 5.16105e-05
123, 100, 5.20373e-05, 5.11905e-05
123, 106, 5.2096e-05, 5.16548e-05
123, 114, 5.20188e-05, 5.09789e-05
127, 0, 5.1857e-05, 5.17113e-05
127, 13, 5.19097e-05, 5.1584e-05
127, 18, 5.20828e-05, 5.16978e-05
127, 30, 5.18787e-05, 5.17123e-05
127, 40, 5.18504e-05, 5.17602e-05
127, 48, 5.18594e-05, 5.17107e-05
127, 55, 5.21174e-05, 5.18965e-05
127, 62, 5.1861e-05, 5.17017e-05
127, 68, 5.21426e-05, 5.1769e-05
127, 74, 5.18518e-05, 5.18621e-05
127, 75, 5.18703e-05, 5.17504e-05
127, 81, 5.18697e-05, 5.17165e-05
127, 84, 5.19193e-05, 5.17161e-05
127, 90, 5.18409e-05, 5.17832e-05
127, 95, 5.1908e-05, 5.17074e-05
127, 100, 5.18602e-05, 5.16437e-05
127, 106, 5.18707e-05, 5.17447e-05
127, 114, 5.18345e-05, 5.16302e-05
127, 123, 5.18881e-05, 5.18089e-05
134, 0, 5.19994e-05, 5.18322e-05
134, 13, 5.22948e-05, 5.12334e-05
134, 18, 5.22758e-05, 5.19271e-05
134, 30, 5.23363e-05, 5.18982e-05
134, 40, 5.20153e-05, 5.18767e-05
134, 48, 5.20282e-05, 5.19155e-05
134, 55, 5.22086e-05, 5.19204e-05
134, 62, 5.20187e-05, 5.18093e-05
134, 68, 5.19751e-05, 5.19735e-05
134, 74, 5.20668e-05, 5.24325e-05
134, 75, 5.2039e-05, 5.19513e-05
134, 81, 5.20203e-05, 5.19168e-05
134, 84, 5.20423e-05, 5.14495e-05
134, 90, 5.21312e-05, 5.19489e-05
134, 95, 5.19909e-05, 5.18469e-05
134, 100, 5.20173e-05, 5.18662e-05
134, 106, 5.20939e-05, 5.19171e-05
134, 114, 5.20468e-05, 5.1864e-05
134, 123, 5.20212e-05, 5.19166e-05
134, 127, 5.20185e-05, 5.18021e-05
139, 0, 5.17447e-05, 5.18353e-05
139, 13, 5.17659e-05, 5.16345e-05
139, 18, 5.23907e-05, 5.19056e-05
139, 30, 5.17556e-05, 5.19549e-05
139, 40, 5.174e-05, 5.18793e-05
139, 48, 5.17296e-05, 5.17954e-05
139, 55, 5.28964e-05, 5.21219e-05
139, 62, 5.18608e-05, 5.19148e-05
139, 68, 5.20345e-05, 5.18579e-05
139, 74, 5.17582e-05, 5.19234e-05
139, 75, 5.1736e-05, 5.19926e-05
139, 81, 5.17808e-05, 5.20153e-05
139, 84, 5.17734e-05, 5.19316e-05
139, 90, 5.19683e-05, 5.19136e-05
139, 95, 5.1748e-05, 5.20009e-05
139, 100, 5.17444e-05, 5.18588e-05
139, 106, 5.17421e-05, 5.20441e-05
139, 114, 5.17374e-05, 5.18315e-05
139, 123, 5.17443e-05, 5.2011e-05
139, 127, 5.1751e-05, 5.19729e-05
139, 134, 5.17342e-05, 5.19952e-05
145, 0, 5.18427e-05, 5.18446e-05
145, 13, 5.20789e-05, 5.16473e-05
145, 18, 5.21285e-05, 5.14226e-05
145, 30, 5.18189e-05, 5.17719e-05
145, 40, 5.18466e-05, 5.18401e-05
145, 48, 5.18465e-05, 5.12991e-05
145, 55, 5.19702e-05, 5.18024e-05
145, 62, 5.18511e-05, 5.178e-05
145, 68, 5.18338e-05, 5.13207e-05
145, 74, 5.18594e-05, 5.1863e-05
145, 75, 5.18463e-05, 5.18701e-05
145, 81, 5.18273e-05, 5.12947e-05
145, 84, 5.2405e-05, 5.13268e-05
145, 90, 5.18824e-05, 5.18927e-05
145, 95, 5.18405e-05, 5.18356e-05
145, 100, 5.18753e-05, 5.17701e-05
145, 106, 5.18718e-05, 5.18877e-05
145, 114, 5.18564e-05, 5.17507e-05
145, 123, 5.18303e-05, 5.18667e-05
145, 127, 5.18176e-05, 5.17994e-05
145, 134, 5.18445e-05, 5.12126e-05
145, 139, 5.18341e-05, 5.19155e-05
150, 0, 5.13619e-05, 5.16133e-05
150, 13, 5.1477e-05, 5.1307e-05
150, 18, 5.16284e-05, 5.18224e-05
150, 30, 5.14635e-05, 5.16828e-05
150, 40, 5.13696e-05, 5.13474e-05
150, 48, 5.14022e-05, 5.09222e-05
150, 55, 5.15414e-05, 5.15822e-05
150, 62, 5.13804e-05, 5.16465e-05
150, 68, 5.13537e-05, 5.16877e-05
150, 74, 5.14037e-05, 5.10162e-05
150, 75, 5.13679e-05, 5.1563e-05
150, 81, 5.14074e-05, 5.16822e-05
150, 84, 5.13857e-05, 5.15086e-05
150, 90, 5.14451e-05, 5.11845e-05
150, 95, 5.14007e-05, 5.08817e-05
150, 100, 5.13777e-05, 5.14413e-05
150, 106, 5.14266e-05, 5.0896e-05
150, 114, 5.13622e-05, 5.09267e-05
150, 123, 5.13751e-05, 5.16283e-05
150, 127, 5.13948e-05, 5.19602e-05
150, 134, 5.1369e-05, 5.1563e-05
150, 145, 5.13684e-05, 5.11149e-05
151, 0, 5.16511e-05, 5.1312e-05
151, 13, 5.18957e-05, 5.12065e-05
151, 18, 5.17523e-05, 5.17354e-05
151, 30, 5.16718e-05, 5.17435e-05
151, 40, 5.16584e-05, 5.1308e-05
151, 48, 5.17007e-05, 5.19303e-05
151, 55, 5.17713e-05, 5.13492e-05
151, 62, 5.16529e-05, 5.16545e-05
151, 68, 5.16813e-05, 5.17558e-05
151, 74, 5.1681e-05, 5.19475e-05
151, 75, 5.16513e-05, 5.19492e-05
151, 81, 5.15944e-05, 5.13515e-05
151, 84, 5.17363e-05, 5.13701e-05
151, 90, 5.16476e-05, 5.14651e-05
151, 95, 5.1678e-05, 5.18831e-05
151, 100, 5.1679e-05, 5.13091e-05
151, 106, 5.16302e-05, 5.18654e-05
151, 114, 5.16279e-05, 5.13395e-05
151, 123, 5.16588e-05, 5.18492e-05
151, 127, 5.16128e-05, 5.17054e-05
151, 134, 5.16626e-05, 5.12856e-05
151, 139, 5.16571e-05, 5.18755e-05
151, 145, 5.16498e-05, 5.17483e-05
151, 150, 5.16594e-05, 5.12989e-05
157, 0, 5.15816e-05, 5.12554e-05
157, 13, 5.1563e-05, 5.11952e-05
157, 18, 5.22544e-05, 5.12981e-05
157, 30, 5.15716e-05, 5.13977e-05
157, 40, 5.15864e-05, 5.18136e-05
157, 48, 5.15772e-05, 5.14974e-05
157, 55, 5.18626e-05, 5.12536e-05
157, 62, 5.15817e-05, 5.13853e-05
157, 68, 5.16263e-05, 5.1232e-05
157, 74, 5.1574e-05, 5.15099e-05
157, 75, 5.15712e-05, 5.15679e-05
157, 81, 5.15687e-05, 5.14776e-05
157, 84, 5.16585e-05, 5.09196e-05
157, 90, 5.17348e-05, 5.09607e-05
157, 95, 5.15779e-05, 5.14525e-05
157, 100, 5.15755e-05, 5.12341e-05
157, 106, 5.16059e-05, 5.14766e-05
157, 114, 5.15791e-05, 5.14477e-05
157, 123, 5.15838e-05, 5.14449e-05
157, 127, 5.15808e-05, 5.124e-05
157, 134, 5.16056e-05, 5.18267e-05
157, 139, 5.15767e-05, 5.14961e-05
157, 145, 5.15774e-05, 5.12712e-05
157, 150, 5.15795e-05, 5.12304e-05
157, 151, 5.1576e-05, 5.13998e-05
160, 0, 5.16974e-05, 5.13814e-05
160, 13, 5.17103e-05, 5.13169e-05
160, 18, 5.19242e-05, 5.15628e-05
160, 30, 5.16742e-05, 5.14112e-05
160, 40, 5.16972e-05, 5.20569e-05
160, 48, 5.16846e-05, 5.14814e-05
160, 55, 5.19019e-05, 5.14383e-05
160, 62, 5.17043e-05, 5.11084e-05
160, 68, 5.16908e-05, 5.15588e-05
160, 74, 5.17075e-05, 5.153e-05
160, 75, 5.16809e-05, 5.1454e-05
160, 81, 5.1684e-05, 5.14323e-05
160, 84, 5.17682e-05, 5.13113e-05
160, 90, 5.19185e-05, 5.15717e-05
160, 95, 5.17147e-05, 5.13926e-05
160, 100, 5.17094e-05, 5.10772e-05
160, 106, 5.17079e-05, 5.14163e-05
160, 114, 5.16818e-05, 5.13693e-05
160, 123, 5.16936e-05, 5.13879e-05
160, 127, 5.16836e-05, 5.17641e-05
160, 134, 5.16941e-05, 5.20214e-05
160, 139, 5.17176e-05, 5.142e-05
160, 145, 5.17005e-05, 5.18359e-05
160, 150, 5.17046e-05, 5.2018e-05
160, 151, 5.17003e-05, 5.13547e-05
160, 157, 5.17048e-05, 5.13812e-05
161, 0, 5.22418e-05, 5.13312e-05
161, 13, 5.23848e-05, 5.12204e-05
161, 18, 5.25693e-05, 5.17149e-05
161, 30, 5.22468e-05, 5.16537e-05
161, 40, 5.22576e-05, 5.19784e-05
161, 48, 5.22399e-05, 5.16968e-05
161, 55, 5.25586e-05, 5.1986e-05
161, 62, 5.2256e-05, 5.13793e-05
161, 68, 5.23248e-05, 5.15281e-05
161, 74, 5.25561e-05, 5.17359e-05
161, 75, 5.22746e-05, 5.17515e-05
161, 81, 5.22259e-05, 5.16864e-05
161, 84, 5.2318e-05, 5.11058e-05
161, 90, 5.24707e-05, 5.1517e-05
161, 95, 5.22544e-05, 5.16737e-05
161, 100, 5.22367e-05, 5.1987e-05
161, 106, 5.22611e-05, 5.17137e-05
161, 114, 5.22469e-05, 5.16216e-05
161, 123, 5.22877e-05, 5.16623e-05
161, 127, 5.22457e-05, 5.19286e-05
161, 134, 5.22472e-05, 5.19337e-05
161, 139, 5.22775e-05, 5.17111e-05
161, 145, 5.22448e-05, 5.16887e-05
161, 150, 5.22559e-05, 5.19426e-05
161, 151, 5.22319e-05, 5.16729e-05
161, 157, 5.2259e-05, 5.16546e-05
161, 160, 5.22554e-05, 5.13681e-05
162, 0, 5.13513e-05, 5.23769e-05
162, 13, 5.13937e-05, 5.1859e-05
162, 18, 5.16088e-05, 5.19611e-05
162, 30, 5.20059e-05, 5.23864e-05
162, 40, 5.13509e-05, 5.23898e-05
162, 48, 5.13571e-05, 5.23758e-05
162, 55, 5.15302e-05, 5.23827e-05
162, 62, 5.13535e-05, 5.23434e-05
162, 68, 5.20085e-05, 5.19555e-05
162, 74, 5.1378e-05, 5.24412e-05
162, 75, 5.14738e-05, 5.24313e-05
162, 81, 5.13501e-05, 5.23869e-05
162, 84, 5.14241e-05, 5.24972e-05
162, 90, 5.1365e-05, 5.24828e-05
162, 95, 5.13873e-05, 5.23509e-05
162, 100, 5.14186e-05, 5.22735e-05
162, 106, 5.13551e-05, 5.24227e-05
162, 123, 5.16146e-05, 5.23363e-05
162, 127, 5.13569e-05, 5.18884e-05
162, 134, 5.13519e-05, 5.23155e-05
162, 139, 5.15196e-05, 5.24273e-05
162, 145, 5.13493e-05, 5.23504e-05
162, 150, 5.13519e-05, 5.23251e-05
162, 151, 5.13433e-05, 5.23177e-05
162, 157, 5.13634e-05, 5.23579e-05
162, 160, 5.13562e-05, 5.23488e-05
162, 161, 5.13499e-05, 5.2343e-05
163, 0, 5.17807e-05, 5.22548e-05
163, 13, 5.16822e-05, 5.22376e-05
163, 18, 5.16591e-05, 5.28845e-05
163, 40, 5.18704e-05, 5.22991e-05
163, 48, 5.17896e-05, 5.22589e-05
163, 55, 5.16575e-05, 5.23194e-05
163, 62, 5.17386e-05, 5.22893e-05
163, 68, 5.17156e-05, 5.18386e-05
163, 74, 5.21121e-05, 5.24217e-05
163, 75, 5.17595e-05, 5.22132e-05
163, 81, 5.18006e-05, 5.22652e-05
163, 84, 5.21587e-05, 5.23747e-05
163, 90, 5.17638e-05, 5.24516e-05
163, 95, 5.1814e-05, 5.17293e-05
163, 100, 5.17688e-05, 5.22528e-05
163, 106, 5.18877e-05, 5.22786e-05
163, 123, 5.19324e-05, 5.23149e-05
163, 127, 5.1824e-05, 5.22824e-05
163, 134, 5.18028e-05, 5.22359e-05
163, 139, 5.18464e-05, 5.22911e-05
163, 145, 5.17927e-05, 5.22869e-05
163, 150, 5.17441e-05, 5.22613e-05
163, 151, 5.18283e-05, 5.22539e-05
163, 157, 5.17834e-05, 5.17729e-05
163, 160, 5.17592e-05, 5.2318e-05
163, 161, 5.17398e-05, 5.22667e-05
163, 162, 5.17538e-05, 5.22652e-05
164, 0, 5.21122e-05, 5.11603e-05
164, 13, 5.20889e-05, 5.15009e-05
164, 18, 5.21487e-05, 5.11385e-05
164, 40, 5.23129e-05, 5.15078e-05
164, 48, 5.21941e-05, 5.19718e-05
164, 55, 5.20856e-05, 5.15465e-05
164, 62, 5.21003e-05, 5.11411e-05
164, 68, 5.21332e-05, 5.1163e-05
164, 74, 5.24254e-05, 5.20787e-05
164, 75, 5.21721e-05, 5.20494e-05
164, 81, 5.21075e-05, 5.19529e-05
164, 84, 5.23595e-05, 5.1665e-05
164, 90, 5.21305e-05, 5.20901e-05
164, 95, 5.25162e-05, 5.19775e-05
164, 100, 5.21587e-05, 5.11933e-05
164, 106, 5.21943e-05, 5.19751e-05
164, 123, 5.23402e-05, 5.18835e-05
164, 127, 5.21413e-05, 5.10917e-05
164, 134, 5.22207e-05, 5.11722e-05
164, 139, 5.21474e-05, 5.205e-05
164, 145, 5.22096e-05, 5.11426e-05
164, 150, 5.21965e-05, 5.10842e-05
164, 151, 5.23079e-05, 5.19256e-05
164, 157, 5.21666e-05, 5.1906e-05
164, 160, 5.21489e-05, 5.15534e-05
164, 161, 5.212e-05, 5.19283e-05
164, 162, 5.21259e-05, 5.1942e-05
164, 163, 5.21694e-05, 5.11483e-05
166, 0, 5.22984e-05, 5.18083e-05
166, 13, 5.21022e-05, 5.17594e-05
166, 18, 5.23051e-05, 5.18786e-05
166, 40, 5.20607e-05, 5.18401e-05
166, 48, 5.20344e-05, 5.23906e-05
166, 55, 5.22494e-05, 5.21268e-05
166, 62, 5.23333e-05, 5.18724e-05
166, 68, 5.22637e-05, 5.18051e-05
166, 74, 5.24449e-05, 5.22704e-05
166, 75, 5.21665e-05, 5.22278e-05
166, 81, 5.22606e-05, 5.1874e-05
166, 84, 5.2116e-05, 5.19841e-05
166, 90, 5.20409e-05, 5.23405e-05
166, 95, 5.20631e-05, 5.18713e-05
166, 100, 5.21372e-05, 5.18282e-05
166, 106, 5.20282e-05, 5.23853e-05
166, 123, 5.22344e-05, 5.19064e-05
166, 127, 5.21566e-05, 5.18484e-05
166, 134, 5.20772e-05, 5.18454e-05
166, 139, 5.22386e-05, 5.24423e-05
166, 145, 5.2337e-05, 5.18655e-05
166, 150, 5.21176e-05, 5.18842e-05
166, 151, 5.21711e-05, 5.20537e-05
166, 157, 5.22689e-05, 5.18901e-05
166, 160, 5.21932e-05, 5.18453e-05
166, 161, 5.22593e-05, 5.1813e-05
166, 162, 5.20336e-05, 5.18323e-05
166, 163, 5.20289e-05, 5.19106e-05
166, 164, 5.23584e-05, 5.1912e-05
168, 0, 5.21389e-05, 5.14286e-05
168, 13, 5.19951e-05, 5.13512e-05
168, 18, 5.21449e-05, 5.12637e-05
168, 40, 5.20893e-05, 5.13867e-05
168, 48, 5.17703e-05, 5.14817e-05
168, 55, 5.20628e-05, 5.13975e-05
168, 62, 5.20677e-05, 5.1387e-05
168, 75, 5.18399e-05, 5.13851e-05
168, 81, 5.22283e-05, 5.14372e-05
168, 84, 5.20162e-05, 5.15628e-05
168, 90, 5.19367e-05, 5.15615e-05
168, 95, 5.21982e-05, 5.14047e-05
168, 100, 5.21103e-05, 5.13954e-05
168, 106, 5.1952e-05, 5.14505e-05
168, 123, 5.19849e-05, 5.1481e-05
168, 127, 5.20834e-05, 5.14043e-05
168, 134, 5.19696e-05, 5.13924e-05
168, 139, 5.20738e-05, 5.17263e-05
168, 145, 5.19368e-05, 5.14182e-05
168, 150, 5.20974e-05, 5.13706e-05
168, 160, 5.19395e-05, 5.14871e-05
168, 161, 5.20267e-05, 5.14761e-05
168, 162, 5.17257e-05, 5.12939e-05
168, 163, 5.19498e-05, 5.14797e-05
168, 164, 5.21896e-05, 5.14051e-05
168, 166, 5.20836e-05, 5.18936e-05
170, 13, 5.20534e-05, 5.10605e-05
170, 18, 5.24631e-05, 5.1227e-05
170, 55, 5.22492e-05, 5.12169e-05
170, 62, 5.20037e-05, 5.12051e-05
170, 81, 5.19699e-05, 5.12293e-05
170, 90, 5.19286e-05, 5.13354e-05
170, 106, 5.18876e-05, 5.14325e-05
170, 134, 5.18982e-05, 5.12267e-05
170, 161, 5.194e-05, 5.11707e-05
170, 162, 5.19266e-05, 5.11672e-05
170, 163, 5.19559e-05, 5.11818e-05
170, 164, 5.24395e-05, 5.12343e-05
170, 166, 5.23069e-05, 5.15893e-05
170, 168, 5.19498e-05, 5.13195e-05
171, 13, 5.16056e-05, 5.08869e-05
171, 55, 5.14887e-05, 5.10516e-05
171, 90, 5.1198e-05, 5.11354e-05
171, 106, 5.11167e-05, 5.13268e-05
171, 163, 5.10983e-05, 5.10569e-05
171, 164, 5.15142e-05, 5.1749e-05
171, 166, 5.15084e-05, 5.19863e-05
171, 168, 5.11742e-05, 5.12416e-05
171, 170, 5.12763e-05, 5.11386e-05
172, 55, 5.28623e-05, 5.21394e-05
172, 90, 5.24533e-05, 5.16248e-05
172, 164, 5.41183e-05, 5.20486e-05
172, 166, 5.29816e-05, 5.21953e-05
172, 168, 5.25185e-05, 5.153e-05
172, 170, 5.22183e-05, 5.14555e-05
172, 171, 5.23757e-05, 5.24869e-05
173, 55, 5.34113e-05, 5.1811e-05
173, 166, 5.30069e-05, 5.19246e-05
173, 168, 5.29064e-05, 5.18264e-05
173, 170, 5.208e-05, 5.15731e-05
173, 171, 5.23012e-05, 5.21957e-05
173, 172, 5.17357e-05, 5.19609e-05
174, 168, 5.39928e-05, 5.19471e-05
174, 170, 5.25586e-05, 5.17379e-05
174, 171, 5.34982e-05, 5.22146e-05
174, 172, 5.24195e-05, 5.20411e-05
174, 173, 5.30524e-05, 5.19309e-05
175, 168, 5.28717e-05, 5.17549e-05
175, 170, 5.1838e-05, 5.15814e-05
175, 171, 5.25208e-05, 5.20046e-05
175, 172, 5.20858e-05, 5.19272e-05
175, 173, 5.22168e-05, 5.19296e-05
175, 174, 5.21764e-05, 5.2423e-05
176, 168, 5.40344e-05, 5.19743e-05
176, 170, 5.2829e-05, 5.17551e-05
176, 171, 5.29159e-05, 5.23024e-05
176, 172, 5.21088e-05, 5.20633e-05
176, 173, 5.2271e-05, 5.21414e-05
176, 174, 5.2079e-05, 5.23864e-05
176, 175, 5.23893e-05, 5.18671e-05
177, 168, 5.26046e-05, 5.16086e-05
177, 170, 5.18964e-05, 5.16155e-05
177, 171, 5.22725e-05, 5.19994e-05
177, 172, 5.27786e-05, 5.1646e-05
177, 173, 5.23621e-05, 5.18241e-05
177, 174, 5.26907e-05, 5.20938e-05
177, 175, 5.20608e-05, 5.16779e-05
177, 176, 5.24611e-05, 5.1825e-05
178, 171, 5.25738e-05, 5.22701e-05
178, 172, 5.23319e-05, 5.26255e-05
178, 173, 5.22378e-05, 5.13006e-05
178, 174, 5.22292e-05, 5.23256e-05
178, 175, 5.21081e-05, 5.1286e-05
178, 176, 5.21805e-05, 5.21849e-05
178, 177, 5.1943e-05, 5.1978e-05
179, 171, 5.56766e-05, 5.26808e-05
179, 172, 5.24844e-05, 5.22285e-05
179, 173, 5.42891e-05, 5.21796e-05
179, 174, 5.30136e-05, 5.19952e-05
179, 175, 5.41231e-05, 5.16313e-05
179, 176, 5.36596e-05, 5.23581e-05
179, 177, 5.31491e-05, 5.24438e-05
179, 178, 5.35099e-05, 5.26185e-05
180, 171, 5.62523e-05, 5.26378e-05
180, 172, 5.33446e-05, 5.25828e-05
180, 173, 5.501e-05, 5.27049e-05
180, 174, 5.37964e-05, 5.29074e-05
180, 175, 5.50844e-05, 5.22478e-05
180, 176, 5.42865e-05, 5.26218e-05
180, 177, 5.40733e-05, 5.25218e-05
180, 178, 5.44529e-05, 5.26541e-05
180, 179, 5.33001e-05, 5.30812e-05
181, 174, 5.26892e-05, 5.32488e-05
181, 175, 5.34843e-05, 5.23069e-05
181, 176, 5.30629e-05, 5.23134e-05
181, 177, 5.27025e-05, 5.23635e-05
181, 178, 5.28938e-05, 5.26828e-05
181, 179, 5.19652e-05, 5.28853e-05
181, 180, 5.17076e-05, 5.2883e-05
182, 177, 5.44478e-05, 5.21246e-05
182, 178, 5.47504e-05, 5.22275e-05
182, 179, 5.30288e-05, 5.21841e-05
182, 180, 5.26963e-05, 5.23137e-05
182, 181, 5.24497e-05, 5.20101e-05
183, 178, 5.4142e-05, 5.24597e-05
183, 179, 5.29177e-05, 5.2078e-05
183, 180, 5.2846e-05, 5.14613e-05
183, 181, 5.27556e-05, 5.17274e-05
183, 182, 5.26886e-05, 5.19022e-05
184, 178, 5.54718e-05, 5.20995e-05
184, 179, 5.24458e-05, 5.19e-05
184, 180, 5.30437e-05, 5.19098e-05
184, 181, 5.21926e-05, 5.1636e-05
184, 182, 5.20728e-05, 5.17127e-05
184, 183, 5.18311e-05, 5.18427e-05
185, 179, 5.22765e-05, 5.19893e-05
185, 180, 5.22692e-05, 5.16081e-05
185, 181, 5.26652e-05, 5.16888e-05
185, 182, 5.18882e-05, 5.17066e-05
185, 183, 5.15244e-05, 5.19439e-05
185, 184, 5.15265e-05, 5.21688e-05
186, 179, 5.30266e-05, 5.30088e-05
186, 180, 5.29405e-05, 5.25151e-05
186, 181, 5.30033e-05, 5.2901e-05
186, 182, 5.25245e-05, 5.30122e-05
186, 183, 5.26079e-05, 5.27553e-05
186, 184, 5.25882e-05, 5.30198e-05
186, 185, 5.2496e-05, 5.2767e-05
188, 179, 5.26118e-05, 5.19798e-05
188, 180, 5.26717e-05, 5.20209e-05
188, 181, 5.28733e-05, 5.18476e-05
188, 182, 5.23521e-05, 5.18672e-05
188, 183, 5.20133e-05, 5.22742e-05
188, 184, 5.19774e-05, 5.19828e-05
188, 185, 5.2028e-05, 5.17447e-05
188, 186, 5.19477e-05, 5.18096e-05
189, 179, 5.43159e-05, 5.14377e-05
189, 180, 5.32298e-05, 5.14956e-05
189, 181, 5.25967e-05, 5.12009e-05
189, 182, 5.2157e-05, 5.12389e-05
189, 183, 5.16476e-05, 5.09601e-05
189, 184, 5.16484e-05, 5.13004e-05
189, 185, 5.17276e-05, 5.08953e-05
189, 186, 5.15148e-05, 5.12056e-05
189, 188, 5.15057e-05, 5.18425e-05
190, 179, 5.28469e-05, 5.23614e-05
190, 180, 5.34874e-05, 5.22646e-05
190, 181, 5.32322e-05, 5.21864e-05
190, 182, 5.28702e-05, 5.1647e-05
190, 183, 5.19383e-05, 5.20938e-05
190, 184, 5.18451e-05, 5.24943e-05
190, 185, 5.20355e-05, 5.11289e-05
190, 186, 5.15348e-05, 5.22641e-05
190, 188, 5.15143e-05, 5.18753e-05
190, 189, 5.14588e-05, 5.21275e-05
191, 179, 5.35974e-05, 5.19146e-05
191, 180, 5.39464e-05, 5.22975e-05
191, 181, 5.33231e-05, 5.1611e-05
191, 182, 5.349e-05, 5.17664e-05
191, 183, 5.19042e-05, 5.15598e-05
191, 184, 5.21533e-05, 5.18647e-05
191, 185, 5.22115e-05, 5.1436e-05
191, 186, 5.19942e-05, 5.17745e-05
191, 188, 5.18527e-05, 5.21881e-05
191, 189, 5.16541e-05, 5.24327e-05
191, 190, 5.16011e-05, 5.14731e-05
192, 180, 5.32097e-05, 5.17396e-05
192, 181, 5.37478e-05, 5.20965e-05
192, 182, 5.35518e-05, 5.16793e-05
192, 183, 5.32208e-05, 5.21902e-05
192, 184, 5.29378e-05, 5.24245e-05
192, 185, 5.33358e-05, 5.15977e-05
192, 186, 5.31068e-05, 5.22151e-05
192, 188, 5.28886e-05, 5.21351e-05
192, 189, 5.27561e-05, 5.23242e-05
192, 190, 5.28055e-05, 5.13876e-05
192, 191, 5.33634e-05, 5.19227e-05
195, 184, 5.2238e-05, 5.22492e-05
195, 185, 5.23972e-05, 5.18205e-05
195, 186, 5.21333e-05, 5.19508e-05
195, 188, 5.22228e-05, 5.19111e-05
195, 189, 5.20804e-05, 5.26219e-05
195, 190, 5.19941e-05, 5.16338e-05
195, 191, 5.25507e-05, 5.20922e-05
195, 192, 5.23272e-05, 5.16609e-05
196, 184, 5.25834e-05, 5.231e-05
196, 185, 5.274e-05, 5.10599e-05
196, 186, 5.22893e-05, 5.13622e-05
196, 188, 5.2392e-05, 5.19945e-05
196, 189, 5.30005e-05, 5.21169e-05
196, 190, 5.20893e-05, 5.11528e-05
196, 191, 5.30998e-05, 5.16826e-05
196, 192, 5.28586e-05, 5.18673e-05
196, 195, 5.23166e-05, 5.26045e-05
198, 184, 5.31119e-05, 5.19032e-05
198, 185, 5.18623e-05, 5.14833e-05
198, 186, 5.15722e-05, 5.15486e-05
198, 188, 5.1799e-05, 5.14656e-05
198, 189, 5.224e-05, 5.15855e-05
198, 190, 5.16457e-05, 5.13972e-05
198, 191, 5.18508e-05, 5.20303e-05
198, 192, 5.20158e-05, 5.15485e-05
198, 195, 5.15745e-05, 5.29577e-05
198, 196, 5.17576e-05, 5.17774e-05
199, 184, 5.22821e-05, 5.19602e-05
199, 185, 5.24458e-05, 5.13061e-05
199, 186, 5.21954e-05, 5.18448e-05
199, 188, 5.24374e-05, 5.15362e-05
199, 189, 5.24007e-05, 5.10717e-05
199, 190, 5.23191e-05, 5.14103e-05
199, 191, 5.27291e-05, 5.20833e-05
199, 192, 5.25324e-05, 5.06081e-05
199, 195, 5.25448e-05, 5.15937e-05
199, 196, 5.26077e-05, 5.18037e-05
199, 198, 5.24919e-05, 5.26845e-05
201, 185, 5.13764e-05, 5.13608e-05
201, 188, 5.11773e-05, 5.21553e-05
201, 189, 5.14848e-05, 5.22422e-05
201, 190, 5.13427e-05, 5.1403e-05
201, 191, 5.19365e-05, 5.19361e-05
201, 192, 5.12614e-05, 5.18739e-05
201, 195, 5.14303e-05, 5.28596e-05
201, 196, 5.14092e-05, 5.15805e-05
201, 198, 5.16239e-05, 5.25443e-05
201, 199, 5.12195e-05, 5.19955e-05
203, 188, 5.3128e-05, 5.17268e-05
203, 189, 5.32293e-05, 5.20528e-05
203, 190, 5.36516e-05, 5.14966e-05
203, 191, 5.49295e-05, 5.22175e-05
203, 192, 5.50974e-05, 5.1684e-05
203, 195, 5.31752e-05, 5.27048e-05
203, 196, 5.40162e-05, 5.18732e-05
203, 198, 5.28709e-05, 5.27128e-05
203, 199, 5.33362e-05, 5.19723e-05
203, 201, 5.34011e-05, 5.12248e-05
204, 188, 5.29375e-05, 5.19547e-05
204, 189, 5.28691e-05, 5.21494e-05
204, 190, 5.25003e-05, 5.15097e-05
204, 191, 5.43286e-05, 5.21781e-05
204, 192, 5.3581e-05, 5.17209e-05
204, 195, 5.28336e-05, 5.24065e-05
204, 196, 5.35473e-05, 5.18937e-05
204, 198, 5.26512e-05, 5.27205e-05
204, 199, 5.19929e-05, 5.19882e-05
204, 201, 5.2543e-05, 5.09725e-05
204, 203, 5.1689e-05, 5.24713e-05
205, 189, 5.37725e-05, 5.18511e-05
205, 190, 5.36481e-05, 5.16193e-05
205, 191, 5.42204e-05, 5.21158e-05
205, 192, 5.44255e-05, 5.16403e-05
205, 195, 5.31001e-05, 5.23524e-05
205, 196, 5.41753e-05, 5.19635e-05
205, 198, 5.24705e-05, 5.3104e-05
205, 199, 5.28599e-05, 5.17129e-05
205, 201, 5.30652e-05, 5.10735e-05
205, 203, 5.24913e-05, 5.23252e-05
205, 204, 5.19488e-05, 5.17403e-05
206, 190, 5.19947e-05, 5.12078e-05
206, 191, 5.30957e-05, 5.20896e-05
206, 192, 5.27264e-05, 5.15983e-05
206, 195, 5.22131e-05, 5.24461e-05
206, 196, 5.26058e-05, 5.18446e-05
206, 198, 5.20976e-05, 5.28526e-05
206, 199, 5.16815e-05, 5.18956e-05
206, 201, 5.18893e-05, 5.10208e-05
206, 203, 5.17476e-05, 5.22695e-05
206, 204, 5.18411e-05, 5.18122e-05
206, 205, 5.17547e-05, 5.24398e-05
207, 190, 5.23655e-05, 5.13488e-05
207, 191, 5.28862e-05, 5.19459e-05
207, 192, 5.24811e-05, 5.16603e-05
207, 195, 5.29044e-05, 5.22853e-05
207, 196, 5.30369e-05, 5.18123e-05
207, 198, 5.23089e-05, 5.30344e-05
207, 199, 5.22816e-05, 5.14368e-05
207, 201, 5.22769e-05, 5.10634e-05
207, 203, 5.24223e-05, 5.22735e-05
207, 204, 5.27156e-05, 5.13549e-05
207, 205, 5.22516e-05, 5.25166e-05
207, 206, 5.2605e-05, 5.18918e-05
209, 192, 5.27992e-05, 5.20114e-05
209, 195, 5.20762e-05, 5.26893e-05
209, 196, 5.29611e-05, 5.19567e-05
209, 198, 5.16924e-05, 5.28005e-05
209, 199, 5.19937e-05, 5.17419e-05
209, 201, 5.17743e-05, 5.12353e-05
209, 203, 5.24224e-05, 5.27161e-05
209, 204, 5.16845e-05, 5.17728e-05
209, 205, 5.24666e-05, 5.30076e-05
209, 206, 5.17459e-05, 5.19644e-05
209, 207, 5.17699e-05, 5.18305e-05
210, 195, 5.42343e-05, 5.19705e-05
210, 198, 5.34981e-05, 5.26112e-05
210, 199, 5.30731e-05, 5.18541e-05
210, 201, 5.37188e-05, 5.08259e-05
210, 203, 5.28201e-05, 5.23035e-05
210, 204, 5.28221e-05, 5.17157e-05
210, 205, 5.3336e-05, 5.23667e-05
210, 206, 5.35743e-05, 5.17287e-05
210, 207, 5.27959e-05, 5.17905e-05
210, 209, 5.24576e-05, 5.27369e-05
211, 195, 5.2348e-05, 5.22532e-05
211, 198, 5.25969e-05, 5.28297e-05
211, 199, 5.20686e-05, 5.16531e-05
211, 201, 5.22289e-05, 5.11335e-05
211, 203, 5.21225e-05, 5.24165e-05
211, 204, 5.19154e-05, 5.17965e-05
211, 205, 5.25726e-05, 5.25235e-05
211, 206, 5.21312e-05, 5.18388e-05
211, 207, 5.18936e-05, 5.18917e-05
211, 209, 5.23454e-05, 5.26774e-05
211, 210, 5.25891e-05, 5.29287e-05
212, 198, 5.37175e-05, 5.2741e-05
212, 199, 5.3631e-05, 5.17965e-05
212, 201, 5.39958e-05, 5.09322e-05
212, 203, 5.2644e-05, 5.2628e-05
212, 204, 5.26855e-05, 5.14523e-05
212, 205, 5.26895e-05, 5.25292e-05
212, 206, 5.40361e-05, 5.19584e-05
212, 207, 5.26978e-05, 5.19467e-05
212, 209, 5.20654e-05, 5.2863e-05
212, 210, 5.33861e-05, 5.2794e-05
212, 211, 5.20411e-05, 5.19811e-05
213, 199, 5.36875e-05, 5.1779e-05
213, 201, 5.28994e-05, 5.10934e-05
213, 203, 5.31665e-05, 5.23785e-05
213, 204, 5.19633e-05, 5.14319e-05
213, 205, 5.29514e-05, 5.24853e-05
213, 206, 5.24195e-05, 5.17887e-05
213, 207, 5.18345e-05, 5.15697e-05
213, 209, 5.19746e-05, 5.29796e-05
213, 210, 5.20649e-05, 5.29752e-05
213, 211, 5.19171e-05, 5.20202e-05
213, 212, 5.19619e-05, 5.26793e-05
214, 203, 5.13942e-05, 5.26017e-05
214, 204, 5.18214e-05, 5.12614e-05
214, 205, 5.14038e-05, 5.24431e-05
214, 206, 5.22426e-05, 5.17992e-05
214, 207, 5.13936e-05, 5.16109e-05
214, 209, 5.12888e-05, 5.30397e-05
214, 210, 5.19607e-05, 5.24865e-05
214, 211, 5.12823e-05, 5.20635e-05
214, 212, 5.1266e-05, 5.27159e-05
214, 213, 5.15965e-05, 5.10578e-05
215, 205, 5.3017e-05, 5.24988e-05
215, 206, 5.38083e-05, 5.16578e-05
215, 207, 5.36383e-05, 5.19513e-05
215, 209, 5.21653e-05, 5.25034e-05
215, 210, 5.29703e-05, 5.24683e-05
215, 211, 5.23553e-05, 5.2058e-05
215, 212, 5.27507e-05, 5.27363e-05
215, 213, 5.21899e-05, 5.17119e-05
215, 214, 5.21873e-05, 5.20439e-05
216, 207, 5.30164e-05, 5.20847e-05
216, 209, 5.23493e-05, 5.29418e-05
216, 210, 5.3623e-05, 5.24979e-05
216, 211, 5.23347e-05, 5.16006e-05
216, 212, 5.27524e-05, 5.22439e-05
216, 213, 5.24135e-05, 5.1845e-05
216, 214, 5.24203e-05, 5.21278e-05
216, 215, 5.25535e-05, 5.29184e-05
217, 209, 5.23671e-05, 5.33031e-05
217, 210, 5.33923e-05, 5.25331e-05
217, 211, 5.28382e-05, 5.18169e-05
217, 212, 5.36341e-05, 5.28134e-05
217, 213, 5.23637e-05, 5.16704e-05
217, 214, 5.22518e-05, 5.31062e-05
217, 215, 5.23827e-05, 5.22547e-05
217, 216, 5.23005e-05, 5.42142e-05
219, 210, 5.43664e-05, 5.21104e-05
219, 211, 5.29028e-05, 5.10707e-05
219, 212, 5.39022e-05, 5.22151e-05
219, 213, 5.3046e-05, 5.13092e-05
219, 214, 5.31603e-05, 5.23957e-05
219, 215, 5.29599e-05, 5.22477e-05
219, 216, 5.25655e-05, 5.3472e-05
219, 217, 5.26059e-05, 5.25063e-05
220, 210, 5.54399e-05, 5.15033e-05
220, 211, 5.36437e-05, 5.08747e-05
220, 212, 5.46201e-05, 5.22193e-05
220, 213, 5.36062e-05, 5.1248e-05
220, 214, 5.37195e-05, 5.19793e-05
220, 215, 5.28189e-05, 5.21413e-05
220, 216, 5.21727e-05, 5.24235e-05
220, 217, 5.21446e-05, 5.22654e-05
220, 219, 5.27926e-05, 5.17289e-05
221, 210, 5.59092e-05, 5.23932e-05
221, 211, 5.48388e-05, 5.19555e-05
221, 212, 5.60788e-05, 5.25192e-05
221, 213, 5.40726e-05, 5.15316e-05
221, 214, 5.38419e-05, 5.25169e-05
221, 215, 5.31876e-05, 5.27282e-05
221, 216, 5.27892e-05, 5.40144e-05
221, 217, 5.27033e-05, 5.2305e-05
221, 219, 5.27521e-05, 5.23445e-05
221, 220, 5.17017e-05, 5.34039e-05
222, 212, 5.40713e-05, 5.26413e-05
222, 213, 5.39516e-05, 5.14377e-05
222, 214, 5.32598e-05, 5.24663e-05
222, 215, 5.24971e-05, 5.3007e-05
222, 216, 5.15938e-05, 5.35335e-05
222, 217, 5.16001e-05, 5.23317e-05
222, 219, 5.25246e-05, 5.21729e-05
222, 220, 5.21172e-05, 5.35974e-05
222, 221, 5.17601e-05, 5.17041e-05
223, 213, 5.44438e-05, 5.14242e-05
223, 214, 5.45177e-05, 5.24597e-05
223, 215, 5.39474e-05, 5.26338e-05
223, 216, 5.20435e-05, 5.31871e-05
223, 217, 5.19354e-05, 5.23153e-05
223, 219, 5.32469e-05, 5.22876e-05
223, 220, 5.18039e-05, 5.37854e-05
223, 221, 5.14192e-05, 5.15558e-05
223, 222, 5.17403e-05, 5.21663e-05
224, 213, 5.50767e-05, 5.16778e-05
224, 214, 5.50366e-05, 5.20529e-05
224, 215, 5.39566e-05, 5.27565e-05
224, 216, 5.25636e-05, 5.33922e-05
224, 217, 5.23656e-05, 5.22552e-05
224, 219, 5.38646e-05, 5.22992e-05
224, 220, 5.28065e-05, 5.38072e-05
224, 221, 5.20834e-05, 5.18687e-05
224, 222, 5.24441e-05, 5.22879e-05
224, 223, 5.28858e-05, 5.18005e-05
225, 215, 5.44195e-05, 5.27947e-05
225, 216, 5.26036e-05, 5.3382e-05
225, 217, 5.34719e-05, 5.21682e-05
225, 219, 5.34761e-05, 5.20274e-05
225, 220, 5.22017e-05, 5.33988e-05
225, 221, 5.20633e-05, 5.17337e-05
225, 222, 5.21861e-05, 5.21775e-05
225, 223, 5.26507e-05, 5.18166e-05
225, 224, 5.21661e-05, 5.27783e-05
226, 216, 5.33326e-05, 5.3747e-05
226, 217, 5.30178e-05, 5.22816e-05
226, 219, 5.34544e-05, 5.21977e-05
226, 220, 5.25366e-05, 5.35022e-05
226, 221, 5.3386e-05, 5.19119e-05
226, 222, 5.27292e-05, 5.2049e-05
226, 223, 5.29624e-05, 5.16441e-05
226, 224, 5.26115e-05, 5.29239e-05
226, 225, 5.32589e-05, 5.35937e-05
227, 216, 5.29099e-05, 5.37168e-05
227, 217, 5.20607e-05, 5.20205e-05
227, 219, 5.33246e-05, 5.20199e-05
227, 220, 5.18387e-05, 5.3128e-05
227, 221, 5.22149e-05, 5.19149e-05
227, 222, 5.18477e-05, 5.20106e-05
227, 223, 5.22201e-05, 5.14242e-05
227, 224, 5.1776e-05, 5.29011e-05
227, 225, 5.22612e-05, 5.3104e-05
227, 226, 5.17167e-05, 5.28413e-05
228, 217, 5.26743e-05, 5.23871e-05
228, 219, 5.34399e-05, 5.28968e-05
228, 220, 5.17931e-05, 5.39584e-05
228, 221, 5.13134e-05, 5.19391e-05
228, 222, 5.16197e-05, 5.24254e-05
228, 223, 5.22153e-05, 5.14772e-05
228, 224, 5.14959e-05, 5.32663e-05
228, 225, 5.10586e-05, 5.34052e-05
228, 226, 5.15224e-05, 5.2956e-05
228, 227, 5.12354e-05, 5.23163e-05
229, 219, 5.46223e-05, 5.21313e-05
229, 220, 5.23558e-05, 5.36389e-05
229, 221, 5.20139e-05, 5.1744e-05
229, 222, 5.23383e-05, 5.22339e-05
229, 223, 5.34216e-05, 5.15388e-05
229, 224, 5.26196e-05, 5.29915e-05
229, 225, 5.1323e-05, 5.32933e-05
229, 226, 5.23623e-05, 5.28071e-05
229, 227, 5.12258e-05, 5.24432e-05
229, 228, 5.15631e-05, 5.26367e-05
230, 219, 5.301e-05, 5.20214e-05
230, 220, 5.23514e-05, 5.32315e-05
230, 221, 5.17228e-05, 5.16642e-05
230, 222, 5.18293e-05, 5.22797e-05
230, 223, 5.36033e-05, 5.17847e-05
230, 224, 5.19476e-05, 5.29071e-05
230, 225, 5.17591e-05, 5.39661e-05
230, 226, 5.16799e-05, 5.3124e-05
230, 227, 5.19094e-05, 5.22285e-05
230, 228, 5.16817e-05, 5.36047e-05
230, 229, 5.35095e-05, 5.32053e-05
231, 219, 5.42344e-05, 5.19314e-05
231, 220, 5.21024e-05, 5.30572e-05
231, 221, 5.16543e-05, 5.17279e-05
231, 222, 5.25216e-05, 5.23362e-05
231, 223, 5.29729e-05, 5.17525e-05
231, 224, 5.22152e-05, 5.26731e-05
231, 225, 5.14123e-05, 5.3271e-05
231, 226, 5.22064e-05, 5.27544e-05
231, 227, 5.15599e-05, 5.21166e-05
231, 228, 5.14557e-05, 5.30052e-05
231, 229, 5.1385e-05, 5.41594e-05
231, 230, 5.17151e-05, 5.30277e-05
232, 220, 5.39391e-05, 5.33634e-05
232, 221, 5.44818e-05, 5.12665e-05
232, 222, 5.48216e-05, 5.22855e-05
232, 223, 5.47926e-05, 5.15215e-05
232, 224, 5.37885e-05, 5.27269e-05
232, 225, 5.25491e-05, 5.38397e-05
232, 226, 5.36622e-05, 5.27393e-05
232, 227, 5.23885e-05, 5.17446e-05
232, 228, 5.28705e-05, 5.32627e-05
232, 229, 5.3586e-05, 5.32592e-05
232, 230, 5.2467e-05, 5.28669e-05
232, 231, 5.29134e-05, 5.06249e-05
233, 221, 5.19549e-05, 5.17355e-05
233, 222, 5.27592e-05, 5.19607e-05
233, 223, 5.36443e-05, 5.16339e-05
233, 224, 5.2894e-05, 5.29702e-05
233, 225, 5.19121e-05, 5.29818e-05
233, 226, 5.31792e-05, 5.27215e-05
233, 227, 5.21771e-05, 5.20973e-05
233, 228, 5.18341e-05, 5.25448e-05
233, 229, 5.18075e-05, 5.30952e-05
233, 230, 5.19171e-05, 5.30337e-05
233, 231, 5.19127e-05, 5.13987e-05
233, 232, 5.21876e-05, 5.34656e-05
235, 224, 5.34285e-05, 5.27766e-05
235, 225, 5.21618e-05, 5.29746e-05
235, 226, 5.35223e-05, 5.29437e-05
235, 227, 5.19743e-05, 5.21585e-05
235, 228, 5.23631e-05, 5.32251e-05
235, 229, 5.43487e-05, 5.32407e-05
235, 230, 5.21483e-05, 5.22595e-05
235, 231, 5.2664e-05, 5.14263e-05
235, 232, 5.2111e-05, 5.37062e-05
235, 233, 5.18578e-05, 5.05084e-05
236, 225, 5.13997e-05, 5.35144e-05
236, 226, 5.23958e-05, 5.32061e-05
236, 227, 5.11039e-05, 5.22645e-05
236, 228, 5.13962e-05, 5.30816e-05
236, 229, 5.26383e-05, 5.31776e-05
236, 230, 5.12146e-05, 5.36807e-05
236, 231, 5.15857e-05, 5.14345e-05
236, 232, 5.13581e-05, 5.35713e-05
236, 233, 5.09146e-05, 5.10475e-05
236, 235, 5.14502e-05, 5.35956e-05
237, 227, 5.33549e-05, 5.17579e-05
237, 228, 5.47848e-05, 5.30627e-05
237, 229, 5.52885e-05, 5.3043e-05
237, 230, 5.36073e-05, 5.28907e-05
237, 231, 5.56488e-05, 5.14878e-05
237, 232, 5.32785e-05, 5.34706e-05
237, 233, 5.21167e-05, 5.05476e-05
237, 235, 5.08572e-05, 5.33837e-05
237, 236, 5.09056e-05, 5.17245e-05
238, 229, 5.82639e-05, 5.25983e-05
238, 230, 5.6408e-05, 5.28755e-05
238, 231, 5.77469e-05, 5.14158e-05
238, 232, 5.64287e-05, 5.41688e-05
238, 233, 5.49474e-05, 5.10985e-05
238, 235, 5.25779e-05, 5.24736e-05
238, 236, 5.20254e-05, 5.1913e-05
238, 237, 5.36207e-05, 5.06853e-05
239, 230, 5.94866e-05, 5.22145e-05
239, 231, 6.11724e-05, 5.0675e-05
239, 232, 5.98138e-05, 5.36241e-05
239, 233, 6.00991e-05, 5.05619e-05
239, 235, 5.54513e-05, 5.38892e-05
239, 236, 5.5724e-05, 5.17879e-05
239, 237, 5.36627e-05, 5.11425e-05
239, 238, 5.2412e-05, 5.67576e-05
240, 232, 7.32524e-05, 5.34137e-05
240, 233, 7.00877e-05, 5.04222e-05
240, 235, 6.80653e-05, 5.30994e-05
240, 236, 6.90479e-05, 5.22551e-05
240, 237, 6.3406e-05, 5.05449e-05
240, 238, 6.14526e-05, 5.63933e-05
240, 239, 5.17756e-05, 5.18227e-05
241, 232, 5.88056e-05, 5.28202e-05
241, 233, 5.58539e-05, 5.06916e-05
241, 235, 5.34528e-05, 5.27862e-05
241, 236, 5.27053e-05, 5.20729e-05
241, 237, 5.64421e-05, 5.13457e-05
241, 238, 5.64828e-05, 5.64583e-05
241, 239, 7.2917e-05, 5.10287e-05
241, 240, 5.09243e-05, 5.21736e-05
242, 233, 5.86536e-05, 5.05444e-05
242, 235, 5.50544e-05, 5.31218e-05
242, 236, 5.39341e-05, 5.25923e-05
242, 237, 5.58638e-05, 5.10376e-05
242, 238, 5.52181e-05, 5.56284e-05
242, 239, 6.63253e-05, 5.1079e-05
242, 240, 5.36319e-05, 5.07761e-05
242, 241, 6.00594e-05, 5.2279e-05
243, 235, 5.86298e-05, 5.24798e-05
243, 236, 5.69182e-05, 5.21676e-05
243, 237, 6.11783e-05, 5.06237e-05
243, 238, 6.1373e-05, 5.69132e-05
243, 239, 7.81363e-05, 5.14804e-05
243, 240, 5.2501e-05, 5.16066e-05
243, 241, 7.00508e-05, 5.24288e-05
243, 242, 5.9934e-05, 5.40259e-05
244, 236, 6.15298e-05, 5.14882e-05
244, 237, 6.74152e-05, 5.0716e-05
244, 238, 6.47111e-05, 5.66815e-05
244, 239, 8.37248e-05, 5.13649e-05
244, 240, 5.38481e-05, 5.13375e-05
244, 241, 7.5883e-05, 5.25194e-05
244, 242, 5.87586e-05, 5.46447e-05
244, 243, 5.3793e-05, 5.60106e-05
245, 237, 5.4617e-05, 5.05181e-05
245, 238, 5.35271e-05, 5.59568e-05
245, 239, 6.43597e-05, 5.15492e-05
245, 240, 5.38922e-05, 5.13063e-05
245, 241, 5.64546e-05, 5.21486e-05
245, 242, 7.14185e-05, 5.42372e-05
245, 243, 5.16764e-05, 5.61891e-05
245, 244, 5.76024e-05, 5.90625e-05
246, 237, 7.40886e-05, 5.04635e-05
246, 238, 7.01106e-05, 5.58966e-05
246, 239, 9.13114e-05, 5.09433e-05
246, 240, 5.72496e-05, 5.15524e-05
246, 241, 8.23366e-05, 5.21371e-05
246, 242, 5.59546e-05, 5.46087e-05
246, 243, 5.77811e-05, 5.59416e-05
246, 244, 5.28621e-05, 5.85109e-05
246, 245, 7.64449e-05, 5.15916e-05
247, 238, 5.58751e-05, 5.63764e-05
247, 239, 6.70581e-05, 5.15777e-05
247, 240, 5.25013e-05, 5.21778e-05
247, 241, 6.11282e-05, 5.21357e-05
247, 242, 6.53255e-05, 5.39738e-05
247, 243, 5.10677e-05, 5.55482e-05
247, 244, 5.38835e-05, 5.86617e-05
247, 245, 5.88007e-05, 5.16282e-05
247, 246, 8.56811e-05, 5.03338e-05
248, 240, 5.94583e-05, 5.16463e-05
248, 241, 5.94748e-05, 5.2181e-05
248, 242, 8.03215e-05, 5.34577e-05
248, 243, 5.49335e-05, 5.58041e-05
248, 244, 6.12608e-05, 5.86327e-05
248, 245, 5.38915e-05, 5.16556e-05
248, 246, 7.63979e-05, 4.97054e-05
248, 247, 6.46823e-05, 5.15837e-05
249, 242, 0.000127145, 5.38874e-05
249, 243, 9.58522e-05, 5.50449e-05
249, 244, 0.000107698, 5.8307e-05
249, 245, 7.03625e-05, 5.15087e-05
249, 246, 5.98523e-05, 4.9061e-05
249, 247, 5.92341e-05, 5.07392e-05
249, 248, 0.000108687, 5.20987e-05
250, 242, 9.79233e-05, 5.31784e-05
250, 243, 6.70311e-05, 5.55408e-05
250, 244, 7.69468e-05, 5.83478e-05
250, 245, 5.47485e-05, 5.08969e-05
250, 246, 6.48302e-05, 4.95275e-05
250, 247, 5.5877e-05, 5.07345e-05
250, 248, 7.82407e-05, 5.151e-05
250, 249, 5.227e-05, 5.40988e-05
251, 244, 7.18145e-05, 5.85019e-05
251, 245, 7.78239e-05, 5.15395e-05
251, 246, 0.000102716, 5.00411e-05
251, 247, 9.01235e-05, 5.1308e-05
251, 248, 6.27082e-05, 5.20932e-05
251, 249, 6.64679e-05, 5.33328e-05
251, 250, 8.35608e-05, 5.42639e-05
252, 248, 0.000150733, 5.13249e-05
252, 249, 0.000107883, 5.30969e-05
252, 250, 9.48788e-05, 5.41925e-05
252, 251, 0.000108179, 5.0186e-05
253, 249, 0.000120782, 5.31928e-05
253, 250, 0.000123169, 5.35443e-05
253, 251, 0.000100341, 4.95066e-05
253, 252, 7.30565e-05, 5.79445e-05
254, 251, 0.000148124, 4.90451e-05
254, 252, 9.63061e-05, 5.72049e-05
254, 253, 7.72061e-05, 5.05306e-05
255, 252, 0.000164795, 5.66675e-05
255, 253, 0.000109592, 4.92166e-05
255, 254, 0.000109065, 4.94212e-05
256, 253, 0.000235963, 4.71535e-05
256, 254, 0.000221301, 4.70701e-05
256, 255, 0.000150554, 4.8736e-05
257, 255, 0.000218096, 4.86998e-05
257, 256, 9.11935e-05, 5.45467e-05
258, 256, 0.00014964, 5.47202e-05
258, 257, 7.86256e-05, 6.15842e-05
259, 256, 0.000203001, 5.39058e-05
259, 257, 0.000168023, 6.08746e-05
259, 258, 7.69003e-05, 5.8394e-05
260, 256, 0.000199382, 5.3816e-05
260, 257, 0.00015671, 6.11273e-05
260, 258, 6.72493e-05, 5.88846e-05
260, 259, 4.49803e-05, 4.90477e-05
261, 258, 0.000138671, 5.71821e-05
261, 259, 0.000105349, 4.77583e-05
261, 260, 0.000112912, 4.89855e-05
262, 259, 0.000145864, 4.6821e-05
262, 260, 0.00014181, 4.80432e-05
262, 261, 5.70729e-05, 4.86119e-05
263, 259, 0.000141366, 4.71065e-05
263, 260, 0.000156403, 4.80327e-05
263, 261, 6.41743e-05, 4.9623e-05
263, 262, 6.72198e-05, 4.47775e-05
264, 261, 9.87145e-05, 4.78473e-05
264, 262, 8.61952e-05, 4.27012e-05
264, 263, 5.31554e-05, 4.94267e-05
265, 261, 8.92406e-05, 4.77194e-05
265, 262, 6.29635e-05, 4.35967e-05
265, 263, 5.1697e-05, 5.05022e-05
265, 264, 5.67111e-05, 5.54845e-05
266, 261, 8.89251e-05, 4.82014e-05
266, 262, 6.02848e-05, 4.28627e-05
266, 263, 6.09058e-05, 5.05785e-05
266, 264, 6.68168e-05, 5.6479e-05
266, 265, 6.64609e-05, 3.98048e-05
267, 262, 8.137e-05, 4.2232e-05
267, 263, 6.43886e-05, 4.93195e-05
267, 264, 5.4034e-05, 5.51276e-05
267, 265, 5.10894e-05, 3.95047e-05
267, 266, 5.65705e-05, 4.13146e-05
268, 262, 8.86595e-05, 4.23512e-05
268, 263, 8.00956e-05, 4.79454e-05
268, 264, 7.16982e-05, 5.53317e-05
268, 265, 6.92045e-05, 4.06062e-05
268, 266, 7.26092e-05, 4.13737e-05
268, 267, 4.64961e-05, 5.6288e-05
269, 262, 0.000101959, 4.20105e-05
269, 263, 9.00941e-05, 4.98681e-05
269, 264, 7.80687e-05, 5.54595e-05
269, 265, 7.40547e-05, 3.92441e-05
269, 266, 7.42938e-05, 3.99679e-05
269, 267, 5.09614e-05, 5.60497e-05
269, 268, 4.41503e-05, 4.5778e-05
271, 265, 0.000100938, 3.85002e-05
271, 266, 9.19096e-05, 4.12905e-05
271, 267, 9.62351e-05, 5.47567e-05
271, 268, 8.27595e-05, 4.57832e-05
271, 269, 5.77005e-05, 4.15849e-05
272, 267, 0.000108269, 5.47084e-05
272, 268, 9.04537e-05, 4.51628e-05
272, 269, 8.96347e-05, 3.97378e-05
272, 271, 9.11339e-05, 4.82235e-05
273, 268, 0.000142292, 4.54453e-05
273, 269, 0.00012858, 4.13106e-05
273, 271, 0.000100416, 5.05966e-05
273, 272, 6.97915e-05, 4.96033e-05
274, 269, 0.000146632, 3.9281e-05
274, 271, 0.000109687, 4.8545e-05
274, 272, 7.68652e-05, 4.93295e-05
274, 273, 5.95781e-05, 5.73072e-05
275, 271, 0.000137652, 4.66206e-05
275, 272, 0.000103519, 4.81874e-05
275, 273, 7.3143e-05, 5.76628e-05
275, 274, 5.0589e-05, 7.262e-05
276, 272, 0.00012062, 4.81608e-05
276, 273, 7.65003e-05, 5.62949e-05
276, 274, 7.61902e-05, 7.23274e-05
276, 275, 7.94428e-05, 3.90773e-05
277, 273, 0.000113736, 5.63553e-05
277, 274, 0.00011683, 7.12573e-05
277, 275, 0.000110497, 3.85172e-05
277, 276, 8.28116e-05, 4.06769e-05
278, 273, 0.000112751, 5.53263e-05
278, 274, 0.000100032, 7.16477e-05
278, 275, 8.38726e-05, 3.87834e-05
278, 276, 6.16618e-05, 4.11851e-05
278, 277, 5.95756e-05, 3.5597e-05
279, 274, 0.000110121, 7.20969e-05
279, 275, 8.34067e-05, 3.84766e-05
279, 276, 6.64119e-05, 4.04272e-05
279, 277, 7.10331e-05, 3.66203e-05
279, 278, 7.85988e-05, 6.28624e-05
280, 275, 0.000139393, 3.8168e-05
280, 276, 0.000115786, 3.98219e-05
280, 277, 4.64577e-05, 3.60491e-05
280, 278, 4.3825e-05, 6.21677e-05
280, 279, 8.16545e-05, 3.95014e-05
281, 275, 0.000106461, 3.58984e-05
281, 276, 8.46621e-05, 3.95459e-05
281, 277, 5.87683e-05, 3.52801e-05
281, 278, 6.48806e-05, 6.25479e-05
281, 279, 4.75427e-05, 3.68843e-05
281, 280, 5.01868e-05, 5.18402e-05
282, 277, 9.3704e-05, 3.4122e-05
282, 278, 9.9903e-05, 6.22732e-05
282, 279, 4.48246e-05, 3.78021e-05
282, 280, 4.35187e-05, 5.2064e-05
282, 281, 6.40731e-05, 3.9312e-05
283, 277, 5.89714e-05, 3.68675e-05
283, 278, 5.88772e-05, 6.17955e-05
283, 279, 8.61972e-05, 3.75386e-05
283, 280, 9.02567e-05, 5.17433e-05
283, 281, 5.1951e-05, 4.0525e-05
283, 282, 4.22744e-05, 7.08006e-05
284, 277, 9.00018e-05, 3.51872e-05
284, 278, 9.8734e-05, 6.25714e-05
284, 279, 5.0028e-05, 3.76291e-05
284, 280, 4.9353e-05, 5.26596e-05
284, 281, 6.13021e-05, 3.90801e-05
284, 282, 6.20276e-05, 6.99499e-05
284, 283, 7.22125e-05, 4.07366e-05
285, 278, 0.00010728, 6.22411e-05
285, 279, 5.99623e-05, 3.71867e-05
285, 280, 5.68212e-05, 5.05916e-05
285, 281, 7.24148e-05, 4.06647e-05
285, 282, 6.73437e-05, 7.09172e-05
285, 283, 7.92014e-05, 4.11436e-05
285, 284, 0.000102877, 4.05108e-05
286, 277, 7.60464e-05, 3.69213e-05
286, 278, 8.20525e-05, 6.15268e-05
286, 279, 6.8039e-05, 3.76929e-05
286, 280, 6.76979e-05, 5.06932e-05
286, 281, 5.01073e-05, 3.79383e-05
286, 282, 4.20387e-05, 7.01187e-05
286, 283, 5.04492e-05, 4.22652e-05
286, 284, 6.67768e-05, 4.08852e-05
286, 285, 4.08181e-05, 4.0065e-05
287, 279, 0.000120718, 3.74691e-05
287, 280, 0.000127858, 4.95971e-05
287, 281, 8.63191e-05, 3.9327e-05
287, 282, 7.19524e-05, 7.10236e-05
287, 283, 7.14254e-05, 4.04782e-05
287, 284, 4.80207e-05, 4.14089e-05
287, 285, 6.17919e-05, 3.94823e-05
287, 286, 7.31163e-05, 8.22778e-05
288, 280, 0.000128538, 5.1424e-05
288, 281, 0.00010052, 3.92897e-05
288, 282, 8.19628e-05, 7.04677e-05
288, 283, 8.02692e-05, 4.13422e-05
288, 284, 6.63637e-05, 3.99995e-05
288, 285, 7.28284e-05, 4.03849e-05
288, 286, 7.62185e-05, 8.29723e-05
288, 287, 6.83288e-05, 7.81561e-05
289, 284, 0.00010282, 4.00556e-05
289, 285, 0.000114037, 3.70007e-05
289, 286, 0.000121149, 8.38867e-05
289, 287, 0.000109445, 7.81428e-05
289, 288, 5.88919e-05, 5.329e-05
290, 285, 0.00013554, 3.74979e-05
290, 286, 0.000135339, 8.1997e-05
290, 287, 0.000111887, 7.66299e-05
290, 288, 7.21382e-05, 5.15281e-05
290, 289, 5.98562e-05, 5.86551e-05
291, 287, 0.00017493, 7.82483e-05
291, 288, 0.000126232, 5.17715e-05
291, 289, 0.00011713, 5.84539e-05
291, 290, 6.08701e-05, 5.87269e-05
292, 288, 0.000199101, 5.14953e-05
292, 289, 0.000198327, 5.70803e-05
292, 290, 0.000112792, 5.80398e-05
292, 291, 6.91864e-05, 3.91841e-05
293, 289, 0.000185456, 5.69917e-05
293, 290, 0.000116696, 5.69027e-05
293, 291, 8.13666e-05, 4.20536e-05
293, 292, 4.55677e-05, 7.28284e-05
294, 290, 0.000162023, 5.71461e-05
294, 291, 0.000120556, 4.02338e-05
294, 292, 7.54268e-05, 7.15616e-05
294, 293, 5.18251e-05, 4.38362e-05
295, 291, 0.000143311, 4.06036e-05
295, 292, 0.000105568, 7.21232e-05
295, 293, 7.62146e-05, 4.37173e-05
295, 294, 6.86502e-05, 4.43456e-05
296, 291, 0.000149509, 3.90914e-05
296, 292, 9.99552e-05, 7.11365e-05
296, 293, 7.72216e-05, 4.27208e-05
296, 294, 5.24473e-05, 4.36541e-05
296, 295, 6.26267e-05, 3.38593e-05
298, 292, 0.000113648, 7.06535e-05
298, 293, 8.76797e-05, 4.35392e-05
298, 294, 5.2445e-05, 4.34174e-05
298, 295, 5.11882e-05, 3.10941e-05
298, 296, 3.46215e-05, 4.90026e-05
299, 292, 0.00011151, 7.07135e-05
299, 293, 8.86432e-05, 4.28312e-05
299, 294, 7.07867e-05, 4.31955e-05
299, 295, 8.1931e-05, 3.26755e-05
299, 296, 4.57044e-05, 4.81503e-05
299, 298, 7.88031e-05, 4.57746e-05
300, 292, 0.000122749, 7.01194e-05
300, 293, 9.49003e-05, 4.17427e-05
300, 294, 6.48277e-05, 4.35224e-05
300, 295, 5.14588e-05, 3.12259e-05
300, 296, 3.83214e-05, 4.92652e-05
300, 298, 4.65823e-05, 4.50592e-05
300, 299, 4.50161e-05, 3.28665e-05
301, 294, 7.31438e-05, 4.27935e-05
301, 295, 6.52728e-05, 3.13233e-05
301, 296, 4.57328e-05, 4.78847e-05
301, 298, 5.68741e-05, 4.69093e-05
301, 299, 4.93691e-05, 3.32704e-05
301, 300, 6.31297e-05, 2.87041e-05
302, 294, 8.10108e-05, 4.33201e-05
302, 295, 5.91208e-05, 3.14318e-05
302, 296, 6.39257e-05, 4.82924e-05
302, 298, 5.69022e-05, 4.52944e-05
302, 299, 4.2655e-05, 3.41002e-05
302, 300, 4.44398e-05, 3.00546e-05
302, 301, 6.42045e-05, 3.25264e-05
303, 294, 7.84168e-05, 4.29101e-05
303, 295, 5.41358e-05, 3.20267e-05
303, 296, 5.50086e-05, 4.78883e-05
303, 298, 5.23723e-05, 4.53908e-05
303, 299, 4.53235e-05, 3.22825e-05
303, 300, 5.15466e-05, 2.86405e-05
303, 301, 4.91505e-05, 3.29368e-05
303, 302, 5.18506e-05, 7.08743e-05
304, 295, 8.48624e-05, 3.13854e-05
304, 296, 7.34352e-05, 4.85292e-05
304, 298, 7.28242e-05, 4.42734e-05
304, 299, 7.13561e-05, 3.24466e-05
304, 300, 7.80966e-05, 3.01891e-05
304, 301, 4.75467e-05, 3.33782e-05
304, 302, 4.21002e-05, 6.98709e-05
304, 303, 3.3736e-05, 2.92703e-05
305, 296, 0.000103106, 4.76323e-05
305, 298, 9.20441e-05, 4.47549e-05
305, 299, 8.73756e-05, 3.18036e-05
305, 300, 7.557e-05, 2.88275e-05
305, 301, 8.68816e-05, 3.20495e-05
305, 302, 8.23507e-05, 7.05722e-05
305, 303, 5.95445e-05, 2.65498e-05
305, 304, 4.75459e-05, 7.79018e-05
306, 298, 0.000101224, 4.56171e-05
306, 300, 9.18507e-05, 2.7617e-05
306, 301, 0.000102056, 3.20284e-05
306, 302, 9.48542e-05, 7.03907e-05
306, 303, 7.12792e-05, 2.80483e-05
306, 304, 6.07846e-05, 7.85726e-05
306, 305, 6.23615e-05, 2.97542e-05
307, 300, 9.75821e-05, 2.71604e-05
307, 301, 0.000107352, 3.21065e-05
307, 302, 0.000102671, 7.0144e-05
307, 303, 8.54399e-05, 2.78675e-05
307, 304, 7.31299e-05, 7.85185e-05
307, 305, 6.69215e-05, 3.20334e-05
307, 306, 3.2103e-05, 3.06218e-05
308, 302, 0.000117696, 6.88017e-05
308, 303, 0.000120703, 2.64476e-05
308, 304, 0.000113679, 7.75809e-05
308, 305, 7.87444e-05, 2.93346e-05
308, 306, 8.92069e-05, 3.22691e-05
308, 307, 5.96991e-05, 6.44667e-05
309, 304, 0.000149885, 7.92427e-05
309, 305, 0.00013609, 3.04772e-05
309, 306, 9.86795e-05, 3.22353e-05
309, 307, 0.000104777, 6.39566e-05
309, 308, 5.96128e-05, 4.03721e-05
310, 305, 0.000153987, 2.91135e-05
310, 306, 0.000127852, 2.95512e-05
310, 307, 0.000114072, 6.36982e-05
310, 308, 6.90953e-05, 4.00888e-05
310, 309, 3.05247e-05, 2.52773e-05
311, 305, 0.000171321, 2.88694e-05
311, 306, 0.000131701, 3.05023e-05
311, 307, 0.000141491, 6.33463e-05
311, 308, 9.48537e-05, 3.9945e-05
311, 309, 5.70837e-05, 2.5015e-05
311, 310, 3.13575e-05, 2.55871e-05
313, 307, 0.000177959, 6.3568e-05
313, 308, 0.00013085, 3.75524e-05
313, 309, 8.6265e-05, 2.33701e-05
313, 310, 9.81777e-05, 2.65255e-05
313, 311, 7.53499e-05, 3.979e-05
314, 308, 8.16456e-05, 4.01205e-05
314, 309, 4.81309e-05, 2.34257e-05
314, 310, 6.32502e-05, 2.55794e-05
314, 311, 7.5136e-05, 4.22714e-05
314, 313, 2.94697e-05, 3.75041e-05
316, 308, 0.000134188, 3.93353e-05
316, 309, 8.98388e-05, 2.42784e-05
316, 310, 7.21439e-05, 2.60315e-05
316, 311, 3.28581e-05, 4.08562e-05
316, 313, 9.83256e-05, 3.79846e-05
316, 314, 8.05503e-05, 3.17267e-05
317, 309, 6.77338e-05, 2.32391e-05
317, 310, 6.73979e-05, 2.49363e-05
317, 311, 5.16224e-05, 4.16185e-05
317, 313, 4.93089e-05, 3.78042e-05
317, 314, 4.91385e-05, 3.20981e-05
317, 316, 4.02153e-05, 3.50128e-05
318, 308, 0.000114558, 3.81751e-05
318, 309, 7.01285e-05, 2.3739e-05
318, 310, 7.12505e-05, 2.44495e-05
318, 311, 4.90967e-05, 4.00155e-05
318, 313, 5.36672e-05, 3.79714e-05
318, 314, 5.14667e-05, 3.11949e-05
318, 316, 4.39704e-05, 3.44574e-05
318, 317, 3.33914e-05, 6.33764e-05
319, 310, 6.11247e-05, 2.39723e-05
319, 311, 3.82342e-05, 3.97088e-05
319, 313, 6.38893e-05, 3.70748e-05
319, 314, 5.54133e-05, 3.21627e-05
319, 316, 4.0839e-05, 3.52215e-05
319, 317, 2.89797e-05, 6.14438e-05
319, 318, 5.31331e-05, 4.83603e-05
320, 310, 0.00012403, 2.4209e-05
320, 311, 6.68573e-05, 3.98715e-05
320, 313, 0.000122463, 3.80198e-05
320, 314, 0.000117912, 3.19892e-05
320, 316, 9.7734e-05, 3.50315e-05
320, 317, 5.86893e-05, 6.24068e-05
320, 318, 7.87657e-05, 5.022e-05
320, 319, 2.86944e-05, 4.4763e-05
321, 311, 9.14031e-05, 4.0504e-05
321, 313, 0.00011733, 3.73182e-05
321, 314, 0.000125797, 3.15441e-05
321, 316, 0.000105678, 3.51276e-05
321, 317, 5.94086e-05, 6.21876e-05
321, 318, 6.64895e-05, 4.8531e-05
321, 319, 4.12741e-05, 4.3712e-05
321, 320, 5.71704e-05, 5.27253e-05
322, 311, 5.79707e-05, 4.0975e-05
322, 313, 4.30855e-05, 3.9318e-05
322, 314, 4.78352e-05, 3.20642e-05
322, 316, 3.63167e-05, 3.61218e-05
322, 317, 4.34286e-05, 6.36512e-05
322, 318, 4.48464e-05, 4.83909e-05
322, 319, 8.13128e-05, 4.38413e-05
322, 320, 5.58048e-05, 5.44651e-05
322, 321, 9.04623e-05, 7.71609e-05
323, 310, 0.000112035, 2.61113e-05
323, 311, 8.73029e-05, 3.96343e-05
323, 313, 5.78124e-05, 3.81176e-05
323, 314, 8.371e-05, 3.32107e-05
323, 316, 7.96644e-05, 3.55163e-05
323, 317, 5.36311e-05, 6.24373e-05
323, 318, 2.88157e-05, 4.81092e-05
323, 319, 8.00538e-05, 4.46091e-05
323, 320, 3.18453e-05, 5.30296e-05
323, 321, 8.73134e-05, 7.83107e-05
323, 322, 3.80834e-05, 4.4659e-05
324, 317, 5.4907e-05, 6.42405e-05
324, 318, 6.12345e-05, 4.94297e-05
324, 319, 3.98957e-05, 4.41443e-05
324, 320, 5.53078e-05, 5.37822e-05
324, 321, 3.70474e-05, 7.80476e-05
324, 322, 8.1168e-05, 4.41624e-05
324, 323, 8.27084e-05, 3.77734e-05
325, 316, 0.000111238, 3.57408e-05
325, 317, 6.67418e-05, 6.21272e-05
325, 318, 6.01227e-05, 4.97622e-05
325, 319, 6.69222e-05, 4.37352e-05
325, 320, 4.86139e-05, 5.3543e-05
325, 321, 6.37232e-05, 7.49482e-05
325, 322, 6.07247e-05, 4.42739e-05
325, 323, 8.74687e-05, 3.99536e-05
325, 324, 6.45481e-05, 2.87941e-05
326, 317, 4.72106e-05, 6.17894e-05
326, 318, 8.1048e-05, 4.69158e-05
326, 319, 3.13933e-05, 4.41283e-05
326, 320, 8.27249e-05, 5.53458e-05
326, 321, 3.91789e-05, 7.98533e-05
326, 322, 0.000112972, 4.36422e-05
326, 323, 7.65294e-05, 4.12113e-05
326, 324, 3.35315e-05, 2.77829e-05
326, 325, 4.48767e-05, 3.54301e-05
327, 317, 7.81889e-05, 6.19561e-05
327, 318, 9.11937e-05, 5.00564e-05
327, 319, 4.46618e-05, 4.41342e-05
327, 320, 8.69815e-05, 5.32929e-05
327, 321, 3.61556e-05, 7.84181e-05
327, 322, 0.000114859, 4.29422e-05
327, 323, 0.000105391, 3.88752e-05
327, 324, 5.47243e-05, 2.69277e-05
327, 325, 3.74824e-05, 3.39551e-05
327, 326, 0.000101511, 3.34364e-05
328, 318, 2.15958e-05, 4.89923e-05
328, 319, 6.93945e-05, 4.27726e-05
328, 320, 2.15371e-05, 5.24258e-05
328, 321, 7.47735e-05, 7.76179e-05
328, 322, 3.78726e-05, 4.3959e-05
328, 323, 4.5675e-05, 4.08791e-05
328, 324, 6.00795e-05, 3.03205e-05
328, 325, 9.95887e-05, 3.50607e-05
328, 326, 5.43299e-05, 3.28717e-05
328, 327, 2.88672e-05, 3.84494e-05
329, 318, 2.58064e-05, 4.91497e-05
329, 321, 6.77698e-05, 7.65606e-05
329, 322, 4.86631e-05, 4.13709e-05
329, 323, 4.23655e-05, 3.93924e-05
329, 324, 5.10092e-05, 2.77538e-05
329, 325, 8.92834e-05, 3.47706e-05
329, 326, 6.96895e-05, 3.19291e-05
329, 327, 2.49587e-05, 3.87496e-05
329, 328, 4.58257e-05, 2.76054e-05
330, 319, 5.5121e-05, 4.35084e-05
330, 321, 4.55135e-05, 7.86963e-05
330, 322, 9.94663e-05, 4.25251e-05
330, 323, 0.000112131, 3.86193e-05
330, 324, 5.83319e-05, 2.79789e-05
330, 325, 6.49955e-05, 3.46039e-05
330, 326, 7.1279e-05, 3.24049e-05
330, 327, 8.29486e-05, 4.00273e-05
330, 328, 4.37452e-05, 2.68034e-05
330, 329, 5.27316e-05, 3.82373e-05
331, 321, 6.02799e-05, 7.7268e-05
331, 322, 5.95094e-05, 4.32591e-05
331, 323, 8.0606e-05, 3.84967e-05
331, 324, 5.77949e-05, 2.93729e-05
331, 325, 8.14053e-05, 3.40868e-05
331, 326, 4.31705e-05, 3.04994e-05
331, 327, 5.66067e-05, 3.94667e-05
331, 328, 3.83328e-05, 2.66013e-05
331, 329, 2.51908e-05, 3.87997e-05
331, 330, 7.75209e-05, 5.76481e-05
332, 320, 9.13467e-05, 5.43616e-05
332, 323, 0.000115124, 3.74601e-05
332, 324, 5.99187e-05, 2.9323e-05
332, 325, 4.28862e-05, 3.23658e-05
332, 326, 9.58275e-05, 3.26324e-05
332, 327, 9.43333e-05, 4.11966e-05
332, 328, 5.44178e-05, 2.6946e-05
332, 329, 7.64034e-05, 3.58552e-05
332, 330, 3.49605e-05, 5.48494e-05
332, 331, 3.74945e-05, 4.69819e-05
333, 323, 0.000170026, 3.89276e-05
333, 325, 0.000108215, 3.16028e-05
333, 326, 0.000107029, 3.11424e-05
333, 327, 0.000148489, 3.94587e-05
333, 328, 9.7004e-05, 2.67899e-05
333, 329, 9.91548e-05, 3.55016e-05
333, 330, 5.03394e-05, 5.61954e-05
333, 331, 0.000101015, 4.58563e-05
333, 332, 9.65375e-05, 3.2959e-05
334, 320, 9.07919e-05, 5.27127e-05
334, 326, 5.09319e-05, 3.05453e-05
334, 327, 0.000109536, 3.97105e-05
334, 328, 8.43311e-05, 2.73683e-05
334, 329, 5.7172e-05, 3.49533e-05
334, 330, 8.24519e-05, 5.50905e-05
334, 331, 0.000100411, 4.76585e-05
334, 332, 8.84431e-05, 3.24765e-05
334, 333, 6.77209e-05, 5.94176e-05
335, 328, 0.000134618, 2.93332e-05
335, 330, 8.90522e-05, 5.42667e-05
335, 331, 0.000141072, 4.66134e-05
335, 332, 0.00014118, 3.35381e-05
335, 333, 5.78265e-05, 5.64521e-05
335, 334, 7.72078e-05, 2.15967e-05
336, 329, 0.000122163, 3.42867e-05
336, 330, 0.000115125, 5.30776e-05
336, 331, 0.000156487, 4.64582e-05
336, 332, 0.000140771, 3.4133e-05
336, 333, 8.25639e-05, 5.71372e-05
336, 334, 8.11451e-05, 2.1029e-05
336, 335, 7.89987e-05, 7.20423e-05
338, 331, 0.000154847, 4.64674e-05
338, 332, 0.000153148, 3.17628e-05
338, 333, 8.14271e-05, 5.56508e-05
338, 334, 8.25514e-05, 2.13229e-05
338, 335, 8.64828e-05, 7.0217e-05
338, 336, 4.06935e-05, 6.94317e-05
339, 331, 0.000123282, 4.60227e-05
339, 332, 0.000119437, 3.22291e-05
339, 333, 5.33303e-05, 5.74631e-05
339, 334, 5.07848e-05, 2.10054e-05
339, 335, 6.4918e-05, 6.9494e-05
339, 336, 3.9431e-05, 6.92736e-05
339, 338, 3.57955e-05, 5.58857e-05
340, 331, 0.000145421, 4.63162e-05
340, 333, 6.18543e-05, 5.72902e-05
340, 334, 7.85106e-05, 2.15157e-05
340, 335, 9.356e-05, 6.93623e-05
340, 336, 2.68779e-05, 6.81664e-05
340, 338, 2.58937e-05, 5.73692e-05
340, 339, 3.04644e-05, 4.46255e-05
341, 333, 0.00014326, 5.75077e-05
341, 334, 0.000156942, 2.20571e-05
341, 335, 0.00015796, 7.12821e-05
341, 336, 9.92995e-05, 6.95804e-05
341, 338, 8.93429e-05, 5.6531e-05
341, 339, 7.96867e-05, 4.66001e-05
341, 340, 3.84471e-05, 5.34286e-05
342, 333, 4.853e-05, 5.66355e-05
342, 334, 8.31457e-05, 2.14075e-05
342, 335, 9.97964e-05, 7.02978e-05
342, 336, 3.05803e-05, 6.93185e-05
342, 338, 4.32797e-05, 5.64508e-05
342, 339, 4.77438e-05, 4.46187e-05
342, 340, 8.05233e-05, 5.75297e-05
342, 341, 7.46466e-05, 4.91955e-05
343, 335, 0.000142881, 7.06277e-05
343, 336, 6.18393e-05, 6.68067e-05
343, 338, 7.30247e-05, 5.41154e-05
343, 339, 6.4269e-05, 4.55378e-05
343, 340, 6.2235e-05, 5.66033e-05
343, 341, 7.8295e-05, 4.84981e-05
343, 342, 9.51489e-05, 4.25182e-05
344, 338, 6.15688e-05, 5.70112e-05
344, 339, 4.97897e-05, 4.43242e-05
344, 340, 2.62254e-05, 5.42774e-05
344, 341, 4.17038e-05, 4.8406e-05
344, 342, 5.64542e-05, 4.39151e-05
344, 343, 4.07737e-05, 4.41806e-05
346, 338, 0.000120905, 5.64922e-05
346, 339, 0.000115209, 4.63376e-05
346, 340, 6.47069e-05, 5.76985e-05
346, 341, 0.000110398, 5.15535e-05
346, 342, 0.000124622, 4.30951e-05
346, 343, 5.89134e-05, 4.39124e-05
346, 344, 7.45676e-05, 2.49527e-05
347, 338, 6.7306e-05, 5.42658e-05
347, 339, 5.25438e-05, 4.69369e-05
347, 340, 2.94845e-05, 5.6285e-05
347, 341, 4.00729e-05, 4.96962e-05
347, 342, 5.16122e-05, 4.2001e-05
347, 343, 6.07601e-05, 4.51746e-05
347, 344, 3.9223e-05, 2.44127e-05
347, 346, 8.40522e-05, 6.82032e-05
349, 338, 9.99006e-05, 5.39099e-05
349, 339, 8.84003e-05, 4.55775e-05
349, 340, 6.18946e-05, 5.63916e-05
349, 341, 9.4882e-05, 4.88385e-05
349, 342, 0.000112556, 4.26229e-05
349, 343, 3.35072e-05, 4.41397e-05
349, 344, 5.71227e-05, 2.71315e-05
349, 346, 4.11314e-05, 6.79404e-05
349, 347, 4.71813e-05, 4.69961e-05
350, 339, 0.000157087, 4.55071e-05
350, 340, 0.000103426, 5.57428e-05
350, 341, 0.000130769, 4.7541e-05
350, 342, 0.000144764, 4.27409e-05
350, 343, 0.000122387, 4.65157e-05
350, 344, 0.000123155, 2.44126e-05
350, 346, 8.79036e-05, 6.62738e-05
350, 347, 0.000107073, 4.82357e-05
350, 349, 8.72288e-05, 3.8723e-05
351, 339, 0.000100837, 4.46506e-05
351, 340, 5.35235e-05, 5.45122e-05
351, 341, 8.81944e-05, 4.67335e-05
351, 342, 9.6386e-05, 4.36213e-05
351, 343, 7.61311e-05, 4.41829e-05
351, 344, 6.89598e-05, 2.26135e-05
351, 346, 5.94765e-05, 6.92991e-05
351, 347, 5.05423e-05, 4.56833e-05
351, 349, 4.07353e-05, 4.02359e-05
351, 350, 4.67061e-05, 3.93942e-05
353, 342, 0.000198948, 4.39283e-05
353, 343, 0.000153953, 4.47644e-05
353, 344, 0.000159699, 2.38821e-05
353, 346, 0.000103779, 6.6342e-05
353, 347, 0.000145516, 4.51738e-05
353, 349, 0.000131489, 3.80079e-05
353, 350, 0.000117225, 4.08432e-05
353, 351, 0.000131312, 4.45488e-05
354, 344, 0.000138502, 2.59278e-05
354, 346, 8.38912e-05, 6.83711e-05
354, 347, 0.000121923, 4.72982e-05
354, 349, 0.000116614, 4.00043e-05
354, 350, 9.95461e-05, 4.12051e-05
354, 351, 0.000118713, 4.17561e-05
354, 353, 6.04647e-05, 7.10558e-05
355, 346, 6.69957e-05, 7.47583e-05
355, 347, 0.000106181, 4.40541e-05
355, 349, 9.61851e-05, 3.91314e-05
355, 350, 8.98052e-05, 3.93119e-05
355, 351, 9.35392e-05, 4.30919e-05
355, 353, 7.12228e-05, 6.98892e-05
355, 354, 6.06099e-05, 1.73811e-05
356, 346, 9.44911e-05, 6.62766e-05
356, 347, 0.000131452, 4.82179e-05
356, 349, 0.000130293, 3.97167e-05
356, 350, 0.000106156, 4.15244e-05
356, 351, 0.000125258, 4.58875e-05
356, 353, 7.81542e-05, 6.96745e-05
356, 354, 9.12053e-05, 1.93721e-05
356, 355, 6.80683e-05, 6.80417e-05
357, 346, 9.64115e-05, 6.7683e-05
357, 347, 0.000113314, 4.61144e-05
357, 349, 8.7945e-05, 4.11014e-05
357, 350, 9.54712e-05, 4.07978e-05
357, 351, 9.04165e-05, 4.24245e-05
357, 353, 4.57023e-05, 6.71288e-05
357, 354, 6.80747e-05, 1.70674e-05
357, 355, 3.78623e-05, 6.71319e-05
357, 356, 2.88951e-05, 4.72697e-05
358, 347, 0.000178582, 4.71892e-05
358, 349, 0.000157338, 3.8796e-05
358, 350, 0.000152786, 4.08812e-05
358, 351, 0.000162356, 4.35683e-05
358, 353, 5.36704e-05, 7.01937e-05
358, 354, 0.000123176, 1.96187e-05
358, 355, 9.47676e-05, 6.45188e-05
358, 356, 9.52734e-05, 5.11371e-05
358, 357, 6.07335e-05, 5.76416e-05
359, 349, 0.000181837, 3.88962e-05
359, 350, 0.000168586, 4.36035e-05
359, 351, 0.000181796, 4.57567e-05
359, 353, 7.50064e-05, 7.05817e-05
359, 354, 0.000149237, 1.91463e-05
359, 355, 0.00012049, 7.3355e-05
359, 356, 0.000112611, 5.28711e-05
359, 357, 7.75604e-05, 5.3042e-05
359, 358, 2.62078e-05, 3.98237e-05
360, 350, 0.000157171, 3.77651e-05
360, 351, 0.000152599, 4.3883e-05
360, 353, 3.68176e-05, 6.83661e-05
360, 354, 0.000120933, 1.74796e-05
360, 355, 0.00010103, 6.60232e-05
360, 356, 9.05141e-05, 5.17203e-05
360, 357, 4.46278e-05, 5.96378e-05
360, 358, 0.000100487, 3.83546e-05
360, 359, 3.6686e-05, 2.96799e-05
361, 353, 3.26974e-05, 7.20028e-05
361, 354, 0.000110519, 2.04856e-05
361, 355, 8.31004e-05, 6.71519e-05
361, 356, 7.26567e-05, 4.63898e-05
361, 357, 3.65809e-05, 5.40634e-05
361, 358, 5.49129e-05, 3.58626e-05
361, 359, 4.78085e-05, 2.61167e-05
361, 360, 3.32193e-05, 3.92876e-05
362, 353, 7.64509e-05, 7.14683e-05
362, 354, 0.00017658, 2.14252e-05
362, 355, 0.000144608, 6.53297e-05
362, 356, 0.000134452, 5.36908e-05
362, 357, 8.77323e-05, 5.73694e-05
362, 358, 7.86297e-05, 4.32e-05
362, 359, 4.8854e-05, 2.85347e-05
362, 360, 4.98206e-05, 3.95304e-05
362, 361, 3.21482e-05, 5.13338e-05
363, 353, 5.79193e-05, 6.90277e-05
363, 354, 8.14981e-05, 1.56243e-05
363, 355, 6.08692e-05, 6.71985e-05
363, 356, 5.12394e-05, 4.93423e-05
363, 357, 5.19016e-05, 5.53287e-05
363, 358, 6.19701e-05, 3.99432e-05
363, 359, 8.10316e-05, 3.16748e-05
363, 360, 6.67763e-05, 3.55237e-05
363, 361, 9.07578e-05, 5.18317e-05
363, 362, 3.14416e-05, 2.79782e-05
364, 355, 7.59198e-05, 6.69062e-05
364, 356, 6.46715e-05, 5.24312e-05
364, 357, 2.50626e-05, 5.83376e-05
364, 358, 8.54452e-05, 3.7869e-05
364, 359, 4.44746e-05, 2.78687e-05
364, 360, 3.64849e-05, 3.8824e-05
364, 361, 5.60736e-05, 5.2372e-05
364, 362, 3.62786e-05, 2.35073e-05
364, 363, 4.17627e-05, 3.07428e-05
365, 357, 8.64159e-05, 5.74254e-05
365, 358, 9.31036e-05, 3.76937e-05
365, 359, 4.53732e-05, 2.75349e-05
365, 360, 4.73039e-05, 3.62489e-05
365, 361, 3.25242e-05, 5.44266e-05
365, 362, 9.01478e-05, 2.25381e-05
365, 363, 8.55013e-05, 3.0737e-05
365, 364, 8.48498e-05, 3.91212e-05
366, 357, 9.1612e-05, 5.74711e-05
366, 358, 6.12147e-05, 3.83116e-05
366, 359, 5.91782e-05, 2.75547e-05
366, 360, 5.68019e-05, 4.12278e-05
366, 361, 4.87875e-05, 5.74827e-05
366, 362, 8.73848e-05, 2.37478e-05
366, 363, 7.96091e-05, 2.76743e-05
366, 364, 9.8209e-05, 4.03556e-05
366, 365, 4.12898e-05, 2.91399e-05
367, 357, 0.000127775, 5.80299e-05
367, 358, 0.000106597, 4.19876e-05
367, 359, 8.17372e-05, 2.7442e-05
367, 360, 8.52379e-05, 4.1617e-05
367, 361, 6.36238e-05, 5.47414e-05
367, 362, 0.000125495, 2.50709e-05
367, 363, 0.000118969, 3.26407e-05
367, 364, 0.000123432, 3.99079e-05
367, 365, 8.21032e-05, 2.82882e-05
367, 366, 2.82801e-05, 2.99706e-05
368, 359, 0.00013536, 2.9674e-05
368, 360, 0.000130092, 3.65067e-05
368, 361, 0.000112544, 5.38829e-05
368, 362, 0.000170164, 2.18004e-05
368, 363, 0.00016354, 3.05324e-05
368, 364, 0.00017354, 3.89849e-05
368, 365, 0.000118876, 3.29914e-05
368, 366, 8.66572e-05, 2.79057e-05
368, 367, 7.36676e-05, 9.195e-05
369, 360, 0.000105188, 4.14549e-05
369, 361, 8.41887e-05, 5.57649e-05
369, 362, 0.000145556, 2.36604e-05
369, 363, 0.000131741, 2.79133e-05
369, 364, 0.000148122, 3.85703e-05
369, 365, 8.7741e-05, 2.87916e-05
369, 366, 5.38296e-05, 3.00924e-05
369, 367, 4.57731e-05, 8.81718e-05
369, 368, 6.93378e-05, 4.23442e-05
371, 362, 0.000225791, 2.30282e-05
371, 363, 0.000212259, 3.16096e-05
371, 364, 0.000220001, 4.0149e-05
371, 365, 0.000171441, 3.23292e-05
371, 366, 0.000107987, 2.93724e-05
371, 367, 0.000131444, 9.3059e-05
371, 368, 0.000141838, 4.27716e-05
371, 369, 0.000106749, 2.84571e-05
372, 364, 0.000160429, 4.17005e-05
372, 365, 0.000113171, 3.1517e-05
372, 366, 5.77615e-05, 2.75551e-05
372, 367, 7.07626e-05, 9.0049e-05
372, 368, 8.38469e-05, 3.88751e-05
372, 369, 5.25599e-05, 2.81795e-05
372, 371, 6.63235e-05, 7.0287e-05
373, 367, 0.000383948, 8.94216e-05
373, 368, 0.000402196, 3.78084e-05
373, 369, 0.000361227, 2.60857e-05
373, 371, 0.000260906, 6.73876e-05
373, 372, 0.000297633, 2.9904e-05
374, 368, 0.000373051, 4.07433e-05
374, 369, 0.000313748, 2.84233e-05
374, 371, 0.000225992, 6.81777e-05
374, 372, 0.000259942, 3.03001e-05
374, 373, 3.0132e-05, 3.80816e-05
375, 368, 0.000166406, 3.96876e-05
375, 369, 0.00010329, 2.97305e-05
375, 371, 9.49782e-05, 7.12333e-05
375, 372, 0.000111722, 2.81156e-05
375, 373, 0.00024947, 3.47868e-05
375, 374, 0.000183489, 7.41696e-05
376, 371, 8.54219e-05, 7.36472e-05
376, 372, 0.000127018, 2.56877e-05
376, 373, 0.000161013, 3.16553e-05
376, 374, 9.23244e-05, 7.10508e-05
376, 375, 0.000126964, 6.24324e-05
377, 371, 0.000159429, 6.59388e-05
377, 372, 0.000193338, 2.8024e-05
377, 373, 8.9184e-05, 3.41102e-05
377, 374, 4.11084e-05, 6.85257e-05
377, 375, 0.000220838, 5.83475e-05
377, 376, 8.59571e-05, 4.27432e-05
379, 373, 6.21105e-05, 3.8828e-05
379, 374, 3.06056e-05, 7.55588e-05
379, 375, 0.00022621, 6.48378e-05
379, 376, 8.2331e-05, 4.31396e-05
379, 377, 4.62078e-05, 4.70214e-05
380, 373, 5.19818e-05, 3.30629e-05
380, 374, 0.000119396, 7.28911e-05
380, 375, 0.000329028, 6.3883e-05
380, 376, 0.000177863, 4.84511e-05
380, 377, 0.000125441, 4.89833e-05
380, 379, 0.000131511, 7.55233e-05
381, 373, 0.00021181, 3.44529e-05
381, 374, 0.000273328, 7.0311e-05
381, 375, 0.000482124, 6.35002e-05
381, 376, 0.00033182, 4.57223e-05
381, 377, 0.000277833, 4.99925e-05
381, 379, 0.000285789, 7.97537e-05
381, 380, 0.000195297, 4.17425e-05
382, 373, 0.000223657, 4.10297e-05
382, 374, 0.000289481, 7.01746e-05
382, 375, 0.000500882, 6.09493e-05
382, 376, 0.000349173, 4.62855e-05
382, 377, 0.000296478, 5.14238e-05
382, 379, 0.000300956, 7.79863e-05
382, 380, 0.000208185, 4.26331e-05
382, 381, 5.27741e-05, 5.46882e-05
383, 373, 0.000397252, 3.93101e-05
383, 374, 0.000462008, 7.29189e-05
383, 375, 0.000673223, 5.91543e-05
383, 376, 0.000521453, 4.70547e-05
383, 377, 0.000463628, 5.0372e-05
383, 379, 0.000472796, 7.97905e-05
383, 380, 0.000382939, 4.5832e-05
383, 381, 0.000183831, 5.43827e-05
383, 382, 0.000224969, 0.000125544
384, 373, 0.000338127, 3.68339e-05
384, 374, 0.000407083, 7.4834e-05
384, 375, 0.000622964, 6.22837e-05
384, 376, 0.000467968, 4.58239e-05
384, 377, 0.000409121, 4.78654e-05
384, 379, 0.000420074, 7.91529e-05
384, 380, 0.000328421, 4.55895e-05
384, 381, 0.000124246, 5.33881e-05
384, 382, 0.000169129, 0.000128487
384, 383, 5.18994e-05, 7.37387e-05
387, 373, 0.000582686, 3.44731e-05
387, 376, 0.000713349, 4.70433e-05
387, 377, 0.00065697, 4.95905e-05
387, 379, 0.00066865, 8.41294e-05
387, 380, 0.000564868, 4.87241e-05
387, 381, 0.000362813, 5.57876e-05
387, 382, 0.000415463, 0.00012585
387, 383, 0.000219865, 7.41762e-05
387, 384, 0.000245698, 0.000126291
388, 373, 0.000699707, 3.60317e-05
388, 376, 0.00082718, 4.4699e-05
388, 377, 0.00076763, 5.10335e-05
388, 379, 0.000777158, 7.96981e-05
388, 380, 0.000692378, 4.47272e-05
388, 381, 0.000480958, 5.67286e-05
388, 382, 0.000533795, 0.000129412
388, 383, 0.000328979, 7.34282e-05
388, 384, 0.000364096, 0.000122616
388, 387, 0.000182106, 0.000102239
389, 377, 0.000778744, 4.87869e-05
389, 379, 0.000793348, 8.10527e-05
389, 380, 0.000702337, 4.45702e-05
389, 381, 0.000500622, 5.06921e-05
389, 382, 0.000546102, 0.000128424
389, 383, 0.000348578, 7.76193e-05
389, 384, 0.000375934, 0.000125633
389, 387, 0.000193422, 9.91308e-05
389, 388, 5.44194e-05, 6.90216e-05
390, 377, 0.000959644, 5.05146e-05
390, 379, 0.000966255, 8.09515e-05
390, 380, 0.000870978, 4.68388e-05
390, 381, 0.000672129, 5.23093e-05
390, 382, 0.00071936, 0.000126527
390, 383, 0.000520722, 7.75443e-05
390, 384, 0.000550823, 0.000123637
390, 387, 0.000359696, 0.000101314
390, 388, 0.00021978, 6.84788e-05
390, 389, 0.000123623, 0.00013309
391, 380, 0.000975135, 4.7011e-05
391, 381, 0.000770747, 5.25377e-05
391, 382, 0.000814469, 0.000127349
391, 383, 0.000621309, 7.99041e-05
391, 384, 0.00065301, 0.000123939
391, 387, 0.000458051, 9.86064e-05
391, 388, 0.000319059, 6.58747e-05
391, 389, 0.000221609, 0.000132817
391, 390, 7.08209e-05, 0.000105882
392, 381, 0.00104964, 5.62268e-05
392, 382, 0.00108918, 0.000125172
392, 383, 0.000898096, 7.64389e-05
392, 384, 0.000925059, 0.000126497
392, 387, 0.00073199, 9.55186e-05
392, 388, 0.000594107, 6.40921e-05
392, 389, 0.000491908, 0.000133724
392, 390, 0.000320966, 0.000105878
392, 391, 0.000262386, 9.44082e-05
393, 381, 0.00125419, 5.28918e-05
393, 382, 0.001299, 0.000127607
393, 383, 0.00110173, 7.848e-05
393, 384, 0.00113395, 0.000125108
393, 387, 0.000946233, 9.73974e-05
393, 388, 0.000808154, 6.59279e-05
393, 389, 0.000698691, 0.000133064
393, 390, 0.000525215, 0.000106765
393, 391, 0.000474094, 9.68637e-05
393, 392, 0.000167609, 3.88264e-05
395, 383, 0.00141761, 7.71959e-05
395, 384, 0.00145754, 0.000127906
395, 387, 0.00126843, 0.000102787
395, 388, 0.00113014, 6.90491e-05
395, 389, 0.00101666, 0.000131161
395, 390, 0.000842769, 0.000107339
395, 391, 0.000793695, 9.54088e-05
395, 392, 0.000469481, 3.95382e-05
395, 393, 0.000307559, 0.000115533
396, 383, 0.00185262, 7.29405e-05
396, 384, 0.00187195, 0.000127038
396, 387, 0.00169206, 9.84946e-05
396, 388, 0.00154178, 6.59585e-05
396, 389, 0.00143585, 0.000134433
396, 390, 0.00126164, 0.00010813
396, 391, 0.0012127, 9.67317e-05
396, 392, 0.000897291, 3.77946e-05
396, 393, 0.000728522, 0.000117644
396, 395, 0.000441371, 0.000101878
397, 387, 0.00255959, 9.96941e-05
397, 388, 0.00242387, 6.74055e-05
397, 389, 0.00231429, 0.000136534
397, 390, 0.00214295, 0.000105382
397, 391, 0.0020848, 9.65687e-05
397, 392, 0.0017654, 4.60469e-05
397, 393, 0.00159477, 0.000117617
397, 395, 0.00130826, 0.000101707
397, 396, 0.000798736, 0.000133737
398, 388, 0.00260927, 7.0528e-05
398, 389, 0.00250036, 0.00013755
398, 390, 0.00232854, 0.000109387
398, 391, 0.00227489, 9.51124e-05
398, 392, 0.00196072, 4.35485e-05
398, 393, 0.0017848, 0.000117084
398, 395, 0.00149864, 9.76184e-05
398, 396, 0.000988674, 0.00013484
398, 397, 0.000174998, 4.50233e-05
399, 390, 0.0032658, 0.000107684
399, 391, 0.00321396, 9.59199e-05
399, 392, 0.00288689, 4.49909e-05
399, 393, 0.00272688, 0.000114241
399, 395, 0.00242966, 0.000100757
399, 396, 0.0019229, 0.000134204
399, 397, 0.0010945, 5.34683e-05
399, 398, 0.00100448, 4.72505e-05
400, 392, 0.00331174, 5.07533e-05
400, 393, 0.00315417, 0.000119127
400, 395, 0.00286332, 0.000102652
400, 396, 0.00235174, 0.000137419
400, 397, 0.00152124, 5.5325e-05
400, 398, 0.0014296, 4.59171e-05
400, 399, 0.000426325, 4.43142e-05
401, 393, 0.00337239, 0.000123054
401, 395, 0.00308179, 0.000104401
401, 396, 0.0025664, 0.000139381
401, 397, 0.00173855, 5.26333e-05
401, 398, 0.00165161, 4.40897e-05
401, 399, 0.00064798, 4.76336e-05
401, 400, 0.000226805, 5.1957e-05
402, 396, 0.0031227, 0.00013737
402, 397, 0.00229627, 5.62043e-05
402, 398, 0.00220077, 5.27299e-05
402, 399, 0.0012, 4.68225e-05
402, 400, 0.000774059, 5.08046e-05
402, 401, 0.000543656, 0.000154136
403, 395, 0.00335871, 0.000105212
403, 396, 0.00284117, 0.000135518
403, 397, 0.0020196, 5.61999e-05
403, 398, 0.00192913, 4.69295e-05
403, 399, 0.000931032, 4.47915e-05
403, 400, 0.000506103, 4.96254e-05
403, 401, 0.00028801, 0.000153018
403, 402, 0.00024997, 7.57694e-05
404, 396, 0.00386928, 0.000138301
404, 397, 0.00303865, 5.94624e-05
404, 398, 0.00294823, 5.23426e-05
404, 399, 0.00194835, 4.78464e-05
404, 400, 0.00152602, 5.47368e-05
404, 401, 0.0012937, 0.000158165
404, 402, 0.000781668, 7.89652e-05
404, 403, 0.00102611, 0.000132655
406, 397, 0.00539517, 6.81032e-05
406, 399, 0.00430702, 5.90495e-05
406, 400, 0.00388085, 6.34688e-05
406, 401, 0.00365612, 0.000155815
406, 402, 0.003135, 8.61169e-05
406, 403, 0.00338502, 0.000135193
406, 404, 0.00237689, 6.08019e-05
407, 398, 0.00534768, 6.35531e-05
407, 399, 0.00434554, 5.94176e-05
407, 400, 0.00392457, 6.14898e-05
407, 401, 0.00369187, 0.00016208
407, 402, 0.00318079, 8.60993e-05
407, 403, 0.0034344, 0.000135758
407, 404, 0.00242031, 5.94581e-05
407, 406, 6.9234e-05, 8.98579e-05
408, 399, 0.00478793, 6.02371e-05
408, 400, 0.00435605, 6.84174e-05
408, 401, 0.00412824, 0.000155487
408, 402, 0.00361721, 8.65071e-05
408, 403, 0.00385563, 0.000139329
408, 404, 0.00285468, 6.51074e-05
408, 406, 0.000454965, 8.50088e-05
408, 407, 0.000433885, 9.32454e-05
410, 404, 0.00843882, 8.79061e-05
410, 406, 0.00603052, 0.000101677
410, 407, 0.00600892, 0.000117453
410, 408, 0.00565308, 0.000147848
411, 406, 0.00721905, 0.000110194
411, 407, 0.00719884, 0.000122723
411, 408, 0.00683703, 0.000153824
411, 410, 0.00114153, 0.000108487
412, 406, 0.0125748, 0.000128847
412, 407, 0.0125653, 0.000135898
412, 408, 0.0121918, 0.000166831
412, 410, 0.00649073, 0.0001332
412, 411, 0.00531289, 0.000110514
413, 410, 0.0185487, 0.000195021
413, 411, 0.0173665, 0.000179223
413, 412, 0.0121009, 0.000212932
414, 412, 0.0184187, 0.000251221
414, 413, 0.00633075, 0.000231089
415, 412, 0.0184224, 0.000250155
415, 413, 0.00633228, 0.000231464
415, 414, 0.000232218, 0.000248007
416, 413, 0.00870488, 0.00024777
416, 414, 0.00235747, 0.000265464
416, 415, 0.0023898, 0.000236465
417, 413, 0.00877137, 0.000245222
417, 414, 0.00242239, 0.000268294
417, 415, 0.00245592, 0.000237089
417, 416, 0.000244275, 0.000238126
420, 413, 0.00899644, 0.000247633
420, 414, 0.0026457, 0.000268871
420, 415, 0.00267879, 0.00023738
420, 416, 0.00034718, 0.000237776
420, 417, 0.000338239, 0.000260229
421, 413, 0.00901107, 0.000246137
421, 414, 0.00265916, 0.000265898
421, 415, 0.0026933, 0.000236593
421, 416, 0.000359067, 0.000238164
421, 417, 0.000351487, 0.000258153
421, 420, 0.000239954, 0.000236428
422, 414, 0.00364854, 0.000273141
422, 415, 0.00367416, 0.0002479
422, 416, 0.00127126, 0.000248037
422, 417, 0.00125623, 0.000266324
422, 420, 0.00102616, 0.000249335
422, 421, 0.000993695, 0.000252535
423, 414, 0.00357176, 0.000273698
423, 415, 0.0035967, 0.000247282
423, 416, 0.00119576, 0.000249909
423, 417, 0.00118182, 0.000266944
423, 420, 0.000957314, 0.000244873
423, 421, 0.000921214, 0.000253526
423, 422, 0.000240755, 0.000248031
424, 414, 0.00387445, 0.000280162
424, 415, 0.00390662, 0.000246833
424, 416, 0.00150253, 0.000251972
424, 417, 0.00148372, 0.000269522
424, 420, 0.00125038, 0.000249108
424, 421, 0.00121982, 0.000257756
424, 422, 0.000388287, 0.000251717
424, 423, 0.000338308, 0.000251133
425, 414, 0.00391538, 0.000276421
425, 415, 0.00394113, 0.000250729
425, 416, 0.00154245, 0.000252683
425, 417, 0.00151794, 0.000263992
425, 420, 0.00128999, 0.00024693
425, 421, 0.00125308, 0.000257978
425, 422, 0.000419699, 0.000249758
425, 423, 0.000366192, 0.00024363
425, 424, 0.00024993, 0.00025898
426, 416, 0.00205387, 0.000254382
426, 417, 0.00204191, 0.000273505
426, 420, 0.00179841, 0.000254235
426, 421, 0.00175805, 0.000267347
426, 422, 0.000882125, 0.000255364
426, 423, 0.000808466, 0.000254874
426, 424, 0.000529466, 0.000261414
426, 425, 0.000591418, 0.000260687
427, 416, 0.00285118, 0.000268148
427, 417, 0.00282585, 0.000285058
427, 420, 0.00256537, 0.000267982
427, 421, 0.00251996, 0.000276538
427, 422, 0.00163001, 0.000265096
427, 423, 0.00155105, 0.000266038
427, 424, 0.00124491, 0.00027432
427, 425, 0.0013099, 0.000269281
427, 426, 0.000761899, 0.000270775
428, 416, 0.00281093, 0.00026795
428, 417, 0.00278723, 0.000284886
428, 420, 0.00252987, 0.000265522
428, 421, 0.00248481, 0.000274224
428, 422, 0.00159239, 0.000267722
428, 423, 0.00151379, 0.000262379
428, 424, 0.00120737, 0.000275409
428, 425, 0.00127137, 0.000269365
428, 426, 0.000723877, 0.00027213
428, 427, 0.000260138, 0.00027437
430, 420, 0.00392287, 0.000285657
430, 421, 0.00386816, 0.000295416
430, 422, 0.00296317, 0.000291725
430, 423, 0.00287281, 0.000282581
430, 424, 0.0025557, 0.000294154
430, 425, 0.00261045, 0.000287933
430, 426, 0.00203434, 0.000291885
430, 427, 0.00137007, 0.000293065
430, 428, 0.00134006, 0.000289356
431, 422, 0.00448045, 0.000314537
431, 423, 0.00437502, 0.000310082
431, 424, 0.00404719, 0.000319013
431, 425, 0.00409051, 0.000320866
431, 426, 0.00350156, 0.000319102
431, 427, 0.00281621, 0.000319422
431, 428, 0.00277484, 0.000314502
431, 430, 0.00147161, 0.000319119
432, 424, 0.0041082, 0.000325444
432, 425, 0.00414996, 0.000321282
432, 426, 0.00355868, 0.000322618
432, 427, 0.00287369, 0.000319735
432, 428, 0.00283054, 0.000315152
432, 430, 0.00152715, 0.000321544
432, 431, 0.000323652, 0.000323262
433, 427, 0.00516565, 0.000367342
433, 428, 0.00510233, 0.00036098
433, 430, 0.00374661, 0.000365957
433, 431, 0.00231232, 0.000363942
433, 432, 0.00218019, 0.000368382
434, 427, 0.0055857, 0.000377123
434, 428, 0.00551947, 0.000371093
434, 430, 0.00415324, 0.000376587
434, 431, 0.00271446, 0.000374468
434, 432, 0.0025819, 0.000376565
434, 433, 0.000554303, 0.000379911
435, 430, 0.00586222, 0.000412736
435, 431, 0.00439889, 0.000416118
435, 432, 0.00424906, 0.000413727
435, 433, 0.00211218, 0.000421499
435, 434, 0.00176993, 0.000408438
436, 430, 0.00646827, 0.000428972
436, 431, 0.00499539, 0.000425324
436, 432, 0.00484158, 0.000428154
436, 433, 0.00269528, 0.000432024
436, 434, 0.00234211, 0.000425593
436, 435, 0.000647312, 0.00042648
437, 431, 0.00600458, 0.00045032
437, 432, 0.00583843, 0.000453128
437, 433, 0.00367968, 0.000458521
437, 434, 0.00331405, 0.0004477
437, 435, 0.00152682, 0.000446831
437, 436, 0.0010224, 0.000442864
438, 431, 0.00687645, 0.000468186
438, 433, 0.00453353, 0.000476363
438, 434, 0.00415642, 0.000467557
438, 435, 0.00234564, 0.000470383
438, 436, 0.00181026, 0.000459857
438, 437, 0.000926241, 0.000466131
439, 433, 0.00514367, 0.000494057
439, 434, 0.00476087, 0.000485394
439, 435, 0.002938, 0.000486297
439, 436, 0.00238894, 0.000477787
439, 437, 0.00146728, 0.000481894
439, 438, 0.000801085, 0.000495887
440, 434, 0.00514227, 0.000493648
440, 435, 0.00331068, 0.000493319
440, 436, 0.00275747, 0.000484321
440, 437, 0.00182357, 0.000493884
440, 438, 0.00112183, 0.000503401
440, 439, 0.000604893, 0.000505678
441, 435, 0.00399704, 0.000514857
441, 436, 0.00343434, 0.000504038
441, 437, 0.00248616, 0.000511753
441, 438, 0.00175459, 0.000522112
441, 439, 0.00114073, 0.000524652
441, 440, 0.000873111, 0.000519595
442, 435, 0.00393985, 0.000514995
442, 436, 0.00337888, 0.000504894
442, 437, 0.00242998, 0.000510753
442, 438, 0.00170182, 0.000522972
442, 439, 0.00108816, 0.000523463
442, 440, 0.000827588, 0.000519833
442, 441, 0.00050695, 0.000505452
443, 436, 0.00389734, 0.000517471
443, 437, 0.00294408, 0.000524229
443, 438, 0.00220095, 0.00053269
443, 439, 0.00156716, 0.000539615
443, 440, 0.00127673, 0.000528459
443, 441, 0.0007002, 0.000519561
443, 442, 0.000689772, 0.000532516
445, 436, 0.00382953, 0.000514527
445, 437, 0.00287426, 0.000522412
445, 438, 0.00213516, 0.000536005
445, 439, 0.00150316, 0.00053723
445, 440, 0.00121381, 0.000529003
445, 441, 0.000655988, 0.000522448
445, 442, 0.000645942, 0.000530685
445, 443, 0.000521509, 0.00051869
447, 437, 0.00356194, 0.000537864
447, 438, 0.00280723, 0.00055083
447, 439, 0.00215911, 0.000554336
447, 440, 0.00185703, 0.000546999
447, 441, 0.00119991, 0.000539269
447, 442, 0.00118013, 0.000550074
447, 443, 0.000861842, 0.000536779
447, 445, 0.000844427, 0.000536682
448, 437, 0.00350788, 0.000538362
448, 438, 0.002757, 0.000550418
448, 439, 0.00210837, 0.000550829
448, 440, 0.00180497, 0.000549052
448, 441, 0.00115305, 0.000539589
448, 442, 0.0011331, 0.000550288
448, 443, 0.000821719, 0.000539064
448, 445, 0.000805092, 0.000540915
448, 447, 0.000538654, 0.000537046
449, 438, 0.00297414, 0.00055521
449, 439, 0.00232394, 0.000560765
449, 440, 0.00201617, 0.000554469
449, 441, 0.00135279, 0.000542769
449, 442, 0.00133189, 0.000556123
449, 443, 0.00099111, 0.000547521
449, 445, 0.00098022, 0.000545082
449, 447, 0.000574725, 0.000545264
449, 448, 0.000567814, 0.000555608
450, 438, 0.00318589, 0.000563471
450, 439, 0.00253371, 0.000565437
450, 440, 0.00222108, 0.000559815
450, 441, 0.00154802, 0.00055236
450, 442, 0.00152734, 0.0005637
450, 443, 0.00117976, 0.000546553
450, 445, 0.0011595, 0.000552688
450, 447, 0.000681679, 0.00054944
450, 448, 0.000673134, 0.00055991
450, 449, 0.000589457, 0.000559059
452, 439, 0.00327618, 0.000585829
452, 440, 0.00295765, 0.000580911
452, 441, 0.00226336, 0.000570632
452, 442, 0.00224252, 0.000579925
452, 443, 0.00186792, 0.000570208
452, 445, 0.00184468, 0.000572753
452, 447, 0.00126466, 0.000568711
452, 448, 0.00124816, 0.000582025
452, 449, 0.00109293, 0.000579374
452, 450, 0.000933784, 0.000578156
453, 441, 0.0027458, 0.000583268
453, 442, 0.00271827, 0.000596057
453, 443, 0.0023479, 0.000586947
453, 445, 0.00231145, 0.000583559
453, 447, 0.00171007, 0.000586271
453, 448, 0.00169714, 0.000596055
453, 449, 0.00152412, 0.000594839
453, 450, 0.00133865, 0.000594105
453, 452, 0.000760671, 0.000590896
454, 441, 0.00275192, 0.00058562
454, 442, 0.00272437, 0.000596255
454, 443, 0.00234834, 0.000582352
454, 445, 0.00232323, 0.000582634
454, 447, 0.00171611, 0.000587676
454, 448, 0.00169766, 0.000597695
454, 449, 0.00152943, 0.000592719
454, 450, 0.00134798, 0.000586849
454, 452, 0.000762912, 0.000591262
454, 453, 0.000592016, 0.000591978
456, 443, 0.0031665, 0.00060777
456, 445, 0.00313195, 0.000609321
456, 447, 0.00251555, 0.000607904
456, 448, 0.00249026, 0.000617394
456, 449, 0.00231239, 0.000614645
456, 450, 0.00211556, 0.000616128
456, 452, 0.00144115, 0.000614096
456, 453, 0.00100222, 0.000609572
456, 454, 0.000950319, 0.000607838
457, 447, 0.00334832, 0.000631856
457, 448, 0.00332868, 0.000644187
457, 449, 0.003141, 0.000640592
457, 450, 0.00294445, 0.000638291
457, 452, 0.00223796, 0.000637922
457, 453, 0.0017574, 0.000638216
457, 454, 0.00169148, 0.000630983
457, 456, 0.00108331, 0.000630486
458, 447, 0.00332632, 0.000632503
458, 448, 0.00330168, 0.000640042
458, 449, 0.00311418, 0.000637868
458, 450, 0.00291633, 0.000638084
458, 452, 0.00220722, 0.000636986
458, 453, 0.00173449, 0.000638398
458, 454, 0.00166942, 0.000631639
458, 456, 0.00106568, 0.000633678
458, 457, 0.0006396, 0.000632452
459, 450, 0.00355336, 0.000661243
459, 452, 0.00283745, 0.000654628
459, 453, 0.00234975, 0.000655822
459, 454, 0.00228192, 0.000647523
459, 456, 0.00162939, 0.000653948
459, 457, 0.00087958, 0.000656649
459, 458, 0.000909562, 0.000662979
460, 452, 0.00309717, 0.000665477
460, 453, 0.00260636, 0.000662587
460, 454, 0.00253169, 0.000657861
460, 456, 0.00187551, 0.000663996
460, 457, 0.00107717, 0.000659999
460, 458, 0.0011093, 0.000669198
460, 459, 0.000733107, 0.000662391
461, 452, 0.00312426, 0.000665953
461, 453, 0.00263211, 0.000668368
461, 454, 0.00256496, 0.000660528
461, 456, 0.0019063, 0.000663504
461, 457, 0.00110131, 0.000661271
461, 458, 0.00113514, 0.000669298
461, 459, 0.000749347, 0.000663953
461, 460, 0.000662098, 0.000657951
462, 452, 0.00319702, 0.000669342
462, 453, 0.00269641, 0.000668344
462, 454, 0.00262591, 0.000661148
462, 456, 0.00196325, 0.000665943
462, 457, 0.00116127, 0.00066195
462, 458, 0.00119198, 0.000672873
462, 459, 0.000783927, 0.000669566
462, 460, 0.000670511, 0.000663122
462, 461, 0.000669446, 0.000667931
463, 453, 0.00301373, 0.000676249
463, 454, 0.00294362, 0.000669709
463, 456, 0.00226709, 0.000673627
463, 457, 0.0014352, 0.000672678
463, 458, 0.00146849, 0.000675939
463, 459, 0.000996899, 0.000674496
463, 460, 0.00079661, 0.000670802
463, 461, 0.000791565, 0.000673689
463, 462, 0.000748939, 0.000681558
464, 456, 0.00250738, 0.000683496
464, 457, 0.00165295, 0.000684445
464, 458, 0.00169205, 0.000692203
464, 459, 0.00119032, 0.000687652
464, 460, 0.000950298, 0.000683339
464, 461, 0.000945272, 0.000685387
464, 462, 0.000884773, 0.00069243
464, 463, 0.00073625, 0.000683502
465, 456, 0.00273666, 0.00068813
465, 457, 0.00187638, 0.000687223
465, 458, 0.00191482, 0.000695839
465, 459, 0.0013938, 0.000690733
465, 460, 0.00113397, 0.000683
465, 461, 0.00112674, 0.000686868
465, 462, 0.00105668, 0.000696867
465, 463, 0.000862933, 0.00068978
465, 464, 0.000719524, 0.000686704
466, 456, 0.002851, 0.000688621
466, 457, 0.00197958, 0.000689482
466, 458, 0.00201861, 0.000699107
466, 459, 0.00150029, 0.000694273
466, 460, 0.00123194, 0.000687179
466, 461, 0.00121887, 0.000696117
466, 462, 0.00114905, 0.000699807
466, 463, 0.000936963, 0.000691003
466, 464, 0.000760366, 0.000690052
466, 465, 0.000716259, 0.000697698
467, 457, 0.0020977, 0.000694882
467, 458, 0.0021304, 0.000702958
467, 459, 0.00160236, 0.000700143
467, 460, 0.00132855, 0.000691437
467, 461, 0.00132006, 0.000699522
467, 462, 0.00124826, 0.000707272
467, 463, 0.0010196, 0.000696792
467, 464, 0.000815222, 0.000698917
467, 465, 0.000754103, 0.000704612
467, 466, 0.000700136, 0.000699075
468, 457, 0.00206005, 0.00069136
468, 458, 0.00209851, 0.000704376
468, 459, 0.00156598, 0.000698508
468, 460, 0.00129927, 0.000695404
468, 461, 0.00129096, 0.000696964
468, 462, 0.00120992, 0.000705348
468, 463, 0.000990123, 0.000695462
468, 464, 0.000797922, 0.00069682
468, 465, 0.000743342, 0.000704909
468, 466, 0.000700467, 0.000698565
468, 467, 0.000698022, 0.000692015
469, 457, 0.00233765, 0.000699084
469, 458, 0.00237287, 0.000711335
469, 459, 0.00183301, 0.000701275
469, 460, 0.00154848, 0.000703184
469, 461, 0.0015411, 0.000704518
469, 462, 0.00146256, 0.000713648
469, 463, 0.0012184, 0.000704859
469, 464, 0.000975383, 0.000701984
469, 465, 0.000894159, 0.000706532
469, 466, 0.000788437, 0.000702479
469, 467, 0.000731662, 0.00069525
469, 468, 0.000762335, 0.000713943
470, 457, 0.00232035, 0.000701146
470, 458, 0.00235755, 0.000707059
470, 459, 0.00181486, 0.000705003
470, 460, 0.00153999, 0.000700363
470, 461, 0.00153204, 0.000704385
470, 462, 0.00144942, 0.000714459
470, 463, 0.0012078, 0.000704823
470, 464, 0.00097052, 0.000701909
470, 465, 0.000885533, 0.00071126
470, 466, 0.000785859, 0.000708176
470, 467, 0.0007332, 0.000695507
470, 468, 0.00076147, 0.000715851
470, 469, 0.000706179, 0.0006946
471, 459, 0.00245628, 0.000726227
471, 460, 0.00215958, 0.000716182
471, 461, 0.00215282, 0.000724893
471, 462, 0.00206815, 0.000730563
471, 463, 0.00179564, 0.000724705
471, 464, 0.00151974, 0.000724542
471, 465, 0.00140569, 0.000729114
471, 466, 0.0012464, 0.000727279
471, 467, 0.00113038, 0.000713228
471, 468, 0.00119698, 0.000735756
471, 469, 0.000988236, 0.000715201
471, 470, 0.00100132, 0.000730256
472, 460, 0.00229468, 0.000719647
472, 461, 0.00229137, 0.000729697
472, 462, 0.00220485, 0.000737926
472, 463, 0.00193253, 0.000727871
472, 464, 0.00164962, 0.000728093
472, 465, 0.00153597, 0.000733864
472, 466, 0.001365, 0.000729972
472, 467, 0.0012449, 0.000721341
472, 468, 0.00132419, 0.000737608
472, 469, 0.00109778, 0.000722327
472, 470, 0.00111275, 0.000732726
472, 471, 0.000754054, 0.000723771
473, 462, 0.00240161, 0.000743215
473, 463, 0.00213509, 0.000732406
473, 464, 0.0018385, 0.000732953
473, 465, 0.00172627, 0.000740878
473, 466, 0.0015487, 0.000737465
473, 467, 0.00142665, 0.000727192
473, 468, 0.00150045, 0.000745429
473, 469, 0.00126251, 0.000728823
473, 470, 0.00128082, 0.00073773
473, 471, 0.000837814, 0.0007321
473, 472, 0.000766905, 0.000737173
474, 463, 0.00254421, 0.000745943
474, 464, 0.00224928, 0.000744772
474, 465, 0.00213294, 0.000755662
474, 466, 0.00195068, 0.000748877
474, 467, 0.00181381, 0.000742081
474, 468, 0.00189448, 0.000759134
474, 469, 0.00164534, 0.00074125
474, 470, 0.00167054, 0.000749741
474, 471, 0.00113361, 0.000737516
474, 472, 0.00100903, 0.000749599
474, 473, 0.000867734, 0.000741991
475, 465, 0.00319854, 0.000788604
475, 466, 0.00301568, 0.000784208
475, 467, 0.00287181, 0.000775396
475, 468, 0.00296046, 0.000788462
475, 469, 0.00269142, 0.000778091
475, 470, 0.00271464, 0.000785881
475, 471, 0.00211087, 0.000773352
475, 472, 0.00195824, 0.00078199
475, 473, 0.00173719, 0.000772385
475, 474, 0.00135836, 0.000788871
476, 466, 0.00293156, 0.00078265
476, 467, 0.00279106, 0.000775279
476, 468, 0.00287039, 0.000786313
476, 469, 0.00261065, 0.000775227
476, 470, 0.0026299, 0.000782577
476, 471, 0.00203083, 0.000769421
476, 472, 0.00186839, 0.000777898
476, 473, 0.0016556, 0.000769324
476, 474, 0.00128505, 0.000789927
476, 475, 0.000779435, 0.000778624
477, 469, 0.0042831, 0.000822867
477, 470, 0.00430471, 0.000836237
477, 471, 0.00367899, 0.000827039
477, 472, 0.00351879, 0.000828806
477, 473, 0.00330049, 0.000828631
477, 474, 0.0028711, 0.000838259
477, 475, 0.00184584, 0.000827041
477, 476, 0.00190044, 0.000826128
478, 471, 0.00420633, 0.000835976
478, 472, 0.00404228, 0.000847137
478, 473, 0.00382049, 0.000838997
478, 474, 0.00339198, 0.000853454
478, 475, 0.00234238, 0.000845535
478, 476, 0.00239719, 0.000845499
478, 477, 0.000977306, 0.000842424
479, 471, 0.00418548, 0.000839843
479, 472, 0.0040296, 0.000843924
479, 473, 0.0038048, 0.000841997
479, 474, 0.00337522, 0.000855221
479, 475, 0.00233323, 0.000845576
479, 476, 0.00238624, 0.00084125
479, 477, 0.000975238, 0.000842457
479, 478, 0.000847542, 0.000835943
480, 474, 0.00486811, 0.000897449
480, 475, 0.0037953, 0.000883616
480, 476, 0.00386102, 0.000886608
480, 477, 0.00220322, 0.000885382
480, 478, 0.00171461, 0.000881627
480, 479, 0.00172526, 0.000886085
481, 475, 0.00443729, 0.000903415
481, 476, 0.00450675, 0.000904723
481, 477, 0.00281893, 0.000907686
481, 478, 0.00230825, 0.000898903
481, 479, 0.00232622, 0.000903476
481, 480, 0.00107152, 0.000894999
482, 475, 0.00473714, 0.000910674
482, 476, 0.00479436, 0.000912301
482, 477, 0.00311019, 0.000909464
482, 478, 0.00258955, 0.000903647
482, 479, 0.00260097, 0.000907428
482, 480, 0.00126216, 0.000903437
482, 481, 0.000955427, 0.000913887
483, 475, 0.00506309, 0.000918249
483, 477, 0.00343198, 0.000916553
483, 478, 0.00290713, 0.000912405
483, 479, 0.00292486, 0.000917157
483, 480, 0.00151499, 0.000913556
483, 481, 0.00112094, 0.000924212
483, 482, 0.000985917, 0.000916807
484, 477, 0.00428867, 0.00094166
484, 478, 0.00376041, 0.000940892
484, 479, 0.00376826, 0.000942074
484, 480, 0.0022968, 0.000936462
484, 481, 0.00178868, 0.000948185
484, 482, 0.00155835, 0.00094394
484, 483, 0.00132804, 0.000942301
485, 477, 0.00430218, 0.000941179
485, 478, 0.0037793, 0.000938266
485, 479, 0.00379242, 0.000942242
485, 480, 0.00231467, 0.000935753
485, 481, 0.00180671, 0.00094854
485, 482, 0.00158114, 0.000940132
485, 483, 0.00134821, 0.000942934
485, 484, 0.000944911, 0.000933804
486, 477, 0.00473236, 0.000956469
486, 478, 0.00420615, 0.000953773
486, 479, 0.00421782, 0.000958019
486, 480, 0.00272518, 0.00095131
486, 481, 0.00219717, 0.000963766
486, 482, 0.00195507, 0.00095824
486, 483, 0.00169863, 0.000957707
486, 484, 0.00105223, 0.000948773
486, 485, 0.00108888, 0.000957922
487, 480, 0.00390821, 0.00098063
487, 481, 0.00336221, 0.000992944
487, 482, 0.00310569, 0.000986761
487, 483, 0.0028167, 0.000987345
487, 484, 0.00195279, 0.000981121
487, 485, 0.00201643, 0.000988976
487, 486, 0.00154376, 0.00098948
488, 480, 0.00435478, 0.000992447
488, 481, 0.00380196, 0.00100965
488, 482, 0.00353703, 0.000997338
488, 483, 0.00325264, 0.00100241
488, 484, 0.0023644, 0.000994064
488, 485, 0.00243989, 0.00100438
488, 486, 0.0019245, 0.00100433
488, 487, 0.00110732, 0.00100311
489, 481, 0.0043293, 0.00101822
489, 482, 0.00406212, 0.00101157
489, 483, 0.00378041, 0.00101379
489, 484, 0.0028673, 0.0010082
489, 485, 0.00294604, 0.00101548
489, 486, 0.00241561, 0.00101883
489, 487, 0.00144114, 0.00101527
489, 488, 0.00112425, 0.00101106
490, 482, 0.00422953, 0.00101934
490, 483, 0.00394306, 0.00101746
490, 484, 0.003033, 0.00101427
490, 485, 0.00310838, 0.00102085
490, 486, 0.00257423, 0.00102762
490, 487, 0.00157982, 0.00102187
490, 488, 0.00122018, 0.00101492
490, 489, 0.00104194, 0.0010183
491, 484, 0.00351588, 0.00102528
491, 485, 0.00360171, 0.00103441
491, 486, 0.00305867, 0.00103348
491, 487, 0.00199825, 0.00103239
491, 488, 0.00156908, 0.00103158
491, 489, 0.00125755, 0.00102982
491, 490, 0.0011265, 0.00103117
492, 484, 0.00411808, 0.0010374
492, 485, 0.00420139, 0.00104843
492, 486, 0.00364516, 0.00104678
492, 487, 0.0025588, 0.00105079
492, 488, 0.00207848, 0.00104222
492, 489, 0.00170383, 0.00104389
492, 490, 0.00150372, 0.00104653
492, 491, 0.00120355, 0.00105027
493, 486, 0.00434558, 0.00106659
493, 487, 0.00323686, 0.00106535
493, 488, 0.00273807, 0.00106148
493, 489, 0.00232132, 0.00106059
493, 490, 0.0020955, 0.00106685
493, 491, 0.00169161, 0.00107014
493, 492, 0.00132351, 0.00107201
494, 486, 0.00429469, 0.00106793
494, 487, 0.00318904, 0.00106742
494, 488, 0.00268747, 0.0010633
494, 489, 0.00227861, 0.00106394
494, 490, 0.00204667, 0.00106614
494, 491, 0.00164949, 0.00106963
494, 492, 0.0012889, 0.00107437
494, 493, 0.00106125, 0.00106723
495, 487, 0.00426942, 0.00109309
495, 488, 0.00375832, 0.00109414
495, 489, 0.00332465, 0.00109188
495, 490, 0.00307444, 0.00109255
495, 491, 0.00262491, 0.00109511
495, 492, 0.00215383, 0.00110093
495, 493, 0.00152186, 0.00109317
495, 494, 0.00154239, 0.00108342
496, 488, 0.00421805, 0.00110313
496, 489, 0.00377482, 0.00110382
496, 490, 0.00353065, 0.00110439
496, 491, 0.00306484, 0.00110287
496, 492, 0.0025886, 0.00110969
496, 493, 0.00189474, 0.00110514
496, 494, 0.00191715, 0.00109296
496, 495, 0.00123914, 0.00110407
497, 488, 0.00446586, 0.00111043
497, 489, 0.00402973, 0.00110879
497, 490, 0.00377778, 0.00111119
497, 491, 0.00330755, 0.0011164
497, 492, 0.00282425, 0.00111395
497, 493, 0.00211204, 0.00111341
497, 494, 0.00213772, 0.00110498
497, 495, 0.00137878, 0.00110831
497, 496, 0.00114007, 0.00111176
498, 489, 0.00398327, 0.0011085
498, 490, 0.00372666, 0.00111164
498, 491, 0.00326573, 0.00111494
498, 492, 0.00278246, 0.00111219
498, 493, 0.00206615, 0.00110986
498, 494, 0.00209428, 0.00110339
498, 495, 0.00134902, 0.00110935
498, 496, 0.00113204, 0.00111173
498, 497, 0.00111422, 0.00111659
499, 492, 0.00397186, 0.0011461
499, 493, 0.00321328, 0.00113819
499, 494, 0.00324085, 0.00113142
499, 495, 0.00233362, 0.00114016
499, 496, 0.00186147, 0.0011439
499, 497, 0.00172319, 0.00114578
499, 498, 0.00173163, 0.00114455
500, 493, 0.00362416, 0.00115186
500, 494, 0.0036601, 0.00114282
500, 495, 0.00272247, 0.00115339
500, 496, 0.00222703, 0.00115427
500, 497, 0.00208028, 0.00115972
500, 498, 0.00208963, 0.00115855
500, 499, 0.00124331, 0.00115155
501, 492, 0.00436226, 0.00116023
501, 493, 0.00359698, 0.00114891
501, 494, 0.00361956, 0.00114498
501, 495, 0.00268704, 0.0011513
501, 496, 0.00219952, 0.00115336
501, 497, 0.00204601, 0.00115562
501, 498, 0.00205544, 0.00115313
501, 499, 0.00123293, 0.00115026
501, 500, 0.00115348, 0.00114581
502, 495, 0.00386129, 0.00117769
502, 496, 0.00333719, 0.00118028
502, 497, 0.00316594, 0.00118204
502, 498, 0.00318642, 0.00118374
502, 499, 0.00206576, 0.00118119
502, 500, 0.00167907, 0.00117487
502, 501, 0.00165405, 0.00118149
503, 495, 0.00383673, 0.00117807
503, 496, 0.0033136, 0.00118183
503, 497, 0.00314527, 0.00118378
503, 498, 0.00316026, 0.00117966
503, 499, 0.0020434, 0.00117771
503, 500, 0.00165836, 0.00117024
503, 501, 0.00163743, 0.00117993
503, 502, 0.00117677, 0.00117854
504, 496, 0.00395505, 0.00119628
504, 497, 0.00378798, 0.00119878
504, 498, 0.0038027, 0.00119738
504, 499, 0.00263829, 0.00119552
504, 500, 0.00219986, 0.00119095
504, 501, 0.00217147, 0.00119457
504, 502, 0.00137275, 0.00119305
504, 503, 0.00138603, 0.00118825
505, 495, 0.00443023, 0.00119466
505, 496, 0.00390387, 0.00119623
505, 497, 0.00373246, 0.00120097
505, 498, 0.00374702, 0.00119649
505, 499, 0.00258244, 0.00119426
505, 500, 0.00215579, 0.00118979
505, 501, 0.00212692, 0.00119627
505, 502, 0.00134439, 0.00119284
505, 503, 0.00135522, 0.00119003
505, 504, 0.00119793, 0.00119386
506, 497, 0.0046225, 0.0012202
506, 499, 0.00343843, 0.00121203
506, 500, 0.00297588, 0.00120979
506, 501, 0.00295061, 0.00121595
506, 502, 0.00196951, 0.00121193
506, 503, 0.00198704, 0.00120977
506, 504, 0.00145608, 0.00121576
506, 505, 0.00151549, 0.00120872
508, 499, 0.00392087, 0.00122494
508, 500, 0.00344398, 0.00122135
508, 501, 0.00341877, 0.00123077
508, 502, 0.00239122, 0.00122432
508, 503, 0.002411, 0.00122201
508, 504, 0.00179651, 0.0012302
508, 505, 0.00187279, 0.00122565
508, 506, 0.00133385, 0.0012261
509, 500, 0.00388575, 0.0012318
509, 501, 0.00385093, 0.00123897
509, 502, 0.00280078, 0.00123562
509, 503, 0.00282162, 0.00123125
509, 504, 0.00215688, 0.00123864
509, 505, 0.00224677, 0.00123371
509, 506, 0.00157868, 0.00123621
509, 508, 0.00130147, 0.00123465
510, 501, 0.00422825, 0.00124542
510, 502, 0.00315606, 0.00124078
510, 503, 0.0031843, 0.00124024
510, 504, 0.00249739, 0.00124472
510, 505, 0.00258714, 0.00124481
510, 506, 0.00185386, 0.00124477
510, 508, 0.00147859, 0.0012423
510, 509, 0.00130918, 0.00124228
511, 502, 0.00346811, 0.00124902
511, 503, 0.00348848, 0.00124938
511, 504, 0.0027857, 0.00125368
511, 505, 0.0028792, 0.00125337
511, 506, 0.00211084, 0.00125317
511, 508, 0.00168515, 0.0012517
511, 509, 0.00145126, 0.00125091
511, 510, 0.00130184, 0.0012553
512, 502, 0.00367552, 0.0012525
512, 503, 0.00369721, 0.00125232
512, 504, 0.00298475, 0.0012586
512, 505, 0.00308653, 0.00125367
512, 506, 0.00229587, 0.00125446
512, 508, 0.00184061, 0.00125462
512, 509, 0.00157622, 0.00125419
512, 510, 0.00138202, 0.00125815
512, 511, 0.00126084, 0.00125366
513, 504, 0.00377231, 0.00127588
513, 505, 0.00387512, 0.00127609
513, 506, 0.00304496, 0.00127179
513, 508, 0.00253758, 0.00127465
513, 509, 0.002203, 0.00127464
513, 510, 0.0019134, 0.00127596
513, 511, 0.00161341, 0.00127004
513, 512, 0.00152218, 0.00126774
514, 504, 0.003564, 0.00127234
514, 505, 0.00366172, 0.0012699
514, 506, 0.00283796, 0.00126815
514, 508, 0.00233766, 0.00126663
514, 509, 0.00201886, 0.00126986
514, 510, 0.00174634, 0.00126976
514, 511, 0.00148151, 0.00126441
514, 512, 0.00140513, 0.00126373
514, 513, 0.00128293, 0.00127335
515, 505, 0.00378354, 0.00127532
515, 506, 0.00296403, 0.00127045
515, 508, 0.00245275, 0.00127447
515, 509, 0.00212941, 0.00127198
515, 510, 0.00184607, 0.00127748
515, 511, 0.00155681, 0.00127209
515, 512, 0.00147358, 0.0012664
515, 513, 0.00127053, 0.00127389
515, 514, 0.00127715, 0.00127389
516, 506, 0.00336939, 0.00128282
516, 508, 0.00285387, 0.00128461
516, 509, 0.00250342, 0.00128266
516, 510, 0.00219889, 0.00128094
516, 511, 0.00185752, 0.00127914
516, 512, 0.00174966, 0.00127868
516, 513, 0.0013358, 0.00128571
516, 514, 0.00141294, 0.00128232
516, 515, 0.00135528, 0.00127759
517, 508, 0.00306363, 0.00128571
517, 509, 0.00271522, 0.00128528
517, 510, 0.00239465, 0.00129005
517, 511, 0.00204203, 0.00128152
517, 512, 0.00192118, 0.00128153
517, 513, 0.00142464, 0.00128808
517, 514, 0.0015306, 0.0012829
517, 515, 0.0014541, 0.00128108
517, 516, 0.00130475, 0.00128453
519, 508, 0.00303845, 0.00128863
519, 509, 0.00269371, 0.00129026
519, 510, 0.00237184, 0.00129026
519, 511, 0.00202218, 0.00128608
519, 512, 0.00190249, 0.00127831
519, 513, 0.00141604, 0.00129059
519, 514, 0.00151981, 0.00128717
519, 515, 0.00144228, 0.00128193
519, 516, 0.00130137, 0.00128656
519, 517, 0.00128909, 0.00129057
520, 509, 0.003603, 0.00130941
520, 510, 0.00325917, 0.00130942
520, 511, 0.00286639, 0.00130632
520, 512, 0.00272153, 0.00130255
520, 513, 0.00205073, 0.00131109
520, 514, 0.00222099, 0.00130577
520, 515, 0.00210163, 0.00130346
520, 516, 0.00174996, 0.00130734
520, 517, 0.00163098, 0.00130972
520, 519, 0.00164531, 0.0013111
521, 511, 0.00343959, 0.0013177
521, 512, 0.00330044, 0.00131629
521, 513, 0.00257162, 0.00132334
521, 514, 0.00276308, 0.00131841
521, 515, 0.0026307, 0.00131402
521, 516, 0.00222605, 0.001319
521, 517, 0.00207827, 0.00132374
521, 519, 0.00209831, 0.00132599
521, 520, 0.00150219, 0.00132618
522, 510, 0.00366842, 0.00131754
522, 511, 0.0032617, 0.00131499
522, 512, 0.00311608, 0.00131276
522, 513, 0.00240644, 0.00131828
522, 514, 0.00258811, 0.00131551
522, 515, 0.0024609, 0.00131162
522, 516, 0.00207532, 0.00131539
522, 517, 0.00193066, 0.0013192
522, 519, 0.00194892, 0.00132053
522, 520, 0.00141781, 0.00132187
522, 521, 0.00132722, 0.00131448
523, 512, 0.00342988, 0.00132126
523, 513, 0.00269465, 0.00132951
523, 514, 0.00288989, 0.00132499
523, 515, 0.00275465, 0.00132084
523, 516, 0.00234742, 0.00132324
523, 517, 0.00219061, 0.00132708
523, 519, 0.00221262, 0.00133097
523, 520, 0.00158012, 0.00132902
523, 521, 0.0013373, 0.00132364
523, 522, 0.00136405, 0.00132597
525, 513, 0.00395146, 0.00135847
525, 514, 0.00416542, 0.00135371
525, 515, 0.00401467, 0.00135318
525, 516, 0.00357452, 0.0013541
525, 517, 0.00339779, 0.0013575
525, 519, 0.00342432, 0.00136042
525, 520, 0.00261589, 0.00135993
525, 521, 0.00206601, 0.00135208
525, 522, 0.00217657, 0.00135613
525, 523, 0.00195786, 0.00134972
526, 513, 0.0043657, 0.00136687
526, 516, 0.00398687, 0.00136185
526, 517, 0.00381238, 0.00136587
526, 519, 0.0038296, 0.00136825
526, 520, 0.00300196, 0.00136568
526, 521, 0.00241877, 0.00136061
526, 522, 0.00253728, 0.0013646
526, 523, 0.00230107, 0.0013614
526, 525, 0.00142489, 0.00136229
527, 520, 0.0040163, 0.0013878
527, 521, 0.00339722, 0.00138281
527, 522, 0.00352504, 0.00138607
527, 523, 0.00326511, 0.00138419
527, 525, 0.00205616, 0.00138581
527, 526, 0.0017647, 0.00138358
528, 520, 0.00458506, 0.0014012
528, 521, 0.0039526, 0.0013952
528, 522, 0.0040874, 0.00140066
528, 523, 0.00381619, 0.00139672
528, 525, 0.00253369, 0.00139758
528, 526, 0.00219533, 0.00139593
528, 527, 0.00154453, 0.00139522
529, 520, 0.00480295, 0.00140668
529, 521, 0.00416591, 0.00139858
529, 522, 0.0042951, 0.00140496
529, 523, 0.00402656, 0.00140041
529, 525, 0.0027347, 0.00140448
529, 526, 0.00237736, 0.00140101
529, 527, 0.00165823, 0.00140063
529, 528, 0.00141974, 0.00140414
530, 521, 0.00465847, 0.00141158
530, 522, 0.00479638, 0.00141494
530, 523, 0.00452378, 0.0014112
530, 525, 0.00319838, 0.00141459
530, 526, 0.00282426, 0.00141363
530, 527, 0.00199688, 0.00140784
530, 528, 0.00159846, 0.00141504
530, 529, 0.00150062, 0.00141187
531, 525, 0.00451874, 0.00143987
531, 526, 0.00412918, 0.00143924
531, 527, 0.00318433, 0.00143738
531, 528, 0.00260888, 0.00144374
531, 529, 0.00241368, 0.00144064
531, 530, 0.00199881, 0.00144176
532, 525, 0.00487709, 0.00144803
532, 526, 0.00448352, 0.00144578
532, 527, 0.00352319, 0.00144506
532, 528, 0.00293215, 0.00144902
532, 529, 0.00272711, 0.00144657
532, 530, 0.00227831, 0.00144625
532, 531, 0.00151372, 0.00145144
533, 525, 0.00498389, 0.00145053
533, 526, 0.00459318, 0.00145081
533, 527, 0.00362841, 0.00144987
533, 528, 0.00303358, 0.00145076
533, 529, 0.00282493, 0.00145066
533, 530, 0.00236811, 0.00145009
533, 531, 0.00155075, 0.00145591
533, 532, 0.00145238, 0.00144953
535, 525, 0.00519426, 0.00145514
535, 526, 0.00480127, 0.00145517
535, 527, 0.00382921, 0.00145153
535, 528, 0.00322713, 0.00145681
535, 529, 0.00301325, 0.00145395
535, 530, 0.00254411, 0.00145328
535, 531, 0.00164736, 0.00145891
535, 532, 0.00148689, 0.00145462
535, 533, 0.00146688, 0.00145359
537, 528, 0.00431628, 0.00148102
537, 529, 0.00409732, 0.00147728
537, 530, 0.00358717, 0.00147913
537, 531, 0.00244155, 0.00148272
537, 532, 0.00210142, 0.00147922
537, 533, 0.00201563, 0.00147741
537, 535, 0.0018884, 0.0014803
538, 529, 0.00443388, 0.00148344
538, 530, 0.00391971, 0.001485
538, 531, 0.00274325, 0.00148851
538, 532, 0.0023714, 0.00148331
538, 533, 0.00227408, 0.00148397
538, 535, 0.00213252, 0.00148336
538, 537, 0.0015321, 0.00148286
539, 528, 0.00446539, 0.00148228
539, 529, 0.00424418, 0.00148032
539, 530, 0.00372973, 0.00148001
539, 531, 0.00257383, 0.00148615
539, 532, 0.00220947, 0.00148156
539, 533, 0.00212622, 0.00148024
539, 535, 0.00199179, 0.00148111
539, 537, 0.00148988, 0.00148124
539, 538, 0.00149912, 0.00148173
540, 530, 0.00439642, 0.00149576
540, 531, 0.00318289, 0.00150174
540, 532, 0.00279006, 0.00149346
540, 533, 0.00269186, 0.00149611
540, 535, 0.00252763, 0.0014945
540, 537, 0.00173722, 0.00149378
540, 538, 0.00157129, 0.00149623
540, 539, 0.00168833, 0.00149743
541, 531, 0.00341235, 0.00150411
541, 532, 0.00300257, 0.00149921
541, 533, 0.00289878, 0.00150134
541, 535, 0.00273587, 0.00149999
541, 537, 0.00187753, 0.00150001
541, 538, 0.00166748, 0.00149875
541, 539, 0.00181922, 0.00150304
541, 540, 0.00151481, 0.00149877
542, 531, 0.00350227, 0.00150403
542, 532, 0.00309496, 0.00150121
542, 533, 0.00298973, 0.00150295
542, 535, 0.00282413, 0.00150163
542, 537, 0.0019445, 0.00150032
542, 538, 0.00171354, 0.00150299
542, 539, 0.00188107, 0.00150448
542, 540, 0.00153121, 0.00150078
542, 541, 0.00150756, 0.00150438
543, 532, 0.00317148, 0.0015042
543, 533, 0.00306348, 0.00150391
543, 535, 0.00289705, 0.0015043
543, 537, 0.00199936, 0.00150316
543, 538, 0.00175985, 0.00150365
543, 539, 0.00193271, 0.00150619
543, 540, 0.00154753, 0.00150237
543, 541, 0.00151604, 0.00150938
543, 542, 0.0015095, 0.00150599
544, 532, 0.00323146, 0.00150423
544, 533, 0.00312787, 0.00150581
544, 535, 0.00296531, 0.00150555
544, 537, 0.00205273, 0.001505
544, 538, 0.00180343, 0.00150427
544, 539, 0.00198176, 0.00150442
544, 540, 0.00157157, 0.00150356
544, 541, 0.0015275, 0.00150756
544, 542, 0.00152215, 0.0015077
544, 543, 0.00150601, 0.00150261
545, 533, 0.00335294, 0.00150871
545, 535, 0.00318063, 0.00150918
545, 537, 0.00223123, 0.00150775
545, 538, 0.00195007, 0.00151044
545, 539, 0.00215152, 0.00151141
545, 540, 0.00166322, 0.00150982
545, 541, 0.00159295, 0.00151046
545, 542, 0.00158044, 0.00151069
545, 543, 0.00153777, 0.00150724
545, 544, 0.00152738, 0.00150909
546, 535, 0.00352216, 0.00151668
546, 537, 0.0025244, 0.00151733
546, 538, 0.00221486, 0.00151667
546, 539, 0.00244486, 0.00151857
546, 540, 0.00185842, 0.00151611
546, 541, 0.00176291, 0.00152064
546, 542, 0.00173805, 0.00151812
546, 543, 0.0016624, 0.00151505
546, 544, 0.00163861, 0.00151761
546, 545, 0.00157964, 0.0015179
547, 537, 0.00283436, 0.00152176
547, 538, 0.00250697, 0.00152236
547, 539, 0.00274632, 0.00152531
547, 540, 0.00209739, 0.00152201
547, 541, 0.00197985, 0.00152643
547, 542, 0.00195211, 0.00152471
547, 543, 0.00185157, 0.00152256
547, 544, 0.0018171, 0.00152206
547, 545, 0.00172578, 0.00152305
547, 546, 0.00155663, 0.00152295
548, 537, 0.0028415, 0.00152243
548, 538, 0.00251147, 0.00152436
548, 539, 0.00276322, 0.00152657
548, 540, 0.00210653, 0.00152242
548, 541, 0.00198974, 0.00152774
548, 542, 0.00195799, 0.00152539
548, 543, 0.00185475, 0.00152335
548, 544, 0.00182595, 0.00152595
548, 545, 0.00172924, 0.00152324
548, 546, 0.00155812, 0.00152361
548, 547, 0.00152476, 0.00152686
549, 537, 0.0029945, 0.00152616
549, 538, 0.00265028, 0.00152561
549, 539, 0.00290889, 0.00152738
549, 540, 0.00223457, 0.00152428
549, 541, 0.00210645, 0.00152949
549, 542, 0.00207338, 0.00152676
549, 543, 0.00196258, 0.00152264
549, 544, 0.00192554, 0.00152653
549, 545, 0.00182035, 0.0015244
549, 546, 0.00160692, 0.0015269
549, 547, 0.00153984, 0.00152872
549, 548, 0.00152987, 0.00152372
550, 538, 0.00269332, 0.00152625
550, 539, 0.00294419, 0.00152855
550, 540, 0.00226272, 0.00152523
550, 541, 0.0021377, 0.00153097
550, 542, 0.00210324, 0.00152861
550, 543, 0.00199004, 0.00152533
550, 544, 0.00195106, 0.00152839
550, 545, 0.00184519, 0.00152707
550, 546, 0.00161745, 0.00152672
550, 547, 0.00154172, 0.00153144
550, 548, 0.00152869, 0.00152584
550, 549, 0.00152508, 0.00152967
551, 540, 0.00254905, 0.00153137
551, 541, 0.00240665, 0.00153412
551, 542, 0.00236759, 0.00153547
551, 543, 0.0022406, 0.00153026
551, 544, 0.00220391, 0.00153387
551, 545, 0.00207825, 0.00153146
551, 546, 0.00178308, 0.00153425
551, 547, 0.00164543, 0.00153642
551, 548, 0.00160693, 0.00153095
551, 549, 0.00158755, 0.00153382
551, 550, 0.00157271, 0.00152976
552, 540, 0.00257347, 0.00153275
552, 541, 0.0024252, 0.00153628
552, 542, 0.00239519, 0.00153533
552, 543, 0.00226432, 0.00153332
552, 544, 0.00222493, 0.00153585
552, 545, 0.00209704, 0.00153315
552, 546, 0.00179599, 0.00153472
552, 547, 0.00165447, 0.00153876
552, 548, 0.00161457, 0.0015331
552, 549, 0.00159377, 0.0015372
552, 550, 0.00157782, 0.00153328
552, 551, 0.00153573, 0.00153643
553, 540, 0.00269057, 0.00153494
553, 541, 0.00254714, 0.00154172
553, 542, 0.00250821, 0.00153629
553, 543, 0.00237654, 0.00153614
553, 544, 0.00233129, 0.00153619
553, 545, 0.00220413, 0.0015373
553, 546, 0.00187912, 0.00153641
553, 547, 0.00171599, 0.00153916
553, 548, 0.00167134, 0.00153556
553, 549, 0.00164524, 0.00153934
553, 550, 0.00162334, 0.00153427
553, 551, 0.0015551, 0.00153866
553, 552, 0.00154085, 0.0015371
555, 542, 0.00264696, 0.00154129
555, 543, 0.00250726, 0.00153667
555, 544, 0.00245907, 0.00154057
555, 545, 0.0023264, 0.0015398
555, 546, 0.00198053, 0.00154085
555, 547, 0.00179992, 0.00154293
555, 548, 0.00174705, 0.00153851
555, 549, 0.00171197, 0.00153947
555, 550, 0.00168812, 0.00153624
555, 551, 0.0015923, 0.00154128
555, 552, 0.00156304, 0.00153891
555, 553, 0.00154887, 0.00154052
556, 545, 0.00279213, 0.00154862
556, 546, 0.00239994, 0.00154641
556, 547, 0.00216683, 0.00155255
556, 548, 0.00209812, 0.00154741
556, 549, 0.00204607, 0.00155079
556, 550, 0.00200586, 0.00154635
556, 551, 0.0018423, 0.00154805
556, 552, 0.00177342, 0.00154865
556, 553, 0.00172323, 0.0015491
556, 555, 0.0016516, 0.00154889
557, 546, 0.00243047, 0.00155111
557, 547, 0.00220371, 0.00155248
557, 548, 0.00212121, 0.00154868
557, 549, 0.00207326, 0.00155102
557, 550, 0.0020341, 0.00154893
557, 551, 0.00186483, 0.00155089
557, 552, 0.00179498, 0.00154922
557, 553, 0.00174432, 0.00155086
557, 555, 0.00166735, 0.0015489
557, 556, 0.00155322, 0.00154892
558, 546, 0.00241631, 0.00154998
558, 547, 0.00218519, 0.00155421
558, 548, 0.00210941, 0.00154864
558, 549, 0.00206314, 0.0015529
558, 550, 0.00202279, 0.00154741
558, 551, 0.00185123, 0.00155172
558, 552, 0.00178317, 0.00155012
558, 553, 0.00173504, 0.00155049
558, 555, 0.00166032, 0.0015497
558, 556, 0.00155278, 0.00154933
558, 557, 0.00154929, 0.0015492
559, 546, 0.00256142, 0.00155397
559, 547, 0.00231691, 0.00155497
559, 548, 0.00223643, 0.00155088
559, 549, 0.0021889, 0.00155439
559, 550, 0.00214224, 0.00154892
559, 551, 0.00195944, 0.00155336
559, 552, 0.00187892, 0.00155339
559, 553, 0.00182455, 0.00155334
559, 555, 0.00173913, 0.00155254
559, 556, 0.00157923, 0.00155148
559, 557, 0.0015626, 0.00155061
559, 558, 0.00156008, 0.00155255
560, 547, 0.0022619, 0.00155541
560, 548, 0.00218622, 0.00154975
560, 549, 0.00213393, 0.00155464
560, 550, 0.00209272, 0.00155061
560, 551, 0.00191594, 0.00155316
560, 552, 0.00184022, 0.0015509
560, 553, 0.0017853, 0.00155066
560, 555, 0.00170251, 0.00155105
560, 556, 0.00156579, 0.00155119
560, 557, 0.00155482, 0.00154978
560, 558, 0.00155346, 0.00155167
560, 559, 0.00155222, 0.00155317
561, 547, 0.00239834, 0.00155645
561, 548, 0.0023136, 0.00155386
561, 549, 0.0022628, 0.00155688
561, 550, 0.00221519, 0.0015497
561, 551, 0.0020308, 0.00155556
561, 552, 0.00194615, 0.00155385
561, 553, 0.00188465, 0.0015536
561, 555, 0.00178768, 0.00155404
561, 556, 0.00160399, 0.00155347
561, 557, 0.00158146, 0.00155225
561, 558, 0.00157613, 0.00155455
561, 559, 0.0015629, 0.00155671
561, 560, 0.00156109, 0.00155654
562, 548, 0.0026939, 0.00156047
562, 549, 0.00263498, 0.00156295
562, 550, 0.00258472, 0.00155905
562, 551, 0.00236686, 0.00156263
562, 552, 0.00227339, 0.00156106
562, 553, 0.00219932, 0.00156073
562, 555, 0.00207291, 0.00156006
562, 556, 0.00178735, 0.00156109
562, 557, 0.00173585, 0.00155835
562, 558, 0.00172793, 0.00156032
562, 559, 0.00168328, 0.00156352
562, 560, 0.00167335, 0.00156279
562, 561, 0.0016395, 0.00156243
563, 549, 0.00249818, 0.00156252
563, 550, 0.0024446, 0.00155727
563, 551, 0.00224232, 0.0015615
563, 552, 0.00214542, 0.00155863
563, 553, 0.00207606, 0.00155898
563, 555, 0.0019646, 0.00156081
563, 556, 0.00170912, 0.00155979
563, 557, 0.00166424, 0.00155899
563, 558, 0.00165679, 0.00155975
563, 559, 0.00162436, 0.00156239
563, 560, 0.00161608, 0.00156155
563, 561, 0.00159252, 0.0015631
563, 562, 0.00156647, 0.0015563
565, 551, 0.00277555, 0.0015702
565, 552, 0.00266217, 0.00156666
565, 553, 0.00257952, 0.00156827
565, 555, 0.00244, 0.00157003
565, 556, 0.00208502, 0.00156891
565, 557, 0.00201622, 0.00156569
565, 558, 0.00199854, 0.00156753
565, 559, 0.00194033, 0.00157093
565, 560, 0.00192003, 0.00157017
565, 561, 0.00186625, 0.00157036
565, 562, 0.00165873, 0.00156572
565, 563, 0.00168533, 0.00156835
566, 552, 0.00284949, 0.00157404
566, 553, 0.00277053, 0.00157376
566, 555, 0.00262455, 0.00157427
566, 556, 0.00224807, 0.001574
566, 557, 0.00217051, 0.00157258
566, 558, 0.00215439, 0.00157331
566, 559, 0.00208732, 0.00157644
566, 560, 0.00206855, 0.00157446
566, 561, 0.0020031, 0.00157729
566, 562, 0.00175247, 0.0015711
566, 563, 0.00178459, 0.00157341
566, 565, 0.00159644, 0.00157446
567, 553, 0.00308219, 0.00157883
567, 555, 0.00293272, 0.00157872
567, 556, 0.00252944, 0.00158012
567, 557, 0.00244471, 0.00157815
567, 558, 0.00242852, 0.00157938
567, 559, 0.00235099, 0.00158078
567, 560, 0.00233082, 0.00158012
567, 561, 0.00225979, 0.00158157
567, 562, 0.00194889, 0.00157697
567, 563, 0.0019985, 0.00157893
567, 565, 0.00170633, 0.0015801
567, 566, 0.00161742, 0.00157841
568, 556, 0.00293847, 0.00158515
568, 557, 0.00284535, 0.00158454
568, 558, 0.00282631, 0.00158438
568, 559, 0.00274308, 0.00158902
568, 560, 0.00272135, 0.00158833
568, 561, 0.00264388, 0.00158906
568, 562, 0.0022772, 0.00158392
568, 563, 0.00234086, 0.00158697
568, 565, 0.00195445, 0.00158702
568, 566, 0.00179999, 0.00158661
568, 567, 0.00167239, 0.00158491
569, 556, 0.0031037, 0.00158869
569, 557, 0.00301619, 0.00158667
569, 558, 0.00299273, 0.00159243
569, 559, 0.00290512, 0.00159123
569, 560, 0.00288554, 0.00158988
569, 561, 0.00280579, 0.00159323
569, 562, 0.00242346, 0.00158822
569, 563, 0.00248597, 0.00158811
569, 565, 0.00208063, 0.00158985
569, 566, 0.0019033, 0.00159009
569, 567, 0.00174641, 0.0015898
569, 568, 0.00159746, 0.00158979
570, 559, 0.00368128, 0.00160446
570, 561, 0.00356721, 0.00160507
570, 562, 0.00315491, 0.00159876
570, 563, 0.00321997, 0.00160067
570, 565, 0.00274482, 0.00160316
570, 566, 0.0025061, 0.00160267
570, 567, 0.00227085, 0.00160224
570, 568, 0.00191545, 0.00160118
570, 569, 0.00181634, 0.00160192
572, 562, 0.00395648, 0.00161063
572, 563, 0.004029, 0.00161584
572, 565, 0.00351289, 0.00161565
572, 566, 0.00325246, 0.00161516
572, 567, 0.00297715, 0.00161422
572, 568, 0.00252848, 0.00161376
572, 569, 0.00238735, 0.0016145
572, 570, 0.00185828, 0.00161628
573, 562, 0.00417088, 0.0016148
573, 565, 0.00372196, 0.00161837
573, 566, 0.0034628, 0.0016174
573, 567, 0.00318394, 0.00161825
573, 568, 0.00271821, 0.00161589
573, 569, 0.00257026, 0.00161726
573, 570, 0.00199295, 0.00161966
573, 572, 0.00163468, 0.00161506
574, 565, 0.00417636, 0.0016228
574, 566, 0.00391097, 0.00162608
574, 567, 0.00362242, 0.00162516
574, 568, 0.00313639, 0.00162216
574, 569, 0.00297848, 0.00162537
574, 570, 0.00232101, 0.0016265
574, 572, 0.00178193, 0.00162373
574, 573, 0.00169407, 0.00162372
575, 566, 0.0046101, 0.00163416
575, 567, 0.00430864, 0.00163439
575, 568, 0.00379884, 0.00163333
575, 569, 0.00363248, 0.00163403
575, 570, 0.00291209, 0.00163586
575, 572, 0.00220822, 0.00163243
575, 573, 0.00204926, 0.00163361
575, 574, 0.00178365, 0.00163434
576, 567, 0.00447063, 0.00163819
576, 568, 0.00396178, 0.00163774
576, 569, 0.00379168, 0.00163714
576, 570, 0.00306023, 0.00163901
576, 572, 0.0023321, 0.00163567
576, 573, 0.00216079, 0.00163684
576, 574, 0.00186499, 0.00163694
576, 575, 0.00164914, 0.00163708
577, 568, 0.00446505, 0.00164432
577, 569, 0.00429919, 0.00164327
577, 570, 0.00353998, 0.00164577
577, 572, 0.00275906, 0.00164245
577, 573, 0.00255693, 0.00164358
577, 574, 0.00218639, 0.00164356
577, 575, 0.00180259, 0.00164251
577, 576, 0.00171469, 0.0016445
579, 569, 0.00479816, 0.00164945
579, 570, 0.00402783, 0.00165242
579, 572, 0.00321226, 0.00164845
579, 573, 0.00299812, 0.001649
579, 574, 0.00258163, 0.0016499
579, 575, 0.00208949, 0.00164994
579, 576, 0.00194708, 0.00165071
579, 577, 0.00172841, 0.00165001
580, 570, 0.00441256, 0.00165801
580, 572, 0.00357824, 0.00165529
580, 573, 0.00336317, 0.00165587
580, 574, 0.00292112, 0.00165603
580, 575, 0.00237731, 0.00165558
580, 576, 0.00220396, 0.00165747
580, 577, 0.00190567, 0.0016562
580, 579, 0.00171191, 0.00165742
581, 572, 0.00450566, 0.00166621
581, 573, 0.00427778, 0.00166743
581, 574, 0.00380295, 0.00166821
581, 575, 0.0031871, 0.00166774
581, 576, 0.00297443, 0.00166969
581, 577, 0.00257067, 0.00166775
581, 579, 0.00221404, 0.00166902
581, 580, 0.00192051, 0.00166652
582, 572, 0.00435837, 0.00166509
582, 573, 0.00412864, 0.00166582
582, 574, 0.00366613, 0.00166729
582, 575, 0.00305625, 0.00166602
582, 576, 0.00285174, 0.00166683
582, 577, 0.00245195, 0.00166604
582, 579, 0.00211172, 0.00166788
582, 580, 0.00184559, 0.00166548
582, 581, 0.00167543, 0.00166663
583, 574, 0.00438163, 0.00167615
583, 575, 0.00374472, 0.00167447
583, 576, 0.00351937, 0.00167634
583, 577, 0.0030815, 0.0016763
583, 579, 0.00267199, 0.00167691
583, 580, 0.0023043, 0.00167506
583, 581, 0.0017929, 0.00167563
583, 582, 0.00186197, 0.00167941
584, 575, 0.00414833, 0.00168061
584, 576, 0.00391482, 0.00168186
584, 577, 0.00346471, 0.00167994
584, 579, 0.00304062, 0.00168068
584, 580, 0.00263452, 0.00167998
584, 581, 0.00200032, 0.00168125
584, 582, 0.00209926, 0.00168388
584, 583, 0.00173705, 0.00167938
585, 575, 0.00429789, 0.0016834
585, 576, 0.0040713, 0.00168529
585, 577, 0.00361026, 0.00168216
585, 579, 0.00317918, 0.00168353
585, 580, 0.00276114, 0.00168216
585, 581, 0.00209502, 0.00168427
585, 582, 0.00220179, 0.00168613
585, 583, 0.00178862, 0.00168291
585, 584, 0.00169666, 0.00168355
586, 577, 0.00421853, 0.00169104
586, 579, 0.00377836, 0.00169243
586, 580, 0.00332796, 0.00168914
586, 581, 0.00256309, 0.00169182
586, 582, 0.00269666, 0.00169376
586, 583, 0.00212317, 0.00169045
586, 584, 0.00190609, 0.00169121
586, 585, 0.00183391, 0.00169021
587, 579, 0.00396246, 0.00169421
587, 580, 0.00351141, 0.00169165
587, 581, 0.00272519, 0.00169359
587, 582, 0.00286632, 0.00169615
587, 583, 0.00225989, 0.00169292
587, 584, 0.00201358, 0.00169363
587, 585, 0.00192642, 0.00169287
587, 586, 0.00170734, 0.00169358
589, 580, 0.00397246, 0.00169824
589, 581, 0.00314127, 0.00169963
589, 582, 0.00329552, 0.00170217
589, 583, 0.00262282, 0.00169897
589, 584, 0.00233042, 0.00169961
589, 585, 0.00222157, 0.00169818
589, 586, 0.0018503, 0.0016991
589, 587, 0.00177708, 0.00169845
590, 581, 0.00331376, 0.00170206
590, 582, 0.00346566, 0.00170588
590, 583, 0.00278435, 0.00170067
590, 584, 0.00247933, 0.00170149
590, 585, 0.00235494, 0.00169915
590, 586, 0.00193979, 0.00170144
590, 587, 0.00184758, 0.00170136
590, 589, 0.00171428, 0.00170086
591, 581, 0.00332281, 0.00170194
591, 582, 0.00346598, 0.00170512
591, 583, 0.00278945, 0.00170121
591, 584, 0.00248228, 0.00170317
591, 585, 0.00235967, 0.00170173
591, 586, 0.00194071, 0.00170315
591, 587, 0.0018498, 0.00170063
591, 589, 0.00171439, 0.00170071
591, 590, 0.00170218, 0.00170186
592, 581, 0.0033373, 0.00170225
592, 582, 0.00348928, 0.001706
592, 583, 0.00280523, 0.00170104
592, 584, 0.00249598, 0.0017027
592, 585, 0.00237319, 0.00170069
592, 586, 0.00195683, 0.00170198
592, 587, 0.00186008, 0.00170163
592, 589, 0.00171705, 0.00170104
592, 590, 0.00170268, 0.0017029
592, 591, 0.0017043, 0.00170135
593, 581, 0.00350126, 0.00170517
593, 583, 0.00294939, 0.00170379
593, 584, 0.00262984, 0.00170374
593, 585, 0.00250833, 0.00170372
593, 586, 0.00205163, 0.0017051
593, 587, 0.00194198, 0.00170355
593, 589, 0.0017524, 0.00170297
593, 590, 0.00171434, 0.00170521
593, 591, 0.00171664, 0.00170298
593, 592, 0.00171448, 0.00170501
594, 583, 0.00359456, 0.00171188
594, 584, 0.00324064, 0.0017126
594, 585, 0.00310041, 0.00171138
594, 586, 0.00254811, 0.00171251
594, 587, 0.00239847, 0.00171186
594, 589, 0.00206494, 0.00171224
594, 590, 0.00195528, 0.00171349
594, 591, 0.00196039, 0.00171185
594, 592, 0.00195464, 0.00171353
594, 593, 0.00187866, 0.00171285
595, 584, 0.00406202, 0.0017228
595, 585, 0.00391144, 0.00172221
595, 586, 0.00329739, 0.00172272
595, 587, 0.00312129, 0.00172244
595, 589, 0.00270227, 0.00172118
595, 590, 0.00253876, 0.00172393
595, 591, 0.00255485, 0.00172115
595, 592, 0.00254347, 0.00172379
595, 593, 0.00242214, 0.00172336
595, 594, 0.00196828, 0.00172211
596, 585, 0.00413097, 0.00172462
596, 586, 0.00350647, 0.0017259
596, 587, 0.00332721, 0.00172591
596, 589, 0.00289139, 0.00172479
596, 590, 0.00272658, 0.00172618
596, 591, 0.0027383, 0.00172537
596, 592, 0.0027313, 0.00172652
596, 593, 0.00259886, 0.00172597
596, 594, 0.00209934, 0.00172564
596, 595, 0.00174332, 0.001727
597, 586, 0.00449593, 0.00173823
597, 587, 0.00429507, 0.00173767
597, 589, 0.00383091, 0.00173649
597, 590, 0.00364496, 0.00173884
597, 591, 0.0036557, 0.00173734
597, 592, 0.00364271, 0.00173847
597, 593, 0.00350182, 0.00173813
597, 594, 0.00287212, 0.00173733
597, 595, 0.00219468, 0.0017384
597, 596, 0.0020578, 0.00173735
599, 589, 0.00520433, 0.00175213
599, 590, 0.00500385, 0.00175396
599, 591, 0.00502461, 0.00175268
599, 592, 0.00501472, 0.00175396
599, 593, 0.00485813, 0.00175396
599, 594, 0.00417275, 0.00175357
599, 595, 0.00333446, 0.00175398
599, 596, 0.00313803, 0.00175336
599, 597, 0.00230181, 0.00175268
601, 594, 0.00841599, 0.00179897
601, 595, 0.00750269, 0.00180042
601, 596, 0.0072859, 0.00179882
601, 597, 0.00621142, 0.001799
601, 599, 0.00481744, 0.00179994
602, 595, 0.0109184, 0.00183285
602, 596, 0.0106965, 0.00183251
602, 597, 0.00960275, 0.00183212
602, 599, 0.00816601, 0.00183369
602, 601, 0.00394093, 0.00183351
604, 597, 0.0117812, 0.0018532
604, 599, 0.0103333, 0.00185482
604, 601, 0.00599936, 0.00185383
604, 602, 0.0028995, 0.00185364
605, 599, 0.0112896, 0.00186415
605, 601, 0.00693362, 0.00186297
605, 602, 0.00370048, 0.00186334
605, 604, 0.0021037, 0.00186302
606, 601, 0.00851316, 0.00187756
606, 602, 0.00518508, 0.00187779
606, 604, 0.00321544, 0.00187813
606, 605, 0.00249641, 0.00187737
607, 601, 0.00850336, 0.00187682
607, 602, 0.00517221, 0.00187818
607, 604, 0.0032079, 0.00187832
607, 605, 0.00248929, 0.00187739
607, 606, 0.00187738, 0.00187791
609, 602, 0.00650365, 0.00189148
609, 604, 0.00442931, 0.00189115
609, 605, 0.00358156, 0.00189041
609, 606, 0.00235695, 0.00189092
609, 607, 0.00235054, 0.00188992
610, 602, 0.00673751, 0.00189347
610, 604, 0.00464967, 0.00189264
610, 605, 0.0037845, 0.00189269
610, 606, 0.00250602, 0.00189331
610, 607, 0.00249969, 0.00189211
610, 609, 0.00190699, 0.0018926
611, 602, 0.00695451, 0.00189589
611, 604, 0.00485686, 0.00189562
611, 605, 0.00398371, 0.00189465
611, 606, 0.00266102, 0.00189474
611, 607, 0.00265759, 0.00189381
611, 609, 0.00194915, 0.0018947
611, 610, 0.00191032, 0.00189475
612, 602, 0.00717798, 0.00189763
612, 604, 0.00508013, 0.00189814
612, 605, 0.00420252, 0.00189704
612, 606, 0.00283653, 0.00189782
612, 607, 0.0028285, 0.00189595
612, 609, 0.00202116, 0.0018969
612, 610, 0.00195601, 0.00189708
612, 611, 0.00191309, 0.00189871
613, 604, 0.0056751, 0.00190331
613, 605, 0.00477262, 0.00190312
613, 606, 0.00334179, 0.00190241
613, 607, 0.00333354, 0.00190264
613, 609, 0.00232224, 0.00190292
613, 610, 0.00220134, 0.0019037
613, 611, 0.00209483, 0.00190457
613, 612, 0.00200405, 0.00190355
615, 606, 0.00386107, 0.00190847
615, 607, 0.00384912, 0.00190678
615, 609, 0.00272181, 0.00190841
615, 610, 0.00256877, 0.00190786
615, 611, 0.00241754, 0.00191007
615, 612, 0.00227454, 0.00190903
615, 613, 0.00200669, 0.00190738
616, 606, 0.00383682, 0.00190863
616, 607, 0.00382935, 0.00190773
616, 609, 0.00270487, 0.00190866
616, 610, 0.00255166, 0.00190809
616, 611, 0.00240313, 0.00191032
616, 612, 0.00226453, 0.00190935
616, 613, 0.0020008, 0.00190822
616, 615, 0.00190911, 0.00190915
617, 609, 0.00334623, 0.00191582
617, 610, 0.00316767, 0.00191525
617, 611, 0.00298351, 0.00191757
617, 612, 0.00280305, 0.00191715
617, 613, 0.00238603, 0.00191486
617, 615, 0.00208224, 0.00191635
617, 616, 0.00208576, 0.00191598
618, 609, 0.00335666, 0.00191514
618, 610, 0.00317377, 0.00191539
618, 611, 0.00299227, 0.0019169
618, 612, 0.00281115, 0.00191707
618, 613, 0.00239308, 0.00191482
618, 615, 0.00208755, 0.00191571
618, 616, 0.00209212, 0.00191661
618, 617, 0.00191818, 0.00191585
619, 609, 0.00372803, 0.00191931
619, 610, 0.00354142, 0.00191969
619, 611, 0.00334703, 0.0019211
619, 612, 0.00315512, 0.00192073
619, 613, 0.00268491, 0.00191836
619, 615, 0.00230282, 0.00192095
619, 616, 0.00230763, 0.00192042
619, 617, 0.0019778, 0.00192091
619, 618, 0.00196974, 0.00192002
620, 610, 0.0037083, 0.00192206
620, 611, 0.00351865, 0.00192321
620, 612, 0.00331511, 0.00192383
620, 613, 0.00282987, 0.00192184
620, 615, 0.00241899, 0.0019231
620, 616, 0.00242659, 0.00192266
620, 617, 0.00203675, 0.0019232
620, 618, 0.00202639, 0.00192314
620, 619, 0.00193175, 0.00192245
621, 611, 0.00439666, 0.00193244
621, 612, 0.00417752, 0.00193247
621, 613, 0.00364296, 0.00192952
621, 615, 0.003143, 0.00193188
621, 616, 0.00315261, 0.00193198
621, 617, 0.0025634, 0.0019316
621, 618, 0.0025393, 0.00193073
621, 619, 0.00227438, 0.0019308
621, 620, 0.00217252, 0.00193068
622, 612, 0.00442545, 0.00193453
622, 613, 0.0038808, 0.0019342
622, 615, 0.00336581, 0.00193355
622, 616, 0.00337921, 0.00193459
622, 617, 0.0027581, 0.00193302
622, 618, 0.00273161, 0.00193292
622, 619, 0.00243755, 0.00193422
622, 620, 0.00231739, 0.00193226
622, 621, 0.00195916, 0.00193263
623, 613, 0.00413494, 0.00193521
623, 615, 0.00361695, 0.00193545
623, 616, 0.0036223, 0.00193561
623, 617, 0.00297319, 0.00193627
623, 618, 0.00295285, 0.00193585
623, 619, 0.00262986, 0.00193753
623, 620, 0.00249381, 0.00193463
623, 621, 0.00202844, 0.00193447
623, 622, 0.00196244, 0.00193606
624, 617, 0.00510241, 0.00195728
624, 618, 0.00506773, 0.00195709
624, 619, 0.00466546, 0.0019581
624, 620, 0.00447747, 0.00195762
624, 621, 0.00363332, 0.00195734
624, 622, 0.00339582, 0.00195623
624, 623, 0.003164, 0.00195823
625, 619, 0.00713683, 0.0019797
625, 620, 0.00694042, 0.00198007
625, 621, 0.00602166, 0.00197994
625, 622, 0.0057547, 0.00197959
625, 623, 0.00548745, 0.00197997
625, 624, 0.0033495, 0.00197966
626, 621, 0.0106175, 0.00201655
626, 622, 0.0103424, 0.00201751
626, 623, 0.0100691, 0.00201965
626, 624, 0.00772564, 0.00201821
626, 625, 0.00518327, 0.00201662
627, 624, 0.0147867, 0.00206748
627, 625, 0.0121527, 0.00206609
627, 626, 0.0075194, 0.00206759
628, 625, 0.014425, 0.00208251
628, 626, 0.00975652, 0.00208271
628, 627, 0.00310344, 0.00208589
630, 626, 0.0118105, 0.00209676
630, 627, 0.00486838, 0.00209912
630, 628, 0.00298394, 0.00209775
631, 626, 0.0126769, 0.00210195
631, 627, 0.0056754, 0.0021053
631, 628, 0.00366891, 0.00210297
631, 630, 0.00229244, 0.00210299
632, 627, 0.00674945, 0.00211074
632, 628, 0.00464997, 0.00210917
632, 630, 0.00294265, 0.00210756
632, 631, 0.00239859, 0.00210735
633, 627, 0.00708451, 0.00211148
633, 628, 0.00496648, 0.00211075
633, 630, 0.0031986, 0.00210989
633, 631, 0.00258449, 0.00210957
633, 632, 0.00213712, 0.00210957
634, 627, 0.00708305, 0.00211177
634, 628, 0.00496828, 0.00211108
634, 630, 0.00320221, 0.00210987
634, 631, 0.00258817, 0.00211086
634, 632, 0.00214106, 0.00210971
634, 633, 0.00211178, 0.00210949
635, 628, 0.0061442, 0.00211453
635, 630, 0.00425003, 0.0021132
635, 631, 0.0034875, 0.00211429
635, 632, 0.0026702, 0.00211193
635, 633, 0.00247519, 0.00211179
635, 634, 0.00247667, 0.00211523
636, 630, 0.00497584, 0.0021166
636, 631, 0.00417291, 0.00211479
636, 632, 0.00323724, 0.00211504
636, 633, 0.00298543, 0.00211222
636, 634, 0.00298668, 0.00211699
636, 635, 0.00227174, 0.00211638
637, 631, 0.00475143, 0.0021167
637, 632, 0.00376068, 0.0021143
637, 633, 0.00348253, 0.00211438
637, 634, 0.00348437, 0.00211774
637, 635, 0.00258627, 0.00211701
637, 636, 0.00221752, 0.00211369
638, 631, 0.00501306, 0.00211759
638, 632, 0.00400387, 0.0021154
638, 633, 0.00371876, 0.00211392
638, 634, 0.00372401, 0.00211859
638, 635, 0.002766, 0.00211771
638, 636, 0.00232382, 0.00211621
638, 637, 0.00213552, 0.00211391
639, 633, 0.00427924, 0.00211417
639, 634, 0.00428331, 0.00211907
639, 635, 0.00323142, 0.00211697
639, 636, 0.00266526, 0.0021152
639, 637, 0.00231319, 0.00211284
639, 638, 0.00221403, 0.0021189
640, 635, 0.00404407, 0.00211611
640, 636, 0.00337177, 0.00211415
640, 637, 0.0028697, 0.00211152
640, 638, 0.00268626, 0.00211828
640, 639, 0.00233453, 0.00211475
641, 635, 0.00443988, 0.00211376
641, 636, 0.00373792, 0.00211402
641, 637, 0.0031941, 0.00211043
641, 638, 0.00298619, 0.00211837
641, 639, 0.00255711, 0.00211207
641, 640, 0.00216707, 0.00211287
642, 636, 0.00452282, 0.0021097
642, 637, 0.00392492, 0.00210629
642, 638, 0.00368908, 0.00211129
642, 639, 0.00316326, 0.00210789
642, 640, 0.00252393, 0.00210957
642, 641, 0.00231242, 0.00210685
643, 637, 0.00417772, 0.00210526
643, 638, 0.00393169, 0.00211173
643, 639, 0.00338409, 0.00210825
643, 640, 0.00269709, 0.00210988
643, 641, 0.00244889, 0.00210706
643, 642, 0.00212734, 0.00210808
644, 638, 0.0041325, 0.00211016
644, 639, 0.00357062, 0.00210537
644, 640, 0.00284717, 0.00210837
644, 641, 0.00257114, 0.0021055
644, 642, 0.0021678, 0.00210644
644, 643, 0.00212082, 0.0021077
645, 640, 0.00325869, 0.00210622
645, 641, 0.00293542, 0.00210459
645, 642, 0.00236508, 0.00210299
645, 643, 0.00225471, 0.00210562
645, 644, 0.00217335, 0.00210429
646, 641, 0.00318537, 0.0021009
646, 642, 0.00254213, 0.00209827
646, 643, 0.00239937, 0.00210072
646, 644, 0.00228419, 0.0021008
646, 645, 0.00213141, 0.00209812
647, 641, 0.00319005, 0.00210065
647, 642, 0.00254295, 0.00210046
647, 643, 0.00240353, 0.00210155
647, 644, 0.00228685, 0.00210213
647, 645, 0.00213375, 0.00210052
647, 646, 0.00210071, 0.00209992
648, 642, 0.0026938, 0.00209836
648, 643, 0.00253641, 0.00210021
648, 644, 0.00239738, 0.00210109
648, 645, 0.0021937, 0.00209663
648, 646, 0.00211752, 0.00209943
648, 647, 0.00211219, 0.0020996
649, 642, 0.00269776, 0.00209894
649, 643, 0.00253896, 0.00210074
649, 644, 0.00240212, 0.00210025
649, 645, 0.00219641, 0.00209845
649, 646, 0.00212055, 0.00209933
649, 647, 0.00211517, 0.00209847
649, 648, 0.00210302, 0.00209876
650, 642, 0.0028311, 0.00209373
650, 643, 0.00265511, 0.00209523
650, 644, 0.0024992, 0.00209521
650, 645, 0.00225724, 0.00209295
650, 646, 0.00214829, 0.00209423
650, 647, 0.00213807, 0.00209375
650, 648, 0.00210446, 0.00209511
650, 649, 0.00211243, 0.00209742
651, 642, 0.00297006, 0.00208932
651, 643, 0.002786, 0.00209213
651, 644, 0.00261963, 0.00208873
651, 645, 0.00234535, 0.00208783
651, 646, 0.00220417, 0.00208928
651, 647, 0.00218876, 0.00209068
651, 648, 0.00213257, 0.00209082
651, 649, 0.00214859, 0.00209324
651, 650, 0.00209823, 0.00209022
652, 646, 0.00264652, 0.00207377
652, 647, 0.00261939, 0.00207475
652, 648, 0.00248917, 0.002074
652, 649, 0.00252272, 0.00207837
652, 650, 0.00236351, 0.00207465
652, 651, 0.00227227, 0.00207291
654, 650, 0.0033296, 0.00203524
654, 651, 0.00315613, 0.00203309
654, 652, 0.00254283, 0.00203808
655, 651, 0.00337502, 0.00202141
655, 652, 0.00272028, 0.0020231
655, 654, 0.0020445, 0.00202185
656, 652, 0.00290852, 0.00201631
656, 654, 0.00209553, 0.00201415
656, 655, 0.00203414, 0.00201518
657, 654, 0.00211036, 0.00200638
657, 655, 0.00203775, 0.00200832
657, 656, 0.00201423, 0.00200649
658, 654, 0.00210138, 0.00200521
658, 655, 0.00203332, 0.00200785
658, 656, 0.00201317, 0.00200753
658, 657, 0.00200746, 0.002005
659, 654, 0.00211206, 0.00200265
659, 655, 0.0020516, 0.00200395
659, 656, 0.00204823, 0.00200327
659, 657, 0.00202557, 0.00200078
659, 658, 0.0020252, 0.00200379
660, 654, 0.00212332, 0.00200602
660, 655, 0.00204649, 0.00200582
660, 656, 0.00202035, 0.00200622
660, 657, 0.00200706, 0.00200599
660, 658, 0.00200712, 0.00200563
660, 659, 0.00203053, 0.00200533
661, 655, 0.00208758, 0.00200038
661, 656, 0.0020937, 0.00199875
661, 657, 0.00205837, 0.00199752
661, 658, 0.00205924, 0.0019999
661, 659, 0.00200768, 0.00199969
661, 660, 0.00205523, 0.00199962
662, 655, 0.00208164, 0.00200047
662, 656, 0.00209028, 0.00200003
662, 657, 0.0020551, 0.00199975
662, 658, 0.00205601, 0.00199944
662, 659, 0.00200499, 0.00199845
662, 660, 0.00205256, 0.00200255
662, 661, 0.00199796, 0.00200023
663, 656, 0.0021071, 0.00199793
663, 657, 0.00206544, 0.00199671
663, 658, 0.00206602, 0.00199922
663, 659, 0.00201114, 0.00199785
663, 660, 0.00206261, 0.00199891
663, 661, 0.00200233, 0.00200013
663, 662, 0.00200074, 0.00199713
664, 657, 0.00217372, 0.00199281
664, 658, 0.00217144, 0.00199415
664, 659, 0.00206634, 0.00199499
664, 660, 0.00216589, 0.00199653
664, 661, 0.00202575, 0.0019955
664, 662, 0.00202973, 0.00199433
664, 663, 0.00202089, 0.0019964
665, 657, 0.00233772, 0.00199092
665, 658, 0.00233921, 0.00199293
665, 659, 0.00219176, 0.00199319
665, 660, 0.00233222, 0.00199417
665, 661, 0.00212451, 0.00199271
665, 662, 0.00213059, 0.00199256
665, 663, 0.00211201, 0.00199337
665, 664, 0.00202984, 0.00198963
666, 659, 0.00265139, 0.00198555
666, 661, 0.00253544, 0.00198681
666, 662, 0.00254503, 0.00198486
666, 663, 0.00251463, 0.00198808
666, 664, 0.00233118, 0.00198459
666, 665, 0.00215854, 0.00198715
667, 659, 0.00265237, 0.00198725
667, 661, 0.0025362, 0.00198691
667, 662, 0.00254845, 0.00198531
667, 663, 0.00252073, 0.00198743
667, 664, 0.00234036, 0.001985
667, 665, 0.00215867, 0.00198631
667, 666, 0.00198542, 0.00198565
668, 661, 0.00305792, 0.00198127
668, 662, 0.00308123, 0.00198105
668, 663, 0.00303925, 0.00198288
668, 664, 0.00280979, 0.00198029
668, 665, 0.00254837, 0.00198324
668, 666, 0.00211858, 0.00198252
668, 667, 0.00212201, 0.00198096
669, 664, 0.00391913, 0.00197201
669, 665, 0.00359519, 0.00197378
669, 666, 0.00292313, 0.00197266
669, 667, 0.00292004, 0.00197158
669, 668, 0.00242477, 0.0019707
670, 665, 0.00523681, 0.00196377
670, 666, 0.00446706, 0.00196267
670, 667, 0.0044698, 0.00196176
670, 668, 0.00380631, 0.00195996
670, 669, 0.00270095, 0.00196031
672, 666, 0.00600487, 0.00195403
672, 667, 0.00601086, 0.00195284
672, 668, 0.00530169, 0.00195113
672, 669, 0.0040282, 0.00195196
672, 670, 0.00256238, 0.00195357
673, 668, 0.00676081, 0.00194365
673, 669, 0.00543658, 0.00194465
673, 670, 0.00375326, 0.00194358
673, 672, 0.00249348, 0.00194523
674, 669, 0.00591668, 0.00194156
674, 670, 0.00418956, 0.00194304
674, 672, 0.00283559, 0.00194161
674, 673, 0.00201271, 0.00194312
675, 670, 0.00457139, 0.00193802
675, 672, 0.00315994, 0.0019394
675, 673, 0.00216016, 0.00194048
675, 674, 0.00198073, 0.00194101
676, 670, 0.00462166, 0.00193753
676, 672, 0.00319826, 0.00193917
676, 673, 0.00218705, 0.00194189
676, 674, 0.0019928, 0.0019401
676, 675, 0.00194072, 0.00194047
677, 670, 0.00538272, 0.0019352
677, 672, 0.00388802, 0.00193746
677, 673, 0.00266599, 0.00193899
677, 674, 0.00232357, 0.00193646
677, 675, 0.0020895, 0.00193681
677, 676, 0.00210423, 0.00193609
678, 672, 0.00448494, 0.00193185
678, 673, 0.00317343, 0.00193382
678, 674, 0.00275772, 0.00193259
678, 675, 0.00242666, 0.00193438
678, 676, 0.0024503, 0.00193032
678, 677, 0.00204803, 0.00193501
679, 672, 0.00446272, 0.00193215
679, 673, 0.00314665, 0.0019358
679, 674, 0.00273457, 0.00193356
679, 675, 0.0024063, 0.00193282
679, 676, 0.00243166, 0.00193204
679, 677, 0.00204068, 0.00193381
679, 678, 0.0019348, 0.00193205
680, 672, 0.00546762, 0.00192756
680, 673, 0.00407283, 0.00193204
680, 674, 0.00359978, 0.00192773
680, 675, 0.0031883, 0.00193071
680, 676, 0.00321233, 0.00192942
680, 677, 0.00260274, 0.00193029
680, 678, 0.00221953, 0.00192597
680, 679, 0.00222763, 0.00193182
681, 673, 0.00400825, 0.0019308
681, 674, 0.00353774, 0.00192946
681, 675, 0.00313213, 0.00193066
681, 676, 0.00316167, 0.00192803
681, 677, 0.00255549, 0.00192959
681, 678, 0.00218395, 0.00192781
681, 679, 0.00219504, 0.00193039
681, 680, 0.00193468, 0.00192829
682, 673, 0.00439803, 0.00193029
682, 674, 0.00390667, 0.00192834
682, 675, 0.00348206, 0.00192761
682, 676, 0.00351953, 0.00192564
682, 677, 0.00286157, 0.00192907
682, 678, 0.00241919, 0.00192647
682, 679, 0.00243313, 0.00193045
682, 680, 0.0019534, 0.00192779
682, 681, 0.00196692, 0.0019303
683, 677, 0.00404435, 0.00192269
683, 678, 0.00348119, 0.00191997
683, 679, 0.00349355, 0.00192527
683, 680, 0.00260262, 0.00192128
683, 681, 0.00265003, 0.00192304
683, 682, 0.00245812, 0.0019194
684, 678, 0.00295558, 0.00192231
684, 679, 0.00296482, 0.00192673
684, 680, 0.00221143, 0.00192222
684, 681, 0.00224538, 0.00192486
684, 682, 0.00211497, 0.00192037
684, 683, 0.00203305, 0.00192109
685, 678, 0.0037001, 0.00192047
685, 679, 0.00371442, 0.00192187
685, 680, 0.00278358, 0.00191992
685, 681, 0.00283182, 0.00192185
685, 682, 0.00262915, 0.00191803
685, 683, 0.00193885, 0.0019188
685, 684, 0.00214621, 0.00192095
686, 678, 0.00424383, 0.00191496
686, 679, 0.0042632, 0.001919
686, 680, 0.00325903, 0.00191857
686, 681, 0.0033167, 0.00192063
686, 682, 0.00308716, 0.00191563
686, 683, 0.00211187, 0.00191698
686, 684, 0.00248493, 0.00191685
686, 685, 0.002039, 0.00192073
687, 677, 0.00663273, 0.00190993
687, 680, 0.00493207, 0.00190991
687, 681, 0.00500006, 0.00191135
687, 682, 0.00472937, 0.00190882
687, 683, 0.00338355, 0.0019089
687, 684, 0.00398104, 0.00191119
687, 685, 0.00322474, 0.00191242
687, 686, 0.00267776, 0.00191143
688, 680, 0.00590492, 0.00190587
688, 681, 0.00597808, 0.00190604
688, 682, 0.00569975, 0.00190352
688, 683, 0.00428017, 0.0019049
688, 684, 0.0049186, 0.001906
688, 685, 0.00411174, 0.00190849
688, 686, 0.00348196, 0.00190728
688, 687, 0.00215732, 0.00190896
690, 683, 0.00600756, 0.00189616
690, 685, 0.00581697, 0.00190197
690, 686, 0.00513826, 0.0019007
690, 687, 0.00344163, 0.00190025
690, 688, 0.00265897, 0.00189909
691, 680, 0.0066428, 0.00190151
691, 682, 0.00643199, 0.00190239
691, 683, 0.00498264, 0.00190245
691, 685, 0.00480062, 0.0019034
691, 686, 0.00414769, 0.00190488
691, 687, 0.0026084, 0.00190647
691, 688, 0.00205613, 0.00190537
691, 690, 0.00216592, 0.00190093
692, 686, 0.00846319, 0.00188241
692, 687, 0.00660908, 0.00188761
692, 688, 0.00565212, 0.00188274
692, 690, 0.00400793, 0.00188157
692, 691, 0.0049568, 0.00188776
693, 687, 0.00661989, 0.00188661
693, 688, 0.00566494, 0.00188451
693, 690, 0.00401035, 0.00188131
693, 691, 0.00496801, 0.00188804
693, 692, 0.00188385, 0.00188512
694, 687, 0.00788001, 0.00187924
694, 688, 0.0069074, 0.00187936
694, 690, 0.00520596, 0.00187669
694, 691, 0.00619679, 0.00188238
694, 692, 0.00228525, 0.00188171
694, 693, 0.00232944, 0.0018775
695, 687, 0.00788227, 0.0018808
695, 688, 0.00690574, 0.00187838
695, 690, 0.0052024, 0.00187641
695, 691, 0.00618432, 0.00188052
695, 692, 0.00227864, 0.00188187
695, 693, 0.00232696, 0.00187918
695, 694, 0.00187785, 0.00187317
696, 688, 0.00963804, 0.00186315
696, 690, 0.00787579, 0.0018628
696, 691, 0.00889708, 0.00187032
696, 692, 0.00450285, 0.00186948
696, 693, 0.00457731, 0.001865
696, 694, 0.00333297, 0.00186154
696, 695, 0.00330611, 0.00186585
698, 692, 0.00754118, 0.00184956
698, 693, 0.00762666, 0.00185118
698, 694, 0.00626778, 0.00184544
698, 695, 0.0062269, 0.00185228
698, 696, 0.00370192, 0.00184691
699, 692, 0.0078895, 0.00184878
699, 693, 0.00796154, 0.00184908
699, 694, 0.00659847, 0.00184347
699, 695, 0.00656381, 0.00184955
699, 696, 0.00400537, 0.0018453
699, 698, 0.00187868, 0.00184476
701, 692, 0.00878388, 0.00184652
701, 694, 0.00748778, 0.00183861
701, 695, 0.0074585, 0.00184683
701, 696, 0.00485096, 0.00184297
701, 698, 0.0022344, 0.00184279
701, 699, 0.00207003, 0.00184793
702, 694, 0.00798534, 0.00183556
702, 695, 0.00795472, 0.00184231
702, 696, 0.00532358, 0.00184061
702, 698, 0.00255336, 0.00184064
702, 699, 0.00234899, 0.00184539
702, 701, 0.00191886, 0.00184095
703, 696, 0.00624614, 0.00183618
703, 698, 0.00329857, 0.00183622
703, 699, 0.00304577, 0.00183981
703, 701, 0.00238482, 0.00183893
703, 702, 0.0020881, 0.00183342
704, 696, 0.00642634, 0.00183339
704, 698, 0.00346932, 0.00183603
704, 699, 0.00320135, 0.0018382
704, 701, 0.00250973, 0.00183397
704, 702, 0.00218574, 0.00183199
704, 703, 0.00185413, 0.001837
705, 696, 0.00647324, 0.00183032
705, 698, 0.0035118, 0.0018351
705, 699, 0.00324106, 0.00183766
705, 701, 0.00254602, 0.00183782
705, 702, 0.00221173, 0.00183231
705, 703, 0.00186196, 0.00183376
705, 704, 0.00183459, 0.00183625
706, 696, 0.00694154, 0.00183117
706, 698, 0.00392498, 0.00183097
706, 699, 0.00364947, 0.00183463
706, 701, 0.00289609, 0.00183349
706, 702, 0.0025136, 0.00182682
706, 703, 0.00200044, 0.00183316
706, 704, 0.00191511, 0.00183192
706, 705, 0.00189994, 0.00182824
707, 698, 0.00424341, 0.00182929
707, 699, 0.00396501, 0.00183198
707, 701, 0.00318269, 0.00183062
707, 702, 0.0027746, 0.00182617
707, 703, 0.00216968, 0.00183042
707, 704, 0.00204819, 0.00183005
707, 705, 0.0020212, 0.00182659
707, 706, 0.00187158, 0.00182765
708, 698, 0.00445164, 0.00182615
708, 699, 0.00417107, 0.00183133
708, 701, 0.00337284, 0.00182883
708, 702, 0.00294288, 0.00182444
708, 703, 0.00229984, 0.00182718
708, 704, 0.00215779, 0.00182844
708, 705, 0.00212898, 0.0018247
708, 706, 0.00193057, 0.00182854
708, 707, 0.00184225, 0.00183052
709, 698, 0.00471981, 0.0018275
709, 699, 0.00443027, 0.00183126
709, 701, 0.0036142, 0.00182622
709, 702, 0.00317521, 0.00182454
709, 703, 0.00248355, 0.00182726
709, 704, 0.00232668, 0.00182585
709, 705, 0.00229361, 0.00182365
709, 706, 0.00204529, 0.00182468
709, 707, 0.00190146, 0.00183309
709, 708, 0.00186106, 0.00182567
710, 698, 0.00491914, 0.00182564
710, 699, 0.00463078, 0.00182803
710, 701, 0.0038066, 0.00182681
710, 702, 0.00335038, 0.00182163
710, 703, 0.00263096, 0.00182575
710, 704, 0.00245943, 0.00182662
710, 705, 0.00241805, 0.00182207
710, 706, 0.00213785, 0.00182558
710, 707, 0.00196666, 0.00183145
710, 708, 0.00190522, 0.00182387
710, 709, 0.00184704, 0.00182625
711, 699, 0.00482277, 0.00182721
711, 701, 0.00398503, 0.00182635
711, 702, 0.00353168, 0.0018207
711, 703, 0.00277919, 0.00182721
711, 704, 0.0026039, 0.00182344
711, 705, 0.00256309, 0.00181971
711, 706, 0.00225216, 0.00182349
711, 707, 0.00205311, 0.00182939
711, 708, 0.00197531, 0.00182071
711, 709, 0.00188575, 0.00182543
711, 710, 0.00183772, 0.00182494
712, 701, 0.0045336, 0.0018232
712, 702, 0.00405721, 0.00181769
712, 703, 0.00327025, 0.00182154
712, 704, 0.003066, 0.00182149
712, 705, 0.00302309, 0.00181668
712, 706, 0.00265429, 0.00182015
712, 707, 0.00239064, 0.00182742
712, 708, 0.00227834, 0.00181735
712, 709, 0.00212719, 0.0018236
712, 710, 0.00200904, 0.00182193
712, 711, 0.00190761, 0.0018187
713, 701, 0.00454297, 0.00182097
713, 702, 0.00406365, 0.00182032
713, 703, 0.00326955, 0.00182285
713, 704, 0.00307256, 0.00181926
713, 705, 0.00302218, 0.00181783
713, 706, 0.00266096, 0.0018204
713, 707, 0.00239665, 0.0018273
713, 708, 0.00228506, 0.00181914
713, 709, 0.0021313, 0.00182232
713, 710, 0.00201137, 0.00182169
713, 711, 0.0019096, 0.00181995
713, 712, 0.00182886, 0.00182418
714, 704, 0.00419409, 0.00181097
714, 705, 0.00414335, 0.00180733
714, 706, 0.0037201, 0.00181214
714, 707, 0.00338615, 0.00181942
714, 708, 0.00323849, 0.00180936
714, 709, 0.00301226, 0.00181194
714, 710, 0.00281527, 0.00181626
714, 711, 0.00260376, 0.00181086
714, 712, 0.0022803, 0.00181513
714, 713, 0.00226967, 0.00181813
715, 706, 0.00450606, 0.00180479
715, 707, 0.00415862, 0.00181185
715, 708, 0.00399864, 0.00180179
715, 709, 0.00375097, 0.00180783
715, 710, 0.00352746, 0.00180636
715, 711, 0.00328453, 0.00180594
715, 712, 0.00289859, 0.00181008
715, 713, 0.00288351, 0.00181284
715, 714, 0.00201086, 0.00181057
716, 706, 0.00454313, 0.00180749
716, 707, 0.00418839, 0.001812
716, 708, 0.00402958, 0.00180462
716, 709, 0.00378421, 0.00180763
716, 710, 0.00356147, 0.00180802
716, 711, 0.00332669, 0.00180393
716, 712, 0.00292308, 0.00181256
716, 713, 0.00290831, 0.00181182
716, 714, 0.00203042, 0.00181031
716, 715, 0.00180794, 0.00180648
717, 708, 0.00493223, 0.0017984
717, 709, 0.00467086, 0.00180036
717, 710, 0.00443805, 0.00180102
717, 711, 0.00418697, 0.00179693
717, 712, 0.00375576, 0.00180612
717, 713, 0.00373293, 0.00180415
717, 714, 0.0026253, 0.00180152
717, 715, 0.00204182, 0.00180106
717, 716, 0.00203771, 0.00180282
718, 709, 0.00551463, 0.00179636
718, 710, 0.00526994, 0.00179586
718, 711, 0.00500083, 0.00179403
718, 712, 0.00455711, 0.0018008
718, 713, 0.00453322, 0.00179735
718, 714, 0.00333476, 0.00179798
718, 715, 0.00258827, 0.00179433
718, 716, 0.00258133, 0.00179654
718, 717, 0.00201549, 0.00179024
719, 710, 0.00558384, 0.00179392
719, 711, 0.00531398, 0.00179233
719, 712, 0.00486269, 0.00179659
719, 713, 0.00484831, 0.00180082
719, 714, 0.00361087, 0.00179697
719, 715, 0.00282784, 0.00179151
719, 716, 0.00282159, 0.00179338
719, 717, 0.00217441, 0.00178865
719, 718, 0.00182615, 0.00179635
720, 712, 0.00556755, 0.0017917
720, 713, 0.00554481, 0.00179499
720, 714, 0.00428283, 0.00178743
720, 715, 0.00344747, 0.00178803
720, 716, 0.00343664, 0.00178903
720, 717, 0.00267203, 0.00179007
720, 718, 0.00211621, 0.00178673
720, 719, 0.00196385, 0.00178425
721, 714, 0.00677893, 0.00177448
721, 715, 0.00586499, 0.0017666
721, 716, 0.00585509, 0.00176694
721, 717, 0.00496455, 0.00176531
721, 718, 0.00417075, 0.00176934
721, 719, 0.00388275, 0.00176637
721, 720, 0.00320987, 0.00177257
722, 714, 0.00593057, 0.00177976
722, 715, 0.00502981, 0.0017767
722, 716, 0.00502395, 0.0017787
722, 717, 0.0041587, 0.00177255
722, 718, 0.00339578, 0.00177774
722, 719, 0.00312766, 0.00177051
722, 720, 0.00252984, 0.0017778
722, 721, 0.00200759, 0.00177629
723, 717, 0.00769879, 0.00174857
723, 718, 0.00686382, 0.00174893
723, 719, 0.00654883, 0.00174232
723, 720, 0.005805, 0.00175363
723, 721, 0.00330426, 0.0017478
723, 722, 0.00409612, 0.00175675
724, 715, 0.00836904, 0.00175129
724, 716, 0.00835448, 0.00174523
724, 717, 0.00743314, 0.00174948
724, 718, 0.00659968, 0.00175094
724, 719, 0.00628514, 0.00174357
724, 720, 0.00554428, 0.00175445
724, 721, 0.00308052, 0.00174801
724, 722, 0.00385384, 0.00175544
724, 723, 0.00176389, 0.00174811
725, 718, 0.00963898, 0.00172571
725, 719, 0.00931907, 0.00172211
725, 720, 0.00854846, 0.00173285
725, 721, 0.00589906, 0.00172809
725, 722, 0.00676665, 0.00173207
725, 723, 0.00335164, 0.00172482
725, 724, 0.00347681, 0.00172494
726, 721, 0.0105899, 0.00169093
726, 722, 0.0114681, 0.00169369
726, 723, 0.00785812, 0.00168778
726, 724, 0.00799622, 0.00168868
726, 725, 0.00514697, 0.00169421
727, 721, 0.011541, 0.00168374
727, 723, 0.00879398, 0.00168028
727, 724, 0.00893398, 0.0016778
727, 725, 0.0060633, 0.00168174
727, 726, 0.00193599, 0.0016829
728, 723, 0.0128743, 0.00164313
728, 724, 0.0130128, 0.00164378
728, 725, 0.0100875, 0.00164581
728, 726, 0.00534738, 0.00164607
728, 727, 0.0043621, 0.00164843
729, 724, 0.0141501, 0.00163186
729, 725, 0.0112191, 0.00163831
729, 726, 0.00644265, 0.0016362
729, 727, 0.00543935, 0.00163705
729, 728, 0.00200776, 0.00163043
730, 726, 0.00921962, 0.00161784
730, 727, 0.00818601, 0.00161881
730, 728, 0.00431158, 0.00160877
730, 729, 0.00324061, 0.00162072
731, 725, 0.0126694, 0.00162739
731, 726, 0.00787396, 0.00162865
731, 727, 0.00685692, 0.00162872
731, 728, 0.00309182, 0.00162185
731, 729, 0.00217327, 0.00162883
731, 730, 0.00209035, 0.00161541
732, 726, 0.0111426, 0.00159959
732, 727, 0.0101077, 0.00159764
732, 728, 0.00616303, 0.00159043
732, 729, 0.00502039, 0.00160255
732, 730, 0.00256631, 0.00159138
732, 731, 0.00376571, 0.00159607
733, 728, 0.0130741, 0.00152494
733, 729, 0.0118984, 0.00153728
733, 730, 0.0091699, 0.00152431
733, 731, 0.0105546, 0.00153399
733, 732, 0.00723669, 0.00153381
734, 728, 0.0159198, 0.00149582
734, 729, 0.0147359, 0.00150911
734, 730, 0.0120031, 0.00149347
734, 731, 0.013397, 0.00150077
734, 732, 0.0100515, 0.00150547
734, 733, 0.00322135, 0.00149988
735, 732, 0.0171853, 0.00143806
735, 733, 0.01015, 0.00143245
735, 734, 0.00735101, 0.0014279
736, 733, 0.0118187, 0.00141664
736, 734, 0.00901267, 0.00140677
736, 735, 0.00223567, 0.00141926
737, 733, 0.0118395, 0.00141601
737, 734, 0.00903166, 0.00141153
737, 735, 0.00224476, 0.00141981
737, 736, 0.00141361, 0.00141657
738, 733, 0.0117876, 0.00141504
738, 734, 0.00898044, 0.00141264
738, 735, 0.00220419, 0.00142015
738, 736, 0.00141159, 0.0014169
738, 737, 0.00141151, 0.00141466
739, 735, 0.00449532, 0.00139435
739, 736, 0.0029131, 0.00139152
739, 737, 0.00295171, 0.001387
739, 738, 0.0028742, 0.0013916
740, 735, 0.00458468, 0.00139579
740, 736, 0.00298982, 0.00139333
740, 737, 0.00302826, 0.00138846
740, 738, 0.00294908, 0.00139058
740, 739, 0.00139377, 0.0013892
741, 734, 0.0103144, 0.00139854
741, 735, 0.00335109, 0.00140734
741, 736, 0.00192959, 0.00140706
741, 737, 0.00196521, 0.0013995
741, 738, 0.00189896, 0.00140449
741, 739, 0.00189524, 0.00140117
741, 740, 0.00187623, 0.00140815
742, 734, 0.0206993, 0.00125199
742, 735, 0.0135435, 0.00126428
742, 736, 0.0118351, 0.00125846
742, 737, 0.0118684, 0.00125455
742, 738, 0.0117763, 0.00125794
742, 739, 0.0092519, 0.00125667
742, 740, 0.00927471, 0.00126575
742, 741, 0.0104991, 0.00125716
