V 0 :0.997834 -0.0105558 -0.0649297 -0.0645998 0.0290595 -0.997488 0.0124161 0.999522 0.0283145 ,-0.999525 0.0296153 -0.00852233 0.00750192 -0.0343975 -0.99938 -0.0298901 -0.998969 0.0341589 ,-0.999525 0.00750192 -0.0298901 0.0296153 -0.0343975 -0.998969 -0.00852233 -0.99938 0.0341589 ,-0.998216 0.01937 0.05648 -0.0191071 -0.999804 0.00519115 0.0565694 0.00410272 0.99839 ,-0.0740332 0.0302236 -0.0400969 ,0.0472799 -0.0474432 -0.0682 ,0.0455748 -0.0711618 -0.0446813 ,0.125719 -0.0316271 0.0687992 ,19.3055
V 13 :0.994445 -0.101408 -0.0282245 -0.0232082 0.0503108 -0.998464 0.102672 0.993572 0.0476777 ,-0.999525 0.0296153 -0.00852233 0.00750192 -0.0343975 -0.99938 -0.0298901 -0.998969 0.0341589 ,-0.999525 0.00750192 -0.0298901 0.0296153 -0.0343975 -0.998969 -0.00852233 -0.99938 0.0341589 ,-0.997215 -0.0723171 0.018226 0.072039 -0.997282 -0.015476 0.0192956 -0.0141199 0.999714 ,-1.35213 -0.00549978 -0.27231 ,0.0472799 -0.0474432 -0.0682 ,0.0455748 -0.0711618 -0.0446813 ,1.41357 0.0587762 0.0121128 ,19.3055
V 18 :0.992975 -0.0873834 -0.079781 -0.0774026 0.030282 -0.99654 0.089497 0.995715 0.0233055 ,-0.999525 0.0296153 -0.00852233 0.00750192 -0.0343975 -0.99938 -0.0298901 -0.998969 0.0341589 ,-0.999525 0.00750192 -0.0298901 0.0296153 -0.0343975 -0.998969 -0.00852233 -0.99938 0.0341589 ,-0.995759 -0.057335 0.0719492 0.057807 -0.998318 0.00449403 0.0715705 0.00863414 0.997398 ,-1.0834 0.0457352 -0.134576 ,0.0472799 -0.0474432 -0.0682 ,0.0455748 -0.0711618 -0.0446813 ,1.13588 -0.0355326 0.00419655 ,19.3055
V 30 :0.961582 0.248904 -0.115791 -0.117299 -0.008817 -0.993057 -0.248197 0.968488 0.020718 ,-0.999525 0.0296153 -0.00852233 0.00750192 -0.0343975 -0.99938 -0.0298901 -0.998969 0.0341589 ,-0.999525 0.00750192 -0.0298901 0.0296153 -0.0343975 -0.998969 -0.00852233 -0.99938 0.0341589 ,-0.954586 0.280454 0.100554 -0.2778 -0.959815 0.0397728 0.107667 0.0100328 0.994136 ,0.92797 -0.153746 -0.283663 ,0.0472799 -0.0474432 -0.0682 ,0.0455748 -0.0711618 -0.0446813 ,-0.912802 -0.0114712 0.000875215 ,19.3055
V 40 :0.97366 -0.227288 0.018086 0.00481004 -0.0588292 -0.998257 0.227955 0.972049 -0.0561865 ,-0.999525 0.0296153 -0.00852233 0.00750192 -0.0343975 -0.99938 -0.0298901 -0.998969 0.0341589 ,-0.999525 0.00750192 -0.0298901 0.0296153 -0.0343975 -0.998969 -0.00852233 -0.99938 0.0341589 ,-0.979975 -0.199051 -0.00531819 0.197684 -0.975755 0.093934 -0.0238869 0.0910016 0.995564 ,-0.317787 -0.0817275 0.360753 ,0.0472799 -0.0474432 -0.0682 ,0.0455748 -0.0711618 -0.0446813 ,0.257834 -0.501955 -0.00352061 ,19.3055
V 48 :0.957367 -0.288739 -0.00878763 -0.00565817 0.0116712 -0.999916 0.288818 0.957337 0.00953984 ,-0.999525 0.0296153 -0.00852233 0.00750192 -0.0343975 -0.99938 -0.0298901 -0.998969 0.0341589 ,-0.999525 0.00750192 -0.0298901 0.0296153 -0.0343975 -0.998969 -0.00852233 -0.99938 0.0341589 ,-0.965588 -0.259972 0.00736137 0.260075 -0.965303 0.0234984 0.000997019 0.0246042 0.999697 ,-0.930343 -0.0607884 0.394276 ,0.0472799 -0.0474432 -0.0682 ,0.0455748 -0.0711618 -0.0446813 ,0.802297 -0.724867 -0.026347 ,19.3055
V 55 :0.998728 0.0449453 -0.0228589 -0.0298663 0.162014 -0.986337 -0.0406277 0.985765 0.16315 ,-0.999525 0.0296153 -0.00852233 0.00750192 -0.0343975 -0.99938 -0.0298901 -0.998969 0.0341589 ,-0.999525 0.00750192 -0.0298901 0.0296153 -0.0343975 -0.998969 -0.00852233 -0.99938 0.0341589 ,-0.997263 0.0711908 0.0199485 -0.0731731 -0.98899 -0.128623 0.0105721 -0.129731 0.991493 ,-1.30356 -0.0809461 -0.686421 ,0.0472799 -0.0474432 -0.0682 ,0.0455748 -0.0711618 -0.0446813 ,1.323 0.675562 0.0369388 ,19.3055
V 62 :0.990067 0.137818 -0.0278317 -0.0355964 0.0541996 -0.997895 -0.136019 0.988974 0.0585669 ,-0.999525 0.0296153 -0.00852233 0.00750192 -0.0343975 -0.99938 -0.0298901 -0.998969 0.0341589 ,-0.999525 0.00750192 -0.0298901 0.0296153 -0.0343975 -0.998969 -0.00852233 -0.99938 0.0341589 ,-0.985798 0.166425 0.0224904 -0.166906 -0.985737 -0.0215582 0.0185818 -0.0250058 0.999515 ,-0.527472 -0.0206632 0.386581 ,0.0472799 -0.0474432 -0.0682 ,0.0455748 -0.0711618 -0.0446813 ,0.631855 -0.372006 -0.0159078 ,19.3055
V 68 :0.983065 0.180136 -0.033698 -0.0580337 0.131585 -0.989605 -0.17383 0.974801 0.13981 ,-0.999525 0.0296153 -0.00852233 0.00750192 -0.0343975 -0.99938 -0.0298901 -0.998969 0.0341589 ,-0.999525 0.00750192 -0.0298901 0.0296153 -0.0343975 -0.998969 -0.00852233 -0.99938 0.0341589 ,-0.977837 0.20476 0.0436819 -0.208201 -0.972988 -0.09974 0.0220791 -0.106624 0.994054 ,0.471033 -0.089104 -0.692516 ,0.0472799 -0.0474432 -0.0682 ,0.0455748 -0.0711618 -0.0446813 ,-0.527519 0.537732 0.0603376 ,19.3055
V 74 :0.995961 -0.0867085 0.023305 0.0487356 0.304081 -0.951399 0.0754078 0.948692 0.307078 ,-0.999525 0.0296153 -0.00852233 0.00750192 -0.0343975 -0.99938 -0.0298901 -0.998969 0.0341589 ,-0.999525 0.00750192 -0.0298901 0.0296153 -0.0343975 -0.998969 -0.00852233 -0.99938 0.0341589 ,-0.997376 -0.0475107 -0.0546174 0.060592 -0.960742 -0.270747 -0.0396099 -0.273346 0.9611 ,0.794324 0.703857 0.37338 ,0.0472799 -0.0474432 -0.0682 ,0.0455748 -0.0711618 -0.0446813 ,-0.81394 -0.582604 0.561777 ,19.3055
V 75 :0.993991 -0.105977 -0.0274164 -0.0124911 0.139011 -0.990212 0.108751 0.984604 0.136852 ,-0.999525 0.0296153 -0.00852233 0.00750192 -0.0343975 -0.99938 -0.0298901 -0.998969 0.0341589 ,-0.999525 0.00750192 -0.0298901 0.0296153 -0.0343975 -0.998969 -0.00852233 -0.99938 0.0341589 ,-0.996863 -0.0787715 0.00772708 0.0775393 -0.991509 -0.104389 0.0158843 -0.103462 0.994507 ,0.597793 0.212952 0.619209 ,0.0472799 -0.0474432 -0.0682 ,0.0455748 -0.0711618 -0.0446813 ,-0.618709 -0.654681 0.178866 ,19.3055
V 81 :0.993497 -0.113456 0.00961354 0.0285467 0.166458 -0.985635 0.110226 0.9795 0.168614 ,-0.999525 0.0296153 -0.00852233 0.00750192 -0.0343975 -0.99938 -0.0298901 -0.998969 0.0341589 ,-0.999525 0.00750192 -0.0298901 0.0296153 -0.0343975 -0.998969 -0.00852233 -0.99938 0.0341589 ,-0.996105 -0.0816717 -0.0332307 0.0853736 -0.987576 -0.131929 -0.022043 -0.134252 0.990702 ,-0.935753 0.0371689 0.251947 ,0.0472799 -0.0474432 -0.0682 ,0.0455748 -0.0711618 -0.0446813 ,0.938936 -0.439199 0.038866 ,19.3055
V 84 :0.999201 -0.0253179 0.0309479 0.0322034 0.0507874 -0.99819 0.0237004 0.998389 0.051562 ,-0.999525 0.0296153 -0.00852233 0.00750192 -0.0343975 -0.99938 -0.0298901 -0.998969 0.0341589 ,-0.999525 0.00750192 -0.0298901 0.0296153 -0.0343975 -0.998969 -0.00852233 -0.99938 0.0341589 ,-0.999193 0.00480801 -0.0398894 -0.00415505 -0.999857 -0.0164362 -0.0399627 -0.0162572 0.999069 ,-1.45545 -0.279874 0.244871 ,0.0472799 -0.0474432 -0.0682 ,0.0455748 -0.0711618 -0.0446813 ,1.5016 -0.338808 -0.201646 ,19.3055
V 90 :0.999646 0.00134362 0.0265697 0.0257111 0.20772 -0.97785 -0.00683291 0.978188 0.207612 ,-0.999525 0.0296153 -0.00852233 0.00750192 -0.0343975 -0.99938 -0.0298901 -0.998969 0.0341589 ,-0.999525 0.00750192 -0.0298901 0.0296153 -0.0343975 -0.998969 -0.00852233 -0.99938 0.0341589 ,-0.998774 0.0355463 -0.0344479 -0.0290228 -0.984285 -0.174189 -0.0400983 -0.172975 0.98411 ,-1.12866 -0.285708 -0.607004 ,0.0472799 -0.0474432 -0.0682 ,0.0455748 -0.0711618 -0.0446813 ,1.17797 0.578123 -0.0898813 ,19.3055
V 95 :0.999545 -0.0197841 -0.0227661 -0.0214044 0.0665037 -0.997557 0.0212498 0.99759 0.0660499 ,-0.999525 0.0296153 -0.00852233 0.00750192 -0.0343975 -0.99938 -0.0298901 -0.998969 0.0341589 ,-0.999525 0.00750192 -0.0298901 0.0296153 -0.0343975 -0.998969 -0.00852233 -0.99938 0.0341589 ,-0.999866 0.00911022 0.0135986 -0.00954447 -0.999435 -0.0322172 0.0132974 -0.0323427 0.999388 ,0.239713 -0.22612 -0.340064 ,0.0472799 -0.0474432 -0.0682 ,0.0455748 -0.0711618 -0.0446813 ,-0.190393 0.286899 -0.155902 ,19.3055
V 100 :0.956378 -0.29208 -0.00550276 -0.0340038 -0.092593 -0.995123 0.290146 0.951902 -0.0984858 ,-0.999525 0.0296153 -0.00852233 0.00750192 -0.0343975 -0.99938 -0.0298901 -0.998969 0.0341589 ,-0.999525 0.00750192 -0.0298901 0.0296153 -0.0343975 -0.998969 -0.00852233 -0.99938 0.0341589 ,-0.964852 -0.260354 0.0357432 0.262794 -0.956385 0.127541 0.000978565 0.132451 0.991189 ,-0.179752 -0.276314 0.728531 ,0.0472799 -0.0474432 -0.0682 ,0.0455748 -0.0711618 -0.0446813 ,-0.0218227 -0.845912 -0.150537 ,19.3055
V 106 :0.986978 -0.141126 0.0771851 0.122497 0.348444 -0.929291 0.104253 0.926645 0.361194 ,-0.999525 0.0296153 -0.00852233 0.00750192 -0.0343975 -0.99938 -0.0298901 -0.998969 0.0341589 ,-0.999525 0.00750192 -0.0298901 0.0296153 -0.0343975 -0.998969 -0.00852233 -0.99938 0.0341589 ,-0.988706 -0.079129 -0.127271 0.115976 -0.941855 -0.315372 -0.0949161 -0.32657 0.940395 ,-0.976069 0.0260013 -0.37694 ,0.0472799 -0.0474432 -0.0682 ,0.0455748 -0.0711618 -0.0446813 ,1.03321 0.11608 0.258754 ,19.3055
V 114 :0.623134 0.773007 -0.119016 -0.133832 -0.044541 -0.990003 -0.77058 0.632832 0.0756979 ,-0.999525 0.0296153 -0.00852233 0.00750192 -0.0343975 -0.99938 -0.0298901 -0.998969 0.0341589 ,-0.999525 0.00750192 -0.0298901 0.0296153 -0.0343975 -0.998969 -0.00852233 -0.99938 0.0341589 ,-0.600809 0.792844 0.102116 -0.791889 -0.607755 0.0595425 0.109269 -0.045091 0.992989 ,0.999706 -0.133302 -0.245866 ,0.0472799 -0.0474432 -0.0682 ,0.0455748 -0.0711618 -0.0446813 ,-0.741885 -0.627623 0.0418022 ,19.3055
V 123 :0.974357 0.211363 -0.0771636 -0.0714931 -0.0343516 -0.996849 -0.213348 0.976804 -0.0183598 ,-0.999525 0.0296153 -0.00852233 0.00750192 -0.0343975 -0.99938 -0.0298901 -0.998969 0.0341589 ,-0.999525 0.00750192 -0.0298901 0.0296153 -0.0343975 -0.998969 -0.00852233 -0.99938 0.0341589 ,-0.968054 0.244443 0.0558572 -0.240717 -0.968356 0.0658956 0.0701974 0.0503447 0.996262 ,0.427634 -0.101272 0.517078 ,0.0472799 -0.0474432 -0.0682 ,0.0455748 -0.0711618 -0.0446813 ,-0.249582 -0.653943 -0.0135641 ,19.3055
V 127 :0.998088 -0.0213771 -0.0579921 -0.0594392 -0.0747868 -0.995427 0.0169423 0.996971 -0.0759146 ,-0.999525 0.0296153 -0.00852233 0.00750192 -0.0343975 -0.99938 -0.0298901 -0.998969 0.0341589 ,-0.999525 0.00750192 -0.0298901 0.0296153 -0.0343975 -0.998969 -0.00852233 -0.99938 0.0341589 ,-0.998567 0.0146784 0.051475 -0.00899364 -0.994004 0.108978 0.052766 0.108359 0.99271 ,-0.676167 -0.238569 0.424754 ,0.0472799 -0.0474432 -0.0682 ,0.0455748 -0.0711618 -0.0446813 ,0.702352 -0.521219 -0.194783 ,19.3055
V 134 :0.701523 0.155426 0.695492 0.712526 -0.170958 -0.6805 0.0131329 0.972942 -0.230676 ,-0.999525 0.0296153 -0.00852233 0.00750192 -0.0343975 -0.99938 -0.0298901 -0.998969 0.0341589 ,-0.999525 0.00750192 -0.0298901 0.0296153 -0.0343975 -0.998969 -0.00852233 -0.99938 0.0341589 ,-0.696237 -0.0168525 -0.717615 -0.185716 -0.961456 0.202762 -0.693372 0.274443 0.666271 ,-0.126914 -0.341463 0.252615 ,0.0472799 -0.0474432 -0.0682 ,0.0455748 -0.0711618 -0.0446813 ,0.327485 -0.335325 -0.00492552 ,19.3055
V 139 :0.317149 -0.143524 -0.937452 -0.948215 -0.0297713 -0.316232 0.0174776 0.989199 -0.145533 ,-0.999525 0.0296153 -0.00852233 0.00750192 -0.0343975 -0.99938 -0.0298901 -0.998969 0.0341589 ,-0.999525 0.00750192 -0.0298901 0.0296153 -0.0343975 -0.998969 -0.00852233 -0.99938 0.0341589 ,-0.324634 0.024549 0.945521 0.113665 -0.991406 0.064766 0.938985 0.128498 0.319054 ,0.156025 -0.545629 0.505609 ,0.0472799 -0.0474432 -0.0682 ,0.0455748 -0.0711618 -0.0446813 ,-0.516904 -0.566836 0.0279095 ,19.3055
V 145 :0.81359 0.159584 0.55911 0.580516 -0.168779 -0.796564 -0.0327529 0.97265 -0.229958 ,-0.999525 0.0296153 -0.00852233 0.00750192 -0.0343975 -0.99938 -0.0298901 -0.998969 0.0341589 ,-0.999525 0.00750192 -0.0298901 0.0296153 -0.0343975 -0.998969 -0.00852233 -0.99938 0.0341589 ,-0.80787 0.0368456 -0.588209 -0.189847 -0.961115 0.200539 -0.557947 0.273679 0.783451 ,0.0578067 -0.103616 0.0403159 ,0.0472799 -0.0474432 -0.0682 ,0.0455748 -0.0711618 -0.0446813 ,0.0275987 -0.116708 -0.0256765 ,19.3055
V 150 :0.921344 -0.385287 -0.0517623 -0.116893 -0.147583 -0.982118 0.370758 0.910919 -0.181012 ,-0.999525 0.0296153 -0.00852233 0.00750192 -0.0343975 -0.99938 -0.0298901 -0.998969 0.0341589 ,-0.999525 0.00750192 -0.0298901 0.0296153 -0.0343975 -0.998969 -0.00852233 -0.99938 0.0341589 ,-0.932865 -0.339069 0.121633 0.35677 -0.916314 0.181891 0.0497804 0.213075 0.975767 ,-0.163301 -0.129366 0.197462 ,0.0472799 -0.0474432 -0.0682 ,0.0455748 -0.0711618 -0.0446813 ,0.085945 -0.33522 -0.0432699 ,19.3055
V 151 :0.81598 0.576812 0.0382754 0.0702389 -0.0332062 -0.996977 -0.573798 0.816202 -0.0676104 ,-0.999525 0.0296153 -0.00852233 0.00750192 -0.0343975 -0.99938 -0.0298901 -0.998969 0.0341589 ,-0.999525 0.00750192 -0.0298901 0.0296153 -0.0343975 -0.998969 -0.00852233 -0.99938 0.0341589 ,-0.797914 0.594956 -0.0967498 -0.601184 -0.797136 0.0561505 -0.0437156 0.102968 0.993724 ,0.259381 -0.0950251 0.22037 ,0.0472799 -0.0474432 -0.0682 ,0.0455748 -0.0711618 -0.0446813 ,-0.00414734 -0.359453 -0.036046 ,19.3055
V 157 :0.827913 0.560824 0.00609474 0.029657 -0.0329241 -0.999018 -0.560073 0.82728 -0.0438907 ,-0.999525 0.0296153 -0.00852233 0.00750192 -0.0343975 -0.99938 -0.0298901 -0.998969 0.0341589 ,-0.999525 0.00750192 -0.0298901 0.0296153 -0.0343975 -0.998969 -0.00852233 -0.99938 0.0341589 ,-0.810556 0.582994 -0.0558258 -0.585532 -0.808686 0.0563832 -0.0122745 0.0783896 0.996847 ,0.316624 -0.0547208 0.183216 ,0.0472799 -0.0474432 -0.0682 ,0.0455748 -0.0711618 -0.0446813 ,-0.081966 -0.359285 0.00212284 ,19.3055
V 160 :0.926887 -0.373545 -0.0366738 -0.0874785 -0.119973 -0.988916 0.365004 0.919821 -0.143879 ,-0.999525 0.0296153 -0.00852233 0.00750192 -0.0343975 -0.99938 -0.0298901 -0.998969 0.0341589 ,-0.999525 0.00750192 -0.0298901 0.0296153 -0.0343975 -0.998969 -0.00852233 -0.99938 0.0341589 ,-0.938013 -0.334169 0.0919932 0.344974 -0.925809 0.154503 0.0335382 0.176661 0.9837 ,-0.272955 -0.11969 0.157143 ,0.0472799 -0.0474432 -0.0682 ,0.0455748 -0.0711618 -0.0446813 ,0.20825 -0.335564 -0.0507677 ,19.3055
V 161 :0.879404 -0.475843 -0.0149141 -0.048524 -0.0584251 -0.997112 0.473598 0.877588 -0.0744691 ,-0.999525 0.0296153 -0.00852233 0.00750192 -0.0343975 -0.99938 -0.0298901 -0.998969 0.0341589 ,-0.999525 0.00750192 -0.0298901 0.0296153 -0.0343975 -0.998969 -0.00852233 -0.99938 0.0341589 ,-0.893506 -0.445396 0.0571769 0.448948 -0.888766 0.0924216 0.00965263 0.108249 0.994077 ,-0.462398 -0.0644617 -0.129928 ,0.0472799 -0.0474432 -0.0682 ,0.0455748 -0.0711618 -0.0446813 ,0.476621 -0.18935 -0.0291674 ,19.3055
V 162 :0.804517 -0.59383 0.0109097 -0.0504571 -0.0866382 -0.994961 0.591783 0.799913 -0.0996649 ,-0.999525 0.0296153 -0.00852233 0.00750192 -0.0343975 -0.99938 -0.0298901 -0.998969 0.0341589 ,-0.999525 0.00750192 -0.0298901 0.0296153 -0.0343975 -0.998969 -0.00852233 -0.99938 0.0341589 ,-0.822202 -0.565611 0.0637841 0.568988 -0.813695 0.11897 -0.0153897 0.134109 0.990847 ,-0.56238 -0.0569753 -0.541496 ,0.0472799 -0.0474432 -0.0682 ,0.0455748 -0.0711618 -0.0446813 ,0.770089 0.0157356 -0.0500037 ,19.3055
V 163 :0.751669 -0.659532 0.00327797 -0.0595166 -0.0727792 -0.995571 0.65685 0.748145 -0.0939591 ,-0.999525 0.0296153 -0.00852233 0.00750192 -0.0343975 -0.99938 -0.0298901 -0.998969 0.0341589 ,-0.999525 0.00750192 -0.0298901 0.0296153 -0.0343975 -0.998969 -0.00852233 -0.99938 0.0341589 ,-0.771392 -0.631865 0.075511 0.636311 -0.764403 0.103911 -0.00793665 0.128204 0.991716 ,-0.602098 -0.00795323 -0.881037 ,0.0472799 -0.0474432 -0.0682 ,0.0455748 -0.0711618 -0.0446813 ,1.02438 0.182708 -0.0349296 ,19.3055
V 164 :0.823862 -0.566718 -0.00911927 -0.0649913 -0.0784728 -0.994796 0.563053 0.820167 -0.101483 ,-0.999525 0.0296153 -0.00852233 0.00750192 -0.0343975 -0.99938 -0.0298901 -0.998969 0.0341589 ,-0.999525 0.00750192 -0.0298901 0.0296153 -0.0343975 -0.998969 -0.00852233 -0.99938 0.0341589 ,-0.840787 -0.535838 0.0771631 0.541345 -0.833405 0.11127 0.00468539 0.135326 0.99079 ,-0.748574 -0.00203593 -1.03661 ,0.0472799 -0.0474432 -0.0682 ,0.0455748 -0.0711618 -0.0446813 ,1.20389 0.346793 -0.0603629 ,19.3055
V 166 :0.921121 -0.389277 -6.01166e-05 -0.034673 -0.0818907 -0.996038 0.38773 0.917473 -0.0889287 ,-0.999525 0.0296153 -0.00852233 0.00750192 -0.0343975 -0.99938 -0.0298901 -0.998969 0.0341589 ,-0.999525 0.00750192 -0.0298901 0.0296153 -0.0343975 -0.998969 -0.00852233 -0.99938 0.0341589 ,-0.932532 -0.358858 0.0400459 0.361054 -0.925239 0.116497 -0.00475402 0.123096 0.992383 ,-1.02977 0.0389768 -1.17226 ,0.0472799 -0.0474432 -0.0682 ,0.0455748 -0.0711618 -0.0446813 ,1.42316 0.600755 -0.0121698 ,19.3055
V 168 :0.947373 -0.319965 0.0103639 -0.0284149 -0.11629 -0.992809 0.318869 0.940266 -0.119262 ,-0.999525 0.0296153 -0.00852233 0.00750192 -0.0343975 -0.99938 -0.0298901 -0.998969 0.0341589 ,-0.999525 0.00750192 -0.0298901 0.0296153 -0.0343975 -0.998969 -0.00852233 -0.99938 0.0341589 ,-0.956667 -0.289506 0.0312157 0.290836 -0.944772 0.151064 -0.0142422 0.153596 0.988031 ,-1.21346 0.111273 -1.49757 ,0.0472799 -0.0474432 -0.0682 ,0.0455748 -0.0711618 -0.0446813 ,1.65468 0.959047 0.000172337 ,19.3055
V 170 :0.967005 -0.254626 -0.00827412 -0.0268165 -0.0694374 -0.997226 0.253345 0.964544 -0.0739746 ,-0.999525 0.0296153 -0.00852233 0.00750192 -0.0343975 -0.99938 -0.0298901 -0.998969 0.0341589 ,-0.999525 0.00750192 -0.0298901 0.0296153 -0.0343975 -0.998969 -0.00852233 -0.99938 0.0341589 ,-0.974319 -0.223523 0.0272128 0.225153 -0.968702 0.104512 0.00300019 0.107955 0.994151 ,-1.42604 0.0905664 -1.75246 ,0.0472799 -0.0474432 -0.0682 ,0.0455748 -0.0711618 -0.0446813 ,1.85511 1.25898 0.00084388 ,19.3055
V 171 :0.981256 -0.192468 -0.00964099 -0.0250183 -0.0776258 -0.996669 0.191078 0.978229 -0.0809861 ,-0.999525 0.0296153 -0.00852233 0.00750192 -0.0343975 -0.99938 -0.0298901 -0.998969 0.0341589 ,-0.999525 0.00750192 -0.0298901 0.0296153 -0.0343975 -0.998969 -0.00852233 -0.99938 0.0341589 ,-0.986689 -0.16096 0.0231672 0.162555 -0.98025 0.112633 0.00458017 0.1149 0.993367 ,-1.59117 0.0980263 -1.80492 ,0.0472799 -0.0474432 -0.0682 ,0.0455748 -0.0711618 -0.0446813 ,1.94323 1.39486 -0.0114616 ,19.3055
V 172 :0.993284 -0.114218 -0.0184743 -0.0299706 -0.0997698 -0.994559 0.111753 0.988433 -0.102523 ,-0.999525 0.0296153 -0.00852233 0.00750192 -0.0343975 -0.99938 -0.0298901 -0.998969 0.0341589 ,-0.999525 0.00750192 -0.0298901 0.0296153 -0.0343975 -0.998969 -0.00852233 -0.99938 0.0341589 ,-0.996377 -0.0811909 0.0253043 0.0838709 -0.987365 0.134445 0.0140689 0.13608 0.990598 ,-1.7715 0.163599 -1.80346 ,0.0472799 -0.0474432 -0.0682 ,0.0455748 -0.0711618 -0.0446813 ,2.00681 1.5285 -0.00161047 ,19.3055
V 173 :0.998751 -0.0443864 -0.0229568 -0.0267196 -0.0861301 -0.995926 0.0422283 0.995295 -0.0872086 ,-0.999525 0.0296153 -0.00852233 0.00750192 -0.0343975 -0.99938 -0.0298901 -0.998969 0.0341589 ,-0.999525 0.00750192 -0.0298901 0.0296153 -0.0343975 -0.998969 -0.00852233 -0.99938 0.0341589 ,-0.999739 -0.0116874 0.0196339 0.0139697 -0.992621 0.120453 0.0180812 0.120696 0.992525 ,-1.93483 0.148065 -1.86136 ,0.0472799 -0.0474432 -0.0682 ,0.0455748 -0.0711618 -0.0446813 ,2.06058 1.71358 -0.00716961 ,19.3055
V 174 :0.998046 -0.0314245 -0.0540067 -0.0562765 -0.0764983 -0.99548 0.0271511 0.996575 -0.0781174 ,-0.999525 0.0296153 -0.00852233 0.00750192 -0.0343975 -0.99938 -0.0298901 -0.998969 0.0341589 ,-0.999525 0.00750192 -0.0298901 0.0296153 -0.0343975 -0.998969 -0.00852233 -0.99938 0.0341589 ,-0.998806 0.00437014 0.0486634 0.00104799 -0.993847 0.110761 0.048848 0.110679 0.992655 ,-1.9906 0.179721 -1.98352 ,0.0472799 -0.0474432 -0.0682 ,0.0455748 -0.0711618 -0.0446813 ,2.09869 1.8621 -0.0335417 ,19.3055
V 175 :0.999396 -0.0177775 -0.0298738 -0.0321938 -0.149062 -0.988304 0.0131165 0.988668 -0.149544 ,-0.999525 0.0296153 -0.00852233 0.00750192 -0.0343975 -0.99938 -0.0298901 -0.998969 0.0341589 ,-0.999525 0.00750192 -0.0298901 0.0296153 -0.0343975 -0.998969 -0.00852233 -0.99938 0.0341589 ,-0.999554 0.0176018 0.0241048 -0.0129006 -0.983048 0.182893 0.0269154 0.1825 0.982837 ,-2.05188 0.268623 -2.08176 ,0.0472799 -0.0474432 -0.0682 ,0.0455748 -0.0711618 -0.0446813 ,2.13448 2.00054 -0.0514562 ,19.3055
V 176 :0.99908 0.0351704 -0.0245569 -0.0184763 -0.163819 -0.986317 -0.0387121 0.985863 -0.163019 ,-0.999525 0.0296153 -0.00852233 0.00750192 -0.0343975 -0.99938 -0.0298901 -0.998969 0.0341589 ,-0.999525 0.00750192 -0.0298901 0.0296153 -0.0343975 -0.998969 -0.00852233 -0.99938 0.0341589 ,-0.997587 0.0688958 0.00862802 -0.0658502 -0.978171 0.197094 0.0220186 0.19605 0.980347 ,-2.19007 0.289953 -2.09507 ,0.0472799 -0.0474432 -0.0682 ,0.0455748 -0.0711618 -0.0446813 ,2.16306 2.13218 -0.05258 ,19.3055
V 177 :0.993295 0.109009 -0.038495 -0.0229409 -0.140501 -0.989815 -0.113307 0.984061 -0.137058 ,-0.999525 0.0296153 -0.00852233 0.00750192 -0.0343975 -0.99938 -0.0298901 -0.998969 0.0341589 ,-0.999525 0.00750192 -0.0298901 0.0296153 -0.0343975 -0.998969 -0.00852233 -0.99938 0.0341589 ,-0.989609 0.143396 0.0105911 -0.139425 -0.974986 0.173099 0.0351479 0.169824 0.984847 ,-2.36362 0.255677 -2.06439 ,0.0472799 -0.0474432 -0.0682 ,0.0455748 -0.0711618 -0.0446813 ,2.17551 2.26977 -0.0663679 ,19.3055
V 178 :0.961976 0.269841 -0.0422751 -0.00642936 -0.132364 -0.99118 -0.273057 0.953764 -0.125597 ,-0.999525 0.0296153 -0.00852233 0.00750192 -0.0343975 -0.99938 -0.0298901 -0.998969 0.0341589 ,-0.999525 0.00750192 -0.0298901 0.0296153 -0.0343975 -0.998969 -0.00852233 -0.99938 0.0341589 ,-0.953406 0.301486 -0.0111002 -0.299214 -0.940236 0.162562 0.0385734 0.158309 0.986636 ,-2.70046 0.202416 -1.83608 ,0.0472799 -0.0474432 -0.0682 ,0.0455748 -0.0711618 -0.0446813 ,2.16213 2.46067 -0.0905445 ,19.3055
V 179 :0.883491 0.468057 -0.0191471 0.0381357 -0.112601 -0.992908 -0.466894 0.876495 -0.117332 ,-0.999525 0.0296153 -0.00852233 0.00750192 -0.0343975 -0.99938 -0.0298901 -0.998969 0.0341589 ,-0.999525 0.00750192 -0.0298901 0.0296153 -0.0343975 -0.998969 -0.00852233 -0.99938 0.0341589 ,-0.86883 0.491266 -0.0615901 -0.494878 -0.857857 0.138483 0.0151964 0.150798 0.988448 ,-3.03863 0.101296 -1.39564 ,0.0472799 -0.0474432 -0.0682 ,0.0455748 -0.0711618 -0.0446813 ,2.10092 2.62462 -0.0671524 ,19.3055
V 180 :0.805143 0.592038 -0.035171 0.0645093 -0.146371 -0.987124 -0.589563 0.792507 -0.156042 ,-0.999525 0.0296153 -0.00852233 0.00750192 -0.0343975 -0.99938 -0.0298901 -0.998969 0.0341589 ,-0.999525 0.00750192 -0.0298901 0.0296153 -0.0343975 -0.998969 -0.00852233 -0.99938 0.0341589 ,-0.786654 0.610581 -0.0914698 -0.616543 -0.769122 0.168306 0.032413 0.188794 0.981482 ,-3.1999 0.157475 -1.05108 ,0.0472799 -0.0474432 -0.0682 ,0.0455748 -0.0711618 -0.0446813 ,2.02175 2.73138 -0.0652958 ,19.3055
V 181 :0.708479 0.705728 -0.00230513 0.0810933 -0.0846532 -0.993105 -0.701057 0.703407 -0.117205 ,-0.999525 0.0296153 -0.00852233 0.00750192 -0.0343975 -0.99938 -0.0298901 -0.998969 0.0341589 ,-0.999525 0.00750192 -0.0298901 0.0296153 -0.0343975 -0.998969 -0.00852233 -0.99938 0.0341589 ,-0.686579 0.718527 -0.111028 -0.727053 -0.67887 0.102614 -0.00164289 0.151176 0.988505 ,-3.30658 -0.0189587 -0.775149 ,0.0472799 -0.0474432 -0.0682 ,0.0455748 -0.0711618 -0.0446813 ,1.87821 2.86659 -0.0623008 ,19.3055
V 182 :0.544341 0.838824 0.00820691 0.0921451 -0.0500661 -0.994486 -0.833788 0.542095 -0.104547 ,-0.999525 0.0296153 -0.00852233 0.00750192 -0.0343975 -0.99938 -0.0298901 -0.998969 0.0341589 ,-0.999525 0.00750192 -0.0298901 0.0296153 -0.0343975 -0.998969 -0.00852233 -0.99938 0.0341589 ,-0.518469 0.84588 -0.125208 -0.855005 -0.514972 0.0614037 -0.0125387 0.13889 0.990228 ,-3.39957 -0.0556732 -0.349678 ,0.0472799 -0.0474432 -0.0682 ,0.0455748 -0.0711618 -0.0446813 ,1.64233 3.04348 -0.00932401 ,19.3055
V 183 :0.306915 0.951705 0.00782701 0.0634822 -0.0122654 -0.997908 -0.949618 0.30677 -0.0641809 ,-0.999525 0.0296153 -0.00852233 0.00750192 -0.0343975 -0.99938 -0.0298901 -0.998969 0.0341589 ,-0.999525 0.00750192 -0.0298901 0.0296153 -0.0343975 -0.998969 -0.00852233 -0.99938 0.0341589 ,-0.277909 0.955544 -0.0984965 -0.960514 -0.277847 0.014626 -0.0133911 0.0986719 0.99503 ,-3.40797 -0.123798 0.21571 ,0.0472799 -0.0474432 -0.0682 ,0.0455748 -0.0711618 -0.0446813 ,1.33492 3.20034 -0.030929 ,19.3055
V 184 :-0.0405357 0.998831 -0.026344 0.0180694 -0.0256285 -0.999508 -0.999015 -0.0409918 -0.0170095 ,-0.999525 0.0296153 -0.00852233 0.00750192 -0.0343975 -0.99938 -0.0298901 -0.998969 0.0341589 ,-0.999525 0.00750192 -0.0298901 0.0296153 -0.0343975 -0.998969 -0.00852233 -0.99938 0.0341589 ,0.0705127 0.996163 -0.051838 -0.997323 0.0714118 0.0157 0.0193417 0.0505922 0.998532 ,-3.15827 -0.00197989 0.912487 ,0.0472799 -0.0474432 -0.0682 ,0.0455748 -0.0711618 -0.0446813 ,0.84896 3.24317 -0.0223251 ,19.3055
V 185 :-0.0630422 0.996936 -0.0463168 0.00436744 -0.0461331 -0.998926 -0.998001 -0.0631768 -0.00144581 ,-0.999525 0.0296153 -0.00852233 0.00750192 -0.0343975 -0.99938 -0.0298901 -0.998969 0.0341589 ,-0.999525 0.00750192 -0.0298901 0.0296153 -0.0343975 -0.998969 -0.00852233 -0.99938 0.0341589 ,0.0928755 0.994955 -0.0379182 -0.99492 0.0942231 0.0354502 0.0388442 0.0344331 0.998652 ,-3.19106 0.0888195 0.464553 ,0.0472799 -0.0474432 -0.0682 ,0.0455748 -0.0711618 -0.0446813 ,0.326941 3.26836 -0.0131029 ,19.3055
V 186 :-0.106705 0.993343 -0.0434045 0.00683987 -0.0429193 -0.999055 -0.994267 -0.106901 -0.00221471 ,-0.999525 0.0296153 -0.00852233 0.00750192 -0.0343975 -0.99938 -0.0298901 -0.998969 0.0341589 ,-0.999525 0.00750192 -0.0298901 0.0296153 -0.0343975 -0.998969 -0.00852233 -0.99938 0.0341589 ,0.136425 0.989847 -0.0398894 -0.989998 0.137686 0.0307755 0.0359552 0.0352919 0.99873 ,-3.18738 0.0797864 0.378184 ,0.0472799 -0.0474432 -0.0682 ,0.0455748 -0.0711618 -0.0446813 ,0.0977997 3.26631 -0.0123007 ,19.3055
V 188 :-0.218298 0.97548 -0.0280315 0.0291038 -0.0222038 -0.99933 -0.975448 -0.218968 -0.0235432 ,-0.999525 0.0296153 -0.00852233 0.00750192 -0.0343975 -0.99938 -0.0298901 -0.998969 0.0341589 ,-0.999525 0.00750192 -0.0298901 0.0296153 -0.0343975 -0.998969 -0.00852233 -0.99938 0.0341589 ,0.247569 0.966977 -0.0605457 -0.968638 0.248395 0.00639698 0.021225 0.0570631 0.998145 ,-3.15485 0.0118458 0.304756 ,0.0472799 -0.0474432 -0.0682 ,0.0455748 -0.0711618 -0.0446813 ,-0.336946 3.20659 -0.0217305 ,19.3055
V 189 :-0.225531 0.973854 -0.0272925 0.0587802 -0.0143612 -0.998168 -0.972461 -0.226722 -0.0540045 ,-0.999525 0.0296153 -0.00852233 0.00750192 -0.0343975 -0.99938 -0.0298901 -0.998969 0.0341589 ,-0.999525 0.00750192 -0.0298901 0.0296153 -0.0343975 -0.998969 -0.00852233 -0.99938 0.0341589 ,0.254932 0.962758 -0.09004 -0.966722 0.255823 -0.00169179 0.0214055 0.087475 0.995937 ,-3.16328 0.00796669 0.157238 ,0.0472799 -0.0474432 -0.0682 ,0.0455748 -0.0711618 -0.0446813 ,-0.508108 3.17852 -0.0201411 ,19.3055
V 190 :-0.196316 0.98022 -0.0250683 0.0497823 -0.0155691 -0.998639 -0.979276 -0.197297 -0.0457413 ,-0.999525 0.0296153 -0.00852233 0.00750192 -0.0343975 -0.99938 -0.0298901 -0.998969 0.0341589 ,-0.999525 0.00750192 -0.0298901 0.0296153 -0.0343975 -0.998969 -0.00852233 -0.99938 0.0341589 ,0.225867 0.97074 -0.0815294 -0.973974 0.226659 0.000466191 0.0189319 0.0793023 0.996671 ,-3.2013 0.0390371 -0.160066 ,0.0472799 -0.0474432 -0.0682 ,0.0455748 -0.0711618 -0.0446813 ,-0.732018 3.16755 0.000724024 ,19.3055
V 191 :-0.142384 0.98851 -0.050743 0.082707 -0.0392044 -0.995802 -0.98635 -0.145983 -0.0761747 ,-0.999525 0.0296153 -0.00852233 0.00750192 -0.0343975 -0.99938 -0.0298901 -0.998969 0.0341589 ,-0.999525 0.00750192 -0.0298901 0.0296153 -0.0343975 -0.998969 -0.00852233 -0.99938 0.0341589 ,0.172419 0.978272 -0.115135 -0.983971 0.176456 0.025769 0.0455254 0.108846 0.993016 ,-3.23845 0.134707 -0.699163 ,0.0472799 -0.0474432 -0.0682 ,0.0455748 -0.0711618 -0.0446813 ,-1.10525 3.16301 -0.0334053 ,19.3055
V 192 :-0.190016 0.979526 -0.066499 0.0750878 -0.0530354 -0.995766 -0.978906 -0.194204 -0.063473 ,-0.999525 0.0296153 -0.00852233 0.00750192 -0.0343975 -0.99938 -0.0298901 -0.998969 0.0341589 ,-0.999525 0.00750192 -0.0298901 0.0296153 -0.0343975 -0.998969 -0.00852233 -0.99938 0.0341589 ,0.219748 0.969686 -0.10686 -0.973654 0.224837 0.0380208 0.0608945 0.0956899 0.993547 ,-3.28415 0.216376 -0.712069 ,0.0472799 -0.0474432 -0.0682 ,0.0455748 -0.0711618 -0.0446813 ,-1.28312 3.15217 0.00029715 ,19.3055
V 195 :-0.160171 0.98554 -0.055289 -0.0291055 -0.0607032 -0.997731 -0.98666 -0.158198 0.0384074 ,-0.999525 0.0296153 -0.00852233 0.00750192 -0.0343975 -0.99938 -0.0298901 -0.998969 0.0341589 ,-0.999525 0.00750192 -0.0298901 0.0296153 -0.0343975 -0.998969 -0.00852233 -0.99938 0.0341589 ,0.189368 0.981901 -0.00325084 -0.980798 0.18931 0.0468626 0.0466298 -0.00568585 0.998896 ,-3.28615 0.113703 -1.51629 ,0.0472799 -0.0474432 -0.0682 ,0.0455748 -0.0711618 -0.0446813 ,-1.958 3.06593 0.0320962 ,19.3055
V 196 :-0.111253 0.993479 -0.0249357 0.0346438 -0.0211991 -0.999175 -0.993188 -0.112025 -0.0320595 ,-0.999525 0.0296153 -0.00852233 0.00750192 -0.0343975 -0.99938 -0.0298901 -0.998969 0.0341589 ,-0.999525 0.00750192 -0.0298901 0.0296153 -0.0343975 -0.998969 -0.00852233 -0.99938 0.0341589 ,0.141146 0.987678 -0.0676004 -0.989818 0.142061 0.00889257 0.0183864 0.065657 0.997673 ,-3.23798 0.111117 -1.90364 ,0.0472799 -0.0474432 -0.0682 ,0.0455748 -0.0711618 -0.0446813 ,-2.19392 3.06158 0.0176663 ,19.3055
V 198 :-0.140712 0.989828 -0.0209798 0.0908346 -0.00819425 -0.995832 -0.985875 -0.142031 -0.0887578 ,-0.999525 0.0296153 -0.00852233 0.00750192 -0.0343975 -0.99938 -0.0298901 -0.998969 0.0341589 ,-0.999525 0.00750192 -0.0298901 0.0296153 -0.0343975 -0.998969 -0.00852233 -0.99938 0.0341589 ,0.170794 0.977567 -0.123256 -0.985174 0.17148 -0.00509811 0.0161522 0.122299 0.992362 ,-3.31082 0.221491 -2.26374 ,0.0472799 -0.0474432 -0.0682 ,0.0455748 -0.0711618 -0.0446813 ,-2.66148 3.01431 0.00248974 ,19.3055
V 199 :-0.151522 0.988438 -0.00554814 0.0160046 -0.00315888 -0.999867 -0.988325 -0.15159 -0.015341 ,-0.999525 0.0296153 -0.00852233 0.00750192 -0.0343975 -0.99938 -0.0298901 -0.998969 0.0341589 ,-0.999525 0.00750192 -0.0298901 0.0296153 -0.0343975 -0.998969 -0.00852233 -0.99938 0.0341589 ,0.181111 0.982268 -0.0484635 -0.983462 0.180816 -0.010445 -0.00149687 0.0495537 0.99877 ,-3.32788 -0.00135787 -2.41656 ,0.0472799 -0.0474432 -0.0682 ,0.0455748 -0.0711618 -0.0446813 ,-2.83309 2.98029 -0.00867253 ,19.3055
V 201 :-0.126909 0.991872 -0.0092217 0.0238628 -0.00624123 -0.999696 -0.991627 -0.12709 -0.0228769 ,-0.999525 0.0296153 -0.00852233 0.00750192 -0.0343975 -0.99938 -0.0298901 -0.998969 0.0341589 ,-0.999525 0.00750192 -0.0298901 0.0296153 -0.0343975 -0.998969 -0.00852233 -0.99938 0.0341589 ,0.156667 0.986026 -0.0566394 -0.987649 0.156548 -0.00655696 0.00240148 0.0569671 0.998373 ,-3.25453 0.0382867 -2.79935 ,0.0472799 -0.0474432 -0.0682 ,0.0455748 -0.0711618 -0.0446813 ,-3.12936 2.92841 -0.00722454 ,19.3055
V 203 :-0.0709901 0.997477 0.000498202 0.0344956 0.0029542 -0.999401 -0.996881 -0.0709304 -0.0346183 ,-0.999525 0.0296153 -0.00852233 0.00750192 -0.0343975 -0.99938 -0.0298901 -0.998969 0.0341589 ,-0.999525 0.00750192 -0.0298901 0.0296153 -0.0343975 -0.998969 -0.00852233 -0.99938 0.0341589 ,0.101012 0.992564 -0.0679216 -0.994861 0.100296 -0.0138761 -0.00696064 0.0689742 0.997594 ,-3.09901 0.0745158 -3.20973 ,0.0472799 -0.0474432 -0.0682 ,0.0455748 -0.0711618 -0.0446813 ,-3.35929 2.91516 0.0146992 ,19.3055
V 204 :-0.038411 0.999196 -0.011536 0.0239042 -0.0106224 -0.999658 -0.998976 -0.0386737 -0.023477 ,-0.999525 0.0296153 -0.00852233 0.00750192 -0.0343975 -0.99938 -0.0298901 -0.998969 0.0341589 ,-0.999525 0.00750192 -0.0298901 0.0296153 -0.0343975 -0.998969 -0.00852233 -0.99938 0.0341589 ,0.0684316 0.995987 -0.057686 -0.997645 0.0685907 0.000779258 0.00473286 0.0574968 0.998334 ,-2.99481 0.0640113 -3.43434 ,0.0472799 -0.0474432 -0.0682 ,0.0455748 -0.0711618 -0.0446813 ,-3.48221 2.91064 -0.0027038 ,19.3055
V 205 :-0.0257365 0.999005 -0.0364335 0.0143592 -0.0360724 -0.999246 -0.999566 -0.0262402 -0.0134166 ,-0.999525 0.0296153 -0.00852233 0.00750192 -0.0343975 -0.99938 -0.0298901 -0.998969 0.0341589 ,-0.999525 0.00750192 -0.0298901 0.0296153 -0.0343975 -0.998969 -0.00852233 -0.99938 0.0341589 ,0.0557091 0.997279 -0.0482751 -0.998017 0.0570398 0.0266399 0.029321 0.0466952 0.998479 ,-2.94831 0.0923685 -3.60045 ,0.0472799 -0.0474432 -0.0682 ,0.0455748 -0.0711618 -0.0446813 ,-3.60982 2.90496 -0.016824 ,19.3055
V 206 :-0.0434038 0.998945 -0.0149963 0.038397 -0.0133314 -0.999174 -0.99832 -0.0439438 -0.0377779 ,-0.999525 0.0296153 -0.00852233 0.00750192 -0.0343975 -0.99938 -0.0298901 -0.998969 0.0341589 ,-0.999525 0.00750192 -0.0298901 0.0296153 -0.0343975 -0.998969 -0.00852233 -0.99938 0.0341589 ,0.0735111 0.994684 -0.0721048 -0.997257 0.0739412 0.00330873 0.00862266 0.0716638 0.997392 ,-3.00737 0.127282 -3.73892 ,0.0472799 -0.0474432 -0.0682 ,0.0455748 -0.0711618 -0.0446813 ,-3.80384 2.89246 -0.00989912 ,19.3055
V 207 :-0.0756667 0.996995 -0.01661 0.0466039 -0.0131035 -0.998828 -0.996044 -0.0763521 -0.0454725 ,-0.999525 0.0296153 -0.00852233 0.00750192 -0.0343975 -0.99938 -0.0298901 -0.998969 0.0341589 ,-0.999525 0.00750192 -0.0298901 0.0296153 -0.0343975 -0.998969 -0.00852233 -0.99938 0.0341589 ,0.105752 0.991173 -0.079954 -0.994337 0.10625 0.00199057 0.0104682 0.0792908 0.996797 ,-3.11709 0.182397 -3.75926 ,0.0472799 -0.0474432 -0.0682 ,0.0455748 -0.0711618 -0.0446813 ,-3.9266 2.87605 0.00916928 ,19.3055
V 209 :-0.0847942 0.996191 -0.0203467 0.016263 -0.0190338 -0.999687 -0.996266 -0.0850986 -0.0145872 ,-0.999525 0.0296153 -0.00852233 0.00750192 -0.0343975 -0.99938 -0.0298901 -0.998969 0.0341589 ,-0.999525 0.00750192 -0.0298901 0.0296153 -0.0343975 -0.998969 -0.00852233 -0.99938 0.0341589 ,0.114654 0.992168 -0.0495617 -0.993317 0.115168 0.00762524 0.0132734 0.0483562 0.998742 ,-3.1303 0.0636897 -4.05464 ,0.0472799 -0.0474432 -0.0682 ,0.0455748 -0.0711618 -0.0446813 ,-4.2428 2.82835 -0.0117055 ,19.3055
V 210 :-0.0629653 0.997663 -0.0265391 0.0180424 -0.0254496 -0.999513 -0.997853 -0.0634135 -0.0163979 ,-0.999525 0.0296153 -0.00852233 0.00750192 -0.0343975 -0.99938 -0.0298901 -0.998969 0.0341589 ,-0.999525 0.00750192 -0.0298901 0.0296153 -0.0343975 -0.998969 -0.00852233 -0.99938 0.0341589 ,0.0928967 0.994339 -0.0515802 -0.995485 0.0937696 0.0147652 0.0195183 0.0499757 0.99856 ,-3.03226 0.0948902 -4.31231 ,0.0472799 -0.0474432 -0.0682 ,0.0455748 -0.0711618 -0.0446813 ,-4.43147 2.80683 -0.00905801 ,19.3055
V 211 :-0.0154788 0.999837 -0.00935812 -0.00124686 -0.00937854 -0.999955 -0.99988 -0.0154665 0.00139173 ,-0.999525 0.0296153 -0.00852233 0.00750192 -0.0343975 -0.99938 -0.0298901 -0.998969 0.0341589 ,-0.999525 0.00750192 -0.0298901 0.0296153 -0.0343975 -0.998969 -0.00852233 -0.99938 0.0341589 ,0.0453486 0.998433 -0.0327769 -0.99897 0.0453836 0.00032347 0.0018105 0.0327284 0.999463 ,-2.83167 -0.00391991 -4.75705 ,0.0472799 -0.0474432 -0.0682 ,0.0455748 -0.0711618 -0.0446813 ,-4.73279 2.80637 0.0231058 ,19.3055
V 212 :0.0142499 0.999665 -0.0216075 -0.0251302 -0.0212448 -0.999458 -0.999583 0.0147851 0.0248189 ,-0.999525 0.0296153 -0.00852233 0.00750192 -0.0343975 -0.99938 -0.0298901 -0.998969 0.0341589 ,-0.999525 0.00750192 -0.0298901 0.0296153 -0.0343975 -0.998969 -0.00852233 -0.99938 0.0341589 ,0.015446 0.999839 -0.00915155 -0.999792 0.0155663 0.0132172 0.0133575 0.00894549 0.999871 ,-2.69586 -0.113199 -5.03205 ,0.0472799 -0.0474432 -0.0682 ,0.0455748 -0.0711618 -0.0446813 ,-4.92434 2.81422 -0.00179466 ,19.3055
V 213 :0.00303833 0.999417 -0.0340062 0.0061492 -0.0340244 -0.999402 -0.999977 0.00282738 -0.00624909 ,-0.999525 0.0296153 -0.00852233 0.00750192 -0.0343975 -0.99938 -0.0298901 -0.998969 0.0341589 ,-0.999525 0.00750192 -0.0298901 0.0296153 -0.0343975 -0.998969 -0.00852233 -0.99938 0.0341589 ,0.0268987 0.998824 -0.0403295 -0.999282 0.027944 0.0255825 0.0266794 0.0396124 0.998859 ,-2.7613 0.0808875 -5.25055 ,0.0472799 -0.0474432 -0.0682 ,0.0455748 -0.0711618 -0.0446813 ,-5.17448 2.82596 0.000360607 ,19.3055
V 214 :-0.0116614 0.999878 -0.0103582 0.0220156 -0.0100996 -0.999707 -0.99969 -0.011886 -0.0218953 ,-0.999525 0.0296153 -0.00852233 0.00750192 -0.0343975 -0.99938 -0.0298901 -0.998969 0.0341589 ,-0.999525 0.00750192 -0.0298901 0.0296153 -0.0343975 -0.998969 -0.00852233 -0.99938 0.0341589 ,0.0417019 0.997557 -0.056051 -0.999124 0.0418329 0.00116605 0.00350798 0.0559532 0.998427 ,-2.84985 0.0973474 -5.50612 ,0.0472799 -0.0474432 -0.0682 ,0.0455748 -0.0711618 -0.0446813 ,-5.4732 2.8336 -0.00432481 ,19.3055
V 215 :0.0268558 0.999481 -0.0178143 0.0141918 -0.0182001 -0.999734 -0.999539 0.0265959 -0.0146733 ,-0.999525 0.0296153 -0.00852233 0.00750192 -0.0343975 -0.99938 -0.0298901 -0.998969 0.0341589 ,-0.999525 0.00750192 -0.0298901 0.0296153 -0.0343975 -0.998969 -0.00852233 -0.99938 0.0341589 ,0.00313971 0.998816 -0.0485551 -0.999937 0.00365751 0.0105794 0.0107445 0.0485189 0.998764 ,-2.63915 0.0628755 -5.81243 ,0.0472799 -0.0474432 -0.0682 ,0.0455748 -0.0711618 -0.0446813 ,-5.671 2.83982 -0.0218539 ,19.3055
V 216 :0.0725113 0.997362 -0.00332903 0.0312174 -0.00560575 -0.999497 -0.996879 0.0723708 -0.0315416 ,-0.999525 0.0296153 -0.00852233 0.00750192 -0.0343975 -0.99938 -0.0298901 -0.998969 0.0341589 ,-0.999525 0.00750192 -0.0298901 0.0296153 -0.0343975 -0.998969 -0.00852233 -0.99938 0.0341589 ,-0.0424458 0.996925 -0.0658683 -0.999094 -0.0425662 -0.000425459 -0.00322791 0.0657906 0.997828 ,-2.37328 0.153101 -6.11743 ,0.0472799 -0.0474432 -0.0682 ,0.0455748 -0.0711618 -0.0446813 ,-5.86109 2.85308 0.00158355 ,19.3055
V 217 :0.135254 0.990403 -0.0284192 0.0191298 -0.0312877 -0.999327 -0.990626 0.13462 -0.0231781 ,-0.999525 0.0296153 -0.00852233 0.00750192 -0.0343975 -0.99938 -0.0298901 -0.998969 0.0341589 ,-0.999525 0.00750192 -0.0298901 0.0296153 -0.0343975 -0.998969 -0.00852233 -0.99938 0.0341589 ,-0.105437 0.992953 -0.0541093 -0.994191 -0.104074 0.0274262 0.0216016 0.0566868 0.998158 ,-1.99032 0.175678 -6.50734 ,0.0472799 -0.0474432 -0.0682 ,0.0455748 -0.0711618 -0.0446813 ,-6.10745 2.89186 0.0158178 ,19.3055
V 219 :0.135297 0.990799 -0.00360859 -0.00589684 -0.00283678 -0.999979 -0.990788 0.135316 0.00545868 ,-0.999525 0.0296153 -0.00852233 0.00750192 -0.0343975 -0.99938 -0.0298901 -0.998969 0.0341589 ,-0.999525 0.00750192 -0.0298901 0.0296153 -0.0343975 -0.998969 -0.00852233 -0.99938 0.0341589 ,-0.105663 0.993976 -0.0291042 -0.994394 -0.105736 -0.000986641 -0.00405805 0.0288367 0.999576 ,-1.9988 -0.0729784 -6.96408 ,0.0472799 -0.0474432 -0.0682 ,0.0455748 -0.0711618 -0.0446813 ,-6.55567 2.9603 0.0047249 ,19.3055
V 220 :0.103716 0.994607 -0.000542261 0.0141421 -0.00201987 -0.999898 -0.994506 0.103698 -0.0142754 ,-0.999525 0.0296153 -0.00852233 0.00750192 -0.0343975 -0.99938 -0.0298901 -0.998969 0.0341589 ,-0.999525 0.00750192 -0.0298901 0.0296153 -0.0343975 -0.998969 -0.00852233 -0.99938 0.0341589 ,-0.073835 0.996067 -0.0489885 -0.997249 -0.074066 -0.00291554 -0.00653246 0.0486385 0.998795 ,-2.21179 0.0684694 -7.01374 ,0.0472799 -0.0474432 -0.0682 ,0.0455748 -0.0711618 -0.0446813 ,-6.67472 2.96736 0.0155261 ,19.3055
V 221 :0.0868939 0.996134 0.0129206 0.014382 0.0117139 -0.999828 -0.996114 0.0870649 -0.0133086 ,-0.999525 0.0296153 -0.00852233 0.00750192 -0.0343975 -0.99938 -0.0298901 -0.998969 0.0341589 ,-0.999525 0.00750192 -0.0298901 0.0296153 -0.0343975 -0.998969 -0.00852233 -0.99938 0.0341589 ,-0.0569708 0.997166 -0.0491399 -0.998175 -0.0578773 -0.017222 -0.0200173 0.048069 0.998643 ,-2.32326 0.0275309 -7.09713 ,0.0472799 -0.0474432 -0.0682 ,0.0455748 -0.0711618 -0.0446813 ,-6.7967 2.97247 0.0120452 ,19.3055
V 222 :0.0559893 0.998258 0.0186183 -0.00707636 0.0190438 -0.999794 -0.998406 0.055846 0.00813019 ,-0.999525 0.0296153 -0.00852233 0.00750192 -0.0343975 -0.99938 -0.0298901 -0.998969 0.0341589 ,-0.999525 0.00750192 -0.0298901 0.0296153 -0.0343975 -0.998969 -0.00852233 -0.99938 0.0341589 ,-0.0261733 0.999279 -0.0275097 -0.99931 -0.0268797 -0.0256319 -0.0263528 0.0268199 0.999293 ,-2.53295 -0.164829 -7.21171 ,0.0472799 -0.0474432 -0.0682 ,0.0455748 -0.0711618 -0.0446813 ,-6.98849 2.97691 -0.0112433 ,19.3055
V 223 :0.0144742 0.99915 0.0386015 0.0202577 0.0383046 -0.999061 -0.99969 0.0152426 -0.0196861 ,-0.999525 0.0296153 -0.00852233 0.00750192 -0.0343975 -0.99938 -0.0298901 -0.998969 0.0341589 ,-0.999525 0.00750192 -0.0298901 0.0296153 -0.0343975 -0.998969 -0.00852233 -0.99938 0.0341589 ,0.0155655 0.998392 -0.0545169 -0.998844 0.0130457 -0.0462753 -0.0454897 0.0551741 0.99744 ,-2.82018 -0.0229651 -7.28098 ,0.0472799 -0.0474432 -0.0682 ,0.0455748 -0.0711618 -0.0446813 ,-7.16954 2.97402 -0.00684762 ,19.3055
V 224 :-0.00123518 0.999912 0.0132521 0.0376733 0.0132892 -0.999202 -0.99929 -0.00073496 -0.0376865 ,-0.999525 0.0296153 -0.00852233 0.00750192 -0.0343975 -0.99938 -0.0298901 -0.998969 0.0341589 ,-0.999525 0.00750192 -0.0298901 0.0296153 -0.0343975 -0.998969 -0.00852233 -0.99938 0.0341589 ,0.0313861 0.996927 -0.0717741 -0.999315 0.0298898 -0.0218277 -0.0196153 0.07241 0.997182 ,-2.94429 0.199854 -7.40057 ,0.0472799 -0.0474432 -0.0682 ,0.0455748 -0.0711618 -0.0446813 ,-7.34017 2.98263 0.0104136 ,19.3055
V 225 :-0.0183255 0.999348 0.0311109 0.00893384 0.0312785 -0.999471 -0.999792 -0.0180379 -0.0095013 ,-0.999525 0.0296153 -0.00852233 0.00750192 -0.0343975 -0.99938 -0.0298901 -0.998969 0.0341589 ,-0.999525 0.00750192 -0.0298901 0.0296153 -0.0343975 -0.998969 -0.00852233 -0.99938 0.0341589 ,0.0482678 0.997912 -0.042924 -0.9981 0.0465394 -0.0403921 -0.0383101 0.0447921 0.998262 ,-3.08155 -0.0849234 -7.53197 ,0.0472799 -0.0474432 -0.0682 ,0.0455748 -0.0711618 -0.0446813 ,-7.51922 2.99333 -0.0110345 ,19.3055
V 226 :-0.0729596 0.996622 0.0377077 -0.0220581 0.0361868 -0.999102 -0.997091 -0.0737259 0.0193433 ,-0.999525 0.0296153 -0.00852233 0.00750192 -0.0343975 -0.99938 -0.0298901 -0.998969 0.0341589 ,-0.999525 0.00750192 -0.0298901 0.0296153 -0.0343975 -0.998969 -0.00852233 -0.99938 0.0341589 ,0.102563 0.994661 -0.0113934 -0.993673 0.10192 -0.0471763 -0.0457632 0.0161599 0.998822 ,-3.50663 -0.356519 -7.52614 ,0.0472799 -0.0474432 -0.0682 ,0.0455748 -0.0711618 -0.0446813 ,-7.70235 3.00324 -0.0305265 ,19.3055
V 227 :-0.0928992 0.99455 0.0473361 -0.0120714 0.0464132 -0.998849 -0.995602 -0.0933637 0.00769374 ,-0.999525 0.0296153 -0.00852233 0.00750192 -0.0343975 -0.99938 -0.0298901 -0.998969 0.0341589 ,-0.999525 0.00750192 -0.0298901 0.0296153 -0.0343975 -0.998969 -0.00852233 -0.99938 0.0341589 ,0.122523 0.99224 -0.0211531 -0.990938 0.121125 -0.0580495 -0.0550369 0.0280739 0.99809 ,-3.66761 -0.302898 -7.57446 ,0.0472799 -0.0474432 -0.0682 ,0.0455748 -0.0711618 -0.0446813 ,-7.82144 3.00569 -0.0215603 ,19.3055
V 228 :-0.124709 0.98993 0.0669727 0.00875312 0.0685947 -0.997606 -0.992155 -0.123824 -0.0172195 ,-0.999525 0.0296153 -0.00852233 0.00750192 -0.0343975 -0.99938 -0.0298901 -0.998969 0.0341589 ,-0.999525 0.00750192 -0.0298901 0.0296153 -0.0343975 -0.998969 -0.00852233 -0.99938 0.0341589 ,0.154371 0.987138 -0.0415759 -0.985245 0.150654 -0.0812184 -0.0739102 0.0535002 0.995829 ,-3.91939 -0.18371 -7.62706 ,0.0472799 -0.0474432 -0.0682 ,0.0455748 -0.0711618 -0.0446813 ,-7.99305 3.0001 -0.000440972 ,19.3055
V 229 :-0.113667 0.99067 0.0751799 -0.0220936 0.0731312 -0.997078 -0.993273 -0.114996 0.0135748 ,-0.999525 0.0296153 -0.00852233 0.00750192 -0.0343975 -0.99938 -0.0298901 -0.998969 0.0341589 ,-0.999525 0.00750192 -0.0298901 0.0296153 -0.0343975 -0.998969 -0.00852233 -0.99938 0.0341589 ,0.143136 0.989643 -0.0108805 -0.986214 0.141701 -0.0854568 -0.08303 0.0229625 0.996282 ,-3.8473 -0.462257 -7.84611 ,0.0472799 -0.0474432 -0.0682 ,0.0455748 -0.0711618 -0.0446813 ,-8.17743 2.99416 -0.0152227 ,19.3055
V 230 :-0.0958953 0.993479 0.0616674 -0.0459983 0.0574638 -0.997287 -0.994328 -0.0984718 0.0401878 ,-0.999525 0.0296153 -0.00852233 0.00750192 -0.0343975 -0.99938 -0.0298901 -0.998969 0.0341589 ,-0.999525 0.00750192 -0.0298901 0.0296153 -0.0343975 -0.998969 -0.00852233 -0.99938 0.0341589 ,0.125225 0.992045 0.0128218 -0.989633 0.125816 -0.0692586 -0.0703209 -0.00401598 0.997516 ,-3.71983 -0.622212 -8.0917 ,0.0472799 -0.0474432 -0.0682 ,0.0455748 -0.0711618 -0.0446813 ,-8.36568 2.98549 -0.0184544 ,19.3055
V 231 :-0.0521059 0.997444 0.0488971 -0.0172542 0.0480571 -0.998696 -0.998493 -0.0528816 0.0147059 ,-0.999525 0.0296153 -0.00852233 0.00750192 -0.0343975 -0.99938 -0.0298901 -0.998969 0.0341589 ,-0.999525 0.00750192 -0.0298901 0.0296153 -0.0343975 -0.998969 -0.00852233 -0.99938 0.0341589 ,0.0817968 0.996514 -0.0164199 -0.995029 0.0807137 -0.0583342 -0.0568056 0.0211098 0.998162 ,-3.37154 -0.334897 -8.44703 ,0.0472799 -0.0474432 -0.0682 ,0.0455748 -0.0711618 -0.0446813 ,-8.5493 2.98081 0.0033109 ,19.3055
V 232 :-0.0254658 0.999549 0.0158951 0.00132748 0.0159341 -0.999872 -0.999675 -0.0254415 -0.00173275 ,-0.999525 0.0296153 -0.00852233 0.00750192 -0.0343975 -0.99938 -0.0298901 -0.998969 0.0341589 ,-0.999525 0.00750192 -0.0298901 0.0296153 -0.0343975 -0.998969 -0.00852233 -0.99938 0.0341589 ,0.0553441 0.997845 -0.0352575 -0.998195 0.0544691 -0.0253118 -0.0233368 0.0365947 0.999058 ,-3.15582 -0.0833962 -8.71564 ,0.0472799 -0.0474432 -0.0682 ,0.0455748 -0.0711618 -0.0446813 ,-8.72615 2.98223 -1.76611e-05 ,19.3055
V 233 :-0.0173037 0.999812 0.00880002 -0.0133444 0.00856962 -0.999874 -0.999761 -0.0174189 0.0131935 ,-0.999525 0.0296153 -0.00852233 0.00750192 -0.0343975 -0.99938 -0.0298901 -0.998969 0.0341589 ,-0.999525 0.00750192 -0.0298901 0.0296153 -0.0343975 -0.998969 -0.00852233 -0.99938 0.0341589 ,0.0470783 0.998677 -0.0206672 -0.998752 0.0467159 -0.01768 -0.0166912 0.0214737 0.99963 ,-3.08572 -0.226573 -8.93218 ,0.0472799 -0.0474432 -0.0682 ,0.0455748 -0.0711618 -0.0446813 ,-8.91847 2.97954 -0.0345884 ,19.3055
V 235 :-0.0674109 0.997129 0.0344847 0.0116013 0.0353444 -0.999308 -0.997658 -0.0669642 -0.0139507 ,-0.999525 0.0296153 -0.00852233 0.00750192 -0.0343975 -0.99938 -0.0298901 -0.998969 0.0341589 ,-0.999525 0.00750192 -0.0298901 0.0296153 -0.0343975 -0.998969 -0.00852233 -0.99938 0.0341589 ,0.097286 0.994234 -0.0450986 -0.994389 0.0952097 -0.0461077 -0.0415481 0.0493312 0.997918 ,-3.52086 -0.0569964 -9.14798 ,0.0472799 -0.0474432 -0.0682 ,0.0455748 -0.0711618 -0.0446813 ,-9.29893 2.95021 -0.0131685 ,19.3055
V 236 :-0.0899312 0.99528 0.0364767 0.0100756 0.0375324 -0.999245 -0.995897 -0.0894958 -0.0134035 ,-0.999525 0.0296153 -0.00852233 0.00750192 -0.0343975 -0.99938 -0.0298901 -0.998969 0.0341589 ,-0.999525 0.00750192 -0.0298901 0.0296153 -0.0343975 -0.998969 -0.00852233 -0.99938 0.0341589 ,0.119732 0.991861 -0.0433218 -0.991851 0.117588 -0.0490483 -0.043555 0.0488413 0.997856 ,-3.71446 -0.0744102 -9.24906 ,0.0472799 -0.0474432 -0.0682 ,0.0455748 -0.0711618 -0.0446813 ,-9.48122 2.92334 -0.0127856 ,19.3055
V 237 :-0.0776105 0.995601 0.0524926 -0.037089 0.0497318 -0.998074 -0.996294 -0.0794079 0.0330661 ,-0.999525 0.0296153 -0.00852233 0.00750192 -0.0343975 -0.99938 -0.0298901 -0.998969 0.0341589 ,-0.999525 0.00750192 -0.0298901 0.0296153 -0.0343975 -0.998969 -0.00852233 -0.99938 0.0341589 ,0.107075 0.994244 0.0036951 -0.992382 0.1071 -0.0608983 -0.0609435 0.00285372 0.998137 ,-3.58365 -0.588017 -9.5331 ,0.0472799 -0.0474432 -0.0682 ,0.0455748 -0.0711618 -0.0446813 ,-9.73166 2.89025 -0.0359674 ,19.3055
V 238 :-0.0607041 0.997028 0.0474334 0.0108765 0.0481789 -0.99878 -0.998097 -0.0601141 -0.013769 ,-0.999525 0.0296153 -0.00852233 0.00750192 -0.0343975 -0.99938 -0.0298901 -0.998969 0.0341589 ,-0.999525 0.00750192 -0.0298901 0.0296153 -0.0343975 -0.998969 -0.00852233 -0.99938 0.0341589 ,0.0905901 0.994896 -0.0444464 -0.994396 0.0879222 -0.0586995 -0.0544921 0.0495149 0.997286 ,-3.41942 -0.0996845 -9.78181 ,0.0472799 -0.0474432 -0.0682 ,0.0455748 -0.0711618 -0.0446813 ,-9.905 2.87499 -0.0214856 ,19.3055
V 239 :-0.0632999 0.997353 0.0357939 0.00350025 0.0360874 -0.999343 -0.997989 -0.063133 -0.00577541 ,-0.999525 0.0296153 -0.00852233 0.00750192 -0.0343975 -0.99938 -0.0298901 -0.998969 0.0341589 ,-0.999525 0.00750192 -0.0298901 0.0296153 -0.0343975 -0.998969 -0.00852233 -0.99938 0.0341589 ,0.0931261 0.994965 -0.0370489 -0.994721 0.0913635 -0.0467214 -0.0431012 0.0412043 0.998221 ,-3.44977 -0.159189 -10.0069 ,0.0472799 -0.0474432 -0.0682 ,0.0455748 -0.0711618 -0.0446813 ,-10.1396 2.86437 -0.043898 ,19.3055
V 240 :-0.0760554 0.996651 0.0300409 -0.0308976 0.027758 -0.999137 -0.996625 -0.0769179 0.0286829 ,-0.999525 0.0296153 -0.00852233 0.00750192 -0.0343975 -0.99938 -0.0298901 -0.998969 0.0341589 ,-0.999525 0.00750192 -0.0298901 0.0296153 -0.0343975 -0.998969 -0.00852233 -0.99938 0.0341589 ,0.105577 0.994408 -0.00251709 -0.99367 0.1054 -0.038862 -0.0383794 0.00660408 0.999241 ,-3.58187 -0.510172 -10.1445 ,0.0472799 -0.0474432 -0.0682 ,0.0455748 -0.0711618 -0.0446813 ,-10.3326 2.85479 -0.0642887 ,19.3055
V 241 :-0.092182 0.995166 0.0338566 -0.0211964 0.0320325 -0.999262 -0.995517 -0.0928315 0.018141 ,-0.999525 0.0296153 -0.00852233 0.00750192 -0.0343975 -0.99938 -0.0298901 -0.998969 0.0341589 ,-0.999525 0.00750192 -0.0298901 0.0296153 -0.0343975 -0.998969 -0.00852233 -0.99938 0.0341589 ,0.121735 0.99249 -0.012037 -0.991679 0.121106 -0.0436648 -0.0418791 0.0172524 0.998974 ,-3.74801 -0.397561 -10.2846 ,0.0472799 -0.0474432 -0.0682 ,0.0455748 -0.0711618 -0.0446813 ,-10.5279 2.83976 -0.0360271 ,19.3055
V 242 :-0.118178 0.99131 0.057785 -0.0281431 0.0548257 -0.998099 -0.992594 -0.119579 0.0214193 ,-0.999525 0.0296153 -0.00852233 0.00750192 -0.0343975 -0.99938 -0.0298901 -0.998969 0.0341589 ,-0.999525 0.00750192 -0.0298901 0.0296153 -0.0343975 -0.998969 -0.00852233 -0.99938 0.0341589 ,0.147579 0.989039 -0.00477317 -0.986853 0.146928 -0.0673247 -0.0658854 0.0146461 0.99772 ,-4.00959 -0.513108 -10.3657 ,0.0472799 -0.0474432 -0.0682 ,0.0455748 -0.0711618 -0.0446813 ,-10.7138 2.81578 -0.00978846 ,19.3055
V 243 :-0.113721 0.992501 0.0448225 -0.0576864 0.0384429 -0.997594 -0.991837 -0.116033 0.0528819 ,-0.999525 0.0296153 -0.00852233 0.00750192 -0.0343975 -0.99938 -0.0298901 -0.998969 0.0341589 ,-0.999525 0.00750192 -0.0298901 0.0296153 -0.0343975 -0.998969 -0.00852233 -0.99938 0.0341589 ,0.14288 0.989431 0.0247396 -0.988273 0.143984 -0.050841 -0.0538658 -0.0171854 0.9984 ,-3.96294 -0.810296 -10.5594 ,0.0472799 -0.0474432 -0.0682 ,0.0455748 -0.0711618 -0.0446813 ,-10.9056 2.79216 -0.0264757 ,19.3055
V 244 :-0.0795293 0.996447 0.0277163 -0.0374881 0.024795 -0.998989 -0.996128 -0.080488 0.0353829 ,-0.999525 0.0296153 -0.00852233 0.00750192 -0.0343975 -0.99938 -0.0298901 -0.998969 0.0341589 ,-0.999525 0.00750192 -0.0298901 0.0296153 -0.0343975 -0.998969 -0.00852233 -0.99938 0.0341589 ,0.108985 0.994035 0.00411595 -0.993382 0.109062 -0.036021 -0.0362551 -0.000162962 0.999343 ,-3.59157 -0.56029 -10.8917 ,0.0472799 -0.0474432 -0.0682 ,0.0455748 -0.0711618 -0.0446813 ,-11.0902 2.76748 -0.0285066 ,19.3055
V 245 :-0.0462519 0.998422 0.0318406 -0.00795407 0.0315056 -0.999472 -0.998898 -0.0464807 0.00648424 ,-0.999525 0.0296153 -0.00852233 0.00750192 -0.0343975 -0.99938 -0.0298901 -0.998969 0.0341589 ,-0.999525 0.00750192 -0.0298901 0.0296153 -0.0343975 -0.998969 -0.00852233 -0.99938 0.0341589 ,0.0760274 0.996773 -0.025778 -0.996322 0.0749177 -0.0415826 -0.0395172 0.0288446 0.998802 ,-3.2244 -0.229367 -11.1872 ,0.0472799 -0.0474432 -0.0682 ,0.0455748 -0.0711618 -0.0446813 ,-11.2595 2.75543 -0.00555548 ,19.3055
V 246 :-0.0150718 0.999684 0.0201404 -0.0245781 0.0197662 -0.999503 -0.999584 -0.0155594 0.0242723 ,-0.999525 0.0296153 -0.00852233 0.00750192 -0.0343975 -0.99938 -0.0298901 -0.998969 0.0341589 ,-0.999525 0.00750192 -0.0298901 0.0296153 -0.0343975 -0.998969 -0.00852233 -0.99938 0.0341589 ,0.044758 0.998953 -0.00945348 -0.998595 0.0444694 -0.0288051 -0.0283545 0.0107295 0.99954 ,-2.87777 -0.410551 -11.5174 ,0.0472799 -0.0474432 -0.0682 ,0.0455748 -0.0711618 -0.0446813 ,-11.4975 2.75316 -0.0261147 ,19.3055
V 247 :-0.0208558 0.99965 0.016256 -0.0344274 0.0155318 -0.999287 -0.99919 -0.0214006 0.0340914 ,-0.999525 0.0296153 -0.00852233 0.00750192 -0.0343975 -0.99938 -0.0298901 -0.998969 0.0341589 ,-0.999525 0.00750192 -0.0298901 0.0296153 -0.0343975 -0.998969 -0.00852233 -0.99938 0.0341589 ,0.0504535 0.998726 0.000452554 -0.998419 0.0504492 -0.0247726 -0.0247638 0.000798023 0.999693 ,-2.94677 -0.531507 -11.6895 ,0.0472799 -0.0474432 -0.0682 ,0.0455748 -0.0711618 -0.0446813 ,-11.691 2.75182 -0.0388611 ,19.3055
V 248 :-0.0557509 0.998379 0.0114607 -0.0319937 0.00968635 -0.999441 -0.997932 -0.0560864 0.0314017 ,-0.999525 0.0296153 -0.00852233 0.00750192 -0.0343975 -0.99938 -0.0298901 -0.998969 0.0341589 ,-0.999525 0.00750192 -0.0298901 0.0296153 -0.0343975 -0.998969 -0.00852233 -0.99938 0.0341589 ,0.0853127 0.996353 -0.00163935 -0.996156 0.0852627 -0.0201047 -0.0198916 0.00334824 0.999797 ,-3.3536 -0.464683 -11.7637 ,0.0472799 -0.0474432 -0.0682 ,0.0455748 -0.0711618 -0.0446813 ,-11.8742 2.74345 -0.0107708 ,19.3055
V 249 :-0.0822884 0.996037 0.0337427 -0.0242842 0.0318435 -0.999198 -0.996313 -0.0830418 0.0215675 ,-0.999525 0.0296153 -0.00852233 0.00750192 -0.0343975 -0.99938 -0.0298901 -0.998969 0.0341589 ,-0.999525 0.00750192 -0.0298901 0.0296153 -0.0343975 -0.998969 -0.00852233 -0.99938 0.0341589 ,0.111847 0.993684 -0.00906261 -0.992843 0.111359 -0.0431489 -0.0418672 0.0138238 0.999028 ,-3.65715 -0.446609 -11.9147 ,0.0472799 -0.0474432 -0.0682 ,0.0455748 -0.0711618 -0.0446813 ,-12.1173 2.71871 -0.0183491 ,19.3055
V 250 :-0.0429656 0.999073 0.00257268 -0.0160417 0.00188485 -0.99987 -0.998948 -0.0430013 0.0159458 ,-0.999525 0.0296153 -0.00852233 0.00750192 -0.0343975 -0.99938 -0.0298901 -0.998969 0.0341589 ,-0.999525 0.00750192 -0.0298901 0.0296153 -0.0343975 -0.998969 -0.00852233 -0.99938 0.0341589 ,0.0726836 0.997198 -0.0177251 -0.997299 0.07248 -0.011867 -0.010549 0.0185398 0.999772 ,-3.18353 -0.293956 -12.2488 ,0.0472799 -0.0474432 -0.0682 ,0.0455748 -0.0711618 -0.0446813 ,-12.3105 2.7045 -0.0439393 ,19.3055
V 251 :0.0510562 0.99869 -0.00351355 0.0217029 -0.00462682 -0.999754 -0.99846 0.0509674 -0.0219107 ,-0.999525 0.0296153 -0.00852233 0.00750192 -0.0343975 -0.99938 -0.0298901 -0.998969 0.0341589 ,-0.999525 0.00750192 -0.0298901 0.0296153 -0.0343975 -0.998969 -0.00852233 -0.99938 0.0341589 ,-0.0210251 0.998196 -0.0562309 -0.999773 -0.0211792 -0.00214622 -0.00333328 0.056173 0.998415 ,-2.01393 0.223908 -12.7984 ,0.0472799 -0.0474432 -0.0682 ,0.0455748 -0.0711618 -0.0446813 ,-12.6113 2.70859 -0.0148857 ,19.3055
V 252 :0.0982687 0.994923 -0.0217309 -0.00462746 -0.0213795 -0.999761 -0.995149 0.0983458 0.00250294 ,-0.999525 0.0296153 -0.00852233 0.00750192 -0.0343975 -0.99938 -0.0298901 -0.998969 0.0341589 ,-0.999525 0.00750192 -0.0298901 0.0296153 -0.0343975 -0.998969 -0.00852233 -0.99938 0.0341589 ,-0.0685116 0.997193 -0.0302062 -0.99755 -0.068044 0.0162466 0.0141457 0.0312452 0.999412 ,-1.40778 -0.0944881 -13.141 ,0.0472799 -0.0474432 -0.0682 ,0.0455748 -0.0711618 -0.0446813 ,-12.8666 2.73232 -0.0459321 ,19.3055
V 253 :0.102537 0.994706 -0.00683926 -0.0102456 -0.00581904 -0.999931 -0.994677 0.1026 0.0095946 ,-0.999525 0.0296153 -0.00852233 0.00750192 -0.0343975 -0.99938 -0.0298901 -0.998969 0.0341589 ,-0.999525 0.00750192 -0.0298901 0.0296153 -0.0343975 -0.998969 -0.00852233 -0.99938 0.0341589 ,-0.0728339 0.99704 -0.0246117 -0.997344 -0.0728353 0.000842926 -0.000952168 0.0246077 0.999697 ,-1.35364 -0.215886 -13.3488 ,0.0472799 -0.0474432 -0.0682 ,0.0455748 -0.0711618 -0.0446813 ,-13.0679 2.7551 -0.0505898 ,19.3055
V 254 :0.08739 0.996172 -0.00212504 -0.000204458 -0.00211527 -0.999998 -0.996174 0.0873902 1.87274e-05 ,-0.999525 0.0296153 -0.00852233 0.00750192 -0.0343975 -0.99938 -0.0298901 -0.998969 0.0341589 ,-0.999525 0.00750192 -0.0298901 0.0296153 -0.0343975 -0.998969 -0.00852233 -0.99938 0.0341589 ,-0.0575743 0.997743 -0.0345687 -0.998327 -0.0577254 -0.00339059 -0.00537843 0.0343157 0.999397 ,-1.55102 -0.0517271 -13.5751 ,0.0472799 -0.0474432 -0.0682 ,0.0455748 -0.0711618 -0.0446813 ,-13.3156 2.77254 -0.00742605 ,19.3055
V 255 :0.110779 0.993823 0.00672105 -0.0348394 0.0106418 -0.999336 -0.993234 0.110471 0.0358029 ,-0.999525 0.0296153 -0.00852233 0.00750192 -0.0343975 -0.99938 -0.0298901 -0.998969 0.0341589 ,-0.999525 0.00750192 -0.0298901 0.0296153 -0.0343975 -0.998969 -0.00852233 -0.99938 0.0341589 ,-0.0813 0.99669 -5.42102e-05 -0.996573 -0.0812912 -0.0153313 -0.0152849 -0.00119241 0.999882 ,-1.20838 -0.590728 -13.9915 ,0.0472799 -0.0474432 -0.0682 ,0.0455748 -0.0711618 -0.0446813 ,-13.7089 2.79181 -0.0359885 ,19.3055
V 256 :0.20168 0.979434 0.00587998 0.0187027 0.00215123 -0.999823 -0.979273 0.201754 -0.0178843 ,-0.999525 0.0296153 -0.00852233 0.00750192 -0.0343975 -0.99938 -0.0298901 -0.998969 0.0341589 ,-0.999525 0.00750192 -0.0298901 0.0296153 -0.0343975 -0.998969 -0.00852233 -0.99938 0.0341589 ,-0.172173 0.983593 -0.0538608 -0.984983 -0.172614 -0.00360525 -0.0128432 0.0524313 0.998542 ,0.0892189 0.193549 -14.3009 ,0.0472799 -0.0474432 -0.0682 ,0.0455748 -0.0711618 -0.0446813 ,-13.9507 2.82992 -0.013838 ,19.3055
V 257 :0.226074 0.974076 0.00815803 -0.0164612 0.0121939 -0.99979 -0.973971 0.225892 0.0187911 ,-0.999525 0.0296153 -0.00852233 0.00750192 -0.0343975 -0.99938 -0.0298901 -0.998969 0.0341589 ,-0.999525 0.00750192 -0.0298901 0.0296153 -0.0343975 -0.998969 -0.00852233 -0.99938 0.0341589 ,-0.196978 0.980229 -0.0187455 -0.980274 -0.197231 -0.0127715 -0.0162162 0.01586 0.999743 ,0.464986 -0.370941 -14.7499 ,0.0472799 -0.0474432 -0.0682 ,0.0455748 -0.0711618 -0.0446813 ,-14.3993 2.91355 -0.0509507 ,19.3055
V 258 :0.173093 0.984624 0.0235412 0.00718359 0.0226392 -0.999718 -0.984879 0.173213 -0.00315453 ,-0.999525 0.0296153 -0.00852233 0.00750192 -0.0343975 -0.99938 -0.0298901 -0.998969 0.0341589 ,-0.999525 0.00750192 -0.0298901 0.0296153 -0.0343975 -0.998969 -0.00852233 -0.99938 0.0341589 ,-0.143518 0.988743 -0.0422968 -0.989164 -0.144653 -0.0250997 -0.0309355 0.0382362 0.99879 ,-0.306729 -0.0415267 -15.1988 ,0.0472799 -0.0474432 -0.0682 ,0.0455748 -0.0711618 -0.0446813 ,-14.8406 2.96925 -0.0334801 ,19.3055
V 259 :0.188616 0.981822 0.0212042 -0.00824895 0.0231749 -0.999697 -0.982017 0.188384 0.0124701 ,-0.999525 0.0296153 -0.00852233 0.00750192 -0.0343975 -0.99938 -0.0298901 -0.998969 0.0341589 ,-0.999525 0.00750192 -0.0298901 0.0296153 -0.0343975 -0.998969 -0.00852233 -0.99938 0.0341589 ,-0.159236 0.986874 -0.0269083 -0.986813 -0.15991 -0.025093 -0.0290665 0.0225577 0.999323 ,-0.0491374 -0.291876 -15.3988 ,0.0472799 -0.0474432 -0.0682 ,0.0455748 -0.0711618 -0.0446813 ,-15.0387 2.98836 -0.0511393 ,19.3055
V 260 :0.209097 0.977542 0.0262672 -0.00662126 0.0282756 -0.999578 -0.977873 0.208835 0.0123848 ,-0.999525 0.0296153 -0.00852233 0.00750192 -0.0343975 -0.99938 -0.0298901 -0.998969 0.0341589 ,-0.999525 0.00750192 -0.0298901 0.0296153 -0.0343975 -0.998969 -0.00852233 -0.99938 0.0341589 ,-0.179819 0.983285 -0.028568 -0.983108 -0.180642 -0.0294555 -0.0341237 0.0227887 0.999158 ,0.293038 -0.264073 -15.8414 ,0.0472799 -0.0474432 -0.0682 ,0.0455748 -0.0711618 -0.0446813 ,-15.477 3.05989 -0.0276442 ,19.3055
V 261 :0.168306 0.985064 0.036371 -0.0255377 0.0412423 -0.998823 -0.985404 0.167179 0.0320975 ,-0.999525 0.0296153 -0.00852233 0.00750192 -0.0343975 -0.99938 -0.0298901 -0.998969 0.0341589 ,-0.999525 0.00750192 -0.0298901 0.0296153 -0.0343975 -0.998969 -0.00852233 -0.99938 0.0341589 ,-0.138964 0.990251 -0.00957286 -0.989283 -0.139253 -0.0439011 -0.0448062 0.00336959 0.99899 ,-0.370584 -0.62201 -16.2243 ,0.0472799 -0.0474432 -0.0682 ,0.0455748 -0.0711618 -0.0446813 ,-15.8646 3.13628 -0.0401202 ,19.3055
V 262 :0.11562 0.992683 0.0348079 -0.0208823 0.0374644 -0.99908 -0.993074 0.114787 0.025061 ,-0.999525 0.0296153 -0.00852233 0.00750192 -0.0343975 -0.99938 -0.0298901 -0.998969 0.0341589 ,-0.999525 0.00750192 -0.0298901 0.0296153 -0.0343975 -0.998969 -0.00852233 -0.99938 0.0341589 ,-0.0860389 0.996193 -0.0140384 -0.995362 -0.0865587 -0.0419801 -0.0430355 0.0103614 0.99902 ,-1.23455 -0.55216 -16.7378 ,0.0472799 -0.0474432 -0.0682 ,0.0455748 -0.0711618 -0.0446813 ,-16.4165 3.20482 -0.0418752 ,19.3055
V 263 :0.136613 0.988916 0.0581544 -0.0360066 0.0636229 -0.997324 -0.98997 0.134153 0.0442991 ,-0.999525 0.0296153 -0.00852233 0.00750192 -0.0343975 -0.99938 -0.0298901 -0.998969 0.0341589 ,-0.999525 0.00750192 -0.0298901 0.0296153 -0.0343975 -0.998969 -0.00852233 -0.99938 0.0341589 ,-0.107228 0.994234 0.00100366 -0.991979 -0.106916 -0.0674288 -0.0669327 -0.00822583 0.997724 ,-0.906122 -0.915084 -17.3393 ,0.0472799 -0.0474432 -0.0682 ,0.0455748 -0.0711618 -0.0446813 ,-16.9989 3.31501 -0.0447779 ,19.3055
V 264 :0.00570849 0.998486 0.0547093 -0.0459481 0.0549143 -0.997433 -0.998928 0.00318004 0.0461919 ,-0.999525 0.0296153 -0.00852233 0.00750192 -0.0343975 -0.99938 -0.0298901 -0.998969 0.0341589 ,-0.999525 0.00750192 -0.0298901 0.0296153 -0.0343975 -0.998969 -0.00852233 -0.99938 0.0341589 ,0.0238076 0.999648 0.0117486 -0.997695 0.0245048 -0.0632811 -0.0635467 -0.010215 0.997927 ,-3.18967 -1.07762 -17.6404 ,0.0472799 -0.0474432 -0.0682 ,0.0455748 -0.0711618 -0.0446813 ,-17.5823 3.3445 -0.0387416 ,19.3055
V 265 :0.0205996 0.999098 0.0371447 -0.0311258 0.0377754 -0.998801 -0.999303 0.0194188 0.0318758 ,-0.999525 0.0296153 -0.00852233 0.00750192 -0.0343975 -0.99938 -0.0298901 -0.998969 0.0341589 ,-0.999525 0.00750192 -0.0298901 0.0296153 -0.0343975 -0.998969 -0.00852233 -0.99938 0.0341589 ,0.00904599 0.999954 -0.0032042 -0.99892 0.00889047 -0.0456033 -0.0455727 0.00361326 0.998954 ,-2.95071 -0.772387 -18.2821 ,0.0472799 -0.0474432 -0.0682 ,0.0455748 -0.0711618 -0.0446813 ,-18.162 3.37636 -0.0321326 ,19.3055
V 266 :-0.0794755 0.995956 0.0419044 -0.0551221 0.0375822 -0.997772 -0.995312 -0.0816082 0.0519122 ,-0.999525 0.0296153 -0.00852233 0.00750192 -0.0343975 -0.99938 -0.0298901 -0.998969 0.0341589 ,-0.999525 0.00750192 -0.0298901 0.0296153 -0.0343975 -0.998969 -0.00852233 -0.99938 0.0341589 ,0.108774 0.993828 0.0217664 -0.992761 0.109727 -0.0488344 -0.0509214 -0.0162969 0.99857 ,-4.80158 -1.22185 -18.4663 ,0.0472799 -0.0474432 -0.0682 ,0.0455748 -0.0711618 -0.0446813 ,-18.7619 3.37195 -0.0135148 ,19.3055
V 267 :0.033641 0.998878 0.033342 -0.0186619 0.0339829 -0.999248 -0.99926 0.0329934 0.0197841 ,-0.999525 0.0296153 -0.00852233 0.00750192 -0.0343975 -0.99938 -0.0298901 -0.998969 0.0341589 ,-0.999525 0.00750192 -0.0298901 0.0296153 -0.0343975 -0.998969 -0.00852233 -0.99938 0.0341589 ,-0.00389698 0.999868 -0.0157701 -0.999135 -0.0045462 -0.0413476 -0.0414138 0.0155953 0.99902 ,-2.66098 -0.52993 -19.5127 ,0.0472799 -0.0474432 -0.0682 ,0.0455748 -0.0711618 -0.0446813 ,-19.348 3.36315 -0.00713245 ,19.3055
V 268 :-0.0203053 0.998196 0.0565104 -0.00756817 0.056367 -0.998381 -0.999765 -0.0207002 0.00640986 ,-0.999525 0.0296153 -0.00852233 0.00750192 -0.0343975 -0.99938 -0.0298901 -0.998969 0.0341589 ,-0.999525 0.00750192 -0.0298901 0.0296153 -0.0343975 -0.998969 -0.00852233 -0.99938 0.0341589 ,0.050122 0.998394 -0.0264144 -0.99668 0.0483019 -0.0655461 -0.0641649 0.029612 0.9975 ,-3.72718 -0.39601 -19.9449 ,0.0472799 -0.0474432 -0.0682 ,0.0455748 -0.0711618 -0.0446813 ,-19.9513 3.37584 -0.00729808 ,19.3055
V 269 :0.0241093 0.999406 0.0246144 -0.0107047 0.0248782 -0.999633 -0.999652 0.023837 0.0112981 ,-0.999525 0.0296153 -0.00852233 0.00750192 -0.0343975 -0.99938 -0.0298901 -0.998969 0.0341589 ,-0.999525 0.00750192 -0.0298901 0.0296153 -0.0343975 -0.998969 -0.00852233 -0.99938 0.0341589 ,0.00570157 0.999704 -0.0236545 -0.999458 0.00492963 -0.0325658 -0.0324395 0.0238273 0.99919 ,-2.81086 -0.348067 -20.7025 ,0.0472799 -0.0474432 -0.0682 ,0.0455748 -0.0711618 -0.0446813 ,-20.5615 3.35578 0.00296811 ,19.3055
V 271 :-0.0824877 0.995448 0.0477293 -0.0596724 0.0428732 -0.997297 -0.994804 -0.0851129 0.0558642 ,-0.999525 0.0296153 -0.00852233 0.00750192 -0.0343975 -0.99938 -0.0298901 -0.998969 0.0341589 ,-0.999525 0.00750192 -0.0298901 0.0296153 -0.0343975 -0.998969 -0.00852233 -0.99938 0.0341589 ,0.111736 0.993388 0.0263569 -0.99211 0.113031 -0.0542375 -0.056858 -0.0200887 0.99818 ,-5.02749 -1.4924 -21.1948 ,0.0472799 -0.0474432 -0.0682 ,0.0455748 -0.0711618 -0.0446813 ,-21.5216 3.31548 -0.0186126 ,19.3055
V 272 :0.00480984 0.999622 0.0270628 -0.0217467 0.0271612 -0.999394 -0.999752 0.00421843 0.021869 ,-0.999525 0.0296153 -0.00852233 0.00750192 -0.0343975 -0.99938 -0.0298901 -0.998969 0.0341589 ,-0.999525 0.00750192 -0.0298901 0.0296153 -0.0343975 -0.998969 -0.00852233 -0.99938 0.0341589 ,0.024912 0.999612 -0.0124583 -0.99907 0.0244558 -0.0355194 -0.035201 0.0133316 0.999291 ,-3.13378 -0.642133 -22.2091 ,0.0472799 -0.0474432 -0.0682 ,0.0455748 -0.0711618 -0.0446813 ,-22.1331 3.28941 -0.0240391 ,19.3055
V 273 :-0.0645615 0.996451 0.0540059 -0.0317861 0.052038 -0.998139 -0.997408 -0.066158 0.0283135 ,-0.999525 0.0296153 -0.00852233 0.00750192 -0.0343975 -0.99938 -0.0298901 -0.998969 0.0341589 ,-0.999525 0.00750192 -0.0298901 0.0296153 -0.0343975 -0.998969 -0.00852233 -0.99938 0.0341589 ,0.094105 0.995561 -0.00175384 -0.99361 0.0938101 -0.0627577 -0.0623145 0.00764845 0.998027 ,-4.64479 -0.939127 -22.5636 ,0.0472799 -0.0474432 -0.0682 ,0.0455748 -0.0711618 -0.0446813 ,-22.7684 3.23357 0.000301539 ,19.3055
V 274 :0.000115657 0.999601 0.0282387 -0.00127598 0.0282389 -0.9996 -0.999999 7.95782e-05 0.00127865 ,-0.999525 0.0296153 -0.00852233 0.00750192 -0.0343975 -0.99938 -0.0298901 -0.998969 0.0341589 ,-0.999525 0.00750192 -0.0298901 0.0296153 -0.0343975 -0.998969 -0.00852233 -0.99938 0.0341589 ,0.0297649 0.999016 -0.0328847 -0.998917 0.0285527 -0.0367376 -0.0357625 0.0339426 0.998784 ,-3.15064 -0.164229 -23.4498 ,0.0472799 -0.0474432 -0.0682 ,0.0455748 -0.0711618 -0.0446813 ,-23.3813 3.20181 0.00346518 ,19.3055
V 275 :-0.0646552 0.996079 0.0603859 -0.0154956 0.0595031 -0.998108 -0.997788 -0.0654686 0.0115876 ,-0.999525 0.0296153 -0.00852233 0.00750192 -0.0343975 -0.99938 -0.0298901 -0.998969 0.0341589 ,-0.999525 0.00750192 -0.0298901 0.0296153 -0.0343975 -0.998969 -0.00852233 -0.99938 0.0341589 ,0.0943322 0.995377 -0.0180463 -0.993203 0.0928536 -0.0701915 -0.0681913 0.024545 0.99737 ,-4.67636 -0.622997 -23.5718 ,0.0472799 -0.0474432 -0.0682 ,0.0455748 -0.0711618 -0.0446813 ,-23.7659 3.20062 -0.0168706 ,19.3055
V 276 :-0.0978274 0.993855 0.0517955 -0.00117943 0.0519293 -0.99865 -0.995203 -0.0977565 -0.00390803 ,-0.999525 0.0296153 -0.00852233 0.00750192 -0.0343975 -0.99938 -0.0298901 -0.998969 0.0341589 ,-0.999525 0.00750192 -0.0298901 0.0296153 -0.0343975 -0.998969 -0.00852233 -0.99938 0.0341589 ,0.127519 0.99132 -0.0319827 -0.990071 0.125303 -0.0637063 -0.0591458 0.0397889 0.997456 ,-5.47934 -0.279762 -23.9111 ,0.0472799 -0.0474432 -0.0682 ,0.0455748 -0.0711618 -0.0446813 ,-24.2695 3.17392 -0.0389283 ,19.3055
V 277 :-0.0091906 0.999687 0.023254 0.000875577 0.023263 -0.999729 -0.999958 -0.00916775 -0.0010892 ,-0.999525 0.0296153 -0.00852233 0.00750192 -0.0343975 -0.99938 -0.0298901 -0.998969 0.0341589 ,-0.999525 0.00750192 -0.0298901 0.0296153 -0.0343975 -0.998969 -0.00852233 -0.99938 0.0341589 ,0.0390817 0.998625 -0.0349542 -0.998764 0.0379642 -0.0320814 -0.0307103 0.0361648 0.998874 ,-3.36161 -0.106357 -24.5557 ,0.0472799 -0.0474432 -0.0682 ,0.0455748 -0.0711618 -0.0446813 ,-24.5178 3.1847 -0.00629685 ,19.3055
V 278 :0.00448612 0.99919 0.0399941 -0.0101292 0.0400379 -0.999147 -0.999939 0.00407719 0.0103005 ,-0.999525 0.0296153 -0.00852233 0.00750192 -0.0343975 -0.99938 -0.0298901 -0.998969 0.0341589 ,-0.999525 0.00750192 -0.0298901 0.0296153 -0.0343975 -0.998969 -0.00852233 -0.99938 0.0341589 ,0.0253283 0.999389 -0.0240722 -0.998537 0.0241412 -0.0483892 -0.0477785 0.0252626 0.998538 ,-3.05468 -0.481914 -24.9832 ,0.0472799 -0.0474432 -0.0682 ,0.0455748 -0.0711618 -0.0446813 ,-24.904 3.21842 -0.0534008 ,19.3055
V 279 :-0.0125343 0.998022 0.0615998 0.0143555 0.0617779 -0.997987 -0.999819 -0.0116248 -0.0151015 ,-0.999525 0.0296153 -0.00852233 0.00750192 -0.0343975 -0.99938 -0.0298901 -0.998969 0.0341589 ,-0.999525 0.00750192 -0.0298901 0.0296153 -0.0343975 -0.998969 -0.00852233 -0.99938 0.0341589 ,0.0425207 0.997923 -0.0483925 -0.996737 0.0390445 -0.0706421 -0.0686059 0.0512384 0.996327 ,-3.49013 0.0581347 -25.1256 ,0.0472799 -0.0474432 -0.0682 ,0.0455748 -0.0711618 -0.0446813 ,-25.0987 3.23261 -0.0551328 ,19.3055
V 280 :-0.0757935 0.995018 0.0647678 0.0454109 0.0683317 -0.996629 -0.996089 -0.0725968 -0.0503638 ,-0.999525 0.0296153 -0.00852233 0.00750192 -0.0343975 -0.99938 -0.0298901 -0.998969 0.0341589 ,-0.999525 0.00750192 -0.0298901 0.0296153 -0.0343975 -0.998969 -0.00852233 -0.99938 0.0341589 ,0.105871 0.991256 -0.0787621 -0.991863 0.0996393 -0.0792491 -0.0707083 0.0865114 0.993738 ,-5.08251 0.845832 -25.1484 ,0.0472799 -0.0474432 -0.0682 ,0.0455748 -0.0711618 -0.0446813 ,-25.4114 3.22245 -0.0406218 ,19.3055
V 281 :-0.0745154 0.994985 0.0667312 0.000746852 0.0669729 -0.997755 -0.99722 -0.0742982 -0.0057337 ,-0.999525 0.0296153 -0.00852233 0.00750192 -0.0343975 -0.99938 -0.0298901 -0.998969 0.0341589 ,-0.999525 0.00750192 -0.0298901 0.0296153 -0.0343975 -0.998969 -0.00852233 -0.99938 0.0341589 ,0.104293 0.993959 -0.0341753 -0.991789 0.101385 -0.0779489 -0.0740132 0.0420242 0.996371 ,-5.04941 -0.304058 -25.4332 ,0.0472799 -0.0474432 -0.0682 ,0.0455748 -0.0711618 -0.0446813 ,-25.6741 3.20374 -0.0613638 ,19.3055
V 282 :-0.0342996 0.997193 0.0665524 0.0460535 0.0680979 -0.996615 -0.99835 -0.0311185 -0.0482601 ,-0.999525 0.0296153 -0.00852233 0.00750192 -0.0343975 -0.99938 -0.0298901 -0.998969 0.0341589 ,-0.999525 0.00750192 -0.0298901 0.0296153 -0.0343975 -0.998969 -0.00852233 -0.99938 0.0341589 ,0.0644696 0.994721 -0.0798353 -0.995279 0.0582763 -0.0776171 -0.0725548 0.0844623 0.993782 ,-4.02018 0.915805 -25.9102 ,0.0472799 -0.0474432 -0.0682 ,0.0455748 -0.0711618 -0.0446813 ,-25.9832 3.18629 -0.0164469 ,19.3055
V 283 :-0.0406693 0.99789 0.050623 0.0155985 0.0512928 -0.998562 -0.999051 -0.0398212 -0.0176517 ,-0.999525 0.0296153 -0.00852233 0.00750192 -0.0343975 -0.99938 -0.0298901 -0.998969 0.0341589 ,-0.999525 0.00750192 -0.0298901 0.0296153 -0.0343975 -0.998969 -0.00852233 -0.99938 0.0341589 ,0.0706288 0.99628 -0.0493687 -0.99584 0.0675687 -0.0611256 -0.0575624 0.0534806 0.996908 ,-4.18111 0.143827 -26.1578 ,0.0472799 -0.0474432 -0.0682 ,0.0455748 -0.0711618 -0.0446813 ,-26.2397 3.17074 -0.0554728 ,19.3055
V 284 :-0.0736836 0.996154 0.0474236 -0.00539755 0.0471538 -0.998873 -0.997267 -0.0738565 0.00190224 ,-0.999525 0.0296153 -0.00852233 0.00750192 -0.0343975 -0.99938 -0.0298901 -0.998969 0.0341589 ,-0.999525 0.00750192 -0.0298901 0.0296153 -0.0343975 -0.998969 -0.00852233 -0.99938 0.0341589 ,0.103417 0.994243 -0.0280435 -0.993119 0.10166 -0.058137 -0.0549514 0.0338628 0.997915 ,-5.03863 -0.402332 -26.1349 ,0.0472799 -0.0474432 -0.0682 ,0.0455748 -0.0711618 -0.0446813 ,-26.3721 3.15788 -0.0637094 ,19.3055
V 285 :-0.137139 0.989526 0.0450725 0.00802561 0.0466109 -0.998881 -0.99052 -0.136624 -0.0143338 ,-0.999525 0.0296153 -0.00852233 0.00750192 -0.0343975 -0.99938 -0.0298901 -0.998969 0.0341589 ,-0.999525 0.00750192 -0.0298901 0.0296153 -0.0343975 -0.998969 -0.00852233 -0.99938 0.0341589 ,0.166741 0.985161 -0.040687 -0.984623 0.164185 -0.059682 -0.0521162 0.0500128 0.997388 ,-6.6912 -0.00358271 -26.0111 ,0.0472799 -0.0474432 -0.0682 ,0.0455748 -0.0711618 -0.0446813 ,-26.6214 3.12144 -0.0243264 ,19.3055
V 286 :-0.188039 0.979708 0.0693754 -0.0170584 0.0673671 -0.997582 -0.982014 -0.188767 0.00404453 ,-0.999525 0.0296153 -0.00852233 0.00750192 -0.0343975 -0.99938 -0.0298901 -0.998969 0.0341589 ,-0.999525 0.00750192 -0.0298901 0.0296153 -0.0343975 -0.998969 -0.00852233 -0.99938 0.0341589 ,0.217174 0.976019 -0.0148943 -0.973095 0.21527 -0.0821228 -0.0769472 0.0323284 0.996511 ,-8.01223 -0.73691 -25.8116 ,0.0472799 -0.0474432 -0.0682 ,0.0455748 -0.0711618 -0.0446813 ,-26.8076 3.08291 -0.0245456 ,19.3055
V 287 :-0.210347 0.975523 0.0641014 -0.00754214 0.0639472 -0.997925 -0.977598 -0.210394 -0.00609366 ,-0.999525 0.0296153 -0.00852233 0.00750192 -0.0343975 -0.99938 -0.0298901 -0.998969 0.0341589 ,-0.999525 0.00750192 -0.0298901 0.0296153 -0.0343975 -0.998969 -0.00852233 -0.99938 0.0341589 ,0.239411 0.97062 -0.0240636 -0.968291 0.236868 -0.0794081 -0.0713752 0.0423118 0.996552 ,-8.56362 -0.447398 -26.2304 ,0.0472799 -0.0474432 -0.0682 ,0.0455748 -0.0711618 -0.0446813 ,-27.3904 2.92133 -0.00657498 ,19.3055
V 288 :-0.470752 0.878695 0.0792918 -0.0476025 0.0644455 -0.996785 -0.880981 -0.473013 0.0114902 ,-0.999525 0.0296153 -0.00852233 0.00750192 -0.0343975 -0.99938 -0.0298901 -0.998969 0.0341589 ,-0.999525 0.00750192 -0.0298901 0.0296153 -0.0343975 -0.998969 -0.00852233 -0.99938 0.0341589 ,0.496504 0.867769 0.0214915 -0.863656 0.496332 -0.0880517 -0.0870754 0.0251567 0.995884 ,-15.4279 -1.56732 -23.3174 ,0.0472799 -0.0474432 -0.0682 ,0.0455748 -0.0711618 -0.0446813 ,-27.8394 2.69872 -0.0207936 ,19.3055
V 289 :-0.649668 0.756981 0.0700773 -0.0727073 0.0298883 -0.996905 -0.756733 -0.652753 0.0356205 ,-0.999525 0.0296153 -0.00852233 0.00750192 -0.0343975 -0.99938 -0.0298901 -0.998969 0.0341589 ,-0.999525 0.00750192 -0.0298901 0.0296153 -0.0343975 -0.998969 -0.00852233 -0.99938 0.0341589 ,0.671433 0.739214 0.0523497 -0.736887 0.67347 -0.0586184 -0.0785875 0.000782533 0.996907 ,-20.0644 -2.19901 -19.7992 ,0.0472799 -0.0474432 -0.0682 ,0.0455748 -0.0711618 -0.0446813 ,-28.1534 2.409 -0.0327033 ,19.3055
V 290 :-0.816449 0.574943 0.0533984 -0.0748488 -0.0136823 -0.997101 -0.572546 -0.818079 0.0542046 ,-0.999525 0.0296153 -0.00852233 0.00750192 -0.0343975 -0.99938 -0.0298901 -0.998969 0.0341589 ,-0.999525 0.00750192 -0.0298901 0.0296153 -0.0343975 -0.998969 -0.00852233 -0.99938 0.0341589 ,0.832613 0.550351 0.0622028 -0.55032 0.834733 -0.0191707 -0.0624734 -0.0182697 0.997879 ,-24.3472 -2.18538 -14.7888 ,0.0472799 -0.0474432 -0.0682 ,0.0455748 -0.0711618 -0.0446813 ,-28.5051 1.95356 -0.0311868 ,19.3055
V 291 :-0.950706 0.305929 0.0506573 -0.0602116 -0.0218688 -0.997946 -0.304193 -0.951803 0.0392112 ,-0.999525 0.0296153 -0.00852233 0.00750192 -0.0343975 -0.99938 -0.0298901 -0.998969 0.0341589 ,-0.999525 0.00750192 -0.0298901 0.0296153 -0.0343975 -0.998969 -0.00852233 -0.99938 0.0341589 ,0.958895 0.277795 0.0578856 -0.277498 0.960635 -0.0132646 -0.0592918 -0.0033438 0.998235 ,-27.7367 -1.77729 -7.51961 ,0.0472799 -0.0474432 -0.0682 ,0.0455748 -0.0711618 -0.0446813 ,-28.7852 1.36981 -0.0266501 ,19.3055
V 292 :-0.950602 0.305032 0.0575446 -0.0814911 -0.0663524 -0.994463 -0.299525 -0.950028 0.0879321 ,-0.999525 0.0296153 -0.00852233 0.00750192 -0.0343975 -0.99938 -0.0298901 -0.998969 0.0341589 ,-0.999525 0.00750192 -0.0298901 0.0296153 -0.0343975 -0.998969 -0.00852233 -0.99938 0.0341589 ,0.958492 0.273867 0.0793105 -0.276988 0.960365 0.0312597 -0.067606 -0.0519303 0.99636 ,-27.7687 -2.36359 -7.96857 ,0.0472799 -0.0474432 -0.0682 ,0.0455748 -0.0711618 -0.0446813 ,-28.997 0.825518 -0.00796281 ,19.3055
V 293 :-0.99183 0.113065 0.0590694 -0.0679908 -0.0767452 -0.99473 -0.107936 -0.990619 0.0838055 ,-0.999525 0.0296153 -0.00852233 0.00750192 -0.0343975 -0.99938 -0.0298901 -0.998969 0.0341589 ,-0.999525 0.00750192 -0.0298901 0.0296153 -0.0343975 -0.998969 -0.00852233 -0.99938 0.0341589 ,0.994075 0.0807903 0.0727143 -0.0839777 0.995587 0.0418955 -0.0690086 -0.0477536 0.996472 ,-28.8231 -1.99743 -2.9875 ,0.0472799 -0.0474432 -0.0682 ,0.0455748 -0.0711618 -0.0446813 ,-29.0822 0.222675 0.0103041 ,19.3055
V 294 :-0.988266 0.152681 0.00432709 -0.00743228 -0.0197729 -0.999777 -0.152561 -0.988078 0.0206755 ,-0.999525 0.0296153 -0.00852233 0.00750192 -0.0343975 -0.99938 -0.0298901 -0.998969 0.0341589 ,-0.999525 0.00750192 -0.0298901 0.0296153 -0.0343975 -0.998969 -0.00852233 -0.99938 0.0341589 ,0.992301 0.123392 0.0106387 -0.123223 0.992261 -0.0152923 -0.0124433 0.0138636 0.999826 ,-28.6905 -0.252923 -4.87292 ,0.0472799 -0.0474432 -0.0682 ,0.0455748 -0.0711618 -0.0446813 ,-29.1351 -0.363784 0.018258 ,19.3055
V 295 :-0.997549 0.0585629 0.0382818 -0.0382141 0.00227466 -0.999267 -0.0586071 -0.998281 -3.12499e-05 ,-0.999525 0.0296153 -0.00852233 0.00750192 -0.0343975 -0.99938 -0.0298901 -0.998969 0.0341589 ,-0.999525 0.00750192 -0.0298901 0.0296153 -0.0343975 -0.998969 -0.00852233 -0.99938 0.0341589 ,0.998541 0.0303183 0.0446899 -0.0286793 0.998908 -0.0368726 -0.0457591 0.0355371 0.99832 ,-29.0176 -1.13752 -2.68575 ,0.0472799 -0.0474432 -0.0682 ,0.0455748 -0.0711618 -0.0446813 ,-29.1887 -0.908453 0.0232909 ,19.3055
V 296 :-0.991338 0.128566 0.0268271 -0.029725 -0.0206744 -0.999344 -0.127927 -0.991486 0.0243169 ,-0.999525 0.0296153 -0.00852233 0.00750192 -0.0343975 -0.99938 -0.0298901 -0.998969 0.0341589 ,-0.999525 0.00750192 -0.0298901 0.0296153 -0.0343975 -0.998969 -0.00852233 -0.99938 0.0341589 ,0.994468 0.0994586 0.0337852 -0.0990241 0.994982 -0.0143022 -0.0350382 0.0108775 0.999327 ,-28.7424 -0.900794 -5.30945 ,0.0472799 -0.0474432 -0.0682 ,0.0455748 -0.0711618 -0.0446813 ,-29.2362 -1.5129 0.0470023 ,19.3055
V 298 :-0.992311 0.115381 0.0447811 -0.0493008 -0.036619 -0.998112 -0.113523 -0.992646 0.0420257 ,-0.999525 0.0296153 -0.00852233 0.00750192 -0.0343975 -0.99938 -0.0298901 -0.998969 0.0341589 ,-0.999525 0.00750192 -0.0298901 0.0296153 -0.0343975 -0.998969 -0.00852233 -0.99938 0.0341589 ,0.994863 0.0857146 0.0538492 -0.0859306 0.9963 0.0017052 -0.0535037 -0.00632373 0.998548 ,-28.7268 -1.57881 -6.10616 ,0.0472799 -0.0474432 -0.0682 ,0.0455748 -0.0711618 -0.0446813 ,-29.3138 -2.72965 0.0138066 ,19.3055
V 299 :-0.990907 0.126326 0.0463071 -0.0507903 -0.0325002 -0.99818 -0.124592 -0.991456 0.0386207 ,-0.999525 0.0296153 -0.00852233 0.00750192 -0.0343975 -0.99938 -0.0298901 -0.998969 0.0341589 ,-0.999525 0.00750192 -0.0298901 0.0296153 -0.0343975 -0.998969 -0.00852233 -0.99938 0.0341589 ,0.99378 0.0968642 0.0549478 -0.0968755 0.995293 -0.00246371 -0.0549278 -0.00287471 0.998486 ,-28.6207 -1.67785 -6.84777 ,0.0472799 -0.0474432 -0.0682 ,0.0455748 -0.0711618 -0.0446813 ,-29.3348 -3.15312 -0.0380721 ,19.3055
V 300 :-0.998887 0.0349142 0.0317126 -0.0309536 0.0220691 -0.999277 -0.0355889 -0.999147 -0.0209639 ,-0.999525 0.0296153 -0.00852233 0.00750192 -0.0343975 -0.99938 -0.0298901 -0.998969 0.0341589 ,-0.999525 0.00750192 -0.0298901 0.0296153 -0.0343975 -0.998969 -0.00852233 -0.99938 0.0341589 ,0.999244 0.00703452 0.0382316 -0.00486746 0.998392 -0.0564827 -0.0385675 0.056254 0.997671 ,-29.1253 -0.882371 -4.62845 ,0.0472799 -0.0474432 -0.0682 ,0.0455748 -0.0711618 -0.0446813 ,-29.3282 -3.51939 -0.00478487 ,19.3055
V 301 :-0.997848 0.0511754 0.0409826 -0.0425021 -0.0289648 -0.998676 -0.0499206 -0.99827 0.0310775 ,-0.999525 0.0296153 -0.00852233 0.00750192 -0.0343975 -0.99938 -0.0298901 -0.998969 0.0341589 ,-0.999525 0.00750192 -0.0298901 0.0296153 -0.0343975 -0.998969 -0.00852233 -0.99938 0.0341589 ,0.998548 0.0217795 0.0492745 -0.02153 0.999753 -0.00558915 -0.0493841 0.00452016 0.99877 ,-28.9964 -1.39531 -5.71798 ,0.0472799 -0.0474432 -0.0682 ,0.0455748 -0.0711618 -0.0446813 ,-29.3206 -4.19272 0.0197857 ,19.3055
V 302 :-0.997946 -0.0170422 0.0617527 -0.061351 -0.0231691 -0.997847 0.0184363 -0.999586 0.0220759 ,-0.999525 0.0296153 -0.00852233 0.00750192 -0.0343975 -0.99938 -0.0298901 -0.998969 0.0341589 ,-0.999525 0.00750192 -0.0298901 0.0296153 -0.0343975 -0.998969 -0.00852233 -0.99938 0.0341589 ,0.996461 -0.0458615 0.0704475 0.0467381 0.998848 -0.0108448 -0.069869 0.014099 0.997457 ,-29.3139 -1.94781 -4.37894 ,0.0472799 -0.0474432 -0.0682 ,0.0455748 -0.0711618 -0.0446813 ,-29.338 -4.85336 0.0120218 ,19.3055
V 303 :-0.997094 -0.0210103 0.0732295 -0.0722932 -0.0423149 -0.996485 0.0240351 -0.998884 0.0406729 ,-0.999525 0.0296153 -0.00852233 0.00750192 -0.0343975 -0.99938 -0.0298901 -0.998969 0.0341589 ,-0.999525 0.00750192 -0.0298901 0.0296153 -0.0343975 -0.998969 -0.00852233 -0.99938 0.0341589 ,0.995359 -0.0510529 0.0815669 0.0505396 0.998687 0.00834688 -0.081886 -0.00418579 0.996633 ,-29.3048 -2.40067 -4.57955 ,0.0472799 -0.0474432 -0.0682 ,0.0455748 -0.0711618 -0.0446813 ,-29.3285 -5.22258 -0.0120282 ,19.3055
V 304 :-0.998308 0.0507339 0.0284038 -0.0326653 -0.0852453 -0.995824 -0.0481008 -0.995068 0.0867583 ,-0.999525 0.0296153 -0.00852233 0.00750192 -0.0343975 -0.99938 -0.0298901 -0.998969 0.0341589 ,-0.999525 0.00750192 -0.0298901 0.0296153 -0.0343975 -0.998969 -0.00852233 -0.99938 0.0341589 ,0.999027 0.0196096 0.0395099 -0.0216067 0.998477 0.0507696 -0.0384541 -0.0515739 0.997929 ,-28.9651 -1.50642 -7.2158 ,0.0472799 -0.0474432 -0.0682 ,0.0455748 -0.0711618 -0.0446813 ,-29.3547 -5.7648 -0.0087133 ,19.3055
V 305 :-0.99875 -0.0197811 0.0458973 -0.0444369 -0.0688371 -0.996638 0.022874 -0.997432 0.067872 ,-0.999525 0.0296153 -0.00852233 0.00750192 -0.0343975 -0.99938 -0.0298901 -0.998969 0.0341589 ,-0.999525 0.00750192 -0.0298901 0.0296153 -0.0343975 -0.998969 -0.00852233 -0.99938 0.0341589 ,0.997259 -0.0509003 0.0537024 0.0490686 0.998186 0.0348918 -0.0553809 -0.032161 0.997947 ,-29.3845 -1.80633 -5.74849 ,0.0472799 -0.0474432 -0.0682 ,0.0455748 -0.0711618 -0.0446813 ,-29.3432 -6.36897 -0.0165969 ,19.3055
V 306 :-0.993349 0.105077 0.0470889 -0.0540254 -0.0641738 -0.996475 -0.101685 -0.992391 0.0694237 ,-0.999525 0.0296153 -0.00852233 0.00750192 -0.0343975 -0.99938 -0.0298901 -0.998969 0.0341589 ,-0.999525 0.00750192 -0.0298901 0.0296153 -0.0343975 -0.998969 -0.00852233 -0.99938 0.0341589 ,0.995511 0.0740197 0.0589842 -0.0758455 0.996688 0.0293394 -0.0566171 -0.0336814 0.997828 ,-28.4032 -2.04584 -9.86156 ,0.0472799 -0.0474432 -0.0682 ,0.0455748 -0.0711618 -0.0446813 ,-29.365 -6.8576 0.028241 ,19.3055
V 307 :-0.998567 0.0494598 0.0204398 -0.0231562 -0.0549872 -0.998219 -0.0482478 -0.997261 0.0560536 ,-0.999525 0.0296153 -0.00852233 0.00750192 -0.0343975 -0.99938 -0.0298901 -0.998969 0.0341589 ,-0.999525 0.00750192 -0.0298901 0.0296153 -0.0343975 -0.998969 -0.00852233 -0.99938 0.0341589 ,0.999361 0.0194217 0.0300039 -0.0200406 0.99959 0.0204661 -0.0295941 -0.0210543 0.99934 ,-28.9261 -1.11646 -8.86946 ,0.0472799 -0.0474432 -0.0682 ,0.0455748 -0.0711618 -0.0446813 ,-29.3812 -7.40292 0.018442 ,19.3055
V 308 :-0.996963 0.0731761 0.0266554 -0.0312259 -0.0620435 -0.997585 -0.0713456 -0.995387 0.0641399 ,-0.999525 0.0296153 -0.00852233 0.00750192 -0.0343975 -0.99938 -0.0298901 -0.998969 0.0341589 ,-0.999525 0.00750192 -0.0298901 0.0296153 -0.0343975 -0.998969 -0.00852233 -0.99938 0.0341589 ,0.998388 0.0428207 0.0372659 -0.0438545 0.998663 0.02738 -0.0360437 -0.0289701 0.99893 ,-28.6596 -1.44891 -10.0876 ,0.0472799 -0.0474432 -0.0682 ,0.0455748 -0.0711618 -0.0446813 ,-29.3783 -7.95951 0.0097555 ,19.3055
V 309 :-0.992649 0.119391 0.0198537 -0.031639 -0.0976412 -0.994719 -0.116822 -0.988034 0.100701 ,-0.999525 0.0296153 -0.00852233 0.00750192 -0.0343975 -0.99938 -0.0298901 -0.998969 0.0341589 ,-0.999525 0.00750192 -0.0298901 0.0296153 -0.0343975 -0.998969 -0.00852233 -0.99938 0.0341589 ,0.995432 0.0883926 0.0360885 -0.0905348 0.99391 0.062813 -0.0303165 -0.0657933 0.997373 ,-28.1694 -1.81363 -11.7962 ,0.0472799 -0.0474432 -0.0682 ,0.0455748 -0.0711618 -0.0446813 ,-29.4352 -8.39124 -0.0156364 ,19.3055
V 310 :-0.99586 0.0798388 0.0434608 -0.0519865 -0.108016 -0.992789 -0.0745687 -0.990938 0.111719 ,-0.999525 0.0296153 -0.00852233 0.00750192 -0.0343975 -0.99938 -0.0298901 -0.998969 0.0341589 ,-0.999525 0.00750192 -0.0298901 0.0296153 -0.0343975 -0.998969 -0.00852233 -0.99938 0.0341589 ,0.997226 0.0467873 0.0578942 -0.050992 0.995997 0.0734192 -0.0542273 -0.0761676 0.995619 ,-28.5905 -2.55398 -11.1982 ,0.0472799 -0.0474432 -0.0682 ,0.0455748 -0.0711618 -0.0446813 ,-29.4795 -9.01347 -0.000405253 ,19.3055
V 311 :-0.990181 0.136525 -0.0300345 0.00577566 -0.174715 -0.984602 -0.139671 -0.975108 0.172211 ,-0.999525 0.0296153 -0.00852233 0.00750192 -0.0343975 -0.99938 -0.0298901 -0.998969 0.0341589 ,-0.999525 0.00750192 -0.0298901 0.0296153 -0.0343975 -0.998969 -0.00852233 -0.99938 0.0341589 ,0.993929 0.110003 -0.00210443 -0.108625 0.984156 0.140135 0.0174864 -0.139055 0.99013 ,-27.8733 -1.50966 -13.599 ,0.0472799 -0.0474432 -0.0682 ,0.0455748 -0.0711618 -0.0446813 ,-29.5279 -9.6376 0.0518766 ,19.3055
V 313 :-0.995765 0.0723672 -0.0566957 0.0484029 -0.111606 -0.992573 -0.0781573 -0.991114 0.107631 ,-0.999525 0.0296153 -0.00852233 0.00750192 -0.0343975 -0.99938 -0.0298901 -0.998969 0.0341589 ,-0.999525 0.00750192 -0.0298901 0.0296153 -0.0343975 -0.998969 -0.00852233 -0.99938 0.0341589 ,0.997992 0.0469219 -0.0425564 -0.0435456 0.996075 0.0770651 0.0460054 -0.0750571 0.996117 ,-28.6091 0.207736 -13.1266 ,0.0472799 -0.0474432 -0.0682 ,0.0455748 -0.0711618 -0.0446813 ,-29.568 -10.8401 0.0340753 ,19.3055
V 314 :-0.999146 -0.0231707 -0.0342152 0.0359269 -0.0780022 -0.996306 0.0204162 -0.996684 0.0787679 ,-0.999525 0.0296153 -0.00852233 0.00750192 -0.0343975 -0.99938 -0.0298901 -0.998969 0.0341589 ,-0.999525 0.00750192 -0.0298901 0.0296153 -0.0343975 -0.998969 -0.00852233 -0.99938 0.0341589 ,0.998331 -0.051221 -0.0266922 0.0523655 0.997654 0.0441056 0.0243704 -0.0454297 0.99867 ,-29.7788 0.16363 -10.7358 ,0.0472799 -0.0474432 -0.0682 ,0.0455748 -0.0711618 -0.0446813 ,-29.5904 -11.3068 0.0300482 ,19.3055
V 316 :-0.994489 0.102497 -0.0220592 0.0166913 -0.0529366 -0.998458 -0.103507 -0.993324 0.050934 ,-0.999525 0.0296153 -0.00852233 0.00750192 -0.0343975 -0.99938 -0.0298901 -0.998969 0.0341589 ,-0.999525 0.00750192 -0.0298901 0.0296153 -0.0343975 -0.998969 -0.00852233 -0.99938 0.0341589 ,0.997235 0.073374 -0.0117413 -0.073155 0.997156 0.0180994 0.0130359 -0.0171904 0.999767 ,-28.1961 -0.197449 -15.2215 ,0.0472799 -0.0474432 -0.0682 ,0.0455748 -0.0711618 -0.0446813 ,-29.6537 -12.1652 -0.000982547 ,19.3055
V 317 :-0.997417 0.0627652 0.034934 -0.0408871 -0.0962149 -0.99452 -0.0590601 -0.99338 0.0985326 ,-0.999525 0.0296153 -0.00852233 0.00750192 -0.0343975 -0.99938 -0.0298901 -0.998969 0.0341589 ,-0.999525 0.00750192 -0.0298901 0.0296153 -0.0343975 -0.998969 -0.00852233 -0.99938 0.0341589 ,0.998402 0.0308668 0.0473446 -0.0337649 0.997524 0.0616876 -0.0453233 -0.0631875 0.996972 ,-28.7625 -2.47578 -14.5221 ,0.0472799 -0.0474432 -0.0682 ,0.0455748 -0.0711618 -0.0446813 ,-29.6883 -12.7836 0.0155902 ,19.3055
V 318 :-0.98993 0.14118 0.0103483 -0.0278723 -0.122719 -0.99205 -0.138788 -0.982348 0.125418 ,-0.999525 0.0296153 -0.00852233 0.00750192 -0.0343975 -0.99938 -0.0298901 -0.998969 0.0341589 ,-0.999525 0.00750192 -0.0298901 0.0296153 -0.0343975 -0.998969 -0.00852233 -0.99938 0.0341589 ,0.993399 0.110287 0.0315506 -0.112671 0.989738 0.0878839 -0.0215345 -0.0908586 0.995631 ,-27.4737 -2.47476 -17.2301 ,0.0472799 -0.0474432 -0.0682 ,0.0455748 -0.0711618 -0.0446813 ,-29.6933 -13.2715 0.0291998 ,19.3055
V 319 :-0.992302 0.113517 0.0494958 -0.0645096 -0.132656 -0.989061 -0.105709 -0.98464 0.138958 ,-0.999525 0.0296153 -0.00852233 0.00750192 -0.0343975 -0.99938 -0.0298901 -0.998969 0.0341589 ,-0.999525 0.00750192 -0.0298901 0.0296153 -0.0343975 -0.998969 -0.00852233 -0.99938 0.0341589 ,0.994507 0.0784316 0.0693154 -0.0850269 0.99155 0.097972 -0.0610456 -0.103327 0.992772 ,-27.8871 -3.80114 -16.9035 ,0.0472799 -0.0474432 -0.0682 ,0.0455748 -0.0711618 -0.0446813 ,-29.7412 -13.9037 0.00939662 ,19.3055
V 320 :-0.991556 0.12367 0.0390309 -0.057581 -0.150174 -0.986981 -0.116199 -0.980894 0.156026 ,-0.999525 0.0296153 -0.00852233 0.00750192 -0.0343975 -0.99938 -0.0298901 -0.998969 0.0341589 ,-0.999525 0.00750192 -0.0298901 0.0296153 -0.0343975 -0.998969 -0.00852233 -0.99938 0.0341589 ,0.994126 0.0886943 0.0620264 -0.0954189 0.988711 0.11552 -0.0510803 -0.12076 0.991367 ,-27.6579 -3.91898 -17.8016 ,0.0472799 -0.0474432 -0.0682 ,0.0455748 -0.0711618 -0.0446813 ,-29.7547 -14.5497 0.0271084 ,19.3055
V 321 :-0.986605 0.162151 0.0178469 -0.0524028 -0.211423 -0.975989 -0.154484 -0.96385 0.217088 ,-0.999525 0.0296153 -0.00852233 0.00750192 -0.0343975 -0.99938 -0.0298901 -0.998969 0.0341589 ,-0.999525 0.00750192 -0.0298901 0.0296153 -0.0343975 -0.998969 -0.00852233 -0.99938 0.0341589 ,0.99036 0.126909 0.0555014 -0.13485 0.974931 0.176986 -0.031649 -0.182764 0.982647 ,-26.9271 -4.75484 -19.0613 ,0.0472799 -0.0474432 -0.0682 ,0.0455748 -0.0711618 -0.0446813 ,-29.7939 -14.9278 0.0102056 ,19.3055
V 322 :-0.996379 0.0850098 0.00160544 -0.0171423 -0.182355 -0.983083 -0.0832789 -0.979551 0.183152 ,-0.999525 0.0296153 -0.00852233 0.00750192 -0.0343975 -0.99938 -0.0298901 -0.998969 0.0341589 ,-0.999525 0.00750192 -0.0298901 0.0296153 -0.0343975 -0.998969 -0.00852233 -0.99938 0.0341589 ,0.998266 0.0542746 0.0227784 -0.0570585 0.987331 0.148057 -0.0144541 -0.1491 0.988716 ,-28.3627 -3.31595 -17.4865 ,0.0472799 -0.0474432 -0.0682 ,0.0455748 -0.0711618 -0.0446813 ,-29.8137 -15.2431 0.0225972 ,19.3055
V 323 :-0.998178 0.0593234 0.0110534 -0.0211065 -0.171621 -0.984937 -0.0565328 -0.983375 0.17256 ,-0.999525 0.0296153 -0.00852233 0.00750192 -0.0343975 -0.99938 -0.0298901 -0.998969 0.0341589 ,-0.999525 0.00750192 -0.0298901 0.0296153 -0.0343975 -0.998969 -0.00852233 -0.99938 0.0341589 ,0.999235 0.0276392 0.0276692 -0.0311895 0.990022 0.137418 -0.0235949 -0.138176 0.990127 ,-28.7957 -3.30716 -16.9303 ,0.0472799 -0.0474432 -0.0682 ,0.0455748 -0.0711618 -0.0446813 ,-29.8125 -15.4301 0.0179227 ,19.3055
V 324 :-0.99714 0.0737952 -0.016311 0.00125151 -0.199669 -0.979863 -0.075566 -0.977081 0.199006 ,-0.999525 0.0296153 -0.00852233 0.00750192 -0.0343975 -0.99938 -0.0298901 -0.998969 0.0341589 ,-0.999525 0.00750192 -0.0298901 0.0296153 -0.0343975 -0.998969 -0.00852233 -0.99938 0.0341589 ,0.998934 0.0459144 0.00466597 -0.046053 0.985127 0.165541 0.00300412 -0.165579 0.986192 ,-28.5251 -3.13385 -17.6559 ,0.0472799 -0.0474432 -0.0682 ,0.0455748 -0.0711618 -0.0446813 ,-29.8158 -15.6924 0.00977046 ,19.3055
V 325 :-0.992175 0.124153 -0.0132489 -0.0107061 -0.190315 -0.981665 -0.124398 -0.973841 0.190155 ,-0.999525 0.0296153 -0.00852233 0.00750192 -0.0343975 -0.99938 -0.0298901 -0.998969 0.0341589 ,-0.999525 0.00750192 -0.0298901 0.0296153 -0.0343975 -0.998969 -0.00852233 -0.99938 0.0341589 ,0.995341 0.0952549 0.0149058 -0.0964139 0.98306 0.155874 0.000194493 -0.156585 0.987664 ,-27.5712 -3.41411 -19.4876 ,0.0472799 -0.0474432 -0.0682 ,0.0455748 -0.0711618 -0.0446813 ,-29.8542 -16.1232 0.0218396 ,19.3055
V 326 :-0.997896 0.0640723 0.0098712 -0.0206763 -0.170244 -0.985185 -0.0614425 -0.983317 0.17121 ,-0.999525 0.0296153 -0.00852233 0.00750192 -0.0343975 -0.99938 -0.0298901 -0.998969 0.0341589 ,-0.999525 0.00750192 -0.0298901 0.0296153 -0.0343975 -0.998969 -0.00852233 -0.99938 0.0341589 ,0.999104 0.0325374 0.0270691 -0.0359275 0.990057 0.136003 -0.0223748 -0.136854 0.990339 ,-28.7171 -3.46597 -18.214 ,0.0472799 -0.0474432 -0.0682 ,0.0455748 -0.0711618 -0.0446813 ,-29.8895 -16.582 0.0228027 ,19.3055
V 327 :-0.998578 0.0528391 0.00711071 -0.0169023 -0.187255 -0.982166 -0.0505653 -0.980889 0.187881 ,-0.999525 0.0296153 -0.00852233 0.00750192 -0.0343975 -0.99938 -0.0298901 -0.998969 0.0341589 ,-0.999525 0.00750192 -0.0298901 0.0296153 -0.0343975 -0.998969 -0.00852233 -0.99938 0.0341589 ,0.999488 0.0215213 0.0236748 -0.0248999 0.987884 0.153182 -0.0200913 -0.153693 0.987914 ,-28.9058 -3.72594 -18.2304 ,0.0472799 -0.0474432 -0.0682 ,0.0455748 -0.0711618 -0.0446813 ,-29.8924 -16.9741 0.00532042 ,19.3055
V 328 :-0.993474 0.114056 0.00122613 -0.022154 -0.182404 -0.982974 -0.11189 -0.976586 0.18374 ,-0.999525 0.0296153 -0.00852233 0.00750192 -0.0343975 -0.99938 -0.0298901 -0.998969 0.0341589 ,-0.999525 0.00750192 -0.0298901 0.0296153 -0.0343975 -0.998969 -0.00852233 -0.99938 0.0341589 ,0.99618 0.083115 0.026785 -0.0861798 0.985232 0.147959 -0.0140918 -0.149702 0.988631 ,-27.7031 -3.82791 -20.3057 ,0.0472799 -0.0474432 -0.0682 ,0.0455748 -0.0711618 -0.0446813 ,-29.9174 -17.2881 0.0363616 ,19.3055
V 329 :-0.993857 0.103731 0.0385784 -0.055092 -0.161382 -0.985353 -0.0959854 -0.981426 0.166105 ,-0.999525 0.0296153 -0.00852233 0.00750192 -0.0343975 -0.99938 -0.0298901 -0.998969 0.0341589 ,-0.999525 0.00750192 -0.0298901 0.0296153 -0.0343975 -0.998969 -0.00852233 -0.99938 0.0341589 ,0.995841 0.0683481 0.0602491 -0.075557 0.989037 0.126873 -0.050917 -0.130898 0.990087 ,-27.8981 -4.57997 -20.4132 ,0.0472799 -0.0474432 -0.0682 ,0.0455748 -0.0711618 -0.0446813 ,-29.9762 -17.7998 -0.00863314 ,19.3055
V 330 :-0.998419 0.0461957 0.0320286 -0.0406966 -0.200976 -0.97875 -0.0387771 -0.978506 0.202539 ,-0.999525 0.0296153 -0.00852233 0.00750192 -0.0343975 -0.99938 -0.0298901 -0.998969 0.0341589 ,-0.999525 0.00750192 -0.0298901 0.0296153 -0.0343975 -0.998969 -0.00852233 -0.99938 0.0341589 ,0.998798 0.0105685 0.0478556 -0.0184338 0.985779 0.167033 -0.0454097 -0.167715 0.984789 ,-29.0381 -4.95339 -19.1571 ,0.0472799 -0.0474432 -0.0682 ,0.0455748 -0.0711618 -0.0446813 ,-29.9793 -18.321 -0.00389208 ,19.3055
V 331 :-0.996257 0.080081 0.0325405 -0.0467483 -0.18251 -0.982092 -0.072708 -0.979938 0.18557 ,-0.999525 0.0296153 -0.00852233 0.00750192 -0.0343975 -0.99938 -0.0298901 -0.998969 0.0341589 ,-0.999525 0.00750192 -0.0298901 0.0296153 -0.0343975 -0.998969 -0.00852233 -0.99938 0.0341589 ,0.997606 0.0447366 0.0527261 -0.0521217 0.987577 0.14824 -0.0454393 -0.150634 0.987545 ,-28.3213 -4.8277 -20.5631 ,0.0472799 -0.0474432 -0.0682 ,0.0455748 -0.0711618 -0.0446813 ,-29.976 -18.6844 0.0317168 ,19.3055
V 332 :-0.999088 0.0392777 0.016742 -0.0240598 -0.193972 -0.980712 -0.0352726 -0.98022 0.19474 ,-0.999525 0.0296153 -0.00852233 0.00750192 -0.0343975 -0.99938 -0.0298901 -0.998969 0.0341589 ,-0.999525 0.00750192 -0.0298901 0.0296153 -0.0343975 -0.998969 -0.00852233 -0.99938 0.0341589 ,0.999487 0.00647552 0.0313546 -0.0114153 0.987045 0.160034 -0.0299121 -0.16031 0.986613 ,-29.1396 -4.49016 -20.0757 ,0.0472799 -0.0474432 -0.0682 ,0.0455748 -0.0711618 -0.0446813 ,-29.9729 -19.3272 0.0278936 ,19.3055
V 333 :-0.997192 0.0748264 0.00300292 -0.0180752 -0.201582 -0.979305 -0.0726725 -0.976609 0.202369 ,-0.999525 0.0296153 -0.00852233 0.00750192 -0.0343975 -0.99938 -0.0298901 -0.998969 0.0341589 ,-0.999525 0.00750192 -0.0298901 0.0296153 -0.0343975 -0.998969 -0.00852233 -0.99938 0.0341589 ,0.998755 0.0436872 0.02408 -0.0471121 0.984753 0.16746 -0.016397 -0.168386 0.985585 ,-28.316 -4.56903 -21.7586 ,0.0472799 -0.0474432 -0.0682 ,0.0455748 -0.0711618 -0.0446813 ,-29.9416 -19.9722 0.0466162 ,19.3055
V 334 :-0.999319 0.0346822 0.0126013 -0.0198715 -0.21805 -0.975735 -0.031093 -0.975321 0.218591 ,-0.999525 0.0296153 -0.00852233 0.00750192 -0.0343975 -0.99938 -0.0298901 -0.998969 0.0341589 ,-0.999525 0.00750192 -0.0298901 0.0296153 -0.0343975 -0.998969 -0.00852233 -0.99938 0.0341589 ,0.999625 0.00214928 0.0273136 -0.00714908 0.982843 0.184303 -0.0264489 -0.184429 0.98249 ,-29.1757 -5.09896 -21.117 ,0.0472799 -0.0474432 -0.0682 ,0.0455748 -0.0711618 -0.0446813 ,-29.9579 -20.6173 0.0403786 ,19.3055
V 335 :-0.992214 0.124042 0.0112083 -0.0376146 -0.212653 -0.976404 -0.118732 -0.969223 0.215663 ,-0.999525 0.0296153 -0.00852233 0.00750192 -0.0343975 -0.99938 -0.0298901 -0.998969 0.0341589 ,-0.999525 0.00750192 -0.0298901 0.0296153 -0.0343975 -0.998969 -0.00852233 -0.99938 0.0341589 ,0.995009 0.0905184 0.0419915 -0.0966083 0.979212 0.178356 -0.024974 -0.181523 0.98307 ,-27.0337 -5.65734 -24.2439 ,0.0472799 -0.0474432 -0.0682 ,0.0455748 -0.0711618 -0.0446813 ,-29.9516 -21.2654 0.0398119 ,19.3055
V 336 :-0.989191 0.144098 0.0271355 -0.0569713 -0.207178 -0.976643 -0.13511 -0.967633 0.213148 ,-0.999525 0.0296153 -0.00852233 0.00750192 -0.0343975 -0.99938 -0.0298901 -0.998969 0.0341589 ,-0.999525 0.00750192 -0.0298901 0.0296153 -0.0343975 -0.998969 -0.00852233 -0.99938 0.0341589 ,0.992333 0.107635 0.060751 -0.116661 0.978029 0.172768 -0.0408203 -0.17853 0.983087 ,-26.5082 -6.28087 -25.3155 ,0.0472799 -0.0474432 -0.0682 ,0.0455748 -0.0711618 -0.0446813 ,-30.0348 -21.8949 0.0141646 ,19.3055
V 338 :-0.989227 0.146384 0.00153036 -0.0252459 -0.160289 -0.986747 -0.144199 -0.976155 0.162258 ,-0.999525 0.0296153 -0.00852233 0.00750192 -0.0343975 -0.99938 -0.0298901 -0.998969 0.0341589 ,-0.999525 0.00750192 -0.0298901 0.0296153 -0.0343975 -0.998969 -0.00852233 -0.99938 0.0341589 ,0.992877 0.115623 0.028735 -0.11834 0.984998 0.125598 -0.013782 -0.128104 0.991665 ,-26.3649 -4.55168 -27.0204 ,0.0472799 -0.0474432 -0.0682 ,0.0455748 -0.0711618 -0.0446813 ,-30.1278 -23.1652 -0.0309141 ,19.3055
V 339 :-0.995442 0.0953711 0.000503245 -0.0215178 -0.219446 -0.975387 -0.0929133 -0.970952 0.220498 ,-0.999525 0.0296153 -0.00852233 0.00750192 -0.0343975 -0.99938 -0.0298901 -0.998969 0.0341589 ,-0.999525 0.00750192 -0.0298901 0.0296153 -0.0343975 -0.998969 -0.00852233 -0.99938 0.0341589 ,0.997585 0.0640773 0.0268141 -0.0679502 0.980324 0.185331 -0.014411 -0.186705 0.98231 ,-27.6699 -5.92253 -26.0158 ,0.0472799 -0.0474432 -0.0682 ,0.0455748 -0.0711618 -0.0446813 ,-30.1281 -23.8397 0.00485942 ,19.3055
V 340 :-0.99404 0.105412 0.0278183 -0.0463726 -0.177893 -0.982957 -0.0986664 -0.978388 0.181721 ,-0.999525 0.0296153 -0.00852233 0.00750192 -0.0343975 -0.99938 -0.0298901 -0.998969 0.0341589 ,-0.999525 0.00750192 -0.0298901 0.0296153 -0.0343975 -0.998969 -0.00852233 -0.99938 0.0341589 ,0.996169 0.070721 0.051445 -0.077452 0.98662 0.143464 -0.0406108 -0.146898 0.988318 ,-27.3741 -5.82908 -26.997 ,0.0472799 -0.0474432 -0.0682 ,0.0455748 -0.0711618 -0.0446813 ,-30.183 -24.4848 -0.0267555 ,19.3055
V 341 :-0.998941 0.0399382 0.0228448 -0.0301915 -0.194321 -0.980473 -0.0347192 -0.980125 0.195321 ,-0.999525 0.0296153 -0.00852233 0.00750192 -0.0343975 -0.99938 -0.0298901 -0.998969 0.0341589 ,-0.999525 0.00750192 -0.0298901 0.0296153 -0.0343975 -0.998969 -0.00852233 -0.99938 0.0341589 ,0.999278 0.00613791 0.0375001 -0.012081 0.986981 0.16038 -0.0360275 -0.160717 0.986343 ,-29.1189 -5.86382 -25.7428 ,0.0472799 -0.0474432 -0.0682 ,0.0455748 -0.0711618 -0.0446813 ,-30.2023 -25.1297 -0.0217207 ,19.3055
V 342 :-0.988023 0.150405 -0.03449 0.00466087 -0.194322 -0.980927 -0.154239 -0.969339 0.191294 ,-0.999525 0.0296153 -0.00852233 0.00750192 -0.0343975 -0.99938 -0.0298901 -0.998969 0.0341589 ,-0.999525 0.00750192 -0.0298901 0.0296153 -0.0343975 -0.998969 -0.00852233 -0.99938 0.0341589 ,0.992199 0.124659 -0.00150635 -0.122818 0.979478 0.159809 0.0213969 -0.158377 0.987147 ,-25.9989 -4.94965 -29.7243 ,0.0472799 -0.0474432 -0.0682 ,0.0455748 -0.0711618 -0.0446813 ,-30.2854 -25.7819 -0.034012 ,19.3055
V 343 :-0.998309 0.0559257 0.0158789 -0.0268985 -0.202195 -0.978976 -0.0515393 -0.977747 0.203357 ,-0.999525 0.0296153 -0.00852233 0.00750192 -0.0343975 -0.99938 -0.0298901 -0.998969 0.0341589 ,-0.999525 0.00750192 -0.0298901 0.0296153 -0.0343975 -0.998969 -0.00852233 -0.99938 0.0341589 ,0.999173 0.0228462 0.0336292 -0.028191 0.985351 0.168194 -0.0292939 -0.169003 0.98518 ,-28.7322 -6.22866 -27.4866 ,0.0472799 -0.0474432 -0.0682 ,0.0455748 -0.0711618 -0.0446813 ,-30.3102 -26.4486 -0.018538 ,19.3055
V 344 :-0.991301 0.131435 -0.00686455 -0.0166725 -0.177141 -0.984044 -0.130554 -0.97537 0.177791 ,-0.999525 0.0296153 -0.00852233 0.00750192 -0.0343975 -0.99938 -0.0298901 -0.998969 0.0341589 ,-0.999525 0.00750192 -0.0298901 0.0296153 -0.0343975 -0.998969 -0.00852233 -0.99938 0.0341589 ,0.994607 0.101635 0.0206508 -0.103548 0.98435 0.142593 -0.00583513 -0.143963 0.989566 ,-26.5043 -5.36575 -30.3873 ,0.0472799 -0.0474432 -0.0682 ,0.0455748 -0.0711618 -0.0446813 ,-30.3676 -27.0246 -0.0252393 ,19.3055
V 346 :-0.990175 0.138197 0.0213348 -0.0426502 -0.153171 -0.987279 -0.133171 -0.978489 0.15756 ,-0.999525 0.0296153 -0.00852233 0.00750192 -0.0343975 -0.99938 -0.0298901 -0.998969 0.0341589 ,-0.999525 0.00750192 -0.0298901 0.0296153 -0.0343975 -0.998969 -0.00852233 -0.99938 0.0341589 ,0.993365 0.105177 0.0465134 -0.110033 0.986842 0.118474 -0.0334406 -0.122806 0.991867 ,-26.2042 -5.70666 -31.8493 ,0.0472799 -0.0474432 -0.0682 ,0.0455748 -0.0711618 -0.0446813 ,-30.4672 -28.3364 -0.0197159 ,19.3055
V 347 :-0.999438 0.0232099 0.0241897 -0.0279275 -0.177292 -0.983762 -0.0185444 -0.983885 0.177841 ,-0.999525 0.0296153 -0.00852233 0.00750192 -0.0343975 -0.99938 -0.0298901 -0.998969 0.0341589 ,-0.999525 0.00750192 -0.0298901 0.0296153 -0.0343975 -0.998969 -0.00852233 -0.99938 0.0341589 ,0.999308 -0.0101128 0.0357943 0.00487956 0.989656 0.143376 -0.036874 -0.143102 0.989021 ,-29.7704 -6.04498 -29.1627 ,0.0472799 -0.0474432 -0.0682 ,0.0455748 -0.0711618 -0.0446813 ,-30.508 -28.9969 -0.00467194 ,19.3055
V 349 :-0.999546 0.0282903 0.010367 -0.0155715 -0.190469 -0.98157 -0.0257943 -0.981286 0.190823 ,-0.999525 0.0296153 -0.00852233 0.00750192 -0.0343975 -0.99938 -0.0298901 -0.998969 0.0341589 ,-0.999525 0.00750192 -0.0298901 0.0296153 -0.0343975 -0.998969 -0.00852233 -0.99938 0.0341589 ,0.999725 -0.00329856 0.0231992 -0.000375001 0.987664 0.156591 -0.0234295 -0.156556 0.987391 ,-29.6601 -6.28139 -30.5728 ,0.0472799 -0.0474432 -0.0682 ,0.0455748 -0.0711618 -0.0446813 ,-30.5778 -30.2807 0.00992559 ,19.3055
V 350 :-0.995058 0.0979828 -0.0161203 -0.00313533 -0.19326 -0.981143 -0.0992505 -0.976243 0.192612 ,-0.999525 0.0296153 -0.00852233 0.00750192 -0.0343975 -0.99938 -0.0298901 -0.998969 0.0341589 ,-0.999525 0.00750192 -0.0298901 0.0296153 -0.0343975 -0.998969 -0.00852233 -0.99938 0.0341589 ,0.997528 0.069787 0.0082233 -0.070206 0.984786 0.158957 0.00299496 -0.159142 0.987251 ,-27.3835 -6.07716 -33.17 ,0.0472799 -0.0474432 -0.0682 ,0.0455748 -0.0711618 -0.0446813 ,-30.5994 -30.793 0.0175968 ,19.3055
V 351 :-0.998067 0.0600687 -0.0159623 0.00414421 -0.191934 -0.981399 -0.062015 -0.979568 0.191313 ,-0.999525 0.0296153 -0.00852233 0.00750192 -0.0343975 -0.99938 -0.0298901 -0.998969 0.0341589 ,-0.999525 0.00750192 -0.0298901 0.0296153 -0.0343975 -0.998969 -0.00852233 -0.99938 0.0341589 ,0.999477 0.0322505 0.00224585 -0.0322006 0.986939 0.157842 0.00287396 -0.157831 0.987462 ,-28.6647 -5.94248 -32.7663 ,0.0472799 -0.0474432 -0.0682 ,0.0455748 -0.0711618 -0.0446813 ,-30.6598 -31.4368 0.0118929 ,19.3055
V 353 :-0.996112 0.0870265 -0.0136787 -0.00530164 -0.21421 -0.976773 -0.0879353 -0.972903 0.213839 ,-0.999525 0.0296153 -0.00852233 0.00750192 -0.0343975 -0.99938 -0.0298901 -0.998969 0.0341589 ,-0.999525 0.00750192 -0.0298901 0.0296153 -0.0343975 -0.998969 -0.00852233 -0.99938 0.0341589 ,0.998228 0.0585268 0.0107838 -0.059512 0.981846 0.180103 -4.71798e-05 -0.180425 0.983589 ,-27.7237 -7.20426 -34.6064 ,0.0472799 -0.0474432 -0.0682 ,0.0455748 -0.0711618 -0.0446813 ,-30.7381 -32.7186 0.0151519 ,19.3055
V 354 :-0.995404 0.095713 0.0032402 -0.0233753 -0.210012 -0.977419 -0.0928713 -0.973003 0.211284 ,-0.999525 0.0296153 -0.00852233 0.00750192 -0.0343975 -0.99938 -0.0298901 -0.998969 0.0341589 ,-0.999525 0.00750192 -0.0298901 0.0296153 -0.0343975 -0.998969 -0.00852233 -0.99938 0.0341589 ,0.997532 0.0641004 0.0286716 -0.0681599 0.982058 0.175829 -0.0168865 -0.177349 0.984003 ,-27.416 -7.74874 -35.3444 ,0.0472799 -0.0474432 -0.0682 ,0.0455748 -0.0711618 -0.0446813 ,-30.7932 -33.3126 0.0148648 ,19.3055
V 355 :-0.985299 0.170821 -0.00244959 -0.0366448 -0.22533 -0.973593 -0.166862 -0.959191 0.228277 ,-0.999525 0.0296153 -0.00852233 0.00750192 -0.0343975 -0.99938 -0.0298901 -0.998969 0.0341589 ,-0.999525 0.00750192 -0.0298901 0.0296153 -0.0343975 -0.998969 -0.00852233 -0.99938 0.0341589 ,0.989544 0.13877 0.0393193 -0.143759 0.971012 0.19097 -0.0116786 -0.194626 0.980808 ,-24.6073 -8.81665 -37.744 ,0.0472799 -0.0474432 -0.0682 ,0.0455748 -0.0711618 -0.0446813 ,-30.9001 -33.9028 0.00251448 ,19.3055
V 356 :-0.998861 0.0466053 -0.0102341 -0.00119011 -0.238747 -0.971081 -0.0477009 -0.969963 0.238531 ,-0.999525 0.0296153 -0.00852233 0.00750192 -0.0343975 -0.99938 -0.0298901 -0.998969 0.0341589 ,-0.999525 0.00750192 -0.0298901 0.0296153 -0.0343975 -0.998969 -0.00852233 -0.99938 0.0341589 ,0.999803 0.0181111 0.00807258 -0.0193819 0.978556 0.205069 -0.00418545 -0.205185 0.978714 ,-29.2238 -8.32658 -35.0716 ,0.0472799 -0.0474432 -0.0682 ,0.0455748 -0.0711618 -0.0446813 ,-30.9173 -34.5645 0.0101175 ,19.3055
V 357 :-0.99715 0.0719383 -0.022723 0.00675032 -0.214912 -0.97661 -0.0751392 -0.97398 0.213814 ,-0.999525 0.0296153 -0.00852233 0.00750192 -0.0343975 -0.99938 -0.0298901 -0.998969 0.0341589 ,-0.999525 0.00750192 -0.0298901 0.0296153 -0.0343975 -0.998969 -0.00852233 -0.99938 0.0341589 ,0.998973 0.0452986 -0.000814765 -0.044404 0.982499 0.180896 0.00899481 -0.180674 0.983502 ,-28.3039 -7.41374 -36.696 ,0.0472799 -0.0474432 -0.0682 ,0.0455748 -0.0711618 -0.0446813 ,-30.9728 -35.2184 -0.00667649 ,19.3055
V 358 :-0.999921 -0.0113713 -0.0053254 0.0078266 -0.232783 -0.972497 0.00981889 -0.972462 0.232854 ,-0.999525 0.0296153 -0.00852233 0.00750192 -0.0343975 -0.99938 -0.0298901 -0.998969 0.0341589 ,-0.999525 0.00750192 -0.0298901 0.0296153 -0.0343975 -0.998969 -0.00852233 -0.99938 0.0341589 ,0.999211 -0.039691 0.00103531 0.0386866 0.97913 0.199517 -0.00893275 -0.19932 0.979894 ,-31.321 -8.1317 -34.599 ,0.0472799 -0.0474432 -0.0682 ,0.0455748 -0.0711618 -0.0446813 ,-30.9635 -35.8185 0.0116736 ,19.3055
V 359 :-0.99766 0.067376 -0.0116346 -0.00194518 -0.198064 -0.980187 -0.0683455 -0.977871 0.197731 ,-0.999525 0.0296153 -0.00852233 0.00750192 -0.0343975 -0.99938 -0.0298901 -0.998969 0.0341589 ,-0.999525 0.00750192 -0.0298901 0.0296153 -0.0343975 -0.998969 -0.00852233 -0.99938 0.0341589 ,0.999214 0.0387959 0.00811175 -0.0396012 0.985671 0.163964 -0.00163439 -0.164156 0.986433 ,-28.4053 -7.2732 -37.7058 ,0.0472799 -0.0474432 -0.0682 ,0.0455748 -0.0711618 -0.0446813 ,-30.9724 -36.3189 0.0285102 ,19.3055
V 360 :-0.999746 0.0186316 0.0127042 -0.0163953 -0.213735 -0.976754 -0.0154832 -0.976714 0.213986 ,-0.999525 0.0296153 -0.00852233 0.00750192 -0.0343975 -0.99938 -0.0298901 -0.998969 0.0341589 ,-0.999525 0.00750192 -0.0298901 0.0296153 -0.0343975 -0.998969 -0.00852233 -0.99938 0.0341589 ,0.999611 -0.0135767 0.0243764 0.00896795 0.983611 0.18008 -0.0264217 -0.179791 0.98335 ,-30.2447 -8.42821 -36.6732 ,0.0472799 -0.0474432 -0.0682 ,0.0455748 -0.0711618 -0.0446813 ,-30.9884 -36.9795 0.0318375 ,19.3055
V 361 :-0.995101 0.0987304 -0.00511345 -0.0149718 -0.201623 -0.979349 -0.0977225 -0.974475 0.202113 ,-0.999525 0.0296153 -0.00852233 0.00750192 -0.0343975 -0.99938 -0.0298901 -0.998969 0.0341589 ,-0.999525 0.00750192 -0.0298901 0.0296153 -0.0343975 -0.998969 -0.00852233 -0.99938 0.0341589 ,0.997437 0.0686665 0.020105 -0.0710688 0.983329 0.167369 -0.00827716 -0.168369 0.985689 ,-27.0945 -8.06225 -39.7832 ,0.0472799 -0.0474432 -0.0682 ,0.0455748 -0.0711618 -0.0446813 ,-31.0099 -37.6375 0.0388525 ,19.3055
V 362 :-0.992137 0.124951 0.00717443 -0.0334806 -0.209734 -0.977185 -0.120596 -0.969742 0.212269 ,-0.999525 0.0296153 -0.00852233 0.00750192 -0.0343975 -0.99938 -0.0298901 -0.998969 0.0341589 ,-0.999525 0.00750192 -0.0298901 0.0296153 -0.0343975 -0.998969 -0.00852233 -0.99938 0.0341589 ,0.995019 0.0922406 0.0377957 -0.0974795 0.979657 0.175414 -0.0208465 -0.178225 0.983769 ,-26.0174 -9.08072 -40.7678 ,0.0472799 -0.0474432 -0.0682 ,0.0455748 -0.0711618 -0.0446813 ,-31.0704 -38.1058 -0.000938968 ,19.3055
V 363 :-0.999902 0.013354 0.00411577 -0.00724126 -0.243262 -0.969934 -0.0119513 -0.969869 0.243335 ,-0.999525 0.0296153 -0.00852233 0.00750192 -0.0343975 -0.99938 -0.0298901 -0.998969 0.0341589 ,-0.999525 0.00750192 -0.0298901 0.0296153 -0.0343975 -0.998969 -0.00852233 -0.99938 0.0341589 ,0.99973 -0.0174244 0.01535 0.0138169 0.977632 0.209867 -0.0186635 -0.209599 0.977609 ,-30.4815 -9.69691 -37.9822 ,0.0472799 -0.0474432 -0.0682 ,0.0455748 -0.0711618 -0.0446813 ,-31.0488 -38.7112 -0.00791141 ,19.3055
V 364 :-0.996195 0.0812261 -0.0315962 0.0149685 -0.197689 -0.980151 -0.08586 -0.976894 0.195721 ,-0.999525 0.0296153 -0.00852233 0.00750192 -0.0343975 -0.99938 -0.0298901 -0.998969 0.0341589 ,-0.999525 0.00750192 -0.0298901 0.0296153 -0.0343975 -0.998969 -0.00852233 -0.99938 0.0341589 ,0.9984 0.055754 -0.00940218 -0.0534711 0.985092 0.163504 0.018378 -0.16274 0.986498 ,-27.7364 -7.29222 -40.8755 ,0.0472799 -0.0474432 -0.0682 ,0.0455748 -0.0711618 -0.0446813 ,-31.0733 -39.0399 0.00800721 ,19.3055
V 365 :-0.99759 0.0665825 -0.019521 0.00711581 -0.181684 -0.983331 -0.0690193 -0.9811 0.180773 ,-0.999525 0.0296153 -0.00852233 0.00750192 -0.0343975 -0.99938 -0.0298901 -0.998969 0.0341589 ,-0.999525 0.00750192 -0.0298901 0.0296153 -0.0343975 -0.998969 -0.00852233 -0.99938 0.0341589 ,0.999233 0.0391595 -0.000967234 -0.0385887 0.98831 0.147491 0.00673159 -0.14734 0.989063 ,-28.3595 -7.04546 -40.9108 ,0.0472799 -0.0474432 -0.0682 ,0.0455748 -0.0711618 -0.0446813 ,-31.1075 -39.4507 -0.0526721 ,19.3055
V 366 :-0.999701 -0.0174449 -0.017123 0.0198539 -0.170827 -0.985101 0.01426 -0.985147 0.171122 ,-0.999525 0.0296153 -0.00852233 0.00750192 -0.0343975 -0.99938 -0.0298901 -0.998969 0.0341589 ,-0.999525 0.00750192 -0.0298901 0.0296153 -0.0343975 -0.998969 -0.00852233 -0.99938 0.0341589 ,0.998949 -0.0445347 -0.0108347 0.0456013 0.989491 0.137218 0.0046099 -0.137568 0.990482 ,-31.7852 -6.33419 -39.1379 ,0.0472799 -0.0474432 -0.0682 ,0.0455748 -0.0711618 -0.0446813 ,-31.1411 -40.1186 -0.0524703 ,19.3055
V 367 :-0.992184 0.124206 -0.0120084 -0.00974908 -0.173095 -0.984857 -0.124403 -0.977042 0.172953 ,-0.999525 0.0296153 -0.00852233 0.00750192 -0.0343975 -0.99938 -0.0298901 -0.998969 0.0341589 ,-0.999525 0.00750192 -0.0298901 0.0296153 -0.0343975 -0.998969 -0.00852233 -0.99938 0.0341589 ,0.995358 0.0952267 0.0139493 -0.0962413 0.985667 0.138555 -0.000555228 -0.139254 0.990257 ,-25.906 -7.38497 -43.5255 ,0.0472799 -0.0474432 -0.0682 ,0.0455748 -0.0711618 -0.0446813 ,-31.2282 -40.5061 -0.022001 ,19.3055
V 368 :-0.989589 0.143804 -0.00590369 -0.0239685 -0.205108 -0.978446 -0.141915 -0.968117 0.206419 ,-0.999525 0.0296153 -0.00852233 0.00750192 -0.0343975 -0.99938 -0.0298901 -0.998969 0.0341589 ,-0.999525 0.00750192 -0.0298901 0.0296153 -0.0343975 -0.998969 -0.00852233 -0.99938 0.0341589 ,0.993181 0.113287 0.0275395 -0.116337 0.978433 0.170685 -0.00760924 -0.172725 0.984941 ,-25.0682 -9.2225 -44.1127 ,0.0472799 -0.0474432 -0.0682 ,0.0455748 -0.0711618 -0.0446813 ,-31.3245 -40.9104 -0.0339377 ,19.3055
V 369 :-0.995735 0.0876862 0.0286952 -0.0467099 -0.2109 -0.976391 -0.0795642 -0.973567 0.214096 ,-0.999525 0.0296153 -0.00852233 0.00750192 -0.0343975 -0.99938 -0.0298901 -0.998969 0.0341589 ,-0.999525 0.00750192 -0.0298901 0.0296153 -0.0343975 -0.998969 -0.00852233 -0.99938 0.0341589 ,0.99729 0.0515999 0.0524491 -0.0601267 0.982415 0.176765 -0.0424057 -0.17944 0.982855 ,-27.5577 -10.2767 -42.8296 ,0.0472799 -0.0474432 -0.0682 ,0.0455748 -0.0711618 -0.0446813 ,-31.3673 -41.3678 -0.040597 ,19.3055
V 371 :-0.995117 0.0986915 -0.00113832 -0.0203114 -0.216062 -0.976168 -0.0965855 -0.971379 0.217011 ,-0.999525 0.0296153 -0.00852233 0.00750192 -0.0343975 -0.99938 -0.0298901 -0.998969 0.0341589 ,-0.999525 0.00750192 -0.0298901 0.0296153 -0.0343975 -0.998969 -0.00852233 -0.99938 0.0341589 ,0.997379 0.0677138 0.0254803 -0.0712309 0.980733 0.181905 -0.0126719 -0.183244 0.982986 ,-27.1086 -9.87161 -44.2678 ,0.0472799 -0.0474432 -0.0682 ,0.0455748 -0.0711618 -0.0446813 ,-31.4919 -42.3772 -0.0291241 ,19.3055
V 372 :-0.996045 0.08878 -0.00363294 -0.0119311 -0.17415 -0.984647 -0.0880496 -0.980709 0.174521 ,-0.999525 0.0296153 -0.00852233 0.00750192 -0.0343975 -0.99938 -0.0298901 -0.998969 0.0341589 ,-0.999525 0.00750192 -0.0298901 0.0296153 -0.0343975 -0.998969 -0.00852233 -0.99938 0.0341589 ,0.998114 0.058871 0.0174046 -0.0607308 0.988318 0.139786 -0.00897197 -0.140579 0.990029 ,-27.5345 -7.94074 -44.9051 ,0.0472799 -0.0474432 -0.0682 ,0.0455748 -0.0711618 -0.0446813 ,-31.5148 -42.8978 -0.0473426 ,19.3055
V 373 :-0.983533 0.180723 -0.00130177 -0.0324581 -0.183721 -0.982443 -0.177789 -0.966223 0.186561 ,-0.999525 0.0296153 -0.00852233 0.00750192 -0.0343975 -0.99938 -0.0298901 -0.998969 0.0341589 ,-0.999525 0.00750192 -0.0298901 0.0296153 -0.0343975 -0.998969 -0.00852233 -0.99938 0.0341589 ,0.988137 0.149595 0.0347469 -0.153135 0.976898 0.149061 -0.0116454 -0.152614 0.988217 ,-23.1795 -9.04098 -47.5024 ,0.0472799 -0.0474432 -0.0682 ,0.0455748 -0.0711618 -0.0446813 ,-31.5695 -43.2867 -0.0164878 ,19.3055
V 374 :-0.97145 0.236426 -0.0196933 -0.0243318 -0.181858 -0.983024 -0.235994 -0.954479 0.182419 ,-0.999525 0.0296153 -0.00852233 0.00750192 -0.0343975 -0.99938 -0.0298901 -0.998969 0.0341589 ,-0.999525 0.00750192 -0.0298901 0.0296153 -0.0343975 -0.998969 -0.00852233 -0.99938 0.0341589 ,0.97786 0.207818 0.0245344 -0.209149 0.966753 0.147127 0.00685684 -0.149001 0.988813 ,-20.3566 -8.80438 -49.1668 ,0.0472799 -0.0474432 -0.0682 ,0.0455748 -0.0711618 -0.0446813 ,-31.6214 -43.6321 -0.0535734 ,19.3055
V 375 :-0.995615 0.0924686 -0.0141304 -0.00501157 -0.203571 -0.979047 -0.0934077 -0.974684 0.203142 ,-0.999525 0.0296153 -0.00852233 0.00750192 -0.0343975 -0.99938 -0.0298901 -0.998969 0.0341589 ,-0.999525 0.00750192 -0.0298901 0.0296153 -0.0343975 -0.998969 -0.00852233 -0.99938 0.0341589 ,0.997897 0.0639983 0.0103027 -0.0648185 0.98342 0.169363 0.000707029 -0.169674 0.9855 ,-27.3639 -9.20859 -45.9912 ,0.0472799 -0.0474432 -0.0682 ,0.0455748 -0.0711618 -0.0446813 ,-31.6264 -44.0906 -0.0276525 ,19.3055
V 376 :-0.994235 0.106771 -0.0098318 -0.0122722 -0.204408 -0.978809 -0.106518 -0.973045 0.20454 ,-0.999525 0.0296153 -0.00852233 0.00750192 -0.0343975 -0.99938 -0.0298901 -0.998969 0.0341589 ,-0.999525 0.00750192 -0.0298901 0.0296153 -0.0343975 -0.998969 -0.00852233 -0.99938 0.0341589 ,0.996855 0.0773862 0.0170993 -0.0791696 0.982236 0.170133 -0.00362954 -0.170952 0.985273 ,-26.6657 -9.5297 -46.6062 ,0.0472799 -0.0474432 -0.0682 ,0.0455748 -0.0711618 -0.0446813 ,-31.6325 -44.3696 -0.0250584 ,19.3055
V 377 :-0.986828 0.161657 -0.00608352 -0.0290068 -0.213817 -0.976443 -0.15915 -0.963405 0.21569 ,-0.999525 0.0296153 -0.00852233 0.00750192 -0.0343975 -0.99938 -0.0298901 -0.998969 0.0341589 ,-0.999525 0.00750192 -0.0298901 0.0296153 -0.0343975 -0.998969 -0.00852233 -0.99938 0.0341589 ,0.990899 0.130758 0.0319626 -0.134388 0.974554 0.179398 -0.00769156 -0.182061 0.983257 ,-23.9915 -10.523 -48.1668 ,0.0472799 -0.0474432 -0.0682 ,0.0455748 -0.0711618 -0.0446813 ,-31.6809 -44.6922 -0.000683607 ,19.3055
V 379 :-0.998143 0.0592724 0.0140808 -0.0259266 -0.204125 -0.978601 -0.0551298 -0.977149 0.205283 ,-0.999525 0.0296153 -0.00852233 0.00750192 -0.0343975 -0.99938 -0.0298901 -0.998969 0.0341589 ,-0.999525 0.00750192 -0.0298901 0.0296153 -0.0343975 -0.998969 -0.00852233 -0.99938 0.0341589 ,0.999122 0.0264045 0.0325339 -0.0315685 0.984918 0.170115 -0.0275514 -0.170993 0.984887 ,-28.9579 -10.1549 -46.217 ,0.0472799 -0.0474432 -0.0682 ,0.0455748 -0.0711618 -0.0446813 ,-31.7575 -45.4382 -0.00921403 ,19.3055
V 380 :-0.998396 0.0466439 0.0320805 -0.0413979 -0.215025 -0.975731 -0.0386138 -0.975494 0.216611 ,-0.999525 0.0296153 -0.00852233 0.00750192 -0.0343975 -0.99938 -0.0298901 -0.998969 0.0341589 ,-0.999525 0.00750192 -0.0298901 0.0296153 -0.0343975 -0.998969 -0.00852233 -0.99938 0.0341589 ,0.998766 0.0104301 0.0485619 -0.0190772 0.983266 0.181172 -0.0458597 -0.181875 0.982252 ,-29.5197 -11.2249 -45.8856 ,0.0472799 -0.0474432 -0.0682 ,0.0455748 -0.0711618 -0.0446813 ,-31.7515 -45.719 -0.0331387 ,19.3055
V 381 :-0.995761 0.0919176 0.0033338 -0.0196963 -0.177689 -0.98389 -0.0898444 -0.979785 0.178746 ,-0.999525 0.0296153 -0.00852233 0.00750192 -0.0343975 -0.99938 -0.0298901 -0.998969 0.0341589 ,-0.999525 0.00750192 -0.0298901 0.0296153 -0.0343975 -0.998969 -0.00852233 -0.99938 0.0341589 ,0.997826 0.0609395 0.0251013 -0.0639211 0.987609 0.143327 -0.016056 -0.14462 0.989357 ,-27.3502 -8.84256 -47.9706 ,0.0472799 -0.0474432 -0.0682 ,0.0455748 -0.0711618 -0.0446813 ,-31.7584 -45.9785 0.000274876 ,19.3055
V 382 :-0.992692 0.120588 0.00464724 -0.0307434 -0.215468 -0.976027 -0.116696 -0.969037 0.217601 ,-0.999525 0.0296153 -0.00852233 0.00750192 -0.0343975 -0.99938 -0.0298901 -0.998969 0.0341589 ,-0.999525 0.00750192 -0.0298901 0.0296153 -0.0343975 -0.998969 -0.00852233 -0.99938 0.0341589 ,0.995478 0.0882341 0.0351981 -0.0931825 0.979021 0.181205 -0.0184712 -0.183666 0.982815 ,-25.9116 -11.0189 -48.5833 ,0.0472799 -0.0474432 -0.0682 ,0.0455748 -0.0711618 -0.0446813 ,-31.7679 -46.2465 -0.030874 ,19.3055
V 383 :-0.992985 0.116722 -0.0188884 -0.00495966 -0.200721 -0.979636 -0.118137 -0.97267 0.199892 ,-0.999525 0.0296153 -0.00852233 0.00750192 -0.0343975 -0.99938 -0.0298901 -0.998969 0.0341589 ,-0.999525 0.00750192 -0.0298901 0.0296153 -0.0343975 -0.998969 -0.00852233 -0.99938 0.0341589 ,0.996007 0.088778 0.0093837 -0.0890995 0.982029 0.166377 0.0055555 -0.166548 0.986018 ,-26.0749 -9.58391 -49.139 ,0.0472799 -0.0474432 -0.0682 ,0.0455748 -0.0711618 -0.0446813 ,-31.7833 -46.5948 -0.0268115 ,19.3055
V 384 :-0.998099 0.0612536 -0.00677822 -0.00524743 -0.194058 -0.980976 -0.0614036 -0.979076 0.19401 ,-0.999525 0.0296153 -0.00852233 0.00750192 -0.0343975 -0.99938 -0.0298901 -0.998969 0.0341589 ,-0.999525 0.00750192 -0.0298901 0.0296153 -0.0343975 -0.998969 -0.00852233 -0.99938 0.0341589 ,0.999421 0.0319618 0.0116528 -0.0334156 0.986556 0.159971 -0.0063832 -0.160268 0.987053 ,-28.7997 -9.29946 -47.8294 ,0.0472799 -0.0474432 -0.0682 ,0.0455748 -0.0711618 -0.0446813 ,-31.7734 -46.7903 -0.0053708 ,19.3055
V 385 :-0.999518 0.0305124 0.00580544 -0.0128205 -0.235053 -0.971898 -0.0282904 -0.971503 0.235331 ,-0.999525 0.0296153 -0.00852233 0.00750192 -0.0343975 -0.99938 -0.0298901 -0.998969 0.0341589 ,-0.999525 0.00750192 -0.0298901 0.0296153 -0.0343975 -0.998969 -0.00852233 -0.99938 0.0341589 ,0.999792 -0.000898848 0.0203644 -0.00322291 0.979491 0.201462 -0.0201279 -0.201486 0.979285 ,-30.2573 -11.5345 -46.5994 ,0.0472799 -0.0474432 -0.0682 ,0.0455748 -0.0711618 -0.0446813 ,-31.7536 -46.9806 -0.0380512 ,19.3055
FIX 385
V 387 :-0.996099 0.0859017 -0.0201862 0.00455952 -0.17835 -0.983957 -0.0881238 -0.98021 0.177263 ,-0.999525 0.0296153 -0.00852233 0.00750192 -0.0343975 -0.99938 -0.0298901 -0.998969 0.0341589 ,-0.999525 0.00750192 -0.0298901 0.0296153 -0.0343975 -0.998969 -0.00852233 -0.99938 0.0341589 ,0.998294 0.0583763 0.000922174 -0.0579003 0.987879 0.144025 0.00749663 -0.143832 0.989574 ,-27.5107 -8.36773 -49.2549 ,0.0472799 -0.0474432 -0.0682 ,0.0455748 -0.0711618 -0.0446813 ,-31.7471 -47.3299 -0.0241172 ,19.3055
V 388 :-0.995511 0.0933912 -0.0153875 -0.00195988 -0.182877 -0.983134 -0.0946301 -0.97869 0.182239 ,-0.999525 0.0296153 -0.00852233 0.00750192 -0.0343975 -0.99938 -0.0298901 -0.998969 0.0341589 ,-0.999525 0.00750192 -0.0298901 0.0296153 -0.0343975 -0.998969 -0.00852233 -0.99938 0.0341589 ,0.997852 0.0651176 0.00721027 -0.0654656 0.986738 0.148536 0.00255768 -0.148689 0.988881 ,-27.1287 -8.82563 -49.5778 ,0.0472799 -0.0474432 -0.0682 ,0.0455748 -0.0711618 -0.0446813 ,-31.7563 -47.5218 -0.0257572 ,19.3055
V 389 :-0.991065 0.133235 -0.00623662 -0.0198583 -0.19363 -0.980874 -0.131894 -0.971986 0.194545 ,-0.999525 0.0296153 -0.00852233 0.00750192 -0.0343975 -0.99938 -0.0298901 -0.998969 0.0341589 ,-0.999525 0.00750192 -0.0298901 0.0296153 -0.0343975 -0.998969 -0.00852233 -0.99938 0.0341589 ,0.994388 0.10309 0.0237868 -0.105571 0.98159 0.159172 -0.00693977 -0.16079 0.986964 ,-25.0777 -9.979 -50.6307 ,0.0472799 -0.0474432 -0.0682 ,0.0455748 -0.0711618 -0.0446813 ,-31.7666 -47.7215 -0.0616025 ,19.3055
V 390 :-0.994135 0.102354 -0.034919 0.0133702 -0.204087 -0.978861 -0.107317 -0.973587 0.201522 ,-0.999525 0.0296153 -0.00852233 0.00750192 -0.0343975 -0.99938 -0.0298901 -0.998969 0.0341589 ,-0.999525 0.00750192 -0.0298901 0.0296153 -0.0343975 -0.998969 -0.00852233 -0.99938 0.0341589 ,0.996971 0.0773044 -0.00855543 -0.0747354 0.982635 0.169832 0.0215356 -0.168678 0.985436 ,-26.63 -9.4571 -50.1872 ,0.0472799 -0.0474432 -0.0682 ,0.0455748 -0.0711618 -0.0446813 ,-31.7736 -47.9851 -0.0422305 ,19.3055
V 391 :-0.999835 0.0155093 0.00946231 -0.0122638 -0.19189 -0.98134 -0.0134042 -0.981294 0.192049 ,-0.999525 0.0296153 -0.00852233 0.00750192 -0.0343975 -0.99938 -0.0298901 -0.998969 0.0341589 ,-0.999525 0.00750192 -0.0298901 0.0296153 -0.0343975 -0.998969 -0.00852233 -0.99938 0.0341589 ,0.999669 -0.0157983 0.0203193 0.0123895 0.987342 0.158119 -0.0225601 -0.157815 0.987211 ,-30.9503 -9.71681 -47.825 ,0.0472799 -0.0474432 -0.0682 ,0.0455748 -0.0711618 -0.0446813 ,-31.7512 -48.2382 -0.0239718 ,19.3055
V 392 :-0.99999 -0.00413371 0.00194644 -0.000984151 -0.221135 -0.975243 0.0044618 -0.975235 0.221128 ,-0.999525 0.0296153 -0.00852233 0.00750192 -0.0343975 -0.99938 -0.0298901 -0.998969 0.0341589 ,-0.999525 0.00750192 -0.0298901 0.0296153 -0.0343975 -0.998969 -0.00852233 -0.99938 0.0341589 ,0.999374 -0.0340384 0.00965819 0.0316227 0.981713 0.18772 -0.0158713 -0.187297 0.982175 ,-31.8955 -10.8143 -47.0936 ,0.0472799 -0.0474432 -0.0682 ,0.0455748 -0.0711618 -0.0446813 ,-31.7432 -48.3737 -0.0394432 ,19.3055
V 393 :-0.997314 0.0678535 -0.0275783 0.0142054 -0.190188 -0.981645 -0.0718531 -0.9794 0.188713 ,-0.999525 0.0296153 -0.00852233 0.00750192 -0.0343975 -0.99938 -0.0298901 -0.998969 0.0341589 ,-0.999525 0.00750192 -0.0298901 0.0296153 -0.0343975 -0.998969 -0.00852233 -0.99938 0.0341589 ,0.999095 0.0417546 -0.00815155 -0.0399737 0.986942 0.156036 0.0145603 -0.155569 0.987718 ,-28.3098 -8.88339 -50.046 ,0.0472799 -0.0474432 -0.0682 ,0.0455748 -0.0711618 -0.0446813 ,-31.7465 -48.7047 -0.024349 ,19.3055
V 395 :-0.992672 0.12071 -0.00565876 -0.0158255 -0.176282 -0.984212 -0.119801 -0.97691 0.1769 ,-0.999525 0.0296153 -0.00852233 0.00750192 -0.0343975 -0.99938 -0.0298901 -0.998969 0.0341589 ,-0.999525 0.00750192 -0.0298901 0.0296153 -0.0343975 -0.998969 -0.00852233 -0.99938 0.0341589 ,0.995662 0.090824 0.0201832 -0.0927747 0.985542 0.141774 -0.00701498 -0.143031 0.989693 ,-25.5616 -9.29973 -52.0344 ,0.0472799 -0.0474432 -0.0682 ,0.0455748 -0.0711618 -0.0446813 ,-31.7932 -49.3061 -0.0582886 ,19.3055
V 396 :-0.999754 0.0219824 0.0030292 -0.00658427 -0.163507 -0.98652 -0.0211908 -0.986297 0.163612 ,-0.999525 0.0296153 -0.00852233 0.00750192 -0.0343975 -0.99938 -0.0298901 -0.998969 0.0341589 ,-0.999525 0.00750192 -0.0298901 0.0296153 -0.0343975 -0.998969 -0.00852233 -0.99938 0.0341589 ,0.999863 -0.00821261 0.0143766 0.00628196 0.991556 0.129528 -0.0153189 -0.12942 0.991472 ,-30.6295 -8.4034 -49.6866 ,0.0472799 -0.0474432 -0.0682 ,0.0455748 -0.0711618 -0.0446813 ,-31.7757 -49.6304 -0.0322311 ,19.3055
V 397 :-0.998701 0.0496874 -0.0112803 0.00278885 -0.167753 -0.985825 -0.0508754 -0.984576 0.167396 ,-0.999525 0.0296153 -0.00852233 0.00750192 -0.0343975 -0.99938 -0.0298901 -0.998969 0.0341589 ,-0.999525 0.00750192 -0.0298901 0.0296153 -0.0343975 -0.998969 -0.00852233 -0.99938 0.0341589 ,0.999768 0.0211502 0.00398629 -0.0214932 0.990803 0.133593 -0.00112411 -0.133648 0.991028 ,-29.1995 -8.39094 -50.9455 ,0.0472799 -0.0474432 -0.0682 ,0.0455748 -0.0711618 -0.0446813 ,-31.7739 -50.039 -0.0384897 ,19.3055
V 398 :-0.993605 0.109296 -0.0283504 0.00799492 -0.182353 -0.983201 -0.112629 -0.97714 0.180313 ,-0.999525 0.0296153 -0.00852233 0.00750192 -0.0343975 -0.99938 -0.0298901 -0.998969 0.0341589 ,-0.999525 0.00750192 -0.0298901 0.0296153 -0.0343975 -0.998969 -0.00852233 -0.99938 0.0341589 ,0.996559 0.0828122 -0.00336943 -0.0814048 0.985642 0.147931 0.0155715 -0.147147 0.988992 ,-26.0577 -9.01278 -52.8543 ,0.0472799 -0.0474432 -0.0682 ,0.0455748 -0.0711618 -0.0446813 ,-31.8116 -50.3611 -0.0367792 ,19.3055
V 399 :-0.99249 0.119087 -0.0279772 0.00475839 -0.190948 -0.981589 -0.122237 -0.97435 0.188947 ,-0.999525 0.0296153 -0.00852233 0.00750192 -0.0343975 -0.99938 -0.0298901 -0.998969 0.0341589 ,-0.999525 0.00750192 -0.0298901 0.0296153 -0.0343975 -0.998969 -0.00852233 -0.99938 0.0341589 ,0.995708 0.0925542 -0.000472596 -0.0913396 0.98344 0.156532 0.0149525 -0.155817 0.987673 ,-25.5293 -9.63385 -53.2915 ,0.0472799 -0.0474432 -0.0682 ,0.0455748 -0.0711618 -0.0446813 ,-31.8447 -50.6428 -0.069062 ,19.3055
V 400 :-0.998923 0.0436659 -0.0156644 0.00739685 -0.183422 -0.983007 -0.045797 -0.982064 0.182901 ,-0.999525 0.0296153 -0.00852233 0.00750192 -0.0343975 -0.99938 -0.0298901 -0.998969 0.0341589 ,-0.999525 0.00750192 -0.0298901 0.0296153 -0.0343975 -0.998969 -0.00852233 -0.99938 0.0341589 ,0.999873 0.0159119 -0.000443491 -0.0156671 0.988654 0.14939 0.00281554 -0.149364 0.988778 ,-29.5463 -9.18143 -51.5075 ,0.0472799 -0.0474432 -0.0682 ,0.0455748 -0.0711618 -0.0446813 ,-31.8499 -50.8998 -0.0340124 ,19.3055
V 401 :-0.999997 0.000873238 -0.0023058 0.00209133 -0.194944 -0.980812 -0.00130598 -0.980814 0.194941 ,-0.999525 0.0296153 -0.00852233 0.00750192 -0.0343975 -0.99938 -0.0298901 -0.998969 0.0341589 ,-0.999525 0.00750192 -0.0298901 0.0296153 -0.0343975 -0.998969 -0.00852233 -0.99938 0.0341589 ,0.999577 -0.0283826 0.00638766 0.0269814 0.986535 0.161312 -0.0108801 -0.161071 0.986883 ,-31.7485 -10.0102 -50.2815 ,0.0472799 -0.0474432 -0.0682 ,0.0455748 -0.0711618 -0.0446813 ,-31.8404 -51.1644 -0.0562522 ,19.3055
V 402 :-0.998541 0.0499437 0.0205494 -0.0285633 -0.165466 -0.985802 -0.0458344 -0.98495 0.166651 ,-0.999525 0.0296153 -0.00852233 0.00750192 -0.0343975 -0.99938 -0.0298901 -0.998969 0.0341589 ,-0.999525 0.00750192 -0.0298901 0.0296153 -0.0343975 -0.998969 -0.00852233 -0.99938 0.0341589 ,0.999222 0.0171975 0.0354898 -0.021721 0.991106 0.131293 -0.0329162 -0.131961 0.990708 ,-29.1739 -9.52 -52.24 ,0.0472799 -0.0474432 -0.0682 ,0.0455748 -0.0711618 -0.0446813 ,-31.8404 -51.4946 -0.0431103 ,19.3055
V 403 :-0.995614 0.0917626 0.0182337 -0.0356841 -0.192302 -0.980687 -0.086484 -0.977036 0.194732 ,-0.999525 0.0296153 -0.00852233 0.00750192 -0.0343975 -0.99938 -0.0298901 -0.998969 0.0341589 ,-0.999525 0.00750192 -0.0298901 0.0296153 -0.0343975 -0.998969 -0.00852233 -0.99938 0.0341589 ,0.997458 0.0581369 0.0411928 -0.0639579 0.985361 0.158026 -0.0314026 -0.160259 0.986575 ,-26.9263 -11.2009 -53.4457 ,0.0472799 -0.0474432 -0.0682 ,0.0455748 -0.0711618 -0.0446813 ,-31.8696 -51.8214 -0.0518777 ,19.3055
V 404 :-0.998757 0.0443204 0.0228267 -0.0306632 -0.185101 -0.982241 -0.0393081 -0.98172 0.18623 ,-0.999525 0.0296153 -0.00852233 0.00750192 -0.0343975 -0.99938 -0.0298901 -0.998969 0.0341589 ,-0.999525 0.00750192 -0.0298901 0.0296153 -0.0343975 -0.998969 -0.00852233 -0.99938 0.0341589 ,0.999227 0.0107438 0.0378132 -0.0163443 0.988387 0.151074 -0.035751 -0.151575 0.987799 ,-29.4915 -10.7331 -52.5261 ,0.0472799 -0.0474432 -0.0682 ,0.0455748 -0.0711618 -0.0446813 ,-31.8917 -52.1677 -0.0523907 ,19.3055
V 406 :-0.9948 -0.0832049 0.0587288 -0.040146 -0.209588 -0.976965 0.0935972 -0.974243 0.205158 ,-0.999525 0.0296153 -0.00852233 0.00750192 -0.0343975 -0.99938 -0.0298901 -0.998969 0.0341589 ,-0.999525 0.00750192 -0.0298901 0.0296153 -0.0343975 -0.998969 -0.00852233 -0.99938 0.0341589 ,0.991229 -0.121581 0.0517963 0.110713 0.977984 0.176889 -0.0721623 -0.169602 0.982867 ,-36.0187 -12.4284 -48.4882 ,0.0472799 -0.0474432 -0.0682 ,0.0455748 -0.0711618 -0.0446813 ,-31.8436 -52.7686 -0.0438986 ,19.3055
V 407 :-0.995129 -0.0826348 0.0537555 -0.032739 -0.237317 -0.970881 0.0929856 -0.967911 0.233455 ,-0.999525 0.0296153 -0.00852233 0.00750192 -0.0343975 -0.99938 -0.0298901 -0.998969 0.0341589 ,-0.999525 0.00750192 -0.0298901 0.0296153 -0.0343975 -0.998969 -0.00852233 -0.99938 0.0341589 ,0.991631 -0.121235 0.0443758 0.109746 0.97263 0.204811 -0.0679914 -0.198227 0.977795 ,-36.0034 -13.7126 -48.5512 ,0.0472799 -0.0474432 -0.0682 ,0.0455748 -0.0711618 -0.0446813 ,-31.8142 -53.1493 -0.0107351 ,19.3055
V 408 :-0.988179 -0.140422 0.06152 -0.024618 -0.250734 -0.967743 0.151318 -0.957818 0.244313 ,-0.999525 0.0296153 -0.00852233 0.00750192 -0.0343975 -0.99938 -0.0298901 -0.998969 0.0341589 ,-0.999525 0.00750192 -0.0298901 0.0296153 -0.0343975 -0.998969 -0.00852233 -0.99938 0.0341589 ,0.983002 -0.17958 0.0381932 0.167104 0.961296 0.219057 -0.0760532 -0.208951 0.974964 ,-38.8538 -14.2663 -46.4176 ,0.0472799 -0.0474432 -0.0682 ,0.0455748 -0.0711618 -0.0446813 ,-31.7778 -53.422 -0.0433007 ,19.3055
V 410 :-0.913749 -0.401508 0.0620757 0.0391099 -0.23901 -0.970229 0.404392 -0.884119 0.234098 ,-0.999525 0.0296153 -0.00852233 0.00750192 -0.0343975 -0.99938 -0.0298901 -0.998969 0.0341589 ,-0.999525 0.00750192 -0.0298901 0.0296153 -0.0343975 -0.998969 -0.00852233 -0.99938 0.0341589 ,0.901521 -0.432381 -0.0174847 0.425951 0.879538 0.212083 -0.076322 -0.198645 0.977095 ,-50.4757 -11.7301 -34.9656 ,0.0472799 -0.0474432 -0.0682 ,0.0455748 -0.0711618 -0.0446813 ,-31.5962 -53.9311 -0.0292169 ,19.3055
V 411 :-0.894271 -0.445859 0.0385884 0.0557429 -0.196528 -0.978912 0.444041 -0.873262 0.200603 ,-0.999525 0.0296153 -0.00852233 0.00750192 -0.0343975 -0.99938 -0.0298901 -0.998969 0.0341589 ,-0.999525 0.00750192 -0.0298901 0.0296153 -0.0343975 -0.998969 -0.00852233 -0.99938 0.0341589 ,0.880992 -0.471984 -0.0329191 0.470275 0.865918 0.170376 -0.0519098 -0.165581 0.984829 ,-52.2453 -8.9613 -33.3938 ,0.0472799 -0.0474432 -0.0682 ,0.0455748 -0.0711618 -0.0446813 ,-31.4689 -54.1689 -0.0227848 ,19.3055
V 412 :-0.859858 -0.508946 0.0402333 0.0562954 -0.172846 -0.983339 0.50742 -0.843267 0.177274 ,-0.999525 0.0296153 -0.00852233 0.00750192 -0.0343975 -0.99938 -0.0298901 -0.998969 0.0341589 ,-0.999525 0.00750192 -0.0298901 0.0296153 -0.0343975 -0.998969 -0.00852233 -0.99938 0.0341589 ,0.844705 -0.534299 -0.0315996 0.532613 0.83327 0.148271 -0.0528898 -0.142075 0.988442 ,-54.5994 -7.70175 -30.0383 ,0.0472799 -0.0474432 -0.0682 ,0.0455748 -0.0711618 -0.0446813 ,-31.35 -54.408 -0.0152529 ,19.3055
V 413 :-0.789233 -0.612375 0.0459191 0.0803417 -0.177099 -0.980908 0.608816 -0.770476 0.188971 ,-0.999525 0.0296153 -0.00852233 0.00750192 -0.0343975 -0.99938 -0.0298901 -0.998969 0.0341589 ,-0.999525 0.00750192 -0.0298901 0.0296153 -0.0343975 -0.998969 -0.00852233 -0.99938 0.0341589 ,0.771263 -0.634325 -0.0527693 0.633785 0.757638 0.155889 -0.0589043 -0.153676 0.986364 ,-58.0986 -7.30513 -23.3864 ,0.0472799 -0.0474432 -0.0682 ,0.0455748 -0.0711618 -0.0446813 ,-31.111 -54.8585 -0.0426483 ,19.3055
V 414 :-0.640396 -0.764885 0.0695972 0.110089 -0.181095 -0.977285 0.760114 -0.618187 0.200178 ,-0.999525 0.0296153 -0.00852233 0.00750192 -0.0343975 -0.99938 -0.0298901 -0.998969 0.0341589 ,-0.999525 0.00750192 -0.0298901 0.0296153 -0.0343975 -0.998969 -0.00852233 -0.99938 0.0341589 ,0.618198 -0.782083 -0.0785986 0.781641 0.601127 0.166385 -0.082879 -0.164295 0.982923 ,-61.8813 -6.66557 -10.7078 ,0.0472799 -0.0474432 -0.0682 ,0.0455748 -0.0711618 -0.0446813 ,-30.8429 -55.144 -0.0279281 ,19.3055
V 415 :-0.457173 -0.887765 0.0535402 0.141503 -0.132039 -0.981093 0.878049 -0.440953 0.185986 ,-0.999525 0.0296153 -0.00852233 0.00750192 -0.0343975 -0.99938 -0.0298901 -0.998969 0.0341589 ,-0.999525 0.00750192 -0.0298901 0.0296153 -0.0343975 -0.998969 -0.00852233 -0.99938 0.0341589 ,0.431772 -0.895551 -0.107526 0.899533 0.418748 0.12446 -0.066434 -0.150462 0.986381 ,-63.0677 -3.10791 2.09901 ,0.0472799 -0.0474432 -0.0682 ,0.0455748 -0.0711618 -0.0446813 ,-30.3243 -55.4798 -0.0264884 ,19.3055
V 416 :-0.0602791 -0.996493 0.0580393 0.157776 -0.0669259 -0.985204 0.985633 -0.05023 0.161257 ,-0.999525 0.0296153 -0.00852233 0.00750192 -0.0343975 -0.99938 -0.0298901 -0.998969 0.0341589 ,-0.999525 0.00750192 -0.0298901 0.0296153 -0.0343975 -0.998969 -0.00852233 -0.99938 0.0341589 ,0.0319734 -0.99183 -0.123496 0.997019 0.0229689 0.0736611 -0.0702227 -0.125483 0.989607 ,-57.2132 0.879032 26.4514 ,0.0472799 -0.0474432 -0.0682 ,0.0455748 -0.0711618 -0.0446813 ,-29.7364 -55.6656 -0.0403437 ,19.3055
V 417 :-0.100237 -0.994744 0.0209264 0.150465 -0.0359456 -0.987962 0.983521 -0.0958813 0.153277 ,-0.999525 0.0296153 -0.00852233 0.00750192 -0.0343975 -0.99938 -0.0298901 -0.998969 0.0341589 ,-0.999525 0.00750192 -0.0298901 0.0296153 -0.0343975 -0.998969 -0.00852233 -0.99938 0.0341589 ,0.0719203 -0.990651 -0.115922 0.996867 0.0675592 0.0411256 -0.0329095 -0.118516 0.992407 ,-58.4024 2.29132 23.2309 ,0.0472799 -0.0474432 -0.0682 ,0.0455748 -0.0711618 -0.0446813 ,-29.1258 -55.8244 -0.0374729 ,19.3055
V 420 :-0.0362359 -0.999172 0.0185264 0.178445 -0.0247099 -0.98364 0.983283 -0.0323371 0.179192 ,-0.999525 0.0296153 -0.00852233 0.00750192 -0.0343975 -0.99938 -0.0298901 -0.998969 0.0341589 ,-0.999525 0.00750192 -0.0298901 0.0296153 -0.0343975 -0.998969 -0.00852233 -0.99938 0.0341589 ,0.00816691 -0.98948 -0.144437 0.999478 0.00356295 0.0321052 -0.0312528 -0.144624 0.988993 ,-57.0139 3.39702 24.8433 ,0.0472799 -0.0474432 -0.0682 ,0.0455748 -0.0711618 -0.0446813 ,-27.1773 -56.1233 -0.0187034 ,19.3055
V 421 :-0.0719048 -0.997312 0.0141161 0.184802 -0.027229 -0.982398 0.980142 -0.0680305 0.186263 ,-0.999525 0.0296153 -0.00852233 0.00750192 -0.0343975 -0.99938 -0.0298901 -0.998969 0.0341589 ,-0.999525 0.00750192 -0.0298901 0.0296153 -0.0343975 -0.998969 -0.00852233 -0.99938 0.0341589 ,0.0439604 -0.987618 -0.150594 0.998667 0.0393613 0.0333877 -0.0270467 -0.151861 0.988032 ,-57.8589 3.31668 22.1111 ,0.0472799 -0.0474432 -0.0682 ,0.0455748 -0.0711618 -0.0446813 ,-26.5242 -56.15 -0.00887202 ,19.3055
V 422 :0.0110612 -0.999226 0.0377574 0.194243 -0.0348932 -0.980333 0.980891 0.0181778 0.193706 ,-0.999525 0.0296153 -0.00852233 0.00750192 -0.0343975 -0.99938 -0.0298901 -0.998969 0.0341589 ,-0.999525 0.00750192 -0.0298901 0.0296153 -0.0343975 -0.998969 -0.00852233 -0.99938 0.0341589 ,-0.0389178 -0.986234 -0.16071 0.997946 -0.0465512 0.0440083 -0.0508837 -0.158668 0.98602 ,-55.8092 2.99594 26.3391 ,0.0472799 -0.0474432 -0.0682 ,0.0455748 -0.0711618 -0.0446813 ,-25.876 -56.187 -0.0227375 ,19.3055
V 423 :0.0283797 -0.999078 0.0322184 0.163216 -0.0271673 -0.986216 0.986182 0.0332471 0.162294 ,-0.999525 0.0296153 -0.00852233 0.00750192 -0.0343975 -0.99938 -0.0298901 -0.998969 0.0341589 ,-0.999525 0.00750192 -0.0298901 0.0296153 -0.0343975 -0.998969 -0.00852233 -0.99938 0.0341589 ,-0.0566189 -0.989939 -0.12967 0.997406 -0.0618664 0.0368007 -0.0444526 -0.12725 0.990874 ,-55.3496 2.5261 26.6855 ,0.0472799 -0.0474432 -0.0682 ,0.0455748 -0.0711618 -0.0446813 ,-25.2319 -56.1654 -0.0191123 ,19.3055
V 424 :0.109134 -0.993421 0.034694 0.205514 -0.0115988 -0.978586 0.97255 0.113927 0.202896 ,-0.999525 0.0296153 -0.00852233 0.00750192 -0.0343975 -0.99938 -0.0298901 -0.998969 0.0341589 ,-0.999525 0.00750192 -0.0298901 0.0296153 -0.0343975 -0.998969 -0.00852233 -0.99938 0.0341589 ,-0.13661 -0.975385 -0.173095 0.989457 -0.142831 0.0239495 -0.0480834 -0.167999 0.984614 ,-53.0672 4.33799 30.2301 ,0.0472799 -0.0474432 -0.0682 ,0.0455748 -0.0711618 -0.0446813 ,-24.5713 -56.166 -0.0131404 ,19.3055
V 425 :0.112136 -0.993233 0.0302372 0.207043 -0.00640785 -0.978311 0.971884 0.115964 0.204923 ,-0.999525 0.0296153 -0.00852233 0.00750192 -0.0343975 -0.99938 -0.0298901 -0.998969 0.0341589 ,-0.999525 0.00750192 -0.0298901 0.0296153 -0.0343975 -0.998969 -0.00852233 -0.99938 0.0341589 ,-0.139579 -0.974683 -0.174671 0.989247 -0.145039 0.0188298 -0.0436872 -0.170165 0.984447 ,-53.0187 4.53437 29.697 ,0.0472799 -0.0474432 -0.0682 ,0.0455748 -0.0711618 -0.0446813 ,-23.9264 -56.1292 -0.012565 ,19.3055
V 426 :0.0802598 -0.996393 0.0275529 0.218323 -0.00939836 -0.975831 0.972571 0.0843355 0.216781 ,-0.999525 0.0296153 -0.00852233 0.00750192 -0.0343975 -0.99938 -0.0298901 -0.998969 0.0341589 ,-0.999525 0.00750192 -0.0298901 0.0296153 -0.0343975 -0.998969 -0.00852233 -0.99938 0.0341589 ,-0.107654 -0.976701 -0.185649 0.993329 -0.113434 0.0207649 -0.04134 -0.182175 0.982397 ,-54.0581 4.46705 27.3226 ,0.0472799 -0.0474432 -0.0682 ,0.0455748 -0.0711618 -0.0446813 ,-23.2826 -56.1778 -0.0416546 ,19.3055
V 427 :0.0200894 -0.999144 0.0361611 0.188961 -0.0317222 -0.981472 0.981779 0.0265502 0.188162 ,-0.999525 0.0296153 -0.00852233 0.00750192 -0.0343975 -0.99938 -0.0298901 -0.998969 0.0341589 ,-0.999525 0.00750192 -0.0298901 0.0296153 -0.0343975 -0.998969 -0.00852233 -0.99938 0.0341589 ,-0.0480078 -0.986672 -0.155478 0.997638 -0.0550216 0.0411245 -0.0491311 -0.153137 0.986983 ,-55.6549 2.40087 23.6552 ,0.0472799 -0.0474432 -0.0682 ,0.0455748 -0.0711618 -0.0446813 ,-22.6347 -56.2067 -0.0466208 ,19.3055
V 428 :-0.0491384 -0.998121 0.0366173 0.22149 -0.0466382 -0.974047 0.973924 -0.0397528 0.223365 ,-0.999525 0.0296153 -0.00852233 0.00750192 -0.0343975 -0.99938 -0.0298901 -0.998969 0.0341589 ,-0.999525 0.00750192 -0.0298901 0.0296153 -0.0343975 -0.998969 -0.00852233 -0.99938 0.0341589 ,0.021666 -0.981994 -0.187665 0.998485 0.0117564 0.0537577 -0.0505835 -0.188546 0.980761 ,-57.2119 2.14209 19.1151 ,0.0472799 -0.0474432 -0.0682 ,0.0455748 -0.0711618 -0.0446813 ,-21.9816 -56.2869 -0.055487 ,19.3055
V 430 :-0.0405593 -0.998893 0.0238423 0.217655 -0.0321216 -0.975497 0.975183 -0.0343761 0.218716 ,-0.999525 0.0296153 -0.00852233 0.00750192 -0.0343975 -0.99938 -0.0298901 -0.998969 0.0341589 ,-0.999525 0.00750192 -0.0298901 0.0296153 -0.0343975 -0.998969 -0.00852233 -0.99938 0.0341589 ,0.0130246 -0.982866 -0.183863 0.999205 0.00586303 0.0394403 -0.0376865 -0.18423 0.98216 ,-57.0545 2.60198 18.2377 ,0.0472799 -0.0474432 -0.0682 ,0.0455748 -0.0711618 -0.0446813 ,-20.7443 -56.3241 -0.0578691 ,19.3055
V 431 :0.0467394 -0.99794 0.0439573 0.239126 -0.0315479 -0.970476 0.969863 0.0558708 0.237158 ,-0.999525 0.0296153 -0.00852233 0.00750192 -0.0343975 -0.99938 -0.0298901 -0.998969 0.0341589 ,-0.999525 0.00750192 -0.0298901 0.0296153 -0.0343975 -0.998969 -0.00852233 -0.99938 0.0341589 ,-0.0739127 -0.975705 -0.206246 0.995559 -0.0842823 0.0419416 -0.0583055 -0.20223 0.977601 ,-55.2361 2.93573 22.5755 ,0.0472799 -0.0474432 -0.0682 ,0.0455748 -0.0711618 -0.0446813 ,-20.0907 -56.3405 -0.0449361 ,19.3055
V 432 :-0.0527971 -0.998093 0.031972 0.216727 -0.0427062 -0.975298 0.974804 -0.0445637 0.218569 ,-0.999525 0.0296153 -0.00852233 0.00750192 -0.0343975 -0.99938 -0.0298901 -0.998969 0.0341589 ,-0.999525 0.00750192 -0.0298901 0.0296153 -0.0343975 -0.998969 -0.00852233 -0.99938 0.0341589 ,0.0252609 -0.982817 -0.182845 0.998631 0.0164279 0.0496635 -0.0458064 -0.183849 0.981887 ,-57.238 1.73305 16.4582 ,0.0472799 -0.0474432 -0.0682 ,0.0455748 -0.0711618 -0.0446813 ,-19.5203 -56.3636 -0.0441127 ,19.3055
V 433 :0.00573532 -0.999903 0.0126648 0.192951 -0.0113205 -0.981143 0.981192 0.00807084 0.192867 ,-0.999525 0.0296153 -0.00852233 0.00750192 -0.0343975 -0.99938 -0.0298901 -0.998969 0.0341589 ,-0.999525 0.00750192 -0.0298901 0.0296153 -0.0343975 -0.998969 -0.00852233 -0.99938 0.0341589 ,-0.033613 -0.986648 -0.159364 0.999102 -0.0372856 0.0201106 -0.0257841 -0.158545 0.987015 ,-56.2116 2.95332 19.0418 ,0.0472799 -0.0474432 -0.0682 ,0.0455748 -0.0711618 -0.0446813 ,-19.0069 -56.3737 -0.0290068 ,19.3055
V 434 :-0.0487008 -0.99873 0.0129488 0.166425 -0.0208969 -0.985833 0.984851 -0.0458559 0.167231 ,-0.999525 0.0296153 -0.00852233 0.00750192 -0.0343975 -0.99938 -0.0298901 -0.998969 0.0341589 ,-0.999525 0.00750192 -0.0298901 0.0296153 -0.0343975 -0.998969 -0.00852233 -0.99938 0.0341589 ,0.0204889 -0.991003 -0.132265 0.999469 0.0169497 0.0278291 -0.0253368 -0.132765 0.990824 ,-57.1534 1.79719 15.4336 ,0.0472799 -0.0474432 -0.0682 ,0.0455748 -0.0711618 -0.0446813 ,-18.3596 -56.3786 -0.0332021 ,19.3055
V 435 :-0.029956 -0.999543 0.00402862 0.176524 -0.00925736 -0.984253 0.983841 -0.0287731 0.176721 ,-0.999525 0.0296153 -0.00852233 0.00750192 -0.0343975 -0.99938 -0.0298901 -0.998969 0.0341589 ,-0.999525 0.00750192 -0.0298901 0.0296153 -0.0343975 -0.998969 -0.00852233 -0.99938 0.0341589 ,0.00185892 -0.989786 -0.142552 0.999859 -0.000539893 0.0167872 -0.0166927 -0.142563 0.989645 ,-56.9091 2.52038 15.7443 ,0.0472799 -0.0474432 -0.0682 ,0.0455748 -0.0711618 -0.0446813 ,-17.7164 -56.4516 -0.0375487 ,19.3055
V 436 :-0.0656329 -0.997514 0.0256431 0.209754 -0.0389163 -0.976979 0.975549 -0.0587433 0.211787 ,-0.999525 0.0296153 -0.00852233 0.00750192 -0.0343975 -0.99938 -0.0298901 -0.998969 0.0341589 ,-0.999525 0.00750192 -0.0298901 0.0296153 -0.0343975 -0.998969 -0.00852233 -0.99938 0.0341589 ,0.038016 -0.983702 -0.175741 0.998504 0.0304796 0.0453867 -0.0392905 -0.177204 0.98339 ,-57.4238 1.3041 13.2747 ,0.0472799 -0.0474432 -0.0682 ,0.0455748 -0.0711618 -0.0446813 ,-17.0721 -56.4918 -0.0316793 ,19.3055
V 437 :-0.0957468 -0.99534 0.0114232 0.214682 -0.0318545 -0.976164 0.97198 -0.0910123 0.216732 ,-0.999525 0.0296153 -0.00852233 0.00750192 -0.0343975 -0.99938 -0.0298901 -0.998969 0.0341589 ,-0.999525 0.00750192 -0.0298901 0.0296153 -0.0343975 -0.998969 -0.00852233 -0.99938 0.0341589 ,0.0682593 -0.981198 -0.180531 0.997349 0.0625369 0.0372085 -0.025219 -0.182593 0.982865 ,-57.8312 1.6682 11.0211 ,0.0472799 -0.0474432 -0.0682 ,0.0455748 -0.0711618 -0.0446813 ,-16.6886 -56.5449 -0.0675074 ,19.3055
V 438 :-0.0352668 -0.998916 0.0303892 0.220825 -0.0374455 -0.974594 0.974676 -0.0276601 0.221906 ,-0.999525 0.0296153 -0.00852233 0.00750192 -0.0343975 -0.99938 -0.0298901 -0.998969 0.0341589 ,-0.999525 0.00750192 -0.0298901 0.0296153 -0.0343975 -0.998969 -0.00852233 -0.99938 0.0341589 ,0.0077735 -0.982311 -0.187094 0.998987 -0.000663598 0.0449906 -0.0443189 -0.187254 0.981311 ,-57.0543 1.39621 14.1963 ,0.0472799 -0.0474432 -0.0682 ,0.0455748 -0.0711618 -0.0446813 ,-16.2358 -56.5911 -0.0231275 ,19.3055
V 439 :-0.0231333 -0.999242 0.0313093 0.240967 -0.0359675 -0.969867 0.970258 -0.0148916 0.241616 ,-0.999525 0.0296153 -0.00852233 0.00750192 -0.0343975 -0.99938 -0.0298901 -0.998969 0.0341589 ,-0.999525 0.00750192 -0.0298901 0.0296153 -0.0343975 -0.998969 -0.00852233 -0.99938 0.0341589 ,-0.0040711 -0.978231 -0.207478 0.998943 -0.0134794 0.0439524 -0.0457923 -0.207079 0.977252 ,-56.8841 1.71806 14.597 ,0.0472799 -0.0474432 -0.0682 ,0.0455748 -0.0711618 -0.0446813 ,-15.9715 -56.6063 -0.0485736 ,19.3055
V 440 :-0.0375004 -0.998621 0.0367513 0.205189 -0.0436884 -0.977747 0.978004 -0.029125 0.206544 ,-0.999525 0.0296153 -0.00852233 0.00750192 -0.0343975 -0.99938 -0.0298901 -0.998969 0.0341589 ,-0.999525 0.00750192 -0.0298901 0.0296153 -0.0343975 -0.998969 -0.00852233 -0.99938 0.0341589 ,0.00978928 -0.985164 -0.171334 0.998689 0.00102322 0.051177 -0.0502425 -0.171611 0.983883 ,-57.0818 0.678414 13.6577 ,0.0472799 -0.0474432 -0.0682 ,0.0455748 -0.0711618 -0.0446813 ,-15.7153 -56.6188 -0.0257309 ,19.3055
V 441 :-0.0355945 -0.99875 0.0350884 0.228039 -0.0423014 -0.972733 0.973001 -0.0266224 0.22926 ,-0.999525 0.0296153 -0.00852233 0.00750192 -0.0343975 -0.99938 -0.0298901 -0.998969 0.0341589 ,-0.999525 0.00750192 -0.0298901 0.0296153 -0.0343975 -0.998969 -0.00852233 -0.99938 0.0341589 ,0.00820515 -0.980896 -0.194358 0.998754 -0.00152833 0.0498775 -0.0492217 -0.194525 0.979662 ,-57.0654 1.01503 13.4078 ,0.0472799 -0.0474432 -0.0682 ,0.0455748 -0.0711618 -0.0446813 ,-15.3873 -56.6376 -0.0520002 ,19.3055
V 442 :0.0280886 -0.998943 0.0363851 0.228188 -0.0290307 -0.973184 0.973212 0.035638 0.227132 ,-0.999525 0.0296153 -0.00852233 0.00750192 -0.0343975 -0.99938 -0.0298901 -0.998969 0.0341589 ,-0.999525 0.00750192 -0.0298901 0.0296153 -0.0343975 -0.998969 -0.00852233 -0.99938 0.0341589 ,-0.0554528 -0.979226 -0.195042 0.997186 -0.0641867 0.0387433 -0.0504576 -0.192345 0.980029 ,-56.105 1.70315 16.6731 ,0.0472799 -0.0474432 -0.0682 ,0.0455748 -0.0711618 -0.0446813 ,-15.115 -56.6387 -0.0557181 ,19.3055
V 443 :0.103594 -0.99405 0.0336523 0.217169 -0.0104117 -0.976079 0.970621 0.108425 0.214798 ,-0.999525 0.0296153 -0.00852233 0.00750192 -0.0343975 -0.99938 -0.0298901 -0.998969 0.0341589 ,-0.999525 0.00750192 -0.0298901 0.0296153 -0.0343975 -0.998969 -0.00852233 -0.99938 0.0341589 ,-0.130928 -0.974023 -0.184762 0.990259 -0.137394 0.0225805 -0.0473791 -0.180006 0.982524 ,-54.6941 2.58123 20.5644 ,0.0472799 -0.0474432 -0.0682 ,0.0455748 -0.0711618 -0.0446813 ,-14.9264 -56.6254 -0.0238781 ,19.3055
V 445 :0.140032 -0.988976 0.0481334 0.255126 -0.0109324 -0.966846 0.956714 0.147669 0.250783 ,-0.999525 0.0296153 -0.00852233 0.00750192 -0.0343975 -0.99938 -0.0298901 -0.998969 0.0341589 ,-0.999525 0.00750192 -0.0298901 0.0296153 -0.0343975 -0.998969 -0.00852233 -0.99938 0.0341589 ,-0.166647 -0.960357 -0.223481 0.984011 -0.17643 0.0243982 -0.0628596 -0.215842 0.974403 ,-53.876 3.00961 22.2652 ,0.0472799 -0.0474432 -0.0682 ,0.0455748 -0.0711618 -0.0446813 ,-14.5956 -56.5934 -0.0496143 ,19.3055
V 447 :0.153284 -0.987525 0.036037 0.186524 -0.00689864 -0.982426 0.970419 0.157312 0.183139 ,-0.999525 0.0296153 -0.00852233 0.00750192 -0.0343975 -0.99938 -0.0298901 -0.998969 0.0341589 ,-0.999525 0.00750192 -0.0298901 0.0296153 -0.0343975 -0.998969 -0.00852233 -0.99938 0.0341589 ,-0.180818 -0.971295 -0.154566 0.982302 -0.186159 0.020684 -0.048864 -0.148091 0.987766 ,-53.6117 2.20674 22.7574 ,0.0472799 -0.0474432 -0.0682 ,0.0455748 -0.0711618 -0.0446813 ,-14.3458 -56.5648 -0.0319902 ,19.3055
V 448 :0.167134 -0.985887 0.00966476 0.17462 0.0199522 -0.984434 0.970348 0.16622 0.17549 ,-0.999525 0.0296153 -0.00852233 0.00750192 -0.0343975 -0.99938 -0.0298901 -0.998969 0.0341589 ,-0.999525 0.00750192 -0.0298901 0.0296153 -0.0343975 -0.998969 -0.00852233 -0.99938 0.0341589 ,-0.194748 -0.970404 -0.14279 0.9806 -0.195932 -0.00585987 -0.0222907 -0.141161 0.989736 ,-53.3261 3.54038 23.1396 ,0.0472799 -0.0474432 -0.0682 ,0.0455748 -0.0711618 -0.0446813 ,-14.2257 -56.5493 -0.0249381 ,19.3055
V 449 :0.226368 -0.97365 0.0276207 0.198452 0.0183399 -0.979939 0.953611 0.227308 0.197375 ,-0.999525 0.0296153 -0.00852233 0.00750192 -0.0343975 -0.99938 -0.0298901 -0.998969 0.0341589 ,-0.999525 0.00750192 -0.0298901 0.0296153 -0.0343975 -0.998969 -0.00852233 -0.99938 0.0341589 ,-0.253275 -0.952751 -0.167684 0.966531 -0.25654 -0.00226618 -0.0408585 -0.162646 0.985838 ,-51.8022 3.70496 26.1119 ,0.0472799 -0.0474432 -0.0682 ,0.0455748 -0.0711618 -0.0446813 ,-13.9732 -56.503 -0.058033 ,19.3055
V 450 :0.277848 -0.959741 0.0412009 0.21844 0.0213567 -0.975617 0.935459 0.280073 0.21558 ,-0.999525 0.0296153 -0.00852233 0.00750192 -0.0343975 -0.99938 -0.0298901 -0.998969 0.0341589 ,-0.999525 0.00750192 -0.0298901 0.0296153 -0.0343975 -0.998969 -0.00852233 -0.99938 0.0341589 ,-0.304038 -0.93378 -0.188718 0.951074 -0.308942 -0.00359723 -0.0549441 -0.180579 0.982025 ,-50.2992 4.12232 28.7136 ,0.0472799 -0.0474432 -0.0682 ,0.0455748 -0.0711618 -0.0446813 ,-13.8464 -56.4696 -0.0623723 ,19.3055
V 452 :0.452665 -0.889569 0.0613368 0.205296 0.0370322 -0.977999 0.867726 0.455298 0.199388 ,-0.999525 0.0296153 -0.00852233 0.00750192 -0.0343975 -0.99938 -0.0298901 -0.998969 0.0341589 ,-0.999525 0.00750192 -0.0298901 0.0296153 -0.0343975 -0.998969 -0.00852233 -0.99938 0.0341589 ,-0.476846 -0.860488 -0.179385 0.875815 -0.482447 -0.0138755 -0.0746043 -0.163725 0.983681 ,-43.9331 4.79526 37.3668 ,0.0472799 -0.0474432 -0.0682 ,0.0455748 -0.0711618 -0.0446813 ,-13.5691 -56.347 -0.0302889 ,19.3055
V 453 :0.513971 -0.855646 0.0608514 0.215633 0.0602146 -0.974616 0.830263 0.514046 0.215454 ,-0.999525 0.0296153 -0.00852233 0.00750192 -0.0343975 -0.99938 -0.0298901 -0.998969 0.0341589 ,-0.999525 0.00750192 -0.0298901 0.0296153 -0.0343975 -0.998969 -0.00852233 -0.99938 0.0341589 ,-0.536926 -0.821603 -0.191519 0.840327 -0.540928 -0.0353259 -0.074574 -0.179906 0.980853 ,-41.1881 6.20525 40.0494 ,0.0472799 -0.0474432 -0.0682 ,0.0455748 -0.0711618 -0.0446813 ,-13.4627 -56.2817 -0.040303 ,19.3055
V 454 :0.5639 -0.823516 0.0619569 0.218607 0.0765018 -0.97281 0.796384 0.562112 0.223166 ,-0.999525 0.0296153 -0.00852233 0.00750192 -0.0343975 -0.99938 -0.0298901 -0.998969 0.0341589 ,-0.999525 0.00750192 -0.0298901 0.0296153 -0.0343975 -0.998969 -0.00852233 -0.99938 0.0341589 ,-0.585796 -0.786383 -0.196074 0.806897 -0.588552 -0.0502349 -0.0758959 -0.187639 0.979302 ,-38.7023 7.12549 42.1758 ,0.0472799 -0.0474432 -0.0682 ,0.0455748 -0.0711618 -0.0446813 ,-13.3596 -56.2054 -0.0487161 ,19.3055
V 456 :0.727438 -0.685377 0.0330509 0.144409 0.105827 -0.983843 0.670806 0.720458 0.175957 ,-0.999525 0.0296153 -0.00852233 0.00750192 -0.0343975 -0.99938 -0.0298901 -0.998969 0.0341589 ,-0.999525 0.00750192 -0.0298901 0.0296153 -0.0343975 -0.998969 -0.00852233 -0.99938 0.0341589 ,-0.74606 -0.653538 -0.127605 0.664311 -0.743653 -0.0753104 -0.0456753 -0.140955 0.988962 ,-28.7769 7.73055 48.9797 ,0.0472799 -0.0474432 -0.0682 ,0.0455748 -0.0711618 -0.0446813 ,-13.057 -55.9155 -0.0253348 ,19.3055
V 457 :0.844031 -0.535451 0.0300682 0.131112 0.151657 -0.979699 0.520021 0.830838 0.198207 ,-0.999525 0.0296153 -0.00852233 0.00750192 -0.0343975 -0.99938 -0.0298901 -0.998969 0.0341589 ,-0.999525 0.00750192 -0.0298901 0.0296153 -0.0343975 -0.998969 -0.00852233 -0.99938 0.0341589 ,-0.85819 -0.498999 -0.120461 0.511501 -0.851056 -0.118619 -0.043328 -0.163413 0.985606 ,-18.9051 10.0196 52.8224 ,0.0472799 -0.0474432 -0.0682 ,0.0455748 -0.0711618 -0.0446813 ,-12.8278 -55.6183 -0.0507871 ,19.3055
V 458 :0.905502 -0.423327 0.0293355 0.0939392 0.13256 -0.986713 0.413814 0.896227 0.159801 ,-0.999525 0.0296153 -0.00852233 0.00750192 -0.0343975 -0.99938 -0.0298901 -0.998969 0.0341589 ,-0.999525 0.00750192 -0.0298901 0.0296153 -0.0343975 -0.998969 -0.00852233 -0.99938 0.0341589 ,-0.916736 -0.389802 -0.0874625 0.397332 -0.9124 -0.0982564 -0.0415003 -0.124827 0.99131 ,-11.8906 8.47142 54.9169 ,0.0472799 -0.0474432 -0.0682 ,0.0455748 -0.0711618 -0.0446813 ,-12.7441 -55.462 -0.0307907 ,19.3055
V 459 :0.953905 -0.298621 0.0298583 0.0889796 0.186402 -0.978436 0.286616 0.935991 0.204381 ,-0.999525 0.0296153 -0.00852233 0.00750192 -0.0343975 -0.99938 -0.0298901 -0.998969 0.0341589 ,-0.999525 0.00750192 -0.0298901 0.0296153 -0.0343975 -0.998969 -0.00852233 -0.99938 0.0341589 ,-0.961351 -0.261131 -0.0872634 0.2719 -0.950282 -0.151769 -0.0432932 -0.169631 0.984556 ,-4.37843 11.3148 55.21 ,0.0472799 -0.0474432 -0.0682 ,0.0455748 -0.0711618 -0.0446813 ,-12.6329 -55.1794 -0.0484713 ,19.3055
V 460 :0.968093 -0.247816 0.037189 0.0834784 0.178997 -0.980302 0.236277 0.952128 0.193973 ,-0.999525 0.0296153 -0.00852233 0.00750192 -0.0343975 -0.99938 -0.0298901 -0.998969 0.0341589 ,-0.999525 0.00750192 -0.0298901 0.0296153 -0.0343975 -0.998969 -0.00852233 -0.99938 0.0341589 ,-0.974069 -0.210235 -0.083606 0.220581 -0.964643 -0.144251 -0.0503234 -0.158952 0.986003 ,-1.41247 10.8085 55.1588 ,0.0472799 -0.0474432 -0.0682 ,0.0455748 -0.0711618 -0.0446813 ,-12.542 -54.8881 -0.0161569 ,19.3055
V 461 :0.977575 -0.208765 0.0276607 0.067708 0.187208 -0.979984 0.199408 0.959881 0.197145 ,-0.999525 0.0296153 -0.00852233 0.00750192 -0.0343975 -0.99938 -0.0298901 -0.998969 0.0341589 ,-0.999525 0.00750192 -0.0298901 0.0296153 -0.0343975 -0.998969 -0.00852233 -0.99938 0.0341589 ,-0.982563 -0.17258 -0.0691857 0.181379 -0.971513 -0.152525 -0.040892 -0.162414 0.985875 ,0.840483 11.0146 54.9451 ,0.0472799 -0.0474432 -0.0682 ,0.0455748 -0.0711618 -0.0446813 ,-12.4945 -54.7114 -0.0269273 ,19.3055
V 462 :0.98415 -0.176868 0.0129592 0.050509 0.2095 -0.976503 0.169997 0.96168 0.215112 ,-0.999525 0.0296153 -0.00852233 0.00750192 -0.0343975 -0.99938 -0.0298901 -0.998969 0.0341589 ,-0.999525 0.00750192 -0.0298901 0.0296153 -0.0343975 -0.998969 -0.00852233 -0.99938 0.0341589 ,-0.988384 -0.142413 -0.053058 0.149611 -0.973133 -0.175012 -0.0267085 -0.180917 0.983136 ,2.66213 11.955 54.4909 ,0.0472799 -0.0474432 -0.0682 ,0.0455748 -0.0711618 -0.0446813 ,-12.4545 -54.5204 -0.0497733 ,19.3055
V 463 :0.994291 -0.106525 0.00619998 0.028011 0.204503 -0.978465 0.102963 0.973053 0.206319 ,-0.999525 0.0296153 -0.00852233 0.00750192 -0.0343975 -0.99938 -0.0298901 -0.998969 0.0341589 ,-0.999525 0.00750192 -0.0298901 0.0296153 -0.0343975 -0.998969 -0.00852233 -0.99938 0.0341589 ,-0.996686 -0.0743738 -0.0329502 0.0789235 -0.982239 -0.17023 -0.0197043 -0.172267 0.984853 ,6.61685 11.37 54.0198 ,0.0472799 -0.0474432 -0.0682 ,0.0455748 -0.0711618 -0.0446813 ,-12.4209 -54.2655 -0.0285789 ,19.3055
V 464 :0.999448 -0.0232507 0.0237408 0.0281914 0.215055 -0.976195 0.0175916 0.976325 0.215591 ,-0.999525 0.0296153 -0.00852233 0.00750192 -0.0343975 -0.99938 -0.0298901 -0.998969 0.0341589 ,-0.999525 0.00750192 -0.0298901 0.0296153 -0.0343975 -0.998969 -0.00852233 -0.99938 0.0341589 ,-0.999287 0.0110558 -0.0360907 -0.00432955 -0.983405 -0.181373 -0.037497 -0.181088 0.982752 ,11.2032 11.8884 52.8912 ,0.0472799 -0.0474432 -0.0682 ,0.0455748 -0.0711618 -0.0446813 ,-12.4179 -54.013 -0.0306811 ,19.3055
V 465 :0.999883 0.00713092 0.0135118 0.0115177 0.229245 -0.973301 -0.010038 0.973343 0.229136 ,-0.999525 0.0296153 -0.00852233 0.00750192 -0.0343975 -0.99938 -0.0298901 -0.998969 0.0341589 ,-0.999525 0.00750192 -0.0298901 0.0296153 -0.0343975 -0.998969 -0.00852233 -0.99938 0.0341589 ,-0.999022 0.0392434 -0.0203747 -0.0345011 -0.980014 -0.195916 -0.0276559 -0.195021 0.980409 ,12.8533 12.3908 52.1964 ,0.0472799 -0.0474432 -0.0682 ,0.0455748 -0.0711618 -0.0446813 ,-12.4232 -53.8141 -0.0426597 ,19.3055
V 466 :0.999927 0.00138086 -0.0120528 -0.0120993 0.186006 -0.982474 0.000885243 0.982548 0.186009 ,-0.999525 0.0296153 -0.00852233 0.00750192 -0.0343975 -0.99938 -0.0298901 -0.998969 0.0341589 ,-0.999525 0.00750192 -0.0298901 0.0296153 -0.0343975 -0.998969 -0.00852233 -0.99938 0.0341589 ,-0.999569 0.029145 0.00360037 -0.0293533 -0.987892 -0.15234 -0.00088317 -0.15238 0.988322 ,12.5411 9.72289 52.4605 ,0.0472799 -0.0474432 -0.0682 ,0.0455748 -0.0711618 -0.0446813 ,-12.4212 -53.4465 -0.0211421 ,19.3055
V 467 :0.999974 -0.00469311 -0.00546824 -0.00437627 0.207362 -0.978255 0.00572496 0.978253 0.207336 ,-0.999525 0.0296153 -0.00852233 0.00750192 -0.0343975 -0.99938 -0.0298901 -0.998969 0.0341589 ,-0.999525 0.00750192 -0.0298901 0.0296153 -0.0343975 -0.998969 -0.00852233 -0.99938 0.0341589 ,-0.999703 0.024046 -0.003953 -0.0229936 -0.984517 -0.173777 -0.00807045 -0.173635 0.984777 ,12.2167 10.8935 52.1058 ,0.0472799 -0.0474432 -0.0682 ,0.0455748 -0.0711618 -0.0446813 ,-12.4199 -53.251 -0.0480038 ,19.3055
V 468 :0.999951 0.00981781 -0.00163462 -0.00376446 0.221037 -0.975258 -0.00921359 0.975216 0.221063 ,-0.999525 0.0296153 -0.00852233 0.00750192 -0.0343975 -0.99938 -0.0298901 -0.998969 0.0341589 ,-0.999525 0.00750192 -0.0298901 0.0296153 -0.0343975 -0.998969 -0.00852233 -0.99938 0.0341589 ,-0.999229 0.0389475 -0.00507451 -0.0373043 -0.981523 -0.187671 -0.0122901 -0.187337 0.982219 ,12.9881 11.5977 51.6278 ,0.0472799 -0.0474432 -0.0682 ,0.0455748 -0.0711618 -0.0446813 ,-12.42 -53.1158 -0.0498491 ,19.3055
V 469 :0.997598 0.0691716 -0.00361135 -0.0172909 0.198205 -0.980008 -0.0670729 0.977717 0.198925 ,-0.999525 0.0296153 -0.00852233 0.00750192 -0.0343975 -0.99938 -0.0298901 -0.998969 0.0341589 ,-0.999525 0.00750192 -0.0298901 0.0296153 -0.0343975 -0.998969 -0.00852233 -0.99938 0.0341589 ,-0.99525 0.0971428 0.00648714 -0.0968759 -0.981478 -0.165274 -0.0096882 -0.165117 0.986226 ,16.1138 10.1903 50.7135 ,0.0472799 -0.0474432 -0.0682 ,0.0455748 -0.0711618 -0.0446813 ,-12.4448 -52.7906 -0.0106891 ,19.3055
V 470 :0.994821 0.100997 -0.0114506 -0.0353565 0.238222 -0.970567 -0.095297 0.965945 0.240559 ,-0.999525 0.0296153 -0.00852233 0.00750192 -0.0343975 -0.99938 -0.0298901 -0.998969 0.0341589 ,-0.999525 0.00750192 -0.0298901 0.0296153 -0.0343975 -0.998969 -0.00852233 -0.99938 0.0341589 ,-0.991765 0.125877 0.0236011 -0.128035 -0.970153 -0.205939 -0.00302629 -0.207265 0.97828 ,17.7717 11.9643 49.3503 ,0.0472799 -0.0474432 -0.0682 ,0.0455748 -0.0711618 -0.0446813 ,-12.4985 -52.3871 -0.0268738 ,19.3055
V 471 :0.997973 0.0606499 -0.0193128 -0.0323165 0.221398 -0.974648 -0.0548365 0.973296 0.222909 ,-0.999525 0.0296153 -0.00852233 0.00750192 -0.0343975 -0.99938 -0.0298901 -0.998969 0.0341589 ,-0.999525 0.00750192 -0.0298901 0.0296153 -0.0343975 -0.998969 -0.00852233 -0.99938 0.0341589 ,-0.996102 0.0854469 0.0219182 -0.0880521 -0.978112 -0.188531 0.00532912 -0.189726 0.981823 ,15.7037 11.1089 50.0491 ,0.0472799 -0.0474432 -0.0682 ,0.0455748 -0.0711618 -0.0446813 ,-12.5159 -52.1985 0.00425018 ,19.3055
V 472 :0.998033 0.0610486 -0.0142607 -0.0293736 0.254399 -0.966653 -0.0553849 0.965171 0.255692 ,-0.999525 0.0296153 -0.00852233 0.00750192 -0.0343975 -0.99938 -0.0298901 -0.998969 0.0341589 ,-0.999525 0.00750192 -0.0298901 0.0296153 -0.0343975 -0.998969 -0.00852233 -0.99938 0.0341589 ,-0.996124 0.0858953 0.018958 -0.0879602 -0.971118 -0.221793 -0.000640515 -0.2226 0.97491 ,15.733 12.7178 49.1794 ,0.0472799 -0.0474432 -0.0682 ,0.0455748 -0.0711618 -0.0446813 ,-12.5524 -51.7374 -0.0290147 ,19.3055
V 473 :0.986891 0.161367 0.00256409 -0.0376866 0.245875 -0.968569 -0.156925 0.955775 0.248734 ,-0.999525 0.0296153 -0.00852233 0.00750192 -0.0343975 -0.99938 -0.0298901 -0.998969 0.0341589 ,-0.999525 0.00750192 -0.0298901 0.0296153 -0.0343975 -0.998969 -0.00852233 -0.99938 0.0341589 ,-0.982015 0.187287 0.0238923 -0.188014 -0.958469 -0.21445 -0.0172637 -0.215085 0.976443 ,20.7679 12.0758 46.9669 ,0.0472799 -0.0474432 -0.0682 ,0.0455748 -0.0711618 -0.0446813 ,-12.6111 -51.2794 -0.0101016 ,19.3055
V 474 :0.996473 0.0827404 -0.013965 -0.0328449 0.231458 -0.97229 -0.0772154 0.96932 0.233359 ,-0.999525 0.0296153 -0.00852233 0.00750192 -0.0343975 -0.99938 -0.0298901 -0.998969 0.0341589 ,-0.999525 0.00750192 -0.0298901 0.0296153 -0.0343975 -0.998969 -0.00852233 -0.99938 0.0341589 ,-0.993938 0.107776 0.0216946 -0.109938 -0.973832 -0.198909 -0.000310775 -0.200088 0.979778 ,16.854 11.2891 48.1384 ,0.0472799 -0.0474432 -0.0682 ,0.0455748 -0.0711618 -0.0446813 ,-12.6528 -50.7422 0.00766101 ,19.3055
V 475 :0.993807 0.111123 0.000730871 -0.0282403 0.258911 -0.965488 -0.107477 0.959488 0.260446 ,-0.999525 0.0296153 -0.00852233 0.00750192 -0.0343975 -0.99938 -0.0298901 -0.998969 0.0341589 ,-0.999525 0.00750192 -0.0298901 0.0296153 -0.0343975 -0.998969 -0.00852233 -0.99938 0.0341589 ,-0.990334 0.13777 0.0160819 -0.137807 -0.964114 -0.226923 -0.0157583 -0.226945 0.97378 ,18.2049 12.5606 46.6049 ,0.0472799 -0.0474432 -0.0682 ,0.0455748 -0.0711618 -0.0446813 ,-12.6728 -50.0644 0.00385586 ,19.3055
V 476 :0.991165 0.132452 -0.00694635 -0.0467883 0.30016 -0.952741 -0.124108 0.944648 0.303706 ,-0.999525 0.0296153 -0.00852233 0.00750192 -0.0343975 -0.99938 -0.0298901 -0.998969 0.0341589 ,-0.999525 0.00750192 -0.0298901 0.0296153 -0.0343975 -0.998969 -0.00852233 -0.99938 0.0341589 ,-0.987336 0.154943 0.0340729 -0.158373 -0.950077 -0.268835 -0.00928213 -0.270827 0.962583 ,19.2341 14.2414 45.2675 ,0.0472799 -0.0474432 -0.0682 ,0.0455748 -0.0711618 -0.0446813 ,-12.7222 -49.6566 -0.0218339 ,19.3055
V 477 :0.999176 0.0405986 -0.000190992 -0.0117243 0.284038 -0.958741 -0.0388693 0.957953 0.28428 ,-0.999525 0.0296153 -0.00852233 0.00750192 -0.0343975 -0.99938 -0.0298901 -0.998969 0.0341589 ,-0.999525 0.00750192 -0.0298901 0.0296153 -0.0343975 -0.998969 -0.00852233 -0.99938 0.0341589 ,-0.997627 0.0688235 0.00187404 -0.0670818 -0.965534 -0.251486 -0.0154987 -0.251015 0.967859 ,14.776 13.6878 46.3897 ,0.0472799 -0.0474432 -0.0682 ,0.0455748 -0.0711618 -0.0446813 ,-12.7498 -49.0038 -0.0356845 ,19.3055
V 478 :0.991866 0.12659 0.0132696 -0.0227183 0.278647 -0.960125 -0.12524 0.952014 0.279256 ,-0.999525 0.0296153 -0.00852233 0.00750192 -0.0343975 -0.99938 -0.0298901 -0.998969 0.0341589 ,-0.999525 0.00750192 -0.0298901 0.0296153 -0.0343975 -0.998969 -0.00852233 -0.99938 0.0341589 ,-0.987822 0.155267 0.00997314 -0.152896 -0.956869 -0.247033 -0.028813 -0.24555 0.968956 ,18.8981 13.132 44.4296 ,0.0472799 -0.0474432 -0.0682 ,0.0455748 -0.0711618 -0.0446813 ,-12.8252 -48.4213 -0.0225162 ,19.3055
V 479 :0.99782 0.065111 0.0107699 -0.00592314 0.250887 -0.967998 -0.0657293 0.965824 0.250725 ,-0.999525 0.0296153 -0.00852233 0.00750192 -0.0343975 -0.99938 -0.0298901 -0.998969 0.0341589 ,-0.999525 0.00750192 -0.0298901 0.0296153 -0.0343975 -0.998969 -0.00852233 -0.99938 0.0341589 ,-0.995426 0.0954161 -0.00482953 -0.0920665 -0.97153 -0.218294 -0.0255208 -0.216851 0.975871 ,16.0172 11.9418 45.5512 ,0.0472799 -0.0474432 -0.0682 ,0.0455748 -0.0711618 -0.0446813 ,-12.8656 -48.1081 -0.00432054 ,19.3055
V 480 :0.998376 0.0566093 -0.00635091 -0.0205928 0.254716 -0.966797 -0.053112 0.965358 0.255468 ,-0.999525 0.0296153 -0.00852233 0.00750192 -0.0343975 -0.99938 -0.0298901 -0.998969 0.0341589 ,-0.999525 0.00750192 -0.0298901 0.0296153 -0.0343975 -0.998969 -0.00852233 -0.99938 0.0341589 ,-0.996469 0.0833329 0.0102573 -0.0835262 -0.971448 -0.222065 -0.00854092 -0.222138 0.974978 ,15.6005 11.7578 45.0993 ,0.0472799 -0.0474432 -0.0682 ,0.0455748 -0.0711618 -0.0446813 ,-12.886 -47.4902 -0.0267999 ,19.3055
V 481 :0.991952 0.12626 0.00943684 -0.020977 0.237392 -0.971187 -0.124862 0.963174 0.23813 ,-0.999525 0.0296153 -0.00852233 0.00750192 -0.0343975 -0.99938 -0.0298901 -0.998969 0.0341589 ,-0.999525 0.00750192 -0.0298901 0.0296153 -0.0343975 -0.998969 -0.00852233 -0.99938 0.0341589 ,-0.987906 0.154832 0.00824511 -0.153208 -0.966607 -0.20542 -0.0238359 -0.204199 0.978639 ,18.8176 10.7974 43.5929 ,0.0472799 -0.0474432 -0.0682 ,0.0455748 -0.0711618 -0.0446813 ,-12.9401 -46.9976 -0.0417664 ,19.3055
V 482 :0.999964 0.00582972 -0.00626377 -0.00744655 0.23225 -0.972628 -0.00421539 0.972639 0.232285 ,-0.999525 0.0296153 -0.00852233 0.00750192 -0.0343975 -0.99938 -0.0298901 -0.998969 0.0341589 ,-0.999525 0.00750192 -0.0298901 0.0296153 -0.0343975 -0.998969 -0.00852233 -0.99938 0.0341589 ,-0.999418 0.0340814 -0.00122408 -0.0331569 -0.979452 -0.198932 -0.00797881 -0.198776 0.980013 ,13.2681 10.6806 45.2286 ,0.0472799 -0.0474432 -0.0682 ,0.0455748 -0.0711618 -0.0446813 ,-12.9496 -46.626 -0.00460455 ,19.3055
V 483 :0.999963 0.00856018 0.000243641 -0.00179041 0.2368 -0.971557 -0.00837439 0.971521 0.236807 ,-0.999525 0.0296153 -0.00852233 0.00750192 -0.0343975 -0.99938 -0.0298901 -0.998969 0.0341589 ,-0.999525 0.00750192 -0.0298901 0.0296153 -0.0343975 -0.998969 -0.00852233 -0.99938 0.0341589 ,-0.999252 0.0380416 -0.00701878 -0.0358185 -0.978411 -0.20354 -0.0146102 -0.203136 0.979041 ,13.3922 10.8357 44.7457 ,0.0472799 -0.0474432 -0.0682 ,0.0455748 -0.0711618 -0.0446813 ,-12.9496 -46.229 -0.0419028 ,19.3055
V 484 :0.995446 0.0933908 0.019133 -0.00241798 0.225372 -0.97427 -0.0952999 0.969787 0.224571 ,-0.999525 0.0296153 -0.00852233 0.00750192 -0.0343975 -0.99938 -0.0298901 -0.998969 0.0341589 ,-0.999525 0.00750192 -0.0298901 0.0296153 -0.0343975 -0.998969 -0.00852233 -0.99938 0.0341589 ,-0.992142 0.124765 -0.00932238 -0.120643 -0.973773 -0.192901 -0.0331452 -0.19026 0.981174 ,17.2578 10.2557 43.2299 ,0.0472799 -0.0474432 -0.0682 ,0.0455748 -0.0711618 -0.0446813 ,-12.981 -45.9192 -0.0146987 ,19.3055
V 485 :0.999595 0.0261405 0.0112227 0.00549784 0.20955 -0.977782 -0.0279114 0.977449 0.209322 ,-0.999525 0.0296153 -0.00852233 0.00750192 -0.0343975 -0.99938 -0.0298901 -0.998969 0.0341589 ,-0.999525 0.00750192 -0.0298901 0.0296153 -0.0343975 -0.998969 -0.00852233 -0.99938 0.0341589 ,-0.998245 0.0572969 -0.0149667 -0.0537721 -0.982875 -0.176255 -0.0248093 -0.175141 0.984231 ,14.2569 9.51886 43.8824 ,0.0472799 -0.0474432 -0.0682 ,0.0455748 -0.0711618 -0.0446813 ,-13.0298 -45.3355 -0.00554098 ,19.3055
V 486 :0.998424 0.0561208 0.000336864 -0.0126406 0.230723 -0.972937 -0.0546798 0.9714 0.231069 ,-0.999525 0.0296153 -0.00852233 0.00750192 -0.0343975 -0.99938 -0.0298901 -0.998969 0.0341589 ,-0.999525 0.00750192 -0.0298901 0.0296153 -0.0343975 -0.998969 -0.00852233 -0.99938 0.0341589 ,-0.996411 0.0846269 0.00225601 -0.0833986 -0.976673 -0.197876 -0.0145423 -0.197354 0.980224 ,15.571 10.0849 42.6157 ,0.0472799 -0.0474432 -0.0682 ,0.0455748 -0.0711618 -0.0446813 ,-13.0373 -44.6721 -0.00998705 ,19.3055
V 487 :0.99986 -0.00189479 -0.016648 -0.0157817 0.227287 -0.9737 0.00562885 0.973826 0.227225 ,-0.999525 0.0296153 -0.00852233 0.00750192 -0.0343975 -0.99938 -0.0298901 -0.998969 0.0341589 ,-0.999525 0.00750192 -0.0298901 0.0296153 -0.0343975 -0.998969 -0.00852233 -0.99938 0.0341589 ,-0.999672 0.024531 0.00744311 -0.0255088 -0.980697 -0.193865 0.00254372 -0.193991 0.981 ,13.0666 9.73837 42.879 ,0.0472799 -0.0474432 -0.0682 ,0.0455748 -0.0711618 -0.0446813 ,-13.1048 -44.0226 -0.013498 ,19.3055
V 488 :0.999901 -0.00383114 -0.0135551 -0.0121584 0.251177 -0.967865 0.00711275 0.967934 0.251105 ,-0.999525 0.0296153 -0.00852233 0.00750192 -0.0343975 -0.99938 -0.0298901 -0.998969 0.0341589 ,-0.999525 0.00750192 -0.0298901 0.0296153 -0.0343975 -0.998969 -0.00852233 -0.99938 0.0341589 ,-0.99973 0.0229252 0.00387237 -0.023218 -0.975689 -0.217925 -0.00121773 -0.217956 0.975958 ,13.007 10.6483 41.9953 ,0.0472799 -0.0474432 -0.0682 ,0.0455748 -0.0711618 -0.0446813 ,-13.1276 -43.3516 -0.0346238 ,19.3055
V 489 :0.99871 0.0507865 -0.000462969 -0.0139913 0.266351 -0.963775 -0.0488234 0.962538 0.266718 ,-0.999525 0.0296153 -0.00852233 0.00750192 -0.0343975 -0.99938 -0.0298901 -0.998969 0.0341589 ,-0.999525 0.00750192 -0.0298901 0.0296153 -0.0343975 -0.998969 -0.00852233 -0.99938 0.0341589 ,-0.996881 0.0788315 0.00380353 -0.0775346 -0.969203 -0.233739 -0.0147396 -0.233305 0.972292 ,15.396 11.1337 40.5072 ,0.0472799 -0.0474432 -0.0682 ,0.0455748 -0.0711618 -0.0446813 ,-13.1915 -42.813 -0.03894 ,19.3055
V 490 :0.999826 -0.0183752 0.00330031 0.00792419 0.25763 -0.966211 0.0169041 0.966069 0.257731 ,-0.999525 0.0296153 -0.00852233 0.00750192 -0.0343975 -0.99938 -0.0298901 -0.998969 0.0341589 ,-0.999525 0.00750192 -0.0298901 0.0296153 -0.0343975 -0.998969 -0.00852233 -0.99938 0.0341589 ,-0.999797 0.0124509 -0.0158627 -0.00857671 -0.974479 -0.224314 -0.0182508 -0.224132 0.974388 ,12.4664 10.9059 41.0263 ,0.0472799 -0.0474432 -0.0682 ,0.0455748 -0.0711618 -0.0446813 ,-13.1984 -42.2938 -0.0490768 ,19.3055
V 491 :0.999492 -0.0297093 0.0115475 0.0181286 0.231862 -0.97258 0.0262173 0.972295 0.232283 ,-0.999525 0.0296153 -0.00852233 0.00750192 -0.0343975 -0.99938 -0.0298901 -0.998969 0.0341589 ,-0.999525 0.00750192 -0.0298901 0.0296153 -0.0343975 -0.998969 -0.00852233 -0.99938 0.0341589 ,-0.999665 0.00278649 -0.0257398 0.00237261 -0.980148 -0.198253 -0.0257812 -0.198247 0.979813 ,11.9923 9.89205 41.2156 ,0.0472799 -0.0474432 -0.0682 ,0.0455748 -0.0711618 -0.0446813 ,-13.2015 -42.0897 -0.0605135 ,19.3055
V 492 :0.998492 0.0306533 0.0455424 0.0370417 0.236089 -0.971025 -0.0405172 0.971248 0.234597 ,-0.999525 0.0296153 -0.00852233 0.00750192 -0.0343975 -0.99938 -0.0298901 -0.998969 0.0341589 ,-0.999525 0.00750192 -0.0298901 0.0296153 -0.0343975 -0.998969 -0.00852233 -0.99938 0.0341589 ,-0.996529 0.068772 -0.0469123 -0.0578984 -0.97746 -0.203027 -0.0598174 -0.199606 0.978049 ,14.5509 10.1991 39.7765 ,0.0472799 -0.0474432 -0.0682 ,0.0455748 -0.0711618 -0.0446813 ,-13.2469 -41.5628 -0.0583174 ,19.3055
V 493 :0.999547 -0.00225999 0.0300116 0.0298736 0.195646 -0.98022 -0.00365635 0.980672 0.195625 ,-0.999525 0.0296153 -0.00852233 0.00750192 -0.0343975 -0.99938 -0.0298901 -0.998969 0.0341589 ,-0.999525 0.00750192 -0.0298901 0.0296153 -0.0343975 -0.998969 -0.00852233 -0.99938 0.0341589 ,-0.998739 0.0322269 -0.0384985 -0.0255858 -0.986458 -0.162007 -0.0431981 -0.160817 0.986038 ,13.2148 8.38138 40.3961 ,0.0472799 -0.0474432 -0.0682 ,0.0455748 -0.0711618 -0.0446813 ,-13.2654 -41.3015 -0.0489079 ,19.3055
V 494 :0.999445 -0.0318248 0.00980832 0.0169085 0.231202 -0.972759 0.0286901 0.972385 0.231612 ,-0.999525 0.0296153 -0.00852233 0.00750192 -0.0343975 -0.99938 -0.0298901 -0.998969 0.0341589 ,-0.999525 0.00750192 -0.0298901 0.0296153 -0.0343975 -0.998969 -0.00852233 -0.99938 0.0341589 ,-0.999701 0.000356765 -0.0244356 0.00447939 -0.980278 -0.197572 -0.0240241 -0.197622 0.979984 ,12.0102 9.53112 39.9566 ,0.0472799 -0.0474432 -0.0682 ,0.0455748 -0.0711618 -0.0446813 ,-13.2666 -40.7534 -0.0699263 ,19.3055
V 495 :0.999593 0.0277402 0.00674285 0.000100253 0.232782 -0.972529 -0.0285477 0.972134 0.232684 ,-0.999525 0.0296153 -0.00852233 0.00750192 -0.0343975 -0.99938 -0.0298901 -0.998969 0.0341589 ,-0.999525 0.00750192 -0.0298901 0.0296153 -0.0343975 -0.998969 -0.00852233 -0.99938 0.0341589 ,-0.998264 0.0581181 -0.00959421 -0.0550379 -0.978317 -0.199667 -0.0209904 -0.198792 0.979817 ,14.4422 9.29857 38.7053 ,0.0472799 -0.0474432 -0.0682 ,0.0455748 -0.0711618 -0.0446813 ,-13.2831 -40.2679 -0.0297608 ,19.3055
V 496 :0.999928 -0.0100541 0.00658073 0.008799 0.239674 -0.970814 0.00818343 0.970802 0.239745 ,-0.999525 0.0296153 -0.00852233 0.00750192 -0.0343975 -0.99938 -0.0298901 -0.998969 0.0341589 ,-0.999525 0.00750192 -0.0298901 0.0296153 -0.0343975 -0.998969 -0.00852233 -0.99938 0.0341589 ,-0.999632 0.0211355 -0.0170357 -0.01717 -0.978343 -0.206278 -0.0210266 -0.20591 0.978345 ,12.9744 9.52555 38.5035 ,0.0472799 -0.0474432 -0.0682 ,0.0455748 -0.0711618 -0.0446813 ,-13.3261 -39.6098 -0.038848 ,19.3055
V 497 :0.999751 0.0198666 -0.0101702 -0.0150298 0.262425 -0.964835 -0.0164991 0.964748 0.262659 ,-0.999525 0.0296153 -0.00852233 0.00750192 -0.0343975 -0.99938 -0.0298901 -0.998969 0.0341589 ,-0.999525 0.00750192 -0.0298901 0.0296153 -0.0343975 -0.998969 -0.00852233 -0.99938 0.0341589 ,-0.998896 0.046607 0.00593667 -0.0467249 -0.972192 -0.229477 -0.00492367 -0.229501 0.973296 ,14.1694 10.0053 37.5369 ,0.0472799 -0.0474432 -0.0682 ,0.0455748 -0.0711618 -0.0446813 ,-13.3471 -39.1981 -0.0344047 ,19.3055
V 498 :0.996552 0.0823418 -0.0102425 -0.0339077 0.291457 -0.955983 -0.0757321 0.953033 0.293244 ,-0.999525 0.0296153 -0.00852233 0.00750192 -0.0343975 -0.99938 -0.0298901 -0.998969 0.0341589 ,-0.999525 0.00750192 -0.0298901 0.0296153 -0.0343975 -0.998969 -0.00852233 -0.99938 0.0341589 ,-0.994069 0.106334 0.0228068 -0.108602 -0.959638 -0.259424 -0.00569921 -0.260362 0.965494 ,16.5917 10.7659 35.899 ,0.0472799 -0.0474432 -0.0682 ,0.0455748 -0.0711618 -0.0446813 ,-13.3968 -38.7919 -0.0403168 ,19.3055
V 499 :0.998743 0.0393829 -0.0310184 -0.0399974 0.252987 -0.966643 -0.0302219 0.966668 0.254244 ,-0.999525 0.0296153 -0.00852233 0.00750192 -0.0343975 -0.99938 -0.0298901 -0.998969 0.0341589 ,-0.999525 0.00750192 -0.0298901 0.0296153 -0.0343975 -0.998969 -0.00852233 -0.99938 0.0341589 ,-0.997665 0.0611447 0.0304286 -0.0663601 -0.973207 -0.220145 0.0161526 -0.221651 0.974992 ,14.9666 9.0791 36.517 ,0.0472799 -0.0474432 -0.0682 ,0.0455748 -0.0711618 -0.0446813 ,-13.4299 -38.2622 -0.0166947 ,19.3055
V 500 :0.99877 0.033435 -0.0366125 -0.045237 0.312199 -0.948939 -0.0202974 0.949428 0.313327 ,-0.999525 0.0296153 -0.00852233 0.00750192 -0.0343975 -0.99938 -0.0298901 -0.998969 0.0341589 ,-0.999525 0.00750192 -0.0298901 0.0296153 -0.0343975 -0.998969 -0.00852233 -0.99938 0.0341589 ,-0.998028 0.0514114 0.0360038 -0.0594556 -0.958198 -0.279859 0.0201108 -0.281448 0.959366 ,14.7279 11.153 35.7467 ,0.0472799 -0.0474432 -0.0682 ,0.0455748 -0.0711618 -0.0446813 ,-13.4289 -37.9913 -0.055726 ,19.3055
V 501 :0.996075 0.0856128 -0.0224606 -0.0428972 0.244986 -0.968577 -0.0774201 0.96574 0.247697 ,-0.999525 0.0296153 -0.00852233 0.00750192 -0.0343975 -0.99938 -0.0298901 -0.998969 0.0341589 ,-0.999525 0.00750192 -0.0298901 0.0296153 -0.0343975 -0.998969 -0.00852233 -0.99938 0.0341589 ,-0.99361 0.108315 0.0317371 -0.1126 -0.970636 -0.212575 0.0077801 -0.21479 0.976629 ,16.6442 8.50878 35.091 ,0.0472799 -0.0474432 -0.0682 ,0.0455748 -0.0711618 -0.0446813 ,-13.4427 -37.4717 -0.0486816 ,19.3055
V 502 :0.999814 0.0143666 -0.0128634 -0.0158598 0.233155 -0.97231 -0.0109696 0.972333 0.233339 ,-0.999525 0.0296153 -0.00852233 0.00750192 -0.0343975 -0.99938 -0.0298901 -0.998969 0.0341589 ,-0.999525 0.00750192 -0.0298901 0.0296153 -0.0343975 -0.998969 -0.00852233 -0.99938 0.0341589 ,-0.99913 0.0411137 0.00695448 -0.0416738 -0.978926 -0.199919 -0.00141148 -0.200035 0.979788 ,14.0413 8.36539 35.8432 ,0.0472799 -0.0474432 -0.0682 ,0.0455748 -0.0711618 -0.0446813 ,-13.464 -37.0804 -0.0196514 ,19.3055
V 503 :0.999391 -0.0216883 -0.0273375 -0.0223464 0.20394 -0.978728 0.0268022 0.978743 0.203331 ,-0.999525 0.0296153 -0.00852233 0.00750192 -0.0343975 -0.99938 -0.0298901 -0.998969 0.0341589 ,-0.999525 0.00750192 -0.0298901 0.0296153 -0.0343975 -0.998969 -0.00852233 -0.99938 0.0341589 ,-0.999885 0.00359141 0.014731 -0.00604679 -0.985392 -0.170196 0.0139046 -0.170265 0.9853 ,12.7015 7.14029 36.3387 ,0.0472799 -0.0474432 -0.0682 ,0.0455748 -0.0711618 -0.0446813 ,-13.4616 -36.8244 -0.0218782 ,19.3055
V 504 :0.999755 -0.0155642 -0.0157176 -0.0119032 0.220363 -0.975345 0.018644 0.975294 0.220124 ,-0.999525 0.0296153 -0.00852233 0.00750192 -0.0343975 -0.99938 -0.0298901 -0.998969 0.0341589 ,-0.999525 0.00750192 -0.0298901 0.0296153 -0.0343975 -0.998969 -0.00852233 -0.99938 0.0341589 ,-0.999927 0.0113927 0.00401246 -0.0119417 -0.982329 -0.186778 0.00181364 -0.186813 0.982394 ,12.9348 7.79905 35.7785 ,0.0472799 -0.0474432 -0.0682 ,0.0455748 -0.0711618 -0.0446813 ,-13.4593 -36.4895 -0.0350927 ,19.3055
V 505 :0.996834 0.0659456 -0.0444229 -0.0593191 0.24475 -0.96777 -0.0529477 0.967341 0.247887 ,-0.999525 0.0296153 -0.00852233 0.00750192 -0.0343975 -0.99938 -0.0298901 -0.998969 0.0341589 ,-0.999525 0.00750192 -0.0298901 0.0296153 -0.0343975 -0.998969 -0.00852233 -0.99938 0.0341589 ,-0.995223 0.0844551 0.0489784 -0.0929921 -0.97281 -0.212117 0.0297323 -0.215658 0.976016 ,15.8666 7.95835 34.0667 ,0.0472799 -0.0474432 -0.0682 ,0.0455748 -0.0711618 -0.0446813 ,-13.487 -36.0227 -0.0110882 ,19.3055
V 506 :0.998147 0.0528094 -0.0302207 -0.0422127 0.243326 -0.969026 -0.0438202 0.968506 0.245104 ,-0.999525 0.0296153 -0.00852233 0.00750192 -0.0343975 -0.99938 -0.0298901 -0.998969 0.0341589 ,-0.999525 0.00750192 -0.0298901 0.0296153 -0.0343975 -0.998969 -0.00852233 -0.99938 0.0341589 ,-0.99668 0.0747875 0.0321832 -0.0799076 -0.974313 -0.210542 0.0156106 -0.212415 0.977055 ,15.409 8.08706 34.0417 ,0.0472799 -0.0474432 -0.0682 ,0.0455748 -0.0711618 -0.0446813 ,-13.4952 -35.8262 -0.013691 ,19.3055
V 508 :0.99989 0.00106915 -0.014822 -0.0145372 0.277295 -0.960675 0.00308295 0.960784 0.27728 ,-0.999525 0.0296153 -0.00852233 0.00750192 -0.0343975 -0.99938 -0.0298901 -0.998969 0.0341589 ,-0.999525 0.00750192 -0.0298901 0.0296153 -0.0343975 -0.998969 -0.00852233 -0.99938 0.0341589 ,-0.999616 0.0270323 0.00611208 -0.0277064 -0.969301 -0.244313 -0.000679909 -0.244389 0.969677 ,13.5501 9.53972 33.9587 ,0.0472799 -0.0474432 -0.0682 ,0.0455748 -0.0711618 -0.0446813 ,-13.4669 -35.3654 -0.0246912 ,19.3055
V 509 :0.999638 0.00208783 -0.0268104 -0.0264482 0.256639 -0.966145 0.00486347 0.966505 0.256602 ,-0.999525 0.0296153 -0.00852233 0.00750192 -0.0343975 -0.99938 -0.0298901 -0.998969 0.0341589 ,-0.999525 0.00750192 -0.0298901 0.0296153 -0.0343975 -0.998969 -0.00852233 -0.99938 0.0341589 ,-0.999507 0.0256559 0.0180787 -0.0290505 -0.974275 -0.223483 0.0118799 -0.223898 0.97454 ,13.5646 8.57451 33.92 ,0.0472799 -0.0474432 -0.0682 ,0.0455748 -0.0711618 -0.0446813 ,-13.4497 -35.0907 -0.0289741 ,19.3055
V 510 :0.996357 0.0833835 -0.0179242 -0.0340643 0.196389 -0.979934 -0.0781903 0.976975 0.198514 ,-0.999525 0.0296153 -0.00852233 0.00750192 -0.0343975 -0.99938 -0.0298901 -0.998969 0.0341589 ,-0.999525 0.00750192 -0.0298901 0.0296153 -0.0343975 -0.998969 -0.00852233 -0.99938 0.0341589 ,-0.993802 0.108789 0.022881 -0.111073 -0.980253 -0.163605 0.00463075 -0.165133 0.98626 ,16.3493 6.29104 32.8489 ,0.0472799 -0.0474432 -0.0682 ,0.0455748 -0.0711618 -0.0446813 ,-13.4529 -34.7633 -0.0309936 ,19.3055
V 511 :0.998875 0.0417892 -0.0224172 -0.0297808 0.184897 -0.982307 -0.036905 0.981869 0.185933 ,-0.999525 0.0296153 -0.00852233 0.00750192 -0.0343975 -0.99938 -0.0298901 -0.998969 0.0341589 ,-0.999525 0.00750192 -0.0298901 0.0296153 -0.0343975 -0.998969 -0.00852233 -0.99938 0.0341589 ,-0.997521 0.0674733 0.019989 -0.0697305 -0.98598 -0.151599 0.00947984 -0.152617 0.98824 ,14.9251 5.87135 33.2449 ,0.0472799 -0.0474432 -0.0682 ,0.0455748 -0.0711618 -0.0446813 ,-13.4553 -34.4252 -0.0464318 ,19.3055
V 512 :0.999609 0.0132296 -0.0246411 -0.0268 0.201143 -0.979195 -0.00799797 0.979473 0.201419 ,-0.999525 0.0296153 -0.00852233 0.00750192 -0.0343975 -0.99938 -0.0298901 -0.998969 0.0341589 ,-0.999525 0.00750192 -0.0298901 0.0296153 -0.0343975 -0.998969 -0.00852233 -0.99938 0.0341589 ,-0.999096 0.0385153 0.0179912 -0.0409909 -0.98499 -0.167673 0.0112632 -0.168259 0.985678 ,13.9416 6.46707 33.4204 ,0.0472799 -0.0474432 -0.0682 ,0.0455748 -0.0711618 -0.0446813 ,-13.4464 -34.2953 -0.0238698 ,19.3055
V 513 :0.999426 -0.0284256 -0.0184598 -0.0111863 0.237486 -0.971326 0.0319945 0.970975 0.237032 ,-0.999525 0.0296153 -0.00852233 0.00750192 -0.0343975 -0.99938 -0.0298901 -0.998969 0.0341589 ,-0.999525 0.00750192 -0.0298901 0.0296153 -0.0343975 -0.998969 -0.00852233 -0.99938 0.0341589 ,-0.999991 -0.00197845 0.00375479 0.00117117 -0.978985 -0.203929 0.00407935 -0.203923 0.978978 ,12.4967 7.8503 33.4146 ,0.0472799 -0.0474432 -0.0682 ,0.0455748 -0.0711618 -0.0446813 ,-13.4252 -34.0327 -0.0354012 ,19.3055
V 514 :0.999771 0.00625233 -0.0204919 -0.0213844 0.232735 -0.972305 -0.00130999 0.97252 0.232815 ,-0.999525 0.0296153 -0.00852233 0.00750192 -0.0343975 -0.99938 -0.0298901 -0.998969 0.0341589 ,-0.999525 0.00750192 -0.0298901 0.0296153 -0.0343975 -0.998969 -0.00852233 -0.99938 0.0341589 ,-0.999417 0.0316528 0.012806 -0.0335722 -0.979338 -0.199424 0.00622913 -0.199737 0.97983 ,13.6612 7.47487 32.6194 ,0.0472799 -0.0474432 -0.0682 ,0.0455748 -0.0711618 -0.0446813 ,-13.4071 -33.6252 -0.0172108 ,19.3055
V 515 :0.999548 0.0270773 -0.013048 -0.0189865 0.232269 -0.972466 -0.0233011 0.972275 0.232678 ,-0.999525 0.0296153 -0.00852233 0.00750192 -0.0343975 -0.99938 -0.0298901 -0.998969 0.0341589 ,-0.999525 0.00750192 -0.0298901 0.0296153 -0.0343975 -0.998969 -0.00852233 -0.99938 0.0341589 ,-0.99852 0.0535321 0.00966033 -0.0543834 -0.97846 -0.199144 -0.00120834 -0.199374 0.979923 ,14.3603 7.47048 32.1915 ,0.0472799 -0.0474432 -0.0682 ,0.0455748 -0.0711618 -0.0446813 ,-13.4121 -33.499 -0.0084437 ,19.3055
V 516 :0.998074 0.0571996 -0.0240089 -0.0365083 0.228706 -0.972811 -0.0501534 0.971814 0.230354 ,-0.999525 0.0296153 -0.00852233 0.00750192 -0.0343975 -0.99938 -0.0298901 -0.998969 0.0341589 ,-0.999525 0.00750192 -0.0298901 0.0296153 -0.0343975 -0.998969 -0.00852233 -0.99938 0.0341589 ,-0.996375 0.0809158 0.0262666 -0.0845043 -0.976985 -0.195856 0.00981421 -0.197365 0.980281 ,15.3479 7.00719 31.4985 ,0.0472799 -0.0474432 -0.0682 ,0.0455748 -0.0711618 -0.0446813 ,-13.4304 -33.1656 -0.0413473 ,19.3055
V 517 :0.99779 0.0509021 -0.0427055 -0.0527062 0.214994 -0.975192 -0.0404579 0.975288 0.217202 ,-0.999525 0.0296153 -0.00852233 0.00750192 -0.0343975 -0.99938 -0.0298901 -0.998969 0.0341589 ,-0.999525 0.00750192 -0.0298901 0.0296153 -0.0343975 -0.998969 -0.00852233 -0.99938 0.0341589 ,-0.996502 0.071779 0.0427881 -0.0784165 -0.980171 -0.18198 0.0288773 -0.184699 0.982371 ,15.1331 6.32363 31.6139 ,0.0472799 -0.0474432 -0.0682 ,0.0455748 -0.0711618 -0.0446813 ,-13.4349 -33.0368 -0.0241475 ,19.3055
V 519 :0.998807 0.0424353 -0.0241566 -0.0344379 0.261468 -0.964598 -0.0346168 0.964279 0.262617 ,-0.999525 0.0296153 -0.00852233 0.00750192 -0.0343975 -0.99938 -0.0298901 -0.998969 0.0341589 ,-0.999525 0.00750192 -0.0298901 0.0296153 -0.0343975 -0.998969 -0.00852233 -0.99938 0.0341589 ,-0.997556 0.0653457 0.0247219 -0.069276 -0.971022 -0.228729 0.00905908 -0.229883 0.973176 ,14.8517 7.94835 30.8267 ,0.0472799 -0.0474432 -0.0682 ,0.0455748 -0.0711618 -0.0446813 ,-13.442 -32.5102 -0.0431945 ,19.3055
V 520 :0.997243 0.0708359 -0.0220928 -0.0390995 0.248602 -0.967816 -0.0630638 0.966012 0.250686 ,-0.999525 0.0296153 -0.00852233 0.00750192 -0.0343975 -0.99938 -0.0298901 -0.998969 0.0341589 ,-0.999525 0.00750192 -0.0298901 0.0296153 -0.0343975 -0.998969 -0.00852233 -0.99938 0.0341589 ,-0.995178 0.0938774 0.0284222 -0.0978115 -0.97147 -0.216054 0.00732878 -0.217792 0.975968 ,15.7546 7.43217 30.3066 ,0.0472799 -0.0474432 -0.0682 ,0.0455748 -0.0711618 -0.0446813 ,-13.456 -32.3145 -0.0286225 ,19.3055
V 521 :0.993091 0.112962 -0.0317755 -0.0564922 0.222887 -0.973206 -0.102853 0.968278 0.227728 ,-0.999525 0.0296153 -0.00852233 0.00750192 -0.0343975 -0.99938 -0.0298901 -0.998969 0.0341589 ,-0.999525 0.00750192 -0.0298901 0.0296153 -0.0343975 -0.998969 -0.00852233 -0.99938 0.0341589 ,-0.989969 0.134101 0.0444804 -0.140179 -0.971601 -0.190636 0.0176527 -0.194959 0.980653 ,17.0616 6.35412 29.721 ,0.0472799 -0.0474432 -0.0682 ,0.0455748 -0.0711618 -0.0446813 ,-13.4712 -32.193 -0.0131723 ,19.3055
V 522 :0.986249 0.163393 -0.024806 -0.0659481 0.251468 -0.965616 -0.151538 0.953974 0.258785 ,-0.999525 0.0296153 -0.00852233 0.00750192 -0.0343975 -0.99938 -0.0298901 -0.998969 0.0341589 ,-0.999525 0.00750192 -0.0298901 0.0296153 -0.0343975 -0.998969 -0.00852233 -0.99938 0.0341589 ,-0.981746 0.182858 0.0523258 -0.189944 -0.956802 -0.220118 0.00981513 -0.226039 0.974069 ,18.5832 7.05333 28.3553 ,0.0472799 -0.0474432 -0.0682 ,0.0455748 -0.0711618 -0.0446813 ,-13.5056 -31.9295 -0.0391549 ,19.3055
V 523 :0.995522 0.0873527 -0.0361326 -0.0592197 0.278365 -0.958648 -0.0736824 0.956495 0.282292 ,-0.999525 0.0296153 -0.00852233 0.00750192 -0.0343975 -0.99938 -0.0298901 -0.998969 0.0341589 ,-0.999525 0.00750192 -0.0298901 0.0296153 -0.0343975 -0.998969 -0.00852233 -0.99938 0.0341589 ,-0.993291 0.105126 0.0481819 -0.113813 -0.962497 -0.246264 0.020486 -0.250096 0.968004 ,16.2794 7.93711 29.1598 ,0.0472799 -0.0474432 -0.0682 ,0.0455748 -0.0711618 -0.0446813 ,-13.533 -31.597 -0.00994783 ,19.3055
V 525 :0.994883 0.0588236 -0.0821476 -0.0940321 0.241607 -0.965807 -0.0369648 0.96859 0.245902 ,-0.999525 0.0296153 -0.00852233 0.00750192 -0.0343975 -0.99938 -0.0298901 -0.998969 0.0341589 ,-0.999525 0.00750192 -0.0298901 0.0296153 -0.0343975 -0.998969 -0.00852233 -0.99938 0.0341589 ,-0.994011 0.069625 0.0842324 -0.0859344 -0.97416 -0.208873 0.0675131 -0.21486 0.974308 ,15.3673 6.1204 29.4096 ,0.0472799 -0.0474432 -0.0682 ,0.0455748 -0.0711618 -0.0446813 ,-13.572 -30.9433 -0.0332021 ,19.3055
V 526 :0.988748 0.138905 -0.055535 -0.0894119 0.251108 -0.963821 -0.119934 0.957941 0.260702 ,-0.999525 0.0296153 -0.00852233 0.00750192 -0.0343975 -0.99938 -0.0298901 -0.998969 0.0341589 ,-0.999525 0.00750192 -0.0298901 0.0296153 -0.0343975 -0.998969 -0.00852233 -0.99938 0.0341589 ,-0.985364 0.152168 0.0768332 -0.165588 -0.961478 -0.219414 0.0404857 -0.228925 0.972602 ,17.78 6.34597 27.5065 ,0.0472799 -0.0474432 -0.0682 ,0.0455748 -0.0711618 -0.0446813 ,-13.6543 -30.4835 -0.0418889 ,19.3055
V 527 :0.998141 0.044328 -0.0418166 -0.0501763 0.208414 -0.976753 -0.0345823 0.977036 0.210251 ,-0.999525 0.0296153 -0.00852233 0.00750192 -0.0343975 -0.99938 -0.0298901 -0.998969 0.0341589 ,-0.999525 0.00750192 -0.0298901 0.0296153 -0.0343975 -0.998969 -0.00852233 -0.99938 0.0341589 ,-0.99701 0.0658329 0.0404574 -0.0719472 -0.981885 -0.175288 0.0281848 -0.177675 0.983686 ,15.0372 5.51873 28.8649 ,0.0472799 -0.0474432 -0.0682 ,0.0455748 -0.0711618 -0.0446813 ,-13.6822 -30.0932 -0.0196003 ,19.3055
V 528 :0.999806 -0.00356169 -0.0193687 -0.0181455 0.215605 -0.976312 0.00765331 0.976475 0.215498 ,-0.999525 0.0296153 -0.00852233 0.00750192 -0.0343975 -0.99938 -0.0298901 -0.998969 0.0341589 ,-0.999525 0.00750192 -0.0298901 0.0296153 -0.0343975 -0.998969 -0.00852233 -0.99938 0.0341589 ,-0.999696 0.0225883 0.00987504 -0.0240095 -0.98299 -0.182085 0.00559406 -0.182267 0.983233 ,13.6248 6.03968 29.0268 ,0.0472799 -0.0474432 -0.0682 ,0.0455748 -0.0711618 -0.0446813 ,-13.6871 -29.6745 -0.0639955 ,19.3055
V 529 :0.999461 0.0220314 -0.0243258 -0.0283734 0.207517 -0.97782 -0.0164948 0.977984 0.20803 ,-0.999525 0.0296153 -0.00852233 0.00750192 -0.0343975 -0.99938 -0.0298901 -0.998969 0.0341589 ,-0.999525 0.00750192 -0.0298901 0.0296153 -0.0343975 -0.998969 -0.00852233 -0.99938 0.0341589 ,-0.998707 0.0470531 0.0192746 -0.0496963 -0.983461 -0.174169 0.0107606 -0.174901 0.984527 ,14.3806 5.64294 28.539 ,0.0472799 -0.0474432 -0.0682 ,0.0455748 -0.0711618 -0.0446813 ,-13.6922 -29.474 -0.0383148 ,19.3055
V 530 :0.999229 0.0388151 0.00594132 -0.00275117 0.220136 -0.975465 -0.0391707 0.974697 0.220073 ,-0.999525 0.0296153 -0.00852233 0.00750192 -0.0343975 -0.99938 -0.0298901 -0.998969 0.0341589 ,-0.999525 0.00750192 -0.0298901 0.0296153 -0.0343975 -0.998969 -0.00852233 -0.99938 0.0341589 ,-0.997604 0.0688175 -0.00710433 -0.0662791 -0.980115 -0.187035 -0.0198344 -0.186116 0.982327 ,14.8843 6.25555 27.7507 ,0.0472799 -0.0474432 -0.0682 ,0.0455748 -0.0711618 -0.0446813 ,-13.7185 -29.0784 -0.0619882 ,19.3055
V 531 :0.999805 -0.01894 0.00564038 0.00914762 0.190552 -0.981635 0.0175173 0.981495 0.190688 ,-0.999525 0.0296153 -0.00852233 0.00750192 -0.0343975 -0.99938 -0.0298901 -0.998969 0.0341589 ,-0.999525 0.00750192 -0.0298901 0.0296153 -0.0343975 -0.998969 -0.00852233 -0.99938 0.0341589 ,-0.999785 0.0117956 -0.0170642 -0.00897654 -0.987598 -0.156746 -0.0187015 -0.156559 0.987492 ,13.2189 5.53708 28.5334 ,0.0472799 -0.0474432 -0.0682 ,0.0455748 -0.0711618 -0.0446813 ,-13.7212 -28.887 -0.0463072 ,19.3055
V 532 :0.994458 -0.102798 -0.0220329 0.000627933 0.215376 -0.976531 0.105131 0.971106 0.214247 ,-0.999525 0.0296153 -0.00852233 0.00750192 -0.0343975 -0.99938 -0.0298901 -0.998969 0.0341589 ,-0.999525 0.00750192 -0.0298901 0.0296153 -0.0343975 -0.998969 -0.00852233 -0.99938 0.0341589 ,-0.997124 -0.0755928 -0.00551149 0.0753384 -0.980557 -0.181195 0.00829269 -0.181089 0.983432 ,10.7355 6.02219 29.0016 ,0.0472799 -0.0474432 -0.0682 ,0.0455748 -0.0711618 -0.0446813 ,-13.6889 -28.4384 -0.0654436 ,19.3055
V 533 :0.999729 -0.0215915 -0.00878444 -0.00463668 0.185123 -0.982704 0.0228443 0.982478 0.184973 ,-0.999525 0.0296153 -0.00852233 0.00750192 -0.0343975 -0.99938 -0.0298901 -0.998969 0.0341589 ,-0.999525 0.00750192 -0.0298901 0.0296153 -0.0343975 -0.998969 -0.00852233 -0.99938 0.0341589 ,-0.999971 0.00694603 -0.00310587 -0.00639634 -0.988473 -0.151264 -0.00412076 -0.15124 0.988488 ,13.1211 5.04611 27.8145 ,0.0472799 -0.0474432 -0.0682 ,0.0455748 -0.0711618 -0.0446813 ,-13.6836 -28.0548 -0.0372438 ,19.3055
V 535 :0.999559 0.0197972 0.0221259 0.0167041 0.241108 -0.970355 -0.024545 0.970297 0.24067 ,-0.999525 0.0296153 -0.00852233 0.00750192 -0.0343975 -0.99938 -0.0298901 -0.998969 0.0341589 ,-0.999525 0.00750192 -0.0298901 0.0296153 -0.0343975 -0.998969 -0.00852233 -0.99938 0.0341589 ,-0.998226 0.0535474 -0.0260508 -0.0469813 -0.977004 -0.207982 -0.0365886 -0.206389 0.977786 ,14.2932 6.79949 26.5129 ,0.0472799 -0.0474432 -0.0682 ,0.0455748 -0.0711618 -0.0446813 ,-13.7015 -27.7244 -0.0685323 ,19.3055
V 537 :0.996423 -0.0788483 -0.0303881 -0.00963363 0.251274 -0.967868 0.0839505 0.964699 0.249615 ,-0.999525 0.0296153 -0.00852233 0.00750192 -0.0343975 -0.99938 -0.0298901 -0.998969 0.0341589 ,-0.999525 0.00750192 -0.0298901 0.0296153 -0.0343975 -0.998969 -0.00852233 -0.99938 0.0341589 ,-0.998532 -0.0540231 0.00400347 0.0518609 -0.974683 -0.217493 0.0156518 -0.216966 0.976054 ,11.5489 6.58107 27.2749 ,0.0472799 -0.0474432 -0.0682 ,0.0455748 -0.0711618 -0.0446813 ,-13.6921 -27.1365 -0.0602172 ,19.3055
V 538 :0.9985 -0.0390991 -0.0383415 -0.0267415 0.262861 -0.964463 0.0477882 0.964041 0.261421 ,-0.999525 0.0296153 -0.00852233 0.00750192 -0.0343975 -0.99938 -0.0298901 -0.998969 0.0341589 ,-0.999525 0.00750192 -0.0298901 0.0296153 -0.0343975 -0.998969 -0.00852233 -0.99938 0.0341589 ,-0.999654 -0.0172482 0.0198478 0.0122372 -0.973247 -0.229434 0.0232741 -0.229112 0.973122 ,12.672 6.5805 26.3706 ,0.0472799 -0.0474432 -0.0682 ,0.0455748 -0.0711618 -0.0446813 ,-13.692 -26.7367 -0.0351749 ,19.3055
V 539 :0.999462 -0.0275111 -0.0178766 -0.0100189 0.262922 -0.964765 0.0312419 0.964425 0.262505 ,-0.999525 0.0296153 -0.00852233 0.00750192 -0.0343975 -0.99938 -0.0298901 -0.998969 0.0341589 ,-0.999525 0.00750192 -0.0298901 0.0296153 -0.0343975 -0.998969 -0.00852233 -0.99938 0.0341589 ,-0.999996 -0.00126566 0.00256213 0.000643638 -0.97329 -0.229581 0.00278426 -0.229578 0.973286 ,13.013 6.75542 25.9657 ,0.0472799 -0.0474432 -0.0682 ,0.0455748 -0.0711618 -0.0446813 ,-13.7039 -26.5397 -0.0390802 ,19.3055
V 540 :0.996844 -0.0745121 -0.0273696 -0.00455224 0.290565 -0.956844 0.0792491 0.95395 0.289309 ,-0.999525 0.0296153 -0.00852233 0.00750192 -0.0343975 -0.99938 -0.0298901 -0.998969 0.0341589 ,-0.999525 0.00750192 -0.0298901 0.0296153 -0.0343975 -0.998969 -0.00852233 -0.99938 0.0341589 ,-0.998774 -0.049489 -0.00123896 0.0481428 -0.965168 -0.257164 0.011531 -0.256908 0.966367 ,11.7786 7.46973 26.0418 ,0.0472799 -0.0474432 -0.0682 ,0.0455748 -0.0711618 -0.0446813 ,-13.7293 -26.2177 -0.0399944 ,19.3055
V 541 :0.992553 -0.112059 -0.0477697 -0.0142235 0.282854 -0.959057 0.120983 0.952595 0.279154 ,-0.999525 0.0296153 -0.00852233 0.00750192 -0.0343975 -0.99938 -0.0298901 -0.998969 0.0341589 ,-0.999525 0.00750192 -0.0298901 0.0296153 -0.0343975 -0.998969 -0.00852233 -0.99938 0.0341589 ,-0.995804 -0.0909739 0.00988849 0.0856543 -0.964661 -0.249184 0.0322083 -0.247292 0.968406 ,10.7747 7.03228 26.2221 ,0.0472799 -0.0474432 -0.0682 ,0.0455748 -0.0711618 -0.0446813 ,-13.7275 -25.8444 -0.0367219 ,19.3055
V 542 :0.990945 -0.126991 -0.0436113 -0.00564497 0.285112 -0.958478 0.134152 0.950045 0.281813 ,-0.999525 0.0296153 -0.00852233 0.00750192 -0.0343975 -0.99938 -0.0298901 -0.998969 0.0341589 ,-0.999525 0.00750192 -0.0298901 0.0296153 -0.0343975 -0.998969 -0.00852233 -0.99938 0.0341589 ,-0.994526 -0.104473 0.00177882 0.100673 -0.962634 -0.2514 0.0279768 -0.249845 0.967882 ,10.3999 7.11346 26.0878 ,0.0472799 -0.0474432 -0.0682 ,0.0455748 -0.0711618 -0.0446813 ,-13.7273 -25.5763 -0.056036 ,19.3055
V 543 :0.994404 -0.0882549 -0.0580747 -0.03229 0.269506 -0.962457 0.100593 0.958946 0.265148 ,-0.999525 0.0296153 -0.00852233 0.00750192 -0.0343975 -0.99938 -0.0298901 -0.998969 0.0341589 ,-0.999525 0.00750192 -0.0298901 0.0296153 -0.0343975 -0.998969 -0.00852233 -0.99938 0.0341589 ,-0.99718 -0.069929 0.0272315 0.0615717 -0.969842 -0.23583 0.0429016 -0.233488 0.971413 ,11.4709 6.32557 25.6646 ,0.0472799 -0.0474432 -0.0682 ,0.0455748 -0.0711618 -0.0446813 ,-13.7425 -25.3857 -0.0258007 ,19.3055
V 544 :0.997416 -0.0557857 -0.045265 -0.0276247 0.283808 -0.958483 0.0663162 0.957258 0.281533 ,-0.999525 0.0296153 -0.00852233 0.00750192 -0.0343975 -0.99938 -0.0298901 -0.998969 0.0341589 ,-0.999525 0.00750192 -0.0298901 0.0296153 -0.0343975 -0.998969 -0.00852233 -0.99938 0.0341589 ,-0.999132 -0.0357588 0.0213725 0.0292757 -0.967685 -0.250457 0.0296379 -0.249614 0.967892 ,12.4048 6.60764 24.7165 ,0.0472799 -0.0474432 -0.0682 ,0.0455748 -0.0711618 -0.0446813 ,-13.7854 -24.9247 -0.0395612 ,19.3055
V 545 :0.997297 -0.0721649 -0.0138314 0.00635825 0.272287 -0.962195 0.0732029 0.959507 0.272009 ,-0.999525 0.0296153 -0.00852233 0.00750192 -0.0343975 -0.99938 -0.0298901 -0.998969 0.0341589 ,-0.999525 0.00750192 -0.0298901 0.0296153 -0.0343975 -0.998969 -0.00852233 -0.99938 0.0341589 ,-0.998964 -0.0438108 -0.0123531 0.0454936 -0.970021 -0.238727 -0.0015239 -0.239042 0.971008 ,12.0145 6.76006 24.6817 ,0.0472799 -0.0474432 -0.0682 ,0.0455748 -0.0711618 -0.0446813 ,-13.7899 -24.7376 -0.016521 ,19.3055
V 546 :0.996213 -0.0762545 -0.0417665 -0.0197338 0.269535 -0.962788 0.0846745 0.959967 0.267009 ,-0.999525 0.0296153 -0.00852233 0.00750192 -0.0343975 -0.99938 -0.0298901 -0.998969 0.0341589 ,-0.999525 0.00750192 -0.0298901 0.0296153 -0.0343975 -0.998969 -0.00852233 -0.99938 0.0341589 ,-0.998419 -0.0544052 0.0141239 0.0495468 -0.970507 -0.235927 0.026543 -0.234854 0.971668 ,11.9342 6.16032 24.4238 ,0.0472799 -0.0474432 -0.0682 ,0.0455748 -0.0711618 -0.0446813 ,-13.7932 -24.2783 -0.0663706 ,19.3055
V 547 :0.999793 -0.00205201 -0.0202545 -0.0192024 0.235402 -0.971709 0.00676189 0.971896 0.235313 ,-0.999525 0.0296153 -0.00852233 0.00750192 -0.0343975 -0.99938 -0.0298901 -0.998969 0.0341589 ,-0.999525 0.00750192 -0.0298901 0.0296153 -0.0343975 -0.998969 -0.00852233 -0.99938 0.0341589 ,-0.999664 0.0235148 0.0109009 -0.0252331 -0.979053 -0.202039 0.00592164 -0.202246 0.979317 ,13.8156 5.27141 23.2497 ,0.0472799 -0.0474432 -0.0682 ,0.0455748 -0.0711618 -0.0446813 ,-13.821 -23.8864 -0.0397628 ,19.3055
V 548 :0.998743 -0.0459842 -0.0199751 -0.00820638 0.243107 -0.969965 0.0494591 0.968909 0.242424 ,-0.999525 0.0296153 -0.00852233 0.00750192 -0.0343975 -0.99938 -0.0298901 -0.998969 0.0341589 ,-0.999525 0.00750192 -0.0298901 0.0296153 -0.0343975 -0.998969 -0.00852233 -0.99938 0.0341589 ,-0.999808 -0.0195477 0.00137915 0.0188253 -0.977635 -0.209467 0.00544292 -0.209401 0.977815 ,12.8169 5.48988 23.255 ,0.0472799 -0.0474432 -0.0682 ,0.0455748 -0.0711618 -0.0446813 ,-13.8617 -23.357 -0.0280191 ,19.3055
V 549 :0.998561 -0.0509529 -0.0167276 -0.00375263 0.244765 -0.969575 0.0534971 0.968243 0.244221 ,-0.999525 0.0296153 -0.00852233 0.00750192 -0.0343975 -0.99938 -0.0298901 -0.998969 0.0341589 ,-0.999525 0.00750192 -0.0298901 0.0296153 -0.0343975 -0.998969 -0.00852233 -0.99938 0.0341589 ,-0.999714 -0.0237401 -0.00293236 0.023824 -0.977173 -0.211104 0.00214621 -0.211114 0.977459 ,12.7117 5.50247 23.0524 ,0.0472799 -0.0474432 -0.0682 ,0.0455748 -0.0711618 -0.0446813 ,-13.8622 -23.0995 -0.053643 ,19.3055
V 550 :0.999687 0.00794206 -0.0237315 -0.0247775 0.181034 -0.983165 -0.00351215 0.983445 0.181174 ,-0.999525 0.0296153 -0.00852233 0.00750192 -0.0343975 -0.99938 -0.0298901 -0.998969 0.0341589 ,-0.999525 0.00750192 -0.0298901 0.0296153 -0.0343975 -0.998969 -0.00852233 -0.99938 0.0341589 ,-0.999293 0.0339669 0.0161225 -0.0359755 -0.988423 -0.147396 0.0109293 -0.147872 0.988946 ,14.1171 3.66662 22.1604 ,0.0472799 -0.0474432 -0.0682 ,0.0455748 -0.0711618 -0.0446813 ,-13.8953 -22.6447 -0.0418041 ,19.3055
V 551 :0.999589 0.0286471 0.00140604 -0.00409055 0.190911 -0.981599 -0.0283884 0.98119 0.190949 ,-0.999525 0.0296153 -0.00852233 0.00750192 -0.0343975 -0.99938 -0.0298901 -0.998969 0.0341589 ,-0.999525 0.00750192 -0.0298901 0.0296153 -0.0343975 -0.998969 -0.00852233 -0.99938 0.0341589 ,-0.998296 0.058103 -0.00540053 -0.0565292 -0.985897 -0.15752 -0.0144767 -0.156946 0.987501 ,14.6172 4.06145 21.3246 ,0.0472799 -0.0474432 -0.0682 ,0.0455748 -0.0711618 -0.0446813 ,-13.9398 -22.1922 -0.0721311 ,19.3055
V 552 :0.999515 -0.018722 -0.0248778 -0.0208702 0.190081 -0.981547 0.0231053 0.98159 0.189598 ,-0.999525 0.0296153 -0.00852233 0.00750192 -0.0343975 -0.99938 -0.0298901 -0.998969 0.0341589 ,-0.999525 0.00750192 -0.0298901 0.0296153 -0.0343975 -0.998969 -0.00852233 -0.99938 0.0341589 ,-0.999888 0.0072374 0.0131283 -0.00920081 -0.987671 -0.156273 0.0118354 -0.156377 0.987627 ,13.5723 3.80631 21.7979 ,0.0472799 -0.0474432 -0.0682 ,0.0455748 -0.0711618 -0.0446813 ,-13.9432 -21.9428 -0.0266483 ,19.3055
V 553 :0.99952 -0.0115844 -0.0287286 -0.0258766 0.197546 -0.979952 0.0170273 0.980225 0.197152 ,-0.999525 0.0296153 -0.00852233 0.00750192 -0.0343975 -0.99938 -0.0298901 -0.998969 0.0341589 ,-0.999525 0.00750192 -0.0298901 0.0296153 -0.0343975 -0.998969 -0.00852233 -0.99938 0.0341589 ,-0.999749 0.0134814 0.0179239 -0.0162382 -0.986353 -0.163842 0.0154705 -0.164091 0.986324 ,13.7413 3.7742 21.1702 ,0.0472799 -0.0474432 -0.0682 ,0.0455748 -0.0711618 -0.0446813 ,-13.9501 -21.4147 -0.0487532 ,19.3055
V 555 :0.999145 -0.0288349 -0.0296485 -0.0244483 0.16642 -0.985752 0.0333582 0.985634 0.165573 ,-0.999525 0.0296153 -0.00852233 0.00750192 -0.0343975 -0.99938 -0.0298901 -0.998969 0.0341589 ,-0.999525 0.00750192 -0.0298901 0.0296153 -0.0343975 -0.998969 -0.00852233 -0.99938 0.0341589 ,-0.999851 -0.0028928 0.0170576 0.00060895 -0.991196 -0.132403 0.0172904 -0.132373 0.991049 ,13.4272 3.01168 20.757 ,0.0472799 -0.0474432 -0.0682 ,0.0455748 -0.0711618 -0.0446813 ,-13.9883 -20.6493 -0.0358607 ,19.3055
V 556 :0.996147 -0.0827415 -0.0290688 -0.0146372 0.16995 -0.985344 0.0864691 0.981973 0.168084 ,-0.999525 0.0296153 -0.00852233 0.00750192 -0.0343975 -0.99938 -0.0298901 -0.998969 0.0341589 ,-0.999525 0.00750192 -0.0298901 0.0296153 -0.0343975 -0.998969 -0.00852233 -0.99938 0.0341589 ,-0.998368 -0.0563753 0.00909231 0.0546259 -0.989257 -0.135597 0.0166389 -0.134879 0.990722 ,12.2951 3.09811 21.0525 ,0.0472799 -0.0474432 -0.0682 ,0.0455748 -0.0711618 -0.0446813 ,-13.9808 -20.2612 -0.0945789 ,19.3055
V 557 :0.9987 -0.049996 -0.00999008 -0.003295 0.132242 -0.991212 0.0508778 0.989956 0.131905 ,-0.999525 0.0296153 -0.00852233 0.00750192 -0.0343975 -0.99938 -0.0298901 -0.998969 0.0341589 ,-0.999525 0.00750192 -0.0298901 0.0296153 -0.0343975 -0.998969 -0.00852233 -0.99938 0.0341589 ,-0.999771 -0.0211351 -0.00348036 0.0213744 -0.994965 -0.097918 -0.00139332 -0.0979699 0.995188 ,13.0108 2.48062 20.5174 ,0.0472799 -0.0474432 -0.0682 ,0.0455748 -0.0711618 -0.0446813 ,-13.9856 -20.065 -0.0799962 ,19.3055
V 558 :0.999601 0.0254669 -0.0122681 -0.015811 0.143949 -0.989459 -0.0234324 0.989258 0.144294 ,-0.999525 0.0296153 -0.00852233 0.00750192 -0.0343975 -0.99938 -0.0298901 -0.998969 0.0341589 ,-0.999525 0.00750192 -0.0298901 0.0296153 -0.0343975 -0.998969 -0.00852233 -0.99938 0.0341589 ,-0.998544 0.0535556 0.00648187 -0.0539439 -0.992435 -0.110285 0.000526461 -0.110474 0.993879 ,14.5498 2.51617 19.211 ,0.0472799 -0.0474432 -0.0682 ,0.0455748 -0.0711618 -0.0446813 ,-14.0044 -19.8105 -0.0673715 ,19.3055
V 559 :0.999184 0.0389395 0.0106851 0.00158098 0.226692 -0.973965 -0.0403479 0.973188 0.226445 ,-0.999525 0.0296153 -0.00852233 0.00750192 -0.0343975 -0.99938 -0.0298901 -0.998969 0.0341589 ,-0.999525 0.00750192 -0.0298901 0.0296153 -0.0343975 -0.998969 -0.00852233 -0.99938 0.0341589 ,-0.997492 0.0698431 -0.0114736 -0.0663091 -0.978829 -0.19364 -0.0247552 -0.192394 0.981006 ,14.8201 4.33936 18.4075 ,0.0472799 -0.0474432 -0.0682 ,0.0455748 -0.0711618 -0.0446813 ,-14.0222 -19.55 -0.0689945 ,19.3055
V 560 :0.998614 -0.0500469 -0.016331 -0.00613576 0.197453 -0.980293 0.0522853 0.979034 0.196872 ,-0.999525 0.0296153 -0.00852233 0.00750192 -0.0343975 -0.99938 -0.0298901 -0.998969 0.0341589 ,-0.999525 0.00750192 -0.0298901 0.0296153 -0.0343975 -0.998969 -0.00852233 -0.99938 0.0341589 ,-0.999748 -0.022446 -0.00059255 0.022241 -0.986299 -0.163461 0.00308462 -0.163433 0.98655 ,13.0844 3.59346 19.3845 ,0.0472799 -0.0474432 -0.0682 ,0.0455748 -0.0711618 -0.0446813 ,-14.0138 -19.1113 -0.0476297 ,19.3055
V 561 :0.998012 -0.0612149 0.0150113 0.0275447 0.20938 -0.977446 0.0566913 0.975917 0.21065 ,-0.999525 0.0296153 -0.00852233 0.00750192 -0.0343975 -0.99938 -0.0298901 -0.998969 0.0341589 ,-0.999525 0.00750192 -0.0298901 0.0296153 -0.0343975 -0.998969 -0.00852233 -0.99938 0.0341589 ,-0.999026 -0.0280238 -0.0340964 0.0335863 -0.983926 -0.175392 -0.0286332 -0.176367 0.983908 ,12.8688 4.22563 19.193 ,0.0472799 -0.0474432 -0.0682 ,0.0455748 -0.0711618 -0.0446813 ,-14.0057 -18.9072 -0.07315 ,19.3055
V 562 :0.99822 0.0586509 0.0107993 0.00294136 0.132445 -0.991186 -0.0595643 0.989454 0.132036 ,-0.999525 0.0296153 -0.00852233 0.00750192 -0.0343975 -0.99938 -0.0298901 -0.998969 0.0341589 ,-0.999525 0.00750192 -0.0298901 0.0296153 -0.0343975 -0.998969 -0.00852233 -0.99938 0.0341589 ,-0.995944 0.0889643 -0.0134814 -0.0872044 -0.991253 -0.0990638 -0.0221766 -0.0974863 0.99499 ,15.1117 2.37447 17.359 ,0.0472799 -0.0474432 -0.0682 ,0.0455748 -0.0711618 -0.0446813 ,-14.0067 -18.4477 -0.0631462 ,19.3055
V 563 :0.998843 0.0476743 -0.0063833 -0.0136055 0.152744 -0.988172 -0.0461354 0.987115 0.153216 ,-0.999525 0.0296153 -0.00852233 0.00750192 -0.0343975 -0.99938 -0.0298901 -0.998969 0.0341589 ,-0.999525 0.00750192 -0.0298901 0.0296153 -0.0343975 -0.998969 -0.00852233 -0.99938 0.0341589 ,-0.997091 0.0761369 0.00350867 -0.0760108 -0.98994 -0.119337 -0.00561256 -0.119256 0.992848 ,14.914 2.46431 17.3114 ,0.0472799 -0.0474432 -0.0682 ,0.0455748 -0.0711618 -0.0446813 ,-14.0136 -18.248 -0.0858784 ,19.3055
V 565 :0.999932 -0.0117083 -0.000388666 0.00169169 0.177147 -0.984183 0.011592 0.984115 0.177155 ,-0.999525 0.0296153 -0.00852233 0.00750192 -0.0343975 -0.99938 -0.0298901 -0.998969 0.0341589 ,-0.999525 0.00750192 -0.0298901 0.0296153 -0.0343975 -0.998969 -0.00852233 -0.99938 0.0341589 ,-0.99979 0.0179751 -0.00981642 -0.0163836 -0.989541 -0.143321 -0.01229 -0.14313 0.989628 ,13.838 2.98731 17.3729 ,0.0472799 -0.0474432 -0.0682 ,0.0455748 -0.0711618 -0.0446813 ,-13.9971 -17.5401 -0.0976576 ,19.3055
V 566 :0.997761 0.0647928 0.0166068 0.00731214 0.141132 -0.989964 -0.0664862 0.987869 0.140342 ,-0.999525 0.0296153 -0.00852233 0.00750192 -0.0343975 -0.99938 -0.0298901 -0.998969 0.0341589 ,-0.999525 0.00750192 -0.0298901 0.0296153 -0.0343975 -0.998969 -0.00852233 -0.99938 0.0341589 ,-0.995245 0.0957152 -0.018082 -0.0932308 -0.989786 -0.107852 -0.0282203 -0.105653 0.994003 ,15.1453 2.38211 15.842 ,0.0472799 -0.0474432 -0.0682 ,0.0455748 -0.0711618 -0.0446813 ,-14.0242 -17.0383 -0.0784307 ,19.3055
V 567 :0.999878 -0.00185998 0.0155488 0.0156333 0.176163 -0.984237 -0.00090845 0.98436 0.17617 ,-0.999525 0.0296153 -0.00852233 0.00750192 -0.0343975 -0.99938 -0.0298901 -0.998969 0.0341589 ,-0.999525 0.00750192 -0.0298901 0.0296153 -0.0343975 -0.998969 -0.00852233 -0.99938 0.0341589 ,-0.999258 0.0299815 -0.0241759 -0.026242 -0.989459 -0.142413 -0.0281908 -0.141673 0.989512 ,14.0578 3.05452 16.3153 ,0.0472799 -0.0474432 -0.0682 ,0.0455748 -0.0711618 -0.0446813 ,-14.0425 -16.6476 -0.051061 ,19.3055
V 568 :0.999555 -0.0181842 -0.023668 -0.0196065 0.197848 -0.980037 0.0225038 0.980065 0.197403 ,-0.999525 0.0296153 -0.00852233 0.00750192 -0.0343975 -0.99938 -0.0298901 -0.998969 0.0341589 ,-0.999525 0.00750192 -0.0298901 0.0296153 -0.0343975 -0.998969 -0.00852233 -0.99938 0.0341589 ,-0.9999 0.00779597 0.0118445 -0.00963449 -0.986398 -0.164092 0.0104042 -0.16419 0.986374 ,13.788 2.79373 16.1203 ,0.0472799 -0.0474432 -0.0682 ,0.0455748 -0.0711618 -0.0446813 ,-14.0432 -16.178 -0.0859883 ,19.3055
V 569 :0.997717 0.0674137 -0.00404686 -0.0161773 0.180384 -0.983463 -0.0655689 0.981283 0.181063 ,-0.999525 0.0296153 -0.00852233 0.00750192 -0.0343975 -0.99938 -0.0298901 -0.998969 0.0341589 ,-0.999525 0.00750192 -0.0298901 0.0296153 -0.0343975 -0.998969 -0.00852233 -0.99938 0.0341589 ,-0.995405 0.0956055 0.00542459 -0.0953591 -0.98448 -0.147328 -0.00874492 -0.147168 0.989073 ,15.1787 2.43048 14.2535 ,0.0472799 -0.0474432 -0.0682 ,0.0455748 -0.0711618 -0.0446813 ,-14.1177 -15.5207 -0.0949533 ,19.3055
V 570 :0.999081 -0.021911 -0.0368426 -0.033689 0.130092 -0.990929 0.0265052 0.99126 0.129234 ,-0.999525 0.0296153 -0.00852233 0.00750192 -0.0343975 -0.99938 -0.0298901 -0.998969 0.0341589 ,-0.999525 0.00750192 -0.0298901 0.0296153 -0.0343975 -0.998969 -0.00852233 -0.99938 0.0341589 ,-0.999651 0.00426909 0.026059 -0.00675238 -0.995362 -0.0959644 0.0255284 -0.0961069 0.995044 ,13.844 1.36 15.2712 ,0.0472799 -0.0474432 -0.0682 ,0.0455748 -0.0711618 -0.0446813 ,-14.1432 -15.0862 -0.0793988 ,19.3055
V 572 :0.999579 0.0210605 -0.0199643 -0.0226305 0.135072 -0.990577 -0.0181655 0.990612 0.135492 ,-0.999525 0.0296153 -0.00852233 0.00750192 -0.0343975 -0.99938 -0.0298901 -0.998969 0.0341589 ,-0.999525 0.00750192 -0.0298901 0.0296153 -0.0343975 -0.998969 -0.00852233 -0.99938 0.0341589 ,-0.998731 0.048528 0.0134772 -0.0496467 -0.993613 -0.10133 0.00847376 -0.10187 0.994762 ,14.5891 1.42786 13.5231 ,0.0472799 -0.0474432 -0.0682 ,0.0455748 -0.0711618 -0.0446813 ,-14.2554 -13.9692 -0.0897935 ,19.3055
V 573 :0.999562 -0.0174765 -0.0238786 -0.0208337 0.157414 -0.987313 0.0210136 0.987378 0.156981 ,-0.999525 0.0296153 -0.00852233 0.00750192 -0.0343975 -0.99938 -0.0298901 -0.998969 0.0341589 ,-0.999525 0.00750192 -0.0298901 0.0296153 -0.0343975 -0.998969 -0.00852233 -0.99938 0.0341589 ,-0.999872 0.00932703 0.01302 -0.0108637 -0.992293 -0.123439 0.0117683 -0.123565 0.992267 ,14.0682 1.66742 13.603 ,0.0472799 -0.0474432 -0.0682 ,0.0455748 -0.0711618 -0.0446813 ,-14.2663 -13.5235 -0.118208 ,19.3055
V 574 :0.999398 0.0316625 0.0142021 0.00867193 0.168402 -0.98568 -0.0336008 0.98521 0.168025 ,-0.999525 0.0296153 -0.00852233 0.00750192 -0.0343975 -0.99938 -0.0298901 -0.998969 0.0341589 ,-0.999525 0.00750192 -0.0298901 0.0296153 -0.0343975 -0.998969 -0.00852233 -0.99938 0.0341589 ,-0.997854 0.0628653 -0.0183315 -0.0598322 -0.989049 -0.134913 -0.0266121 -0.133527 0.990688 ,14.732 2.15679 12.2134 ,0.0472799 -0.0474432 -0.0682 ,0.0455748 -0.0711618 -0.0446813 ,-14.2823 -12.9361 -0.0994974 ,19.3055
V 575 :0.999838 -0.0170933 0.00567215 0.00843663 0.16628 -0.986042 0.0159115 0.985931 0.166397 ,-0.999525 0.0296153 -0.00852233 0.00750192 -0.0343975 -0.99938 -0.0298901 -0.998969 0.0341589 ,-0.999525 0.00750192 -0.0298901 0.0296153 -0.0343975 -0.998969 -0.00852233 -0.99938 0.0341589 ,-0.999775 0.0134252 -0.0164088 -0.011137 -0.99114 -0.132353 -0.0180403 -0.132141 0.991067 ,14.1271 2.08875 12.6074 ,0.0472799 -0.0474432 -0.0682 ,0.0455748 -0.0711618 -0.0446813 ,-14.2973 -12.6118 -0.0826799 ,19.3055
V 576 :0.99773 -0.0669361 -0.00733518 0.00403588 0.168181 -0.985748 0.0672158 0.983481 0.168069 ,-0.999525 0.0296153 -0.00852233 0.00750192 -0.0343975 -0.99938 -0.0298901 -0.998969 0.0341589 ,-0.999525 0.00750192 -0.0298901 0.0296153 -0.0343975 -0.998969 -0.00852233 -0.99938 0.0341589 ,-0.999235 -0.0377372 -0.0102403 0.0387696 -0.990235 -0.133911 -0.00508691 -0.134206 0.99094 ,13.4872 1.99267 12.9997 ,0.0472799 -0.0474432 -0.0682 ,0.0455748 -0.0711618 -0.0446813 ,-14.296 -12.2955 -0.0866878 ,19.3055
V 577 :0.997999 -0.0617903 -0.0134291 -0.00334548 0.160482 -0.987033 0.0631442 0.985103 0.159954 ,-0.999525 0.0296153 -0.00852233 0.00750192 -0.0343975 -0.99938 -0.0298901 -0.998969 0.0341589 ,-0.999525 0.00750192 -0.0298901 0.0296153 -0.0343975 -0.998969 -0.00852233 -0.99938 0.0341589 ,-0.999437 -0.0334079 -0.00300493 0.03352 -0.991438 -0.126206 0.00123708 -0.126236 0.992 ,13.5663 1.72663 12.6969 ,0.0472799 -0.0474432 -0.0682 ,0.0455748 -0.0711618 -0.0446813 ,-14.2921 -12.0243 -0.109218 ,19.3055
V 579 :0.999545 0.0257032 0.0157622 0.0110263 0.174952 -0.984515 -0.0280628 0.984242 0.174589 ,-0.999525 0.0296153 -0.00852233 0.00750192 -0.0343975 -0.99938 -0.0298901 -0.998969 0.0341589 ,-0.999525 0.00750192 -0.0298901 0.0296153 -0.0343975 -0.998969 -0.00852233 -0.99938 0.0341589 ,-0.998149 0.0572565 -0.0204966 -0.0537976 -0.988484 -0.141442 -0.028359 -0.140077 0.989734 ,14.6637 2.00528 10.5305 ,0.0472799 -0.0474432 -0.0682 ,0.0455748 -0.0711618 -0.0446813 ,-14.335 -11.1665 -0.0598634 ,19.3055
V 580 :0.999951 -0.00850157 0.00500173 0.00636451 0.168706 -0.985646 0.00753571 0.98563 0.168752 ,-0.999525 0.0296153 -0.00852233 0.00750192 -0.0343975 -0.99938 -0.0298901 -0.998969 0.0341589 ,-0.999525 0.00750192 -0.0298901 0.0296153 -0.0343975 -0.998969 -0.00852233 -0.99938 0.0341589 ,-0.999654 0.021867 -0.0146251 -0.0196974 -0.990669 -0.134861 -0.0174376 -0.134526 0.990757 ,14.2854 1.80856 10.8045 ,0.0472799 -0.0474432 -0.0682 ,0.0455748 -0.0711618 -0.0446813 ,-14.3312 -10.9085 -0.0766468 ,19.3055
V 581 :0.99965 0.00911094 -0.024831 -0.0259651 0.159148 -0.986913 -0.00503992 0.987213 0.159328 ,-0.999525 0.0296153 -0.00852233 0.00750192 -0.0343975 -0.99938 -0.0298901 -0.998969 0.0341589 ,-0.999525 0.00750192 -0.0298901 0.0296153 -0.0343975 -0.998969 -0.00852233 -0.99938 0.0341589 ,-0.99922 0.0355328 0.0172575 -0.0374206 -0.9914 -0.125404 0.0126531 -0.125952 0.991956 ,14.4805 1.17468 10.1822 ,0.0472799 -0.0474432 -0.0682 ,0.0455748 -0.0711618 -0.0446813 ,-14.3448 -10.4454 -0.0686614 ,19.3055
V 582 :0.996745 0.080566 0.00294164 -0.00891138 0.146367 -0.98919 -0.0801257 0.985944 0.146608 ,-0.999525 0.0296153 -0.00852233 0.00750192 -0.0343975 -0.99938 -0.0298901 -0.998969 0.0341589 ,-0.999525 0.00750192 -0.0298901 0.0296153 -0.0343975 -0.998969 -0.00852233 -0.99938 0.0341589 ,-0.993943 0.109869 -0.00232574 -0.1089 -0.987577 -0.113284 -0.0147432 -0.112345 0.99356 ,15.1928 1.25403 8.89901 ,0.0472799 -0.0474432 -0.0682 ,0.0455748 -0.0711618 -0.0446813 ,-14.3661 -10.2519 -0.0718182 ,19.3055
V 583 :0.999818 0.0143059 0.0125952 0.0103336 0.148422 -0.98887 -0.0160161 0.988821 0.148248 ,-0.999525 0.0296153 -0.00852233 0.00750192 -0.0343975 -0.99938 -0.0298901 -0.998969 0.0341589 ,-0.999525 0.00750192 -0.0298901 0.0296153 -0.0343975 -0.998969 -0.00852233 -0.99938 0.0341589 ,-0.998787 0.0452541 -0.0193951 -0.0427416 -0.992483 -0.114675 -0.0244388 -0.113707 0.993214 ,14.5638 1.49222 9.45591 ,0.0472799 -0.0474432 -0.0682 ,0.0455748 -0.0711618 -0.0446813 ,-14.3773 -9.85382 -0.0722329 ,19.3055
V 584 :0.997642 -0.0662888 0.0177998 0.0273953 0.146789 -0.988788 0.0629328 0.986944 0.148259 ,-0.999525 0.0296153 -0.00852233 0.00750192 -0.0343975 -0.99938 -0.0298901 -0.998969 0.0341589 ,-0.999525 0.00750192 -0.0298901 0.0296153 -0.0343975 -0.998969 -0.00852233 -0.99938 0.0341589 ,-0.998844 -0.0342647 -0.0337308 0.0378586 -0.992939 -0.11242 -0.0296406 -0.113567 0.993088 ,13.7229 1.69325 10.3155 ,0.0472799 -0.0474432 -0.0682 ,0.0455748 -0.0711618 -0.0446813 ,-14.3445 -9.59709 -0.0617163 ,19.3055
V 585 :0.995314 -0.095335 0.0161571 0.032293 0.170231 -0.984875 0.0911426 0.980782 0.172512 ,-0.999525 0.0296153 -0.00852233 0.00750192 -0.0343975 -0.99938 -0.0298901 -0.998969 0.0341589 ,-0.999525 0.00750192 -0.0298901 0.0296153 -0.0343975 -0.998969 -0.00852233 -0.99938 0.0341589 ,-0.997323 -0.0626829 -0.0376421 0.0672511 -0.98845 -0.13581 -0.0286943 -0.137978 0.99002 ,13.4135 1.92202 10.4661 ,0.0472799 -0.0474432 -0.0682 ,0.0455748 -0.0711618 -0.0446813 ,-14.3273 -9.39284 -0.0935731 ,19.3055
V 586 :0.99707 -0.0760697 -0.00803395 0.00274094 0.140492 -0.990078 0.0764437 0.987156 0.140288 ,-0.999525 0.0296153 -0.00852233 0.00750192 -0.0343975 -0.99938 -0.0298901 -0.998969 0.0341589 ,-0.999525 0.00750192 -0.0298901 0.0296153 -0.0343975 -0.998969 -0.00852233 -0.99938 0.0341589 ,-0.998861 -0.0469306 -0.00862537 0.0475813 -0.993223 -0.106036 -0.00359058 -0.106326 0.994325 ,13.6323 1.1967 9.97466 ,0.0472799 -0.0474432 -0.0682 ,0.0455748 -0.0711618 -0.0446813 ,-14.3164 -9.05524 -0.0679555 ,19.3055
V 587 :0.998679 -0.00777387 -0.0507849 -0.0490986 0.146659 -0.987968 0.0151284 0.989157 0.146084 ,-0.999525 0.0296153 -0.00852233 0.00750192 -0.0343975 -0.99938 -0.0298901 -0.998969 0.0341589 ,-0.999525 0.00750192 -0.0298901 0.0296153 -0.0343975 -0.998969 -0.00852233 -0.99938 0.0341589 ,-0.999026 0.0161523 0.0410738 -0.0206956 -0.993412 -0.112714 0.0389827 -0.113454 0.992778 ,14.2855 0.433596 8.78528 ,0.0472799 -0.0474432 -0.0682 ,0.0455748 -0.0711618 -0.0446813 ,-14.3297 -8.71734 -0.0950149 ,19.3055
V 589 :0.997727 -0.047442 -0.0478513 -0.039487 0.163779 -0.985706 0.054601 0.985356 0.161534 ,-0.999525 0.0296153 -0.00852233 0.00750192 -0.0343975 -0.99938 -0.0298901 -0.998969 0.0341589 ,-0.999525 0.00750192 -0.0298901 0.0296153 -0.0343975 -0.998969 -0.00852233 -0.99938 0.0341589 ,-0.999182 -0.0236384 0.0328247 0.0191958 -0.991379 -0.129615 0.0356056 -0.128879 0.991021 ,13.9471 0.679754 8.85179 ,0.0472799 -0.0474432 -0.0682 ,0.0455748 -0.0711618 -0.0446813 ,-14.3265 -8.24902 -0.0589537 ,19.3055
V 590 :0.99636 -0.0715253 -0.046385 -0.0328744 0.179658 -0.98318 0.0786556 0.981126 0.176652 ,-0.999525 0.0296153 -0.00852233 0.00750192 -0.0343975 -0.99938 -0.0298901 -0.998969 0.0341589 ,-0.999525 0.00750192 -0.0298901 0.0296153 -0.0343975 -0.998969 -0.00852233 -0.99938 0.0341589 ,-0.998484 -0.0479362 0.0270495 0.0435131 -0.988412 -0.145423 0.0337071 -0.144025 0.989 ,13.7325 0.83092 8.96992 ,0.0472799 -0.0474432 -0.0682 ,0.0455748 -0.0711618 -0.0446813 ,-14.3174 -8.0465 -0.0982285 ,19.3055
V 591 :0.998986 -0.0311873 -0.0324632 -0.0261272 0.18557 -0.982284 0.0366589 0.982136 0.184567 ,-0.999525 0.0296153 -0.00852233 0.00750192 -0.0343975 -0.99938 -0.0298901 -0.998969 0.0341589 ,-0.999525 0.00750192 -0.0298901 0.0296153 -0.0343975 -0.998969 -0.00852233 -0.99938 0.0341589 ,-0.999804 -0.00613713 0.0188495 0.00320841 -0.988431 -0.15164 0.0195621 -0.15155 0.988256 ,14.114 0.930505 8.04195 ,0.0472799 -0.0474432 -0.0682 ,0.0455748 -0.0711618 -0.0446813 ,-14.3242 -7.70805 -0.0795905 ,19.3055
V 592 :0.994878 0.0904192 -0.0451907 -0.0619861 0.192573 -0.979323 -0.0798471 0.977108 0.197191 ,-0.999525 0.0296153 -0.00852233 0.00750192 -0.0343975 -0.99938 -0.0298901 -0.998969 0.0341589 ,-0.999525 0.00750192 -0.0298901 0.0296153 -0.0343975 -0.998969 -0.00852233 -0.99938 0.0341589 ,-0.992484 0.111361 0.0507415 -0.118137 -0.980047 -0.159847 0.0319283 -0.16464 0.985837 ,15.0191 0.399342 6.00521 ,0.0472799 -0.0474432 -0.0682 ,0.0455748 -0.0711618 -0.0446813 ,-14.3825 -7.37415 -0.0834882 ,19.3055
V 593 :0.99657 0.081282 -0.015509 -0.0275722 0.149465 -0.988383 -0.0780197 0.98542 0.151194 ,-0.999525 0.0296153 -0.00852233 0.00750192 -0.0343975 -0.99938 -0.0298901 -0.998969 0.0341589 ,-0.999525 0.00750192 -0.0298901 0.0296153 -0.0343975 -0.998969 -0.00852233 -0.99938 0.0341589 ,-0.993972 0.108401 0.016397 -0.109577 -0.987139 -0.116404 0.00356771 -0.117499 0.993067 ,14.9876 0.531341 5.74931 ,0.0472799 -0.0474432 -0.0682 ,0.0455748 -0.0711618 -0.0446813 ,-14.4192 -7.03358 -0.0758005 ,19.3055
V 594 :0.999192 0.0401739 -0.00142055 -0.00871042 0.181874 -0.983283 -0.039244 0.982501 0.182076 ,-0.999525 0.0296153 -0.00852233 0.00750192 -0.0343975 -0.99938 -0.0298901 -0.998969 0.0341589 ,-0.999525 0.00750192 -0.0298901 0.0296153 -0.0343975 -0.998969 -0.00852233 -0.99938 0.0341589 ,-0.99761 0.0690946 -0.00115096 -0.0681575 -0.986555 -0.148542 -0.0113989 -0.148108 0.988905 ,14.7169 0.9329 5.91103 ,0.0472799 -0.0474432 -0.0682 ,0.0455748 -0.0711618 -0.0446813 ,-14.4145 -6.64223 -0.103882 ,19.3055
V 595 :0.999393 0.0346907 0.00319206 -0.00298882 0.176671 -0.984265 -0.0347088 0.983659 0.176667 ,-0.999525 0.0296153 -0.00852233 0.00750192 -0.0343975 -0.99938 -0.0298901 -0.998969 0.0341589 ,-0.999525 0.00750192 -0.0298901 0.0296153 -0.0343975 -0.998969 -0.00852233 -0.99938 0.0341589 ,-0.997903 0.0643732 -0.00671581 -0.0627506 -0.987694 -0.143256 -0.015855 -0.142534 0.989663 ,14.6816 0.946067 5.57811 ,0.0472799 -0.0474432 -0.0682 ,0.0455748 -0.0711618 -0.0446813 ,-14.4265 -6.23724 -0.0663543 ,19.3055
V 596 :0.99906 -0.0314664 0.0298337 0.035274 0.189645 -0.981219 0.0252177 0.981349 0.190576 ,-0.999525 0.0296153 -0.00852233 0.00750192 -0.0343975 -0.99938 -0.0298901 -0.998969 0.0341589 ,-0.999525 0.00750192 -0.0298901 0.0296153 -0.0343975 -0.998969 -0.00852233 -0.99938 0.0341589 ,-0.999074 0.00318246 -0.042905 0.00354156 -0.987792 -0.155737 -0.0428769 -0.155745 0.986866 ,14.3256 1.46384 5.91004 ,0.0472799 -0.0474432 -0.0682 ,0.0455748 -0.0711618 -0.0446813 ,-14.469 -5.70405 -0.0823863 ,19.3055
V 597 :0.99775 -0.0622295 0.0249666 0.0364556 0.190959 -0.980921 0.0562746 0.979624 0.192798 ,-0.999525 0.0296153 -0.00852233 0.00750192 -0.0343975 -0.99938 -0.0298901 -0.998969 0.0341589 ,-0.999525 0.00750192 -0.0298901 0.0296153 -0.0343975 -0.998969 -0.00852233 -0.99938 0.0341589 ,-0.998684 -0.0279219 -0.0430139 0.0343514 -0.987025 -0.156847 -0.0380763 -0.158118 0.986686 ,14.1638 1.42964 6.03512 ,0.0472799 -0.0474432 -0.0682 ,0.0455748 -0.0711618 -0.0446813 ,-14.482 -5.38255 -0.0802504 ,19.3055
V 599 :0.999944 0.00644374 0.00847496 0.00719833 0.177308 -0.984129 -0.00784414 0.984135 0.177251 ,-0.999525 0.0296153 -0.00852233 0.00750192 -0.0343975 -0.99938 -0.0298901 -0.998969 0.0341589 ,-0.999525 0.00750192 -0.0298901 0.0296153 -0.0343975 -0.998969 -0.00852233 -0.99938 0.0341589 ,-0.99918 0.0372021 -0.0159837 -0.0345264 -0.989028 -0.143636 -0.0211519 -0.142966 0.989502 ,14.6073 0.850547 4.59905 ,0.0472799 -0.0474432 -0.0682 ,0.0455748 -0.0711618 -0.0446813 ,-14.529 -4.84624 -0.066932 ,19.3055
V 601 :0.997234 -0.0738636 0.00837032 0.0206296 0.166812 -0.985773 0.0714165 0.983219 0.167874 ,-0.999525 0.0296153 -0.00852233 0.00750192 -0.0343975 -0.99938 -0.0298901 -0.998969 0.0341589 ,-0.999525 0.00750192 -0.0298901 0.0296153 -0.0343975 -0.998969 -0.00852233 -0.99938 0.0341589 ,-0.99874 -0.0425191 -0.0266761 0.0456914 -0.99013 -0.132493 -0.0207793 -0.133545 0.990825 ,14.2791 0.816127 4.83794 ,0.0472799 -0.0474432 -0.0682 ,0.0455748 -0.0711618 -0.0446813 ,-14.5606 -3.91664 -0.0914541 ,19.3055
V 602 :0.998599 -0.0512552 0.0131623 0.0216527 0.168803 -0.985412 0.0482856 0.984316 0.169676 ,-0.999525 0.0296153 -0.00852233 0.00750192 -0.0343975 -0.99938 -0.0298901 -0.998969 0.0341589 ,-0.999525 0.00750192 -0.0298901 0.0296153 -0.0343975 -0.998969 -0.00852233 -0.99938 0.0341589 ,-0.999405 -0.0194068 -0.0285003 0.0230758 -0.990626 -0.134638 -0.0256202 -0.135216 0.990485 ,14.4169 0.782089 4.10285 ,0.0472799 -0.0474432 -0.0682 ,0.0455748 -0.0711618 -0.0446813 ,-14.5688 -3.50914 -0.0794349 ,19.3055
V 604 :0.997399 -0.0718278 -0.00611551 0.0035539 0.133725 -0.991012 0.072 0.988412 0.133633 ,-0.999525 0.0296153 -0.00852233 0.00750192 -0.0343975 -0.99938 -0.0298901 -0.998969 0.0341589 ,-0.999525 0.00750192 -0.0298901 0.0296153 -0.0343975 -0.998969 -0.00852233 -0.99938 0.0341589 ,-0.99905 -0.0425097 -0.00959241 0.0432531 -0.994121 -0.0992673 -0.00531618 -0.0995879 0.995015 ,14.4163 0.297994 3.68244 ,0.0472799 -0.0474432 -0.0682 ,0.0455748 -0.0711618 -0.0446813 ,-14.6029 -2.72127 -0.0710011 ,19.3055
V 605 :0.999466 -0.030979 0.0103488 0.0149031 0.150605 -0.988482 0.0290636 0.988109 0.150986 ,-0.999525 0.0296153 -0.00852233 0.00750192 -0.0343975 -0.99938 -0.0298901 -0.998969 0.0341589 ,-0.999525 0.00750192 -0.0298901 0.0296153 -0.0343975 -0.998969 -0.00852233 -0.99938 0.0341589 ,-0.999749 5.32565e-05 -0.0224188 0.00255942 -0.993188 -0.116495 -0.0222723 -0.116523 0.992938 ,14.5552 0.414947 2.72638 ,0.0472799 -0.0474432 -0.0682 ,0.0455748 -0.0711618 -0.0446813 ,-14.5883 -2.38154 -0.115017 ,19.3055
V 606 :0.999787 -0.000663856 -0.0206323 -0.0203012 0.149489 -0.988555 0.00374055 0.988763 0.149443 ,-0.999525 0.0296153 -0.00852233 0.00750192 -0.0343975 -0.99938 -0.0298901 -0.998969 0.0341589 ,-0.999525 0.00750192 -0.0298901 0.0296153 -0.0343975 -0.998969 -0.00852233 -0.99938 0.0341589 ,-0.999576 0.0265706 0.0118959 -0.0277693 -0.992906 -0.115615 0.00873953 -0.115897 0.993223 ,14.6268 -0.105172 2.16152 ,0.0472799 -0.0474432 -0.0682 ,0.0455748 -0.0711618 -0.0446813 ,-14.5859 -2.18635 -0.0894763 ,19.3055
V 607 :0.999078 0.0405674 -0.0140401 -0.0199144 0.148245 -0.98875 -0.0380297 0.988118 0.148916 ,-0.999525 0.0296153 -0.00852233 0.00750192 -0.0343975 -0.99938 -0.0298901 -0.998969 0.0341589 ,-0.999525 0.00750192 -0.0298901 0.0296153 -0.0343975 -0.998969 -0.00852233 -0.99938 0.0341589 ,-0.997616 0.0682635 0.0100885 -0.068971 -0.990998 -0.114745 0.00216475 -0.115168 0.993344 ,14.7109 -0.116669 1.36208 ,0.0472799 -0.0474432 -0.0682 ,0.0455748 -0.0711618 -0.0446813 ,-14.5971 -1.99788 -0.07556 ,19.3055
V 609 :0.999707 0.00101261 0.0241849 0.0236143 0.178768 -0.983608 -0.00531949 0.983891 0.178692 ,-0.999525 0.0296153 -0.00852233 0.00750192 -0.0343975 -0.99938 -0.0298901 -0.998969 0.0341589 ,-0.999525 0.00750192 -0.0298901 0.0296153 -0.0343975 -0.998969 -0.00852233 -0.99938 0.0341589 ,-0.998896 0.0341084 -0.0323012 -0.0290796 -0.988996 -0.145057 -0.0368934 -0.143958 0.988896 ,14.6567 0.493814 1.31444 ,0.0472799 -0.0474432 -0.0682 ,0.0455748 -0.0711618 -0.0446813 ,-14.6106 -1.47192 -0.068009 ,19.3055
V 610 :0.998491 -0.0526073 0.0157842 0.0244551 0.168502 -0.985398 0.0491795 0.984297 0.169534 ,-0.999525 0.0296153 -0.00852233 0.00750192 -0.0343975 -0.99938 -0.0298901 -0.998969 0.0341589 ,-0.999525 0.00750192 -0.0298901 0.0296153 -0.0343975 -0.998969 -0.00852233 -0.99938 0.0341589 ,-0.999303 -0.0203994 -0.0312695 0.0244257 -0.990636 -0.134326 -0.0282365 -0.134997 0.990444 ,14.5451 0.429816 1.85311 ,0.0472799 -0.0474432 -0.0682 ,0.0455748 -0.0711618 -0.0446813 ,-14.5821 -1.20886 -0.0842732 ,19.3055
V 611 :0.997407 -0.0715584 0.00769447 0.020803 0.184298 -0.98265 0.0688988 0.980263 0.185308 ,-0.999525 0.0296153 -0.00852233 0.00750192 -0.0343975 -0.99938 -0.0298901 -0.998969 0.0341589 ,-0.999525 0.00750192 -0.0298901 0.0296153 -0.0343975 -0.998969 -0.00852233 -0.99938 0.0341589 ,-0.998837 -0.0400048 -0.0269368 0.0436068 -0.987711 -0.150089 -0.0206015 -0.151089 0.988306 ,14.5018 0.3295 1.9325 ,0.0472799 -0.0474432 -0.0682 ,0.0455748 -0.0711618 -0.0446813 ,-14.5627 -0.996344 -0.111563 ,19.3055
V 612 :0.999384 -0.0325015 0.0132714 0.0188959 0.179392 -0.983596 0.0295876 0.983241 0.179896 ,-0.999525 0.0296153 -0.00852233 0.00750192 -0.0343975 -0.99938 -0.0298901 -0.998969 0.0341589 ,-0.999525 0.00750192 -0.0298901 0.0296153 -0.0343975 -0.998969 -0.00852233 -0.99938 0.0341589 ,-0.999652 -0.000609932 -0.0263906 0.00444264 -0.989361 -0.145417 -0.0260211 -0.145484 0.989018 ,14.5696 0.286792 1.15819 ,0.0472799 -0.0474432 -0.0682 ,0.0455748 -0.0711618 -0.0446813 ,-14.5559 -0.793801 -0.0846021 ,19.3055
V 613 :0.99921 0.0293065 0.0268264 0.0218765 0.1578 -0.987229 -0.0331654 0.987036 0.157034 ,-0.999525 0.0296153 -0.00852233 0.00750192 -0.0343975 -0.99938 -0.0298901 -0.998969 0.0341589 ,-0.999525 0.00750192 -0.0298901 0.0296153 -0.0343975 -0.998969 -0.00852233 -0.99938 0.0341589 ,-0.99758 0.0619707 -0.0315115 -0.0576114 -0.990579 -0.124236 -0.0389136 -0.12212 0.991752 ,14.6242 0.296168 0.0560471 ,0.0472799 -0.0474432 -0.0682 ,0.0455748 -0.0711618 -0.0446813 ,-14.5689 -0.604058 -0.0713363 ,19.3055
V 615 :0.999703 -0.0111483 0.0216953 0.0231612 0.154881 -0.987662 0.00765056 0.98787 0.155093 ,-0.999525 0.0296153 -0.00852233 0.00750192 -0.0343975 -0.99938 -0.0298901 -0.998969 0.0341589 ,-0.999525 0.00750192 -0.0298901 0.0296153 -0.0343975 -0.998969 -0.00852233 -0.99938 0.0341589 ,-0.999283 0.0211672 -0.0314053 -0.0172227 -0.99251 -0.120946 -0.0337301 -0.120318 0.992162 ,14.6409 0.236701 0.134773 ,0.0472799 -0.0474432 -0.0682 ,0.0455748 -0.0711618 -0.0446813 ,-14.5974 -0.0818257 -0.0674533 ,19.3055
V 616 :0.998912 -0.0446428 0.0134638 0.0202781 0.155897 -0.987565 0.0419887 0.986764 0.156632 ,-0.999525 0.0296153 -0.00852233 0.00750192 -0.0343975 -0.99938 -0.0298901 -0.998969 0.0341589 ,-0.999525 0.00750192 -0.0298901 0.0296153 -0.0343975 -0.998969 -0.00852233 -0.99938 0.0341589 ,-0.999541 -0.0130598 -0.0273443 0.0162966 -0.992432 -0.121713 -0.0255478 -0.122102 0.992189 ,14.6262 0.136819 0.387638 ,0.0472799 -0.0474432 -0.0682 ,0.0455748 -0.0711618 -0.0446813 ,-14.5859 0.172312 -0.0857148 ,19.3055
V 617 :0.999646 0.010904 0.0242691 0.021919 0.179531 -0.983508 -0.0150813 0.983692 0.179229 ,-0.999525 0.0296153 -0.00852233 0.00750192 -0.0343975 -0.99938 -0.0298901 -0.998969 0.0341589 ,-0.999525 0.00750192 -0.0298901 0.0296153 -0.0343975 -0.998969 -0.00852233 -0.99938 0.0341589 ,-0.998556 0.0439166 -0.0309399 -0.0389547 -0.988531 -0.145911 -0.0369929 -0.144495 0.988814 ,14.63 0.0792674 -0.769741 ,0.0472799 -0.0474432 -0.0682 ,0.0455748 -0.0711618 -0.0446813 ,-14.591 0.50834 -0.103553 ,19.3055
V 618 :0.994714 0.0992164 0.0264625 0.0106519 0.156616 -0.987602 -0.102131 0.982664 0.154731 ,-0.999525 0.0296153 -0.00852233 0.00750192 -0.0343975 -0.99938 -0.0298901 -0.998969 0.0341589 ,-0.999525 0.00750192 -0.0298901 0.0296153 -0.0343975 -0.998969 -0.00852233 -0.99938 0.0341589 ,-0.991109 0.131118 -0.0226112 -0.127366 -0.9841 -0.123798 -0.0384838 -0.119817 0.99205 ,14.5241 -0.0727248 -2.23446 ,0.0472799 -0.0474432 -0.0682 ,0.0455748 -0.0711618 -0.0446813 ,-14.6213 0.696327 -0.0728728 ,19.3055
V 619 :0.981524 0.187736 0.0369511 -0.00015893 0.19392 -0.981017 -0.191338 0.962887 0.190367 ,-0.999525 0.0296153 -0.00852233 0.00750192 -0.0343975 -0.99938 -0.0298901 -0.998969 0.0341589 ,-0.999525 0.00750192 -0.0298901 0.0296153 -0.0343975 -0.998969 -0.00852233 -0.99938 0.0341589 ,-0.97534 0.220214 -0.0147419 -0.214973 -0.963005 -0.162508 -0.0499832 -0.155332 0.986597 ,14.2771 -0.352274 -3.83678 ,0.0472799 -0.0474432 -0.0682 ,0.0455748 -0.0711618 -0.0446813 ,-14.6881 1.01638 -0.10744 ,19.3055
V 620 :0.983678 0.175693 0.038855 0.00519675 0.188107 -0.982135 -0.179863 0.966306 0.184123 ,-0.999525 0.0296153 -0.00852233 0.00750192 -0.0343975 -0.99938 -0.0298901 -0.998969 0.0341589 ,-0.999525 0.00750192 -0.0298901 0.0296153 -0.0343975 -0.998969 -0.00852233 -0.99938 0.0341589 ,-0.977796 0.208631 -0.0197207 -0.203081 -0.966578 -0.156479 -0.0517079 -0.149 0.987484 ,14.3251 -0.280092 -3.92465 ,0.0472799 -0.0474432 -0.0682 ,0.0455748 -0.0711618 -0.0446813 ,-14.7372 1.26176 -0.0731964 ,19.3055
V 621 :0.982845 0.183782 0.0154942 -0.0172713 0.175354 -0.984354 -0.183623 0.9672 0.17552 ,-0.999525 0.0296153 -0.00852233 0.00750192 -0.0343975 -0.99938 -0.0298901 -0.998969 0.0341589 ,-0.999525 0.00750192 -0.0298901 0.0296153 -0.0343975 -0.998969 -0.00852233 -0.99938 0.0341589 ,-0.977019 0.213135 0.00261208 -0.211289 -0.966792 -0.143773 -0.0281177 -0.141021 0.989607 ,14.3007 -0.603594 -4.09667 ,0.0472799 -0.0474432 -0.0682 ,0.0455748 -0.0711618 -0.0446813 ,-14.7582 1.37434 -0.0612195 ,19.3055
V 622 :0.97374 0.225958 0.0278111 -0.0176197 0.19659 -0.980327 -0.22698 0.954095 0.195409 ,-0.999525 0.0296153 -0.00852233 0.00750192 -0.0343975 -0.99938 -0.0298901 -0.998969 0.0341589 ,-0.999525 0.00750192 -0.0298901 0.0296153 -0.0343975 -0.998969 -0.00852233 -0.99938 0.0341589 ,-0.966626 0.25619 0.00155684 -0.252893 -0.953182 -0.165803 -0.040993 -0.160663 0.986158 ,14.1122 -0.729975 -4.95716 ,0.0472799 -0.0474432 -0.0682 ,0.0455748 -0.0711618 -0.0446813 ,-14.8172 1.62064 -0.104919 ,19.3055
V 623 :0.914321 0.402492 0.0449135 -0.0331017 0.1848 -0.982219 -0.403635 0.896577 0.18229 ,-0.999525 0.0296153 -0.00852233 0.00750192 -0.0343975 -0.99938 -0.0298901 -0.998969 0.0341589 ,-0.999525 0.00750192 -0.0298901 0.0296153 -0.0343975 -0.998969 -0.00852233 -0.99938 0.0341589 ,-0.90207 0.431435 0.0115013 -0.427713 -0.890089 -0.157489 -0.0577093 -0.146986 0.987454 ,12.9467 -0.984332 -7.78819 ,0.0472799 -0.0474432 -0.0682 ,0.0455748 -0.0711618 -0.0446813 ,-14.9413 1.90277 -0.0923161 ,19.3055
V 624 :0.785557 0.613411 0.0814067 -0.0539698 0.198976 -0.978517 -0.616431 0.764288 0.189413 ,-0.999525 0.0296153 -0.00852233 0.00750192 -0.0343975 -0.99938 -0.0298901 -0.998969 0.0341589 ,-0.999525 0.00750192 -0.0298901 0.0296153 -0.0343975 -0.998969 -0.00852233 -0.99938 0.0341589 ,-0.767164 0.640917 0.026185 -0.634471 -0.752178 -0.177973 -0.0943704 -0.153148 0.983687 ,10.6354 -1.41514 -11.1153 ,0.0472799 -0.0474432 -0.0682 ,0.0455748 -0.0711618 -0.0446813 ,-15.2012 2.22039 -0.1078 ,19.3055
V 625 :0.655066 0.753658 0.0537562 -0.0888773 0.147512 -0.985059 -0.750327 0.640501 0.163613 ,-0.999525 0.0296153 -0.00852233 0.00750192 -0.0343975 -0.99938 -0.0298901 -0.998969 0.0341589 ,-0.999525 0.00750192 -0.0298901 0.0296153 -0.0343975 -0.998969 -0.00852233 -0.99938 0.0341589 ,-0.632994 0.772011 0.0576091 -0.771338 -0.622595 -0.131965 -0.0660109 -0.127969 0.989579 ,8.34972 -1.92254 -13.3826 ,0.0472799 -0.0474432 -0.0682 ,0.0455748 -0.0711618 -0.0446813 ,-15.5955 2.5473 -0.114974 ,19.3055
V 626 :0.409826 0.910348 0.0575331 -0.116961 0.114997 -0.986456 -0.904634 0.397546 0.153603 ,-0.999525 0.0296153 -0.00852233 0.00750192 -0.0343975 -0.99938 -0.0298901 -0.998969 0.0341589 ,-0.999525 0.00750192 -0.0298901 0.0296153 -0.0343975 -0.998969 -0.00852233 -0.99938 0.0341589 ,-0.383469 0.919862 0.082494 -0.920935 -0.374132 -0.109104 -0.0694973 -0.11781 0.990601 ,4.15049 -2.31044 -15.538 ,0.0472799 -0.0474432 -0.0682 ,0.0455748 -0.0711618 -0.0446813 ,-15.9408 2.67484 -0.0922019 ,19.3055
V 627 :0.208386 0.977428 0.0347853 -0.155106 0.0681426 -0.985545 -0.965669 0.199979 0.165805 ,-0.999525 0.0296153 -0.00852233 0.00750192 -0.0343975 -0.99938 -0.0298901 -0.998969 0.0341589 ,-0.999525 0.00750192 -0.0298901 0.0296153 -0.0343975 -0.998969 -0.00852233 -0.99938 0.0341589 ,-0.180587 0.976181 0.120248 -0.98243 -0.173169 -0.0695993 -0.0471182 -0.130704 0.990301 ,0.795533 -2.86488 -16.3323 ,0.0472799 -0.0474432 -0.0682 ,0.0455748 -0.0711618 -0.0446813 ,-16.2987 2.7131 -0.106066 ,19.3055
V 628 :0.184709 0.98278 0.00502233 -0.179062 0.0386777 -0.983077 -0.966343 0.180684 0.183123 ,-0.999525 0.0296153 -0.00852233 0.00750192 -0.0343975 -0.99938 -0.0298901 -0.998969 0.0341589 ,-0.999525 0.00750192 -0.0298901 0.0296153 -0.0343975 -0.998969 -0.00852233 -0.99938 0.0341589 ,-0.15708 0.976977 0.144368 -0.987424 -0.152722 -0.0408574 -0.0178685 -0.14897 0.98868 ,0.415278 -3.29296 -16.9327 ,0.0472799 -0.0474432 -0.0682 ,0.0455748 -0.0711618 -0.0446813 ,-16.946 2.811 -0.104163 ,19.3055
V 630 :0.178343 0.983932 0.00840433 -0.183344 0.0416213 -0.982167 -0.966736 0.173621 0.187821 ,-0.999525 0.0296153 -0.00852233 0.00750192 -0.0343975 -0.99938 -0.0298901 -0.998969 0.0341589 ,-0.999525 0.00750192 -0.0298901 0.0296153 -0.0343975 -0.998969 -0.00852233 -0.99938 0.0341589 ,-0.150737 0.977328 0.148688 -0.988342 -0.145735 -0.0440502 -0.0213825 -0.153595 0.987903 ,0.495952 -3.57604 -18.1191 ,0.0472799 -0.0474432 -0.0682 ,0.0455748 -0.0711618 -0.0446813 ,-18.1775 2.83943 -0.0790984 ,19.3055
V 631 :0.0409964 0.998712 0.0299003 -0.196055 0.0373844 -0.97988 -0.979736 0.0343094 0.197335 ,-0.999525 0.0296153 -0.00852233 0.00750192 -0.0343975 -0.99938 -0.0298901 -0.998969 0.0341589 ,-0.999525 0.00750192 -0.0298901 0.0296153 -0.0343975 -0.998969 -0.00852233 -0.99938 0.0341589 ,-0.0131633 0.986684 0.162117 -0.998983 -0.00598278 -0.0447006 -0.0431355 -0.162541 0.985758 ,-1.99895 -3.88829 -18.547 ,0.0472799 -0.0474432 -0.0682 ,0.0455748 -0.0711618 -0.0446813 ,-18.7735 2.82118 -0.0558614 ,19.3055
V 632 :0.159853 0.986609 0.032395 -0.173423 0.0603747 -0.982995 -0.971788 0.151516 0.180752 ,-0.999525 0.0296153 -0.00852233 0.00750192 -0.0343975 -0.99938 -0.0298901 -0.998969 0.0341589 ,-0.999525 0.00750192 -0.0298901 0.0296153 -0.0343975 -0.998969 -0.00852233 -0.99938 0.0341589 ,-0.132031 0.981486 0.138758 -0.990217 -0.124218 -0.0635699 -0.0451567 -0.145794 0.988284 ,0.354955 -3.61721 -19.2558 ,0.0472799 -0.0474432 -0.0682 ,0.0455748 -0.0711618 -0.0446813 ,-19.3145 2.8192 -0.0508355 ,19.3055
V 633 :0.0119611 0.999728 0.0200442 -0.178777 0.0218608 -0.983647 -0.983817 0.00818206 0.178989 ,-0.999525 0.0296153 -0.00852233 0.00750192 -0.0343975 -0.99938 -0.0298901 -0.998969 0.0341589 ,-0.999525 0.00750192 -0.0298901 0.0296153 -0.0343975 -0.998969 -0.00852233 -0.99938 0.0341589 ,0.0161098 0.989307 0.144958 -0.999333 0.0206817 -0.0300877 -0.032764 -0.144376 0.98898 ,-2.50314 -3.71538 -19.6406 ,0.0472799 -0.0474432 -0.0682 ,0.0455748 -0.0711618 -0.0446813 ,-19.8809 2.79005 -0.0535747 ,19.3055
V 634 :0.0893564 0.995458 0.0328592 -0.186668 0.0491444 -0.981193 -0.978351 0.0815422 0.190211 ,-0.999525 0.0296153 -0.00852233 0.00750192 -0.0343975 -0.99938 -0.0298901 -0.998969 0.0341589 ,-0.999525 0.00750192 -0.0298901 0.0296153 -0.0343975 -0.998969 -0.00852233 -0.99938 0.0341589 ,-0.0614713 0.98641 0.152371 -0.997054 -0.0536678 -0.0548122 -0.0458899 -0.155292 0.986802 ,-0.917582 -4.03685 -20.2408 ,0.0472799 -0.0474432 -0.0682 ,0.0455748 -0.0711618 -0.0446813 ,-20.3943 2.80145 -0.0456229 ,19.3055
V 635 :0.0536551 0.998264 0.024307 -0.165339 0.0328875 -0.985688 -0.984776 0.0488683 0.166817 ,-0.999525 0.0296153 -0.00852233 0.00750192 -0.0343975 -0.99938 -0.0298901 -0.998969 0.0341589 ,-0.999525 0.00750192 -0.0298901 0.0296153 -0.0343975 -0.998969 -0.00852233 -0.99938 0.0341589 ,-0.0254349 0.991038 0.13114 -0.999004 -0.0203852 -0.0397054 -0.0366762 -0.13202 0.990568 ,-1.65916 -3.67631 -20.8393 ,0.0472799 -0.0474432 -0.0682 ,0.0455748 -0.0711618 -0.0446813 ,-20.9634 2.83788 -0.0704827 ,19.3055
V 636 :0.0590283 0.997756 0.0315895 -0.139857 0.0395984 -0.98938 -0.988411 0.0539834 0.141881 ,-0.999525 0.0296153 -0.00852233 0.00750192 -0.0343975 -0.99938 -0.0298901 -0.998969 0.0341589 ,-0.999525 0.00750192 -0.0298901 0.0296153 -0.0343975 -0.998969 -0.00852233 -0.99938 0.0341589 ,-0.0305057 0.993951 0.105505 -0.998599 -0.025741 -0.046233 -0.0432376 -0.106767 0.993343 ,-1.48268 -3.23419 -21.5002 ,0.0472799 -0.0474432 -0.0682 ,0.0455748 -0.0711618 -0.0446813 ,-21.5389 2.80968 -0.0637881 ,19.3055
V 637 :0.0595883 0.998071 0.017436 -0.184342 0.0281691 -0.982459 -0.981054 0.0553287 0.185665 ,-0.999525 0.0296153 -0.00852233 0.00750192 -0.0343975 -0.99938 -0.0298901 -0.998969 0.0341589 ,-0.999525 0.00750192 -0.0298901 0.0296153 -0.0343975 -0.998969 -0.00852233 -0.99938 0.0341589 ,-0.031619 0.988149 0.150208 -0.999039 -0.0266824 -0.0347676 -0.0303476 -0.151163 0.988043 ,-1.44699 -4.28268 -21.9278 ,0.0472799 -0.0474432 -0.0682 ,0.0455748 -0.0711618 -0.0446813 ,-22.1371 2.82016 -0.0763389 ,19.3055
V 638 :-0.0263163 0.999291 0.0269302 -0.163502 0.0222741 -0.986291 -0.986192 -0.0303586 0.1628 ,-0.999525 0.0296153 -0.00852233 0.00750192 -0.0343975 -0.99938 -0.0298901 -0.998969 0.0341589 ,-0.999525 0.00750192 -0.0298901 0.0296153 -0.0343975 -0.998969 -0.00852233 -0.99938 0.0341589 ,0.0545546 0.99002 0.129938 -0.997742 0.0591555 -0.0318136 -0.0391826 -0.127909 0.991012 ,-3.28854 -3.90126 -22.3938 ,0.0472799 -0.0474432 -0.0682 ,0.0455748 -0.0711618 -0.0446813 ,-22.7353 2.74152 -0.0765279 ,19.3055
V 639 :0.014293 0.99961 0.023978 -0.186565 0.0262254 -0.982093 -0.982339 0.00956355 0.186867 ,-0.999525 0.0296153 -0.00852233 0.00750192 -0.0343975 -0.99938 -0.0298901 -0.998969 0.0341589 ,-0.999525 0.00750192 -0.0298901 0.0296153 -0.0343975 -0.998969 -0.00852233 -0.99938 0.0341589 ,0.0136764 0.988167 0.152772 -0.999225 0.019148 -0.0344014 -0.0369196 -0.152183 0.987663 ,-2.30494 -4.55166 -22.9584 ,0.0472799 -0.0474432 -0.0682 ,0.0455748 -0.0711618 -0.0446813 ,-23.2926 2.68834 -0.0897379 ,19.3055
V 640 :-0.0978429 0.994968 0.0215741 -0.153813 0.00629907 -0.98808 -0.983244 -0.099995 0.152423 ,-0.999525 0.0296153 -0.00852233 0.00750192 -0.0343975 -0.99938 -0.0298901 -0.998969 0.0341589 ,-0.999525 0.00750192 -0.0298901 0.0296153 -0.0343975 -0.998969 -0.00852233 -0.99938 0.0341589 ,0.126032 0.984624 0.120965 -0.991459 0.129142 -0.0181903 -0.0335323 -0.11764 0.99249 ,-4.8696 -3.75103 -23.0719 ,0.0472799 -0.0474432 -0.0682 ,0.0455748 -0.0711618 -0.0446813 ,-23.669 2.61522 -0.0470703 ,19.3055
V 641 :-0.0573155 0.998102 0.0225411 -0.175146 0.0121755 -0.984467 -0.982873 -0.0603732 0.174116 ,-0.999525 0.0296153 -0.00852233 0.00750192 -0.0343975 -0.99938 -0.0298901 -0.998969 0.0341589 ,-0.999525 0.00750192 -0.0298901 0.0296153 -0.0343975 -0.998969 -0.00852233 -0.99938 0.0341589 ,0.0853525 0.986187 0.141952 -0.995732 0.0894513 -0.0227364 -0.0351202 -0.139406 0.989612 ,-3.85507 -4.3625 -23.6043 ,0.0472799 -0.0474432 -0.0682 ,0.0455748 -0.0711618 -0.0446813 ,-24.1124 2.52654 -0.0620661 ,19.3055
V 642 :0.0178927 0.999739 0.0142376 -0.177288 0.0171865 -0.984009 -0.983996 0.0150825 0.177549 ,-0.999525 0.0296153 -0.00852233 0.00750192 -0.0343975 -0.99938 -0.0298901 -0.998969 0.0341589 ,-0.999525 0.00750192 -0.0298901 0.0296153 -0.0343975 -0.998969 -0.00852233 -0.99938 0.0341589 ,0.0101976 0.98961 0.143413 -0.999586 0.0139495 -0.0251808 -0.0269197 -0.143097 0.989343 ,-2.00102 -4.51117 -24.2328 ,0.0472799 -0.0474432 -0.0682 ,0.0455748 -0.0711618 -0.0446813 ,-24.5326 2.48894 -0.0727795 ,19.3055
V 643 :-0.0302337 0.999515 0.00745441 -0.173842 0.00208603 -0.984771 -0.98431 -0.0310691 0.173694 ,-0.999525 0.0296153 -0.00852233 0.00750192 -0.0343975 -0.99938 -0.0298901 -0.998969 0.0341589 ,-0.999525 0.00750192 -0.0298901 0.0296153 -0.0343975 -0.998969 -0.00852233 -0.99938 0.0341589 ,0.0583363 0.988379 0.140369 -0.998096 0.0605663 -0.0116642 -0.0200303 -0.139421 0.990031 ,-3.14912 -4.42504 -24.4908 ,0.0472799 -0.0474432 -0.0682 ,0.0455748 -0.0711618 -0.0446813 ,-24.897 2.44519 -0.0450423 ,19.3055
V 644 :-0.027169 0.999354 0.0235434 -0.194312 0.0178231 -0.980778 -0.980564 -0.0312216 0.193702 ,-0.999525 0.0296153 -0.00852233 0.00750192 -0.0343975 -0.99938 -0.0298901 -0.998969 0.0341589 ,-0.999525 0.00750192 -0.0298901 0.0296153 -0.0343975 -0.998969 -0.00852233 -0.99938 0.0341589 ,0.0550076 0.985432 0.160928 -0.997812 0.0601725 -0.0273954 -0.0366797 -0.159069 0.986586 ,-3.04551 -5.04893 -24.6833 ,0.0472799 -0.0474432 -0.0682 ,0.0455748 -0.0711618 -0.0446813 ,-25.1925 2.41141 -0.0645385 ,19.3055
V 645 :-0.0241307 0.998906 0.0400524 -0.156581 0.0357931 -0.987016 -0.98737 -0.0300888 0.155546 ,-0.999525 0.0296153 -0.00852233 0.00750192 -0.0343975 -0.99938 -0.0298901 -0.998969 0.0341589 ,-0.999525 0.00750192 -0.0298901 0.0296153 -0.0343975 -0.998969 -0.00852233 -0.99938 0.0341589 ,0.0524572 0.991024 0.122962 -0.997264 0.0584096 -0.0453117 -0.0520872 -0.120249 0.991376 ,-2.9186 -4.15897 -25.1645 ,0.0472799 -0.0474432 -0.0682 ,0.0455748 -0.0711618 -0.0446813 ,-25.4947 2.35468 -0.0357177 ,19.3055
V 646 :-0.0294823 0.99952 0.00948785 -0.174229 0.004208 -0.984696 -0.984264 -0.0306842 0.174021 ,-0.999525 0.0296153 -0.00852233 0.00750192 -0.0343975 -0.99938 -0.0298901 -0.998969 0.0341589 ,-0.999525 0.00750192 -0.0298901 0.0296153 -0.0343975 -0.998969 -0.00852233 -0.99938 0.0341589 ,0.057581 0.988369 0.14075 -0.998097 0.0601089 -0.0137718 -0.022072 -0.13969 0.989949 ,-3.02273 -4.58499 -25.3324 ,0.0472799 -0.0474432 -0.0682 ,0.0455748 -0.0711618 -0.0446813 ,-25.7477 2.31242 -0.0424824 ,19.3055
V 647 :-0.10787 0.994139 0.00719342 -0.188626 -0.0133618 -0.981958 -0.976107 -0.107281 0.188961 ,-0.999525 0.0296153 -0.00852233 0.00750192 -0.0343975 -0.99938 -0.0298901 -0.998969 0.0341589 ,-0.999525 0.00750192 -0.0298901 0.0296153 -0.0343975 -0.998969 -0.00852233 -0.99938 0.0341589 ,0.13558 0.978394 0.156085 -0.99056 0.137072 0.00121649 -0.0202047 -0.154777 0.987743 ,-5.01508 -4.98278 -25.2635 ,0.0472799 -0.0474432 -0.0682 ,0.0455748 -0.0711618 -0.0446813 ,-26.0703 2.26377 -0.0489435 ,19.3055
V 648 :-0.144559 0.989481 0.0054689 -0.16021 -0.0179513 -0.98692 -0.97644 -0.143544 0.16112 ,-0.999525 0.0296153 -0.00852233 0.00750192 -0.0343975 -0.99938 -0.0298901 -0.998969 0.0341589 ,-0.999525 0.00750192 -0.0298901 0.0296153 -0.0343975 -0.998969 -0.00852233 -0.99938 0.0341589 ,0.172474 0.976664 0.127988 -0.984855 0.173318 0.00460413 -0.017686 -0.126844 0.991765 ,-5.9536 -4.24067 -25.3787 ,0.0472799 -0.0474432 -0.0682 ,0.0455748 -0.0711618 -0.0446813 ,-26.2534 2.22931 -0.0275453 ,19.3055
V 649 :-0.173929 0.984418 0.0258702 -0.197388 -0.00911352 -0.980283 -0.964773 -0.175606 0.195898 ,-0.999525 0.0296153 -0.00852233 0.00750192 -0.0343975 -0.99938 -0.0298901 -0.998969 0.0341589 ,-0.999525 0.00750192 -0.0298901 0.0296153 -0.0343975 -0.998969 -0.00852233 -0.99938 0.0341589 ,0.201203 0.965417 0.165793 -0.97877 0.204893 -0.0052802 -0.0390673 -0.16121 0.986147 ,-6.70213 -5.31189 -25.2479 ,0.0472799 -0.0474432 -0.0682 ,0.0455748 -0.0711618 -0.0446813 ,-26.5057 2.17456 -0.0533967 ,19.3055
V 650 :-0.139962 0.990033 0.015664 -0.164029 -0.00758215 -0.986426 -0.976476 -0.140632 0.163456 ,-0.999525 0.0296153 -0.00852233 0.00750192 -0.0343975 -0.99938 -0.0298901 -0.998969 0.0341589 ,-0.999525 0.00750192 -0.0298901 0.0296153 -0.0343975 -0.998969 -0.00852233 -0.99938 0.0341589 ,0.167852 0.976966 0.131765 -0.985416 0.170068 -0.00566379 -0.0279423 -0.128893 0.991265 ,-5.78848 -4.45838 -25.8901 ,0.0472799 -0.0474432 -0.0682 ,0.0455748 -0.0711618 -0.0446813 ,-26.7547 2.11277 -0.038923 ,19.3055
V 651 :-0.256395 0.966421 0.0170826 -0.189689 -0.0329796 -0.98129 -0.947777 -0.254838 0.191775 ,-0.999525 0.0296153 -0.00852233 0.00750192 -0.0343975 -0.99938 -0.0298901 -0.998969 0.0341589 ,-0.999525 0.00750192 -0.0298901 0.0296153 -0.0343975 -0.998969 -0.00852233 -0.99938 0.0341589 ,0.283179 0.945731 0.159381 -0.958593 0.284331 0.016018 -0.0301682 -0.157317 0.987087 ,-8.85735 -5.21972 -25.4969 ,0.0472799 -0.0474432 -0.0682 ,0.0455748 -0.0711618 -0.0446813 ,-27.365 1.95483 -0.0467972 ,19.3055
V 652 :-0.468772 0.882103 0.0463374 -0.152509 -0.0291537 -0.987872 -0.870054 -0.470153 0.148195 ,-0.999525 0.0296153 -0.00852233 0.00750192 -0.0343975 -0.99938 -0.0298901 -0.998969 0.0341589 ,-0.999525 0.00750192 -0.0298901 0.0296153 -0.0343975 -0.998969 -0.00852233 -0.99938 0.0341589 ,0.493411 0.860521 0.12669 -0.86785 0.496795 0.0055581 -0.0581559 -0.11269 0.991927 ,-14.4632 -4.27835 -23.5646 ,0.0472799 -0.0474432 -0.0682 ,0.0455748 -0.0711618 -0.0446813 ,-27.8905 1.62944 -0.0251542 ,19.3055
V 654 :-0.896343 0.443115 0.014757 -0.0678171 -0.104137 -0.992248 -0.438144 -0.890396 0.123393 ,-0.999525 0.0296153 -0.00852233 0.00750192 -0.0343975 -0.99938 -0.0298901 -0.998969 0.0341589 ,-0.999525 0.00750192 -0.0298901 0.0296153 -0.0343975 -0.998969 -0.00852233 -0.99938 0.0341589 ,0.908505 0.413479 0.0604474 -0.417072 0.906183 0.0698813 -0.025882 -0.0886985 0.995722 ,-25.8231 -1.9552 -12.0275 ,0.0472799 -0.0474432 -0.0682 ,0.0455748 -0.0711618 -0.0446813 ,-28.558 0.616427 -0.0355041 ,19.3055
V 655 :-0.944844 0.326885 0.0204093 -0.0592594 -0.109335 -0.992237 -0.322116 -0.938719 0.122676 ,-0.999525 0.0296153 -0.00852233 0.00750192 -0.0343975 -0.99938 -0.0298901 -0.998969 0.0341589 ,-0.999525 0.00750192 -0.0298901 0.0296153 -0.0343975 -0.998969 -0.00852233 -0.99938 0.0341589 ,0.953579 0.29584 0.0562718 -0.299491 0.951193 0.074416 -0.0315101 -0.0878144 0.995638 ,-27.1125 -1.7916 -9.2851 ,0.0472799 -0.0474432 -0.0682 ,0.0455748 -0.0711618 -0.0446813 ,-28.734 0.0353468 -0.0456143 ,19.3055
V 656 :-0.991007 0.127638 0.0401736 -0.0604795 -0.159438 -0.985354 -0.119364 -0.978922 0.165723 ,-0.999525 0.0296153 -0.00852233 0.00750192 -0.0343975 -0.99938 -0.0298901 -0.998969 0.0341589 ,-0.999525 0.00750192 -0.0298901 0.0296153 -0.0343975 -0.998969 -0.00852233 -0.99938 0.0341589 ,0.99365 0.0919721 0.0648103 -0.0995138 0.987177 0.124812 -0.0525001 -0.130469 0.990061 ,-28.4352 -1.90334 -4.06958 ,0.0472799 -0.0474432 -0.0682 ,0.0455748 -0.0711618 -0.0446813 ,-28.8162 -0.577476 -0.0213446 ,19.3055
V 657 :-0.987284 0.156846 0.0258969 -0.0597444 -0.215125 -0.974757 -0.147315 -0.963909 0.22176 ,-0.999525 0.0296153 -0.00852233 0.00750192 -0.0343975 -0.99938 -0.0298901 -0.998969 0.0341589 ,-0.999525 0.00750192 -0.0298901 0.0296153 -0.0343975 -0.998969 -0.00852233 -0.99938 0.0341589 ,0.99077 0.11998 0.0630892 -0.129574 0.97496 0.180729 -0.0398256 -0.187236 0.981507 ,-28.3148 -2.0381 -5.46615 ,0.0472799 -0.0474432 -0.0682 ,0.0455748 -0.0711618 -0.0446813 ,-28.9155 -1.1829 -0.0088678 ,19.3055
V 658 :-0.998494 0.0526394 0.0154285 -0.0244046 -0.174402 -0.984372 -0.049126 -0.983267 0.175424 ,-0.999525 0.0296153 -0.00852233 0.00750192 -0.0343975 -0.99938 -0.0298901 -0.998969 0.0341589 ,-0.999525 0.00750192 -0.0298901 0.0296153 -0.0343975 -0.998969 -0.00852233 -0.99938 0.0341589 ,0.999305 0.020344 0.0312209 -0.0245328 0.989811 0.140258 -0.0280493 -0.140927 0.989623 ,-28.8023 -1.01438 -3.0775 ,0.0472799 -0.0474432 -0.0682 ,0.0455748 -0.0711618 -0.0446813 ,-28.9776 -1.60896 0.0211831 ,19.3055
V 659 :-0.990846 0.134876 -0.0058123 -0.0110882 -0.124215 -0.992193 -0.134545 -0.983046 0.124574 ,-0.999525 0.0296153 -0.00852233 0.00750192 -0.0343975 -0.99938 -0.0298901 -0.998969 0.0341589 ,-0.999525 0.00750192 -0.0298901 0.0296153 -0.0343975 -0.998969 -0.00852233 -0.99938 0.0341589 ,0.994313 0.105443 0.0149297 -0.10636 0.9903 0.0894091 -0.00535734 -0.0904886 0.995883 ,-28.4421 -0.627855 -6.15433 ,0.0472799 -0.0474432 -0.0682 ,0.0455748 -0.0711618 -0.0446813 ,-29.0538 -2.21252 0.0167029 ,19.3055
V 660 :-0.993707 0.10862 0.0273518 -0.044721 -0.160851 -0.985965 -0.102696 -0.980984 0.164697 ,-0.999525 0.0296153 -0.00852233 0.00750192 -0.0343975 -0.99938 -0.0298901 -0.998969 0.0341589 ,-0.999525 0.00750192 -0.0298901 0.0296153 -0.0343975 -0.998969 -0.00852233 -0.99938 0.0341589 ,0.995969 0.0746994 0.049654 -0.0804534 0.988722 0.126317 -0.0396583 -0.129802 0.990746 ,-28.5947 -1.79058 -5.58333 ,0.0472799 -0.0474432 -0.0682 ,0.0455748 -0.0711618 -0.0446813 ,-29.1061 -2.57954 -0.0269362 ,19.3055
V 661 :-0.99992 -0.0045499 0.0117932 -0.0110378 -0.140394 -0.990034 0.00616027 -0.990085 0.140333 ,-0.999525 0.0296153 -0.00852233 0.00750192 -0.0343975 -0.99938 -0.0298901 -0.998969 0.0341589 ,-0.999525 0.00750192 -0.0298901 0.0296153 -0.0343975 -0.998969 -0.00852233 -0.99938 0.0341589 ,0.999178 -0.0353872 0.019763 0.0330883 0.993759 0.106526 -0.0234094 -0.105784 0.994114 ,-29.0833 -0.825855 -2.93803 ,0.0472799 -0.0474432 -0.0682 ,0.0455748 -0.0711618 -0.0446813 ,-29.1192 -3.0832 -0.0243782 ,19.3055
V 662 :-0.993601 0.11283 -0.00518118 -0.0122485 -0.153237 -0.988114 -0.112283 -0.981727 0.153638 ,-0.999525 0.0296153 -0.00852233 0.00750192 -0.0343975 -0.99938 -0.0298901 -0.998969 0.0341589 ,-0.999525 0.00750192 -0.0298901 0.0296153 -0.0343975 -0.998969 -0.00852233 -0.99938 0.0341589 ,0.996393 0.0831626 0.0168732 -0.084582 0.989328 0.118645 -0.00682629 -0.119645 0.992793 ,-28.5051 -1.00123 -7.02822 ,0.0472799 -0.0474432 -0.0682 ,0.0455748 -0.0711618 -0.0446813 ,-29.1628 -3.75743 -0.0210601 ,19.3055
V 663 :-0.999863 0.0118213 0.0116135 -0.0135259 -0.177261 -0.984071 -0.00957435 -0.984093 0.177396 ,-0.999525 0.0296153 -0.00852233 0.00750192 -0.0343975 -0.99938 -0.0298901 -0.998969 0.0341589 ,-0.999525 0.00750192 -0.0298901 0.0296153 -0.0343975 -0.998969 -0.00852233 -0.99938 0.0341589 ,0.999573 -0.0195815 0.0217116 0.0162692 0.989526 0.143435 -0.0242928 -0.14302 0.989422 ,-29.0419 -1.22758 -4.6748 ,0.0472799 -0.0474432 -0.0682 ,0.0455748 -0.0711618 -0.0446813 ,-29.1452 -4.39864 -0.00631387 ,19.3055
V 664 :-0.992423 0.120666 0.0231758 -0.0404011 -0.142328 -0.988995 -0.11604 -0.982437 0.146124 ,-0.999525 0.0296153 -0.00852233 0.00750192 -0.0343975 -0.99938 -0.0298901 -0.998969 0.0341589 ,-0.999525 0.00750192 -0.0298901 0.0296153 -0.0343975 -0.998969 -0.00852233 -0.99938 0.0341589 ,0.995117 0.0879188 0.04487 -0.0923114 0.989894 0.107652 -0.0349518 -0.111269 0.993176 ,-28.257 -1.97294 -8.43131 ,0.0472799 -0.0474432 -0.0682 ,0.0455748 -0.0711618 -0.0446813 ,-29.138 -5.07491 -0.0262823 ,19.3055
V 665 :-0.999183 -0.0252462 0.0315711 -0.0276616 -0.142505 -0.989408 0.0294778 -0.989472 0.14169 ,-0.999525 0.0296153 -0.00852233 0.00750192 -0.0343975 -0.99938 -0.0298901 -0.998969 0.0341589 ,-0.999525 0.00750192 -0.0298901 0.0296153 -0.0343975 -0.998969 -0.00852233 -0.99938 0.0341589 ,0.997619 -0.058087 0.0371668 0.0537406 0.992606 0.108832 -0.0432137 -0.106576 0.993365 ,-29.1787 -1.6831 -4.85087 ,0.0472799 -0.0474432 -0.0682 ,0.0455748 -0.0711618 -0.0446813 ,-29.1064 -5.70325 -0.0179783 ,19.3055
V 666 :-0.994786 0.0946292 0.0380163 -0.0503169 -0.1312 -0.990078 -0.0887026 -0.986829 0.135278 ,-0.999525 0.0296153 -0.00852233 0.00750192 -0.0343975 -0.99938 -0.0298901 -0.998969 0.0341589 ,-0.999525 0.00750192 -0.0298901 0.0296153 -0.0343975 -0.998969 -0.00852233 -0.99938 0.0341589 ,0.996588 0.060881 0.0557336 -0.0660721 0.993128 0.0966035 -0.0494692 -0.0999563 0.993761 ,-28.3322 -2.32487 -8.83739 ,0.0472799 -0.0474432 -0.0682 ,0.0455748 -0.0711618 -0.0446813 ,-29.1239 -6.26696 0.0103241 ,19.3055
V 667 :-0.999389 -0.00645838 0.0343579 -0.0333228 -0.121225 -0.992066 0.0105722 -0.992604 0.120935 ,-0.999525 0.0296153 -0.00852233 0.00750192 -0.0343975 -0.99938 -0.0298901 -0.998969 0.0341589 ,-0.999525 0.00750192 -0.0298901 0.0296153 -0.0343975 -0.998969 -0.00852233 -0.99938 0.0341589 ,0.998348 -0.0390123 0.0421804 0.035215 0.99556 0.0872981 -0.0453988 -0.0856685 0.995289 ,-29.1206 -1.85823 -6.61262 ,0.0472799 -0.0474432 -0.0682 ,0.0455748 -0.0711618 -0.0446813 ,-29.1412 -6.9039 -0.00282472 ,19.3055
V 668 :-0.999097 0.0255491 0.0339495 -0.0361186 -0.0898745 -0.995298 -0.0223778 -0.995625 0.090716 ,-0.999525 0.0296153 -0.00852233 0.00750192 -0.0343975 -0.99938 -0.0298901 -0.998969 0.0341589 ,-0.999525 0.00750192 -0.0298901 0.0296153 -0.0343975 -0.998969 -0.00852233 -0.99938 0.0341589 ,0.99902 -0.00599152 0.0438465 0.0035482 0.998447 0.0555915 -0.0441115 -0.0553814 0.99749 ,-28.8857 -1.77196 -8.24967 ,0.0472799 -0.0474432 -0.0682 ,0.0455748 -0.0711618 -0.0446813 ,-29.1522 -7.56146 0.00804161 ,19.3055
V 669 :-0.99908 0.0322155 0.028323 -0.0316881 -0.109259 -0.993508 -0.0289118 -0.993491 0.110179 ,-0.999525 0.0296153 -0.00852233 0.00750192 -0.0343975 -0.99938 -0.0298901 -0.998969 0.0341589 ,-0.999525 0.00750192 -0.0298901 0.0296153 -0.0343975 -0.998969 -0.00852233 -0.99938 0.0341589 ,0.999231 0.000383905 0.0391953 -0.00332425 0.99718 0.0749802 -0.039056 -0.0750529 0.996414 ,-28.8689 -1.86224 -9.1 ,0.0472799 -0.0474432 -0.0682 ,0.0455748 -0.0711618 -0.0446813 ,-29.2082 -8.23974 0.0110949 ,19.3055
V 670 :-0.997762 0.0603026 0.0288939 -0.0375246 -0.147298 -0.98838 -0.0553459 -0.987252 0.149231 ,-0.999525 0.0296153 -0.00852233 0.00750192 -0.0343975 -0.99938 -0.0298901 -0.998969 0.0341589 ,-0.999525 0.00750192 -0.0298901 0.0296153 -0.0343975 -0.998969 -0.00852233 -0.99938 0.0341589 ,0.998661 0.0270305 0.044114 -0.0318699 0.993087 0.112969 -0.0407554 -0.114224 0.992619 ,-28.5824 -2.41166 -10.2881 ,0.0472799 -0.0474432 -0.0682 ,0.0455748 -0.0711618 -0.0446813 ,-29.2199 -8.71141 0.0156086 ,19.3055
V 672 :-0.999724 0.0153945 0.017724 -0.0194262 -0.118563 -0.992757 -0.0131816 -0.992827 0.118829 ,-0.999525 0.0296153 -0.00852233 0.00750192 -0.0343975 -0.99938 -0.0298901 -0.998969 0.0341589 ,-0.999525 0.00750192 -0.0298901 0.0296153 -0.0343975 -0.998969 -0.00852233 -0.99938 0.0341589 ,0.999498 -0.015771 0.0274838 0.0133991 0.996338 0.0844441 -0.028715 -0.0840334 0.996049 ,-29.0717 -1.79917 -10.1964 ,0.0472799 -0.0474432 -0.0682 ,0.0455748 -0.0711618 -0.0446813 ,-29.2785 -9.81496 -0.0194123 ,19.3055
V 673 :-0.996787 0.078969 0.0134016 -0.0205433 -0.0903305 -0.9957 -0.0774189 -0.992776 0.0916624 ,-0.999525 0.0296153 -0.00852233 0.00750192 -0.0343975 -0.99938 -0.0298901 -0.998969 0.0341589 ,-0.999525 0.00750192 -0.0298901 0.0296153 -0.0343975 -0.998969 -0.00852233 -0.99938 0.0341589 ,0.998474 0.0485255 0.0263809 -0.049935 0.997199 0.0556892 -0.0236047 -0.0569216 0.9981 ,-28.3552 -1.60339 -12.6542 ,0.0472799 -0.0474432 -0.0682 ,0.0455748 -0.0711618 -0.0446813 ,-29.3176 -10.3927 -0.0149598 ,19.3055
V 674 :-0.998747 0.045858 0.0200416 -0.023389 -0.0736634 -0.997009 -0.0442445 -0.996228 0.0746436 ,-0.999525 0.0296153 -0.00852233 0.00750192 -0.0343975 -0.99938 -0.0298901 -0.998969 0.0341589 ,-0.999525 0.00750192 -0.0298901 0.0296153 -0.0343975 -0.998969 -0.00852233 -0.99938 0.0341589 ,0.99942 0.0154251 0.0303748 -0.0166114 0.999093 0.0391968 -0.0297427 -0.0396786 0.99877 ,-28.769 -1.55596 -12.3778 ,0.0472799 -0.0474432 -0.0682 ,0.0455748 -0.0711618 -0.0446813 ,-29.36 -11.0529 -0.00764801 ,19.3055
V 675 :-0.990191 0.138306 0.0198307 -0.0323874 -0.0891386 -0.995493 -0.135915 -0.98637 0.0927435 ,-0.999525 0.0296153 -0.00852233 0.00750192 -0.0343975 -0.99938 -0.0298901 -0.998969 0.0341589 ,-0.999525 0.00750192 -0.0298901 0.0296153 -0.0343975 -0.998969 -0.00852233 -0.99938 0.0341589 ,0.99354 0.107564 0.0361634 -0.109427 0.992515 0.0542113 -0.0300615 -0.0578183 0.997874 ,-27.4319 -2.04456 -15.6088 ,0.0472799 -0.0474432 -0.0682 ,0.0455748 -0.0711618 -0.0446813 ,-29.3865 -11.7063 -0.00189155 ,19.3055
V 676 :-0.998256 0.0556589 -0.0196686 0.0140597 -0.0994283 -0.994945 -0.0573332 -0.993487 0.0984723 ,-0.999525 0.0296153 -0.00852233 0.00750192 -0.0343975 -0.99938 -0.0298901 -0.998969 0.0341589 ,-0.999525 0.00750192 -0.0298901 0.0296153 -0.0343975 -0.998969 -0.00852233 -0.99938 0.0341589 ,0.999601 0.0272268 -0.00750193 -0.0266829 0.997531 0.0649558 0.00925194 -0.0647298 0.99786 ,-28.6184 -0.872519 -13.968 ,0.0472799 -0.0474432 -0.0682 ,0.0455748 -0.0711618 -0.0446813 ,-29.401 -12.2958 -0.015978 ,19.3055
V 677 :-0.999032 0.0429774 0.00936467 -0.0144778 -0.120251 -0.992638 -0.0415348 -0.991813 0.120757 ,-0.999525 0.0296153 -0.00852233 0.00750192 -0.0343975 -0.99938 -0.0298901 -0.998969 0.0341589 ,-0.999525 0.00750192 -0.0298901 0.0296153 -0.0343975 -0.998969 -0.00852233 -0.99938 0.0341589 ,0.999691 0.0124034 0.0215641 -0.0142136 0.9962 0.0859313 -0.0204164 -0.0862112 0.996068 ,-28.7393 -2.01807 -14.0631 ,0.0472799 -0.0474432 -0.0682 ,0.0455748 -0.0711618 -0.0446813 ,-29.3685 -12.8801 0.00344124 ,19.3055
V 678 :-0.992762 0.118006 0.02233 -0.0390226 -0.1411 -0.989226 -0.113584 -0.982937 0.144684 ,-0.999525 0.0296153 -0.00852233 0.00750192 -0.0343975 -0.99938 -0.0298901 -0.998969 0.0341589 ,-0.999525 0.00750192 -0.0298901 0.0296153 -0.0343975 -0.998969 -0.00852233 -0.99938 0.0341589 ,0.995393 0.0854082 0.0435791 -0.0896285 0.990272 0.106431 -0.0340651 -0.109847 0.993365 ,-27.5549 -3.07912 -16.4803 ,0.0472799 -0.0474432 -0.0682 ,0.0455748 -0.0711618 -0.0446813 ,-29.3848 -13.3027 -0.00808202 ,19.3055
V 679 :-0.99999 -0.00417028 -0.00142153 0.00197001 -0.13462 -0.990895 0.00394095 -0.990889 0.134626 ,-0.999525 0.0296153 -0.00852233 0.00750192 -0.0343975 -0.99938 -0.0298901 -0.998969 0.0341589 ,-0.999525 0.00750192 -0.0298901 0.0296153 -0.0343975 -0.998969 -0.00852233 -0.99938 0.0341589 ,0.999412 -0.0336197 0.00668808 0.0327762 0.994374 0.100724 -0.0100368 -0.100445 0.994892 ,-29.3555 -1.83657 -13.6993 ,0.0472799 -0.0474432 -0.0682 ,0.0455748 -0.0711618 -0.0446813 ,-29.3452 -13.8703 0.0204633 ,19.3055
V 680 :-0.996597 0.0820401 -0.0079863 -0.00295889 -0.132432 -0.991188 -0.0823748 -0.987791 0.132224 ,-0.999525 0.0296153 -0.00852233 0.00750192 -0.0343975 -0.99938 -0.0298901 -0.998969 0.0341589 ,-0.999525 0.00750192 -0.0298901 0.0296153 -0.0343975 -0.998969 -0.00852233 -0.99938 0.0341589 ,0.998564 0.0528771 0.00863655 -0.0534694 0.993758 0.097909 -0.0034055 -0.0982301 0.995158 ,-27.9996 -2.03046 -16.7892 ,0.0472799 -0.0474432 -0.0682 ,0.0455748 -0.0711618 -0.0446813 ,-29.3347 -14.4785 0.0213961 ,19.3055
V 681 :-0.998591 0.0491532 -0.0199789 0.0136966 -0.124978 -0.992065 -0.0512601 -0.990941 0.124128 ,-0.999525 0.0296153 -0.00852233 0.00750192 -0.0343975 -0.99938 -0.0298901 -0.998969 0.0341589 ,-0.999525 0.00750192 -0.0298901 0.0296153 -0.0343975 -0.998969 -0.00852233 -0.99938 0.0341589 ,0.999752 0.0211625 -0.0069288 -0.0204481 0.995675 0.0906317 0.00881682 -0.0904676 0.99586 ,-28.5192 -1.49725 -16.433 ,0.0472799 -0.0474432 -0.0682 ,0.0455748 -0.0711618 -0.0446813 ,-29.3453 -14.9936 0.0223047 ,19.3055
V 682 :-0.996687 0.0776636 0.024154 -0.0373873 -0.173749 -0.98408 -0.0722305 -0.981723 0.176077 ,-0.999525 0.0296153 -0.00852233 0.00750192 -0.0343975 -0.99938 -0.0298901 -0.998969 0.0341589 ,-0.999525 0.00750192 -0.0298901 0.0296153 -0.0343975 -0.998969 -0.00852233 -0.99938 0.0341589 ,0.998092 0.0439248 0.0433909 -0.0495863 0.988988 0.139445 -0.036788 -0.14133 0.989279 ,-27.981 -3.82539 -17.5441 ,0.0472799 -0.0474432 -0.0682 ,0.0455748 -0.0711618 -0.0446813 ,-29.3389 -15.6361 0.0362881 ,19.3055
V 683 :-0.991608 0.12803 0.0179541 -0.0351575 -0.133407 -0.990438 -0.12441 -0.982757 0.136789 ,-0.999525 0.0296153 -0.00852233 0.00750192 -0.0343975 -0.99938 -0.0298901 -0.998969 0.0341589 ,-0.999525 0.00750192 -0.0298901 0.0296153 -0.0343975 -0.998969 -0.00852233 -0.99938 0.0341589 ,0.994592 0.0961244 0.0393368 -0.0995948 0.990124 0.0986633 -0.0294643 -0.102047 0.994343 ,-27.0169 -3.23467 -19.4551 ,0.0472799 -0.0474432 -0.0682 ,0.0455748 -0.0711618 -0.0446813 ,-29.361 -16.0128 -0.0189224 ,19.3055
V 684 :-0.999625 -0.0145345 0.0232202 -0.0210644 -0.134086 -0.990746 0.0175135 -0.990863 0.13373 ,-0.999525 0.0296153 -0.00852233 0.00750192 -0.0343975 -0.99938 -0.0298901 -0.998969 0.0341589 ,-0.999525 0.00750192 -0.0298901 0.0296153 -0.0343975 -0.998969 -0.00852233 -0.99938 0.0341589 ,0.998468 -0.0463751 0.0301687 0.0431387 0.994024 0.10028 -0.0346389 -0.0988249 0.994502 ,-29.52 -2.90712 -15.9873 ,0.0472799 -0.0474432 -0.0682 ,0.0455748 -0.0711618 -0.0446813 ,-29.3377 -16.5869 -0.0177959 ,19.3055
V 685 :-0.993352 0.110134 0.0335056 -0.0465406 -0.118005 -0.991922 -0.10529 -0.986887 0.122346 ,-0.999525 0.0296153 -0.00852233 0.00750192 -0.0343975 -0.99938 -0.0298901 -0.998969 0.0341589 ,-0.999525 0.00750192 -0.0298901 0.0296153 -0.0343975 -0.998969 -0.00852233 -0.99938 0.0341589 ,0.995678 0.077364 0.0513808 -0.0814684 0.99319 0.0832819 -0.0445879 -0.0871079 0.995201 ,-27.2433 -3.44342 -20.0834 ,0.0472799 -0.0474432 -0.0682 ,0.0455748 -0.0711618 -0.0446813 ,-29.3746 -17.1479 -0.00537856 ,19.3055
V 686 :-0.997748 0.0649876 -0.0166236 0.00805775 -0.129911 -0.991493 -0.0665944 -0.989394 0.129095 ,-0.999525 0.0296153 -0.00852233 0.00750192 -0.0343975 -0.99938 -0.0298901 -0.998969 0.0341589 ,-0.999525 0.00750192 -0.0298901 0.0296153 -0.0343975 -0.998969 -0.00852233 -0.99938 0.0341589 ,0.999325 0.0366999 -0.00182441 -0.0363582 0.994767 0.0954803 0.00531898 -0.0953495 0.99543 ,-28.1385 -2.10116 -19.4463 ,0.0472799 -0.0474432 -0.0682 ,0.0455748 -0.0711618 -0.0446813 ,-29.3963 -17.6077 -0.00317317 ,19.3055
V 687 :-0.999337 0.0166431 -0.0323874 0.0303065 -0.112896 -0.993145 -0.0201854 -0.993468 0.112316 ,-0.999525 0.0296153 -0.00852233 0.00750192 -0.0343975 -0.99938 -0.0298901 -0.998969 0.0341589 ,-0.999525 0.00750192 -0.0298901 0.0296153 -0.0343975 -0.998969 -0.00852233 -0.99938 0.0341589 ,0.999693 -0.0104736 -0.0224606 0.0122128 0.99682 0.0787481 0.0215644 -0.0789982 0.996642 ,-29.0149 -1.21983 -18.6619 ,0.0472799 -0.0474432 -0.0682 ,0.0455748 -0.0711618 -0.0446813 ,-29.3827 -18.1209 -0.0172248 ,19.3055
V 688 :-0.998663 0.0514357 0.00512847 -0.00985149 -0.0919954 -0.995711 -0.0507433 -0.99443 0.0923791 ,-0.999525 0.0296153 -0.00852233 0.00750192 -0.0343975 -0.99938 -0.0298901 -0.998969 0.0341589 ,-0.999525 0.00750192 -0.0298901 0.0296153 -0.0343975 -0.998969 -0.00852233 -0.99938 0.0341589 ,0.999632 0.0214541 0.016623 -0.0223778 0.998093 0.0575313 -0.015357 -0.0578821 0.998205 ,-28.3811 -2.11044 -20.0718 ,0.0472799 -0.0474432 -0.0682 ,0.0455748 -0.0711618 -0.0446813 ,-29.4257 -18.6197 -0.060441 ,19.3055
V 690 :-0.994323 0.0963352 0.0451732 -0.0552679 -0.104835 -0.992953 -0.0909205 -0.989813 0.109564 ,-0.999525 0.0296153 -0.00852233 0.00750192 -0.0343975 -0.99938 -0.0298901 -0.998969 0.0341589 ,-0.999525 0.00750192 -0.0298901 0.0296153 -0.0343975 -0.998969 -0.00852233 -0.99938 0.0341589 ,0.996154 0.0632806 0.0606018 -0.0674902 0.995252 0.0701382 -0.0558757 -0.0739585 0.995695 ,-27.3504 -3.72771 -22.1791 ,0.0472799 -0.0474432 -0.0682 ,0.0455748 -0.0711618 -0.0446813 ,-29.4558 -19.6321 0.00587907 ,19.3055
V 691 :-0.997977 0.0630969 -0.00777342 0.00113906 -0.104507 -0.994524 -0.0635638 -0.992521 0.104224 ,-0.999525 0.0296153 -0.00852233 0.00750192 -0.0343975 -0.99938 -0.0298901 -0.998969 0.0341589 ,-0.999525 0.00750192 -0.0298901 0.0296153 -0.0343975 -0.998969 -0.00852233 -0.99938 0.0341589 ,0.999412 0.0339036 0.00519546 -0.0341844 0.996961 0.0700014 -0.00280637 -0.0701378 0.997533 ,-28.0941 -2.16846 -22.0487 ,0.0472799 -0.0474432 -0.0682 ,0.0455748 -0.0711618 -0.0446813 ,-29.4792 -20.2621 -0.037254 ,19.3055
V 692 :-0.992905 0.117848 0.0158809 -0.0301141 -0.119998 -0.992317 -0.115036 -0.985755 0.122696 ,-0.999525 0.0296153 -0.00852233 0.00750192 -0.0343975 -0.99938 -0.0298901 -0.998969 0.0341589 ,-0.999525 0.00750192 -0.0298901 0.0296153 -0.0343975 -0.998969 -0.00852233 -0.99938 0.0341589 ,0.995646 0.0865485 0.0346277 -0.0892274 0.992356 0.0852471 -0.026985 -0.0879656 0.995758 ,-26.7789 -3.45702 -24.0512 ,0.0472799 -0.0474432 -0.0682 ,0.0455748 -0.0711618 -0.0446813 ,-29.4975 -20.8891 -0.0147544 ,19.3055
V 693 :-0.994753 0.101749 -0.0106129 -0.00198345 -0.122905 -0.992416 -0.102282 -0.987189 0.122462 ,-0.999525 0.0296153 -0.00852233 0.00750192 -0.0343975 -0.99938 -0.0298901 -0.998969 0.0341589 ,-0.999525 0.00750192 -0.0298901 0.0296153 -0.0343975 -0.998969 -0.00852233 -0.99938 0.0341589 ,0.997323 0.0727847 0.006966 -0.0731156 0.993412 0.0882404 -0.000497556 -0.0885135 0.996075 ,-27.2008 -2.76509 -24.3572 ,0.0472799 -0.0474432 -0.0682 ,0.0455748 -0.0711618 -0.0446813 ,-29.5949 -21.5393 -0.0117364 ,19.3055
V 694 :-0.991376 0.130997 0.00379537 -0.0169711 -0.0996116 -0.994882 -0.129948 -0.986366 0.100976 ,-0.999525 0.0296153 -0.00852233 0.00750192 -0.0343975 -0.99938 -0.0298901 -0.998969 0.0341589 ,-0.999525 0.00750192 -0.0298901 0.0296153 -0.0343975 -0.998969 -0.00852233 -0.99938 0.0341589 ,0.994661 0.101038 0.0209705 -0.102199 0.992655 0.0647402 -0.0142753 -0.0665378 0.997682 ,-26.4329 -2.75883 -25.8005 ,0.0472799 -0.0474432 -0.0682 ,0.0455748 -0.0711618 -0.0446813 ,-29.6417 -22.1827 0.00133016 ,19.3055
V 695 :-0.991338 0.127944 -0.0296636 0.0138712 -0.122599 -0.992359 -0.130604 -0.984175 0.119762 ,-0.999525 0.0296153 -0.00852233 0.00750192 -0.0343975 -0.99938 -0.0298901 -0.998969 0.0341589 ,-0.999525 0.00750192 -0.0298901 0.0296153 -0.0343975 -0.998969 -0.00852233 -0.99938 0.0341589 ,0.994875 0.100633 -0.00987542 -0.0993863 0.991167 0.087814 0.0186252 -0.0863824 0.996088 ,-26.4897 -2.44318 -26.4024 ,0.0472799 -0.0474432 -0.0682 ,0.0455748 -0.0711618 -0.0446813 ,-29.7132 -22.8159 -0.0107692 ,19.3055
V 696 :-0.999675 0.0226696 0.0116896 -0.0140829 -0.108468 -0.994 -0.0212657 -0.993842 0.108752 ,-0.999525 0.0296153 -0.00852233 0.00750192 -0.0343975 -0.99938 -0.0298901 -0.998969 0.0341589 ,-0.999525 0.00750192 -0.0298901 0.0296153 -0.0343975 -0.998969 -0.00852233 -0.99938 0.0341589 ,0.99973 -0.00787752 0.0218674 0.00623345 0.99722 0.0742592 -0.0223915 -0.0741029 0.996999 ,-29.1229 -3.01839 -23.8361 ,0.0472799 -0.0474432 -0.0682 ,0.0455748 -0.0711618 -0.0446813 ,-29.7079 -23.2825 -0.0273207 ,19.3055
V 698 :-0.995375 0.0863322 0.0421248 -0.0458486 -0.0416139 -0.998081 -0.0844136 -0.995397 0.0453796 ,-0.999525 0.0296153 -0.00852233 0.00750192 -0.0343975 -0.99938 -0.0298901 -0.998969 0.0341589 ,-0.999525 0.00750192 -0.0298901 0.0296153 -0.0343975 -0.998969 -0.00852233 -0.99938 0.0341589 ,0.997082 0.0564252 0.0514197 -0.0568508 0.998359 0.00685062 -0.0509487 -0.00975388 0.998654 ,-27.5316 -2.44986 -26.9313 ,0.0472799 -0.0474432 -0.0682 ,0.0455748 -0.0711618 -0.0446813 ,-29.8291 -24.4585 -0.0170108 ,19.3055
V 699 :-0.98531 0.17029 -0.0129052 0.00998958 -0.0179675 -0.999789 -0.170486 -0.98523 0.0160024 ,-0.999525 0.0296153 -0.00852233 0.00750192 -0.0343975 -0.99938 -0.0298901 -0.998969 0.0341589 ,-0.999525 0.00750192 -0.0298901 0.0296153 -0.0343975 -0.998969 -0.00852233 -0.99938 0.0341589 ,0.990012 0.140786 -0.00740987 -0.140895 0.989876 -0.0171493 0.00492047 0.0180221 0.999825 ,-25.1241 -0.225142 -29.8861 ,0.0472799 -0.0474432 -0.0682 ,0.0455748 -0.0711618 -0.0446813 ,-29.8834 -25.0942 -0.0253456 ,19.3055
V 701 :-0.992613 0.121327 0.000335669 -0.00795895 -0.0623532 -0.998022 -0.121066 -0.990652 0.0628581 ,-0.999525 0.0296153 -0.00852233 0.00750192 -0.0343975 -0.99938 -0.0298901 -0.998969 0.0341589 ,-0.999525 0.00750192 -0.0298901 0.0296153 -0.0343975 -0.998969 -0.00852233 -0.99938 0.0341589 ,0.9957 0.0918188 0.0122779 -0.0921267 0.995369 0.0274409 -0.00970143 -0.028454 0.999548 ,-26.4708 -1.94032 -29.8197 ,0.0472799 -0.0474432 -0.0682 ,0.0455748 -0.0711618 -0.0446813 ,-29.9391 -26.3741 -0.010099 ,19.3055
V 702 :-0.999588 0.0022149 -0.0286186 0.0283877 -0.0713581 -0.997047 -0.00425052 -0.997448 0.0712657 ,-0.999525 0.0296153 -0.00852233 0.00750192 -0.0343975 -0.99938 -0.0298901 -0.998969 0.0341589 ,-0.999525 0.00750192 -0.0298901 0.0296153 -0.0343975 -0.998969 -0.00852233 -0.99938 0.0341589 ,0.999453 -0.0263335 -0.0199965 0.0270647 0.99894 0.0372232 0.0189951 -0.037744 0.999107 ,-29.8348 -1.14121 -27.1621 ,0.0472799 -0.0474432 -0.0682 ,0.0455748 -0.0711618 -0.0446813 ,-29.9538 -27.0366 -0.014846 ,19.3055
V 703 :-0.999786 0.00674252 -0.0195426 0.0190784 -0.0631426 -0.997822 -0.00796181 -0.997982 0.0630004 ,-0.999525 0.0296153 -0.00852233 0.00750192 -0.0343975 -0.99938 -0.0298901 -0.998969 0.0341589 ,-0.999525 0.00750192 -0.0298901 0.0296153 -0.0343975 -0.998969 -0.00852233 -0.99938 0.0341589 ,0.999693 -0.0223117 -0.010818 0.0226168 0.999325 0.0289559 0.0101647 -0.0291917 0.999522 ,-29.6781 -1.23654 -27.9308 ,0.0472799 -0.0474432 -0.0682 ,0.0455748 -0.0711618 -0.0446813 ,-29.9182 -27.681 -0.0120672 ,19.3055
V 704 :-0.998915 -0.0239364 -0.0399371 0.041429 -0.0654633 -0.996995 0.02125 -0.997568 0.0663839 ,-0.999525 0.0296153 -0.00852233 0.00750192 -0.0343975 -0.99938 -0.0298901 -0.998969 0.0341589 ,-0.999525 0.00750192 -0.0298901 0.0296153 -0.0343975 -0.998969 -0.00852233 -0.99938 0.0341589 ,0.998117 -0.0522364 -0.0321643 0.0532513 0.998083 0.0315508 0.0304545 -0.0332042 0.998984 ,-30.5168 -0.687256 -27.698 ,0.0472799 -0.0474432 -0.0682 ,0.0455748 -0.0711618 -0.0446813 ,-29.9173 -28.3361 -0.0243531 ,19.3055
V 705 :-0.998713 0.050686 -0.00195688 -0.0024984 -0.0876874 -0.996145 -0.0506622 -0.994858 0.0877011 ,-0.999525 0.0296153 -0.00852233 0.00750192 -0.0343975 -0.99938 -0.0298901 -0.998969 0.0341589 ,-0.999525 0.00750192 -0.0298901 0.0296153 -0.0343975 -0.998969 -0.00852233 -0.99938 0.0341589 ,0.999734 0.0211187 0.00927764 -0.0215833 0.99835 0.0532178 -0.00813845 -0.0534038 0.99854 ,-28.3488 -2.67563 -30.4071 ,0.0472799 -0.0474432 -0.0682 ,0.0455748 -0.0711618 -0.0446813 ,-29.9032 -28.9741 -0.0128596 ,19.3055
V 706 :-0.997043 0.076589 0.00629079 -0.0151768 -0.116 -0.993133 -0.0753333 -0.990292 0.116819 ,-0.999525 0.0296153 -0.00852233 0.00750192 -0.0343975 -0.99938 -0.0298901 -0.998969 0.0341589 ,-0.999525 0.00750192 -0.0298901 0.0296153 -0.0343975 -0.998969 -0.00852233 -0.99938 0.0341589 ,0.998707 0.0462499 0.0210912 -0.0478228 0.99553 0.0814479 -0.01723 -0.0823513 0.996454 ,-27.5725 -3.95983 -31.6359 ,0.0472799 -0.0474432 -0.0682 ,0.0455748 -0.0711618 -0.0446813 ,-29.9756 -29.5997 -0.0240584 ,19.3055
V 707 :-0.994221 0.0922934 0.0548369 -0.0649511 -0.110416 -0.991761 -0.0854782 -0.989591 0.115772 ,-0.999525 0.0296153 -0.00852233 0.00750192 -0.0343975 -0.99938 -0.0298901 -0.998969 0.0341589 ,-0.999525 0.00750192 -0.0298901 0.0296153 -0.0343975 -0.998969 -0.00852233 -0.99938 0.0341589 ,0.995816 0.05818 0.0704641 -0.0634989 0.995102 0.0757571 -0.0657114 -0.0799145 0.994633 ,-27.016 -5.36435 -32.5461 ,0.0472799 -0.0474432 -0.0682 ,0.0455748 -0.0711618 -0.0446813 ,-30.0284 -30.2291 -0.0290066 ,19.3055
V 708 :-0.993704 0.109367 0.0243309 -0.0350707 -0.0973746 -0.99463 -0.106411 -0.98922 0.100597 ,-0.999525 0.0296153 -0.00852233 0.00750192 -0.0343975 -0.99938 -0.0298901 -0.998969 0.0341589 ,-0.999525 0.00750192 -0.0298901 0.0296153 -0.0343975 -0.998969 -0.00852233 -0.99938 0.0341589 ,0.996149 0.0780786 0.0398827 -0.0804779 0.994789 0.0625914 -0.0347879 -0.0655601 0.997242 ,-26.5165 -4.1385 -33.7938 ,0.0472799 -0.0474432 -0.0682 ,0.0455748 -0.0711618 -0.0446813 ,-30.1288 -30.8552 -0.0300695 ,19.3055
V 709 :-0.996617 0.0700681 0.0429558 -0.0503668 -0.107683 -0.992909 -0.0649456 -0.991713 0.110848 ,-0.999525 0.0296153 -0.00852233 0.00750192 -0.0343975 -0.99938 -0.0298901 -0.998969 0.0341589 ,-0.999525 0.00750192 -0.0298901 0.0296153 -0.0343975 -0.998969 -0.00852233 -0.99938 0.0341589 ,0.997707 0.037096 0.0566106 -0.0412002 0.99647 0.0731432 -0.0536974 -0.0753079 0.995713 ,-27.7955 -4.96513 -33.3048 ,0.0472799 -0.0474432 -0.0682 ,0.0455748 -0.0711618 -0.0446813 ,-30.1549 -31.5399 -0.00259206 ,19.3055
V 710 :-0.996826 0.0774653 -0.0183771 0.013404 -0.0642365 -0.997845 -0.0784788 -0.994924 0.0629942 ,-0.999525 0.0296153 -0.00852233 0.00750192 -0.0343975 -0.99938 -0.0298901 -0.998969 0.0341589 ,-0.999525 0.00750192 -0.0298901 0.0296153 -0.0343975 -0.998969 -0.00852233 -0.99938 0.0341589 ,0.998799 0.0484155 -0.00758114 -0.048172 0.998402 0.0295509 0.00899974 -0.0291502 0.999535 ,-27.5782 -1.73363 -34.4306 ,0.0472799 -0.0474432 -0.0682 ,0.0455748 -0.0711618 -0.0446813 ,-30.2119 -32.1563 -0.0255934 ,19.3055
V 711 :-0.99873 0.0406646 0.029761 -0.0338603 -0.104152 -0.993985 -0.0373203 -0.99373 0.105397 ,-0.999525 0.0296153 -0.00852233 0.00750192 -0.0343975 -0.99938 -0.0298901 -0.998969 0.0341589 ,-0.999525 0.00750192 -0.0298901 0.0296153 -0.0343975 -0.998969 -0.00852233 -0.99938 0.0341589 ,0.999117 0.00886886 0.041076 -0.0117239 0.997492 0.0697964 -0.040354 -0.0702163 0.996715 ,-28.7874 -4.48742 -33.7677 ,0.0472799 -0.0474432 -0.0682 ,0.0455748 -0.0711618 -0.0446813 ,-30.206 -32.7781 -0.00330298 ,19.3055
V 712 :-0.997941 0.0627964 -0.0130768 0.00838947 -0.0743344 -0.997198 -0.0635925 -0.995254 0.0736544 ,-0.999525 0.0296153 -0.00852233 0.00750192 -0.0343975 -0.99938 -0.0298901 -0.998969 0.0341589 ,-0.999525 0.00750192 -0.0298901 0.0296153 -0.0343975 -0.998969 -0.00852233 -0.99938 0.0341589 ,0.99943 0.033684 -0.00205174 -0.0335759 0.998645 0.0397563 0.00338811 -0.0396648 0.999207 ,-28.0533 -2.30092 -35.2554 ,0.0472799 -0.0474432 -0.0682 ,0.0455748 -0.0711618 -0.0446813 ,-30.2614 -33.4231 -0.0229348 ,19.3055
V 713 :-0.999717 -0.00293988 0.0236055 -0.0234182 -0.0526344 -0.998339 0.00417746 -0.99861 0.0525505 ,-0.999525 0.0296153 -0.00852233 0.00750192 -0.0343975 -0.99938 -0.0298901 -0.998969 0.0341589 ,-0.999525 0.00750192 -0.0298901 0.0296153 -0.0343975 -0.998969 -0.00852233 -0.99938 0.0341589 ,0.998942 -0.0329746 0.0320663 0.0323922 0.999304 0.0185153 -0.0326545 -0.017457 0.999314 ,-30.3132 -2.57846 -33.9658 ,0.0472799 -0.0474432 -0.0682 ,0.0455748 -0.0711618 -0.0446813 ,-30.2696 -34.073 -0.0287984 ,19.3055
V 714 :-0.997595 0.0674078 0.0161617 -0.0241617 -0.119609 -0.992527 -0.064971 -0.99053 0.12095 ,-0.999525 0.0296153 -0.00852233 0.00750192 -0.0343975 -0.99938 -0.0298901 -0.998969 0.0341589 ,-0.999525 0.00750192 -0.0298901 0.0296153 -0.0343975 -0.998969 -0.00852233 -0.99938 0.0341589 ,0.998882 0.036191 0.0304292 -0.038666 0.99562 0.0851253 -0.0272151 -0.0862066 0.995906 ,-27.919 -4.97033 -36.4045 ,0.0472799 -0.0474432 -0.0682 ,0.0455748 -0.0711618 -0.0446813 ,-30.3787 -34.6959 -0.0392294 ,19.3055
V 715 :-0.997414 0.0624634 0.0355389 -0.0414633 -0.096264 -0.994492 -0.0586982 -0.993394 0.098605 ,-0.999525 0.0296153 -0.00852233 0.00750192 -0.0343975 -0.99938 -0.0298901 -0.998969 0.0341589 ,-0.999525 0.00750192 -0.0298901 0.0296153 -0.0343975 -0.998969 -0.00852233 -0.99938 0.0341589 ,0.998384 0.0305252 0.0479328 -0.0334632 0.997531 0.0617387 -0.0459299 -0.0632429 0.996941 ,-28.0878 -4.74457 -36.9538 ,0.0472799 -0.0474432 -0.0682 ,0.0455748 -0.0711618 -0.0446813 ,-30.4222 -35.3367 -0.0342653 ,19.3055
V 716 :-0.990271 0.138923 -0.00804059 -0.00234582 -0.0744388 -0.997223 -0.139136 -0.987502 0.0740403 ,-0.999525 0.0296153 -0.00852233 0.00750192 -0.0343975 -0.99938 -0.0298901 -0.998969 0.0341589 ,-0.999525 0.00750192 -0.0298901 0.0296153 -0.0343975 -0.998969 -0.00852233 -0.99938 0.0341589 ,0.993941 0.109746 0.00603105 -0.109899 0.993159 0.0394767 -0.00165739 -0.0399003 0.999202 ,-25.1431 -2.84495 -39.7488 ,0.0472799 -0.0474432 -0.0682 ,0.0455748 -0.0711618 -0.0446813 ,-30.4728 -35.8933 -0.0543229 ,19.3055
V 717 :-0.999964 0.00530218 -0.00662399 0.00614252 -0.0861775 -0.996261 -0.00585319 -0.996266 0.0861417 ,-0.999525 0.0296153 -0.00852233 0.00750192 -0.0343975 -0.99938 -0.0298901 -0.998969 0.0341589 ,-0.999525 0.00750192 -0.0298901 0.0296153 -0.0343975 -0.998969 -0.00852233 -0.99938 0.0341589 ,0.99971 -0.0239784 0.00218337 0.0238324 0.99836 0.0520474 -0.00342781 -0.0519803 0.998642 ,-30.242 -2.99517 -36.4589 ,0.0472799 -0.0474432 -0.0682 ,0.0455748 -0.0711618 -0.0446813 ,-30.4831 -36.3482 -0.00258022 ,19.3055
V 718 :-0.997707 0.067659 -0.00145942 -0.00471689 -0.0910362 -0.995836 -0.0675102 -0.993547 0.0911466 ,-0.999525 0.0296153 -0.00852233 0.00750192 -0.0343975 -0.99938 -0.0298901 -0.998969 0.0341589 ,-0.999525 0.00750192 -0.0298901 0.0296153 -0.0343975 -0.998969 -0.00852233 -0.99938 0.0341589 ,0.999216 0.0380554 0.0109107 -0.0386126 0.997658 0.0564647 -0.00873634 -0.0568417 0.998345 ,-27.8939 -3.5575 -38.8748 ,0.0472799 -0.0474432 -0.0682 ,0.0455748 -0.0711618 -0.0446813 ,-30.5135 -36.9853 0.000880443 ,19.3055
V 719 :-0.999821 0.0173039 -0.00767784 0.00684703 -0.0475714 -0.998844 -0.0176491 -0.998718 0.0474444 ,-0.999525 0.0296153 -0.00852233 0.00750192 -0.0343975 -0.99938 -0.0298901 -0.998969 0.0341589 ,-0.999525 0.00750192 -0.0298901 0.0296153 -0.0343975 -0.998969 -0.00852233 -0.99938 0.0341589 ,0.999925 -0.0122146 0.00107514 0.0121993 0.999837 0.0132793 -0.00123717 -0.0132652 0.999911 ,-29.847 -1.63244 -38.1893 ,0.0472799 -0.0474432 -0.0682 ,0.0455748 -0.0711618 -0.0446813 ,-30.5509 -37.6303 -0.00404933 ,19.3055
V 720 :-0.996113 0.0877715 0.007433 -0.0109 -0.0390871 -0.999176 -0.0874086 -0.995374 0.0398917 ,-0.999525 0.0296153 -0.00852233 0.00750192 -0.0343975 -0.99938 -0.0298901 -0.998969 0.0341589 ,-0.999525 0.00750192 -0.0298901 0.0296153 -0.0343975 -0.998969 -0.00852233 -0.99938 0.0341589 ,0.998171 0.0581932 0.0163966 -0.0582711 0.998292 0.00431387 -0.0161176 -0.00526134 0.999856 ,-27.0373 -1.88169 -40.7639 ,0.0472799 -0.0474432 -0.0682 ,0.0455748 -0.0711618 -0.0446813 ,-30.5564 -38.2018 -0.00799597 ,19.3055
V 721 :-0.993169 0.116475 0.00699955 -0.014637 -0.0648462 -0.997788 -0.115764 -0.991075 0.0661079 ,-0.999525 0.0296153 -0.00852233 0.00750192 -0.0343975 -0.99938 -0.0298901 -0.998969 0.0341589 ,-0.999525 0.00750192 -0.0298901 0.0296153 -0.0343975 -0.998969 -0.00852233 -0.99938 0.0341589 ,0.996048 0.0867348 0.0191377 -0.087283 0.995733 0.0299593 -0.0164575 -0.0315112 0.999368 ,-25.8561 -3.05 -41.8491 ,0.0472799 -0.0474432 -0.0682 ,0.0455748 -0.0711618 -0.0446813 ,-30.6071 -38.5855 -0.0525541 ,19.3055
V 722 :-0.999254 0.0312495 0.0227134 -0.0251828 -0.0810411 -0.996393 -0.029296 -0.996221 0.0817674 ,-0.999525 0.0296153 -0.00852233 0.00750192 -0.0343975 -0.99938 -0.0298901 -0.998969 0.0341589 ,-0.999525 0.00750192 -0.0298901 0.0296153 -0.0343975 -0.998969 -0.00852233 -0.99938 0.0341589 ,0.999466 0.000538802 0.0326824 -0.00206541 0.998907 0.0466947 -0.0326215 -0.0467372 0.998374 ,-29.326 -4.05005 -40.0392 ,0.0472799 -0.0474432 -0.0682 ,0.0455748 -0.0711618 -0.0446813 ,-30.6232 -39.2264 -0.0526612 ,19.3055
V 723 :-0.993927 0.107964 0.0212814 -0.0312286 -0.0912975 -0.995334 -0.105517 -0.989954 0.0941145 ,-0.999525 0.0296153 -0.00852233 0.00750192 -0.0343975 -0.99938 -0.0298901 -0.998969 0.0341589 ,-0.999525 0.00750192 -0.0298901 0.0296153 -0.0343975 -0.998969 -0.00852233 -0.99938 0.0341589 ,0.996375 0.077047 0.0360755 -0.0790076 0.995271 0.056505 -0.0315513 -0.0591503 0.99775 ,-26.1274 -4.68669 -42.7139 ,0.0472799 -0.0474432 -0.0682 ,0.0455748 -0.0711618 -0.0446813 ,-30.6605 -39.8149 -0.0469826 ,19.3055
V 724 :-0.99665 -0.0680865 0.0453114 -0.0358401 -0.134402 -0.990279 0.0735145 -0.988585 0.131511 ,-0.999525 0.0296153 -0.00852233 0.00750192 -0.0343975 -0.99938 -0.0298901 -0.998969 0.0341589 ,-0.999525 0.00750192 -0.0298901 0.0296153 -0.0343975 -0.998969 -0.00852233 -0.99938 0.0341589 ,0.99371 -0.101722 0.0468228 0.0965948 0.990173 0.10113 -0.0566498 -0.0959705 0.993771 ,-33.2868 -6.61917 -37.823 ,0.0472799 -0.0474432 -0.0682 ,0.0455748 -0.0711618 -0.0446813 ,-30.6824 -40.4767 -0.0322554 ,19.3055
V 725 :-0.99641 0.0801503 0.0272521 -0.0356542 -0.105342 -0.993797 -0.0767823 -0.991201 0.107821 ,-0.999525 0.0296153 -0.00852233 0.00750192 -0.0343975 -0.99938 -0.0298901 -0.998969 0.0341589 ,-0.999525 0.00750192 -0.0298901 0.0296153 -0.0343975 -0.998969 -0.00852233 -0.99938 0.0341589 ,0.997965 0.0484206 0.041501 -0.0512754 0.996176 0.0707352 -0.0379173 -0.0727191 0.996631 ,-27.2937 -5.4583 -42.9348 ,0.0472799 -0.0474432 -0.0682 ,0.0455748 -0.0711618 -0.0446813 ,-30.7272 -40.868 -0.0102449 ,19.3055
V 726 :-0.990076 0.140093 -0.0110725 -0.00780717 -0.133502 -0.991018 -0.140313 -0.981097 0.133271 ,-0.999525 0.0296153 -0.00852233 0.00750192 -0.0343975 -0.99938 -0.0298901 -0.998969 0.0341589 ,-0.999525 0.00750192 -0.0298901 0.0296153 -0.0343975 -0.998969 -0.00852233 -0.99938 0.0341589 ,0.993742 0.111116 0.0114471 -0.111703 0.988827 0.0987123 -0.000350755 -0.0993732 0.99505 ,-24.6867 -5.83798 -44.8647 ,0.0472799 -0.0474432 -0.0682 ,0.0455748 -0.0711618 -0.0446813 ,-30.8193 -41.2577 -0.0423083 ,19.3055
V 727 :-0.997876 0.0647575 -0.0070466 0.000559841 -0.0996467 -0.995023 -0.0651374 -0.992914 0.0993987 ,-0.999525 0.0296153 -0.00852233 0.00750192 -0.0343975 -0.99938 -0.0298901 -0.998969 0.0341589 ,-0.999525 0.00750192 -0.0298901 0.0296153 -0.0343975 -0.998969 -0.00852233 -0.99938 0.0341589 ,0.999353 0.0354986 0.00571971 -0.035796 0.997236 0.0651162 -0.00339237 -0.0652787 0.997861 ,-28.0769 -4.19708 -43.4853 ,0.0472799 -0.0474432 -0.0682 ,0.0455748 -0.0711618 -0.0446813 ,-30.8902 -41.7016 -0.0115509 ,19.3055
V 728 :-0.993726 0.110556 0.016923 -0.0297686 -0.115596 -0.99285 -0.107809 -0.987125 0.118161 ,-0.999525 0.0296153 -0.00852233 0.00750192 -0.0343975 -0.99938 -0.0298901 -0.998969 0.0341589 ,-0.999525 0.00750192 -0.0298901 0.0296153 -0.0343975 -0.998969 -0.00852233 -0.99938 0.0341589 ,0.996253 0.0792928 0.0345364 -0.0818656 0.993358 0.0808627 -0.0278951 -0.083387 0.996127 ,-26.047 -5.85052 -44.9601 ,0.0472799 -0.0474432 -0.0682 ,0.0455748 -0.0711618 -0.0446813 ,-30.9431 -42.0999 -0.0154938 ,19.3055
V 729 :-0.986518 0.163281 -0.0110174 -0.00835515 -0.117486 -0.993039 -0.163439 -0.979559 0.117266 ,-0.999525 0.0296153 -0.00852233 0.00750192 -0.0343975 -0.99938 -0.0298901 -0.998969 0.0341589 ,-0.999525 0.00750192 -0.0298901 0.0296153 -0.0343975 -0.998969 -0.00852233 -0.99938 0.0341589 ,0.990872 0.134342 0.0111745 -0.134806 0.987427 0.082561 5.74028e-05 -0.0833136 0.996523 ,-23.6155 -5.28959 -46.6155 ,0.0472799 -0.0474432 -0.0682 ,0.0455748 -0.0711618 -0.0446813 ,-30.9952 -42.348 -0.00793129 ,19.3055
V 730 :-0.986331 0.164752 0.00273121 -0.0265947 -0.142814 -0.989392 -0.162614 -0.975941 0.145243 ,-0.999525 0.0296153 -0.00852233 0.00750192 -0.0343975 -0.99938 -0.0298901 -0.998969 0.0341589 ,-0.999525 0.00750192 -0.0298901 0.0296153 -0.0343975 -0.998969 -0.00852233 -0.99938 0.0341589 ,0.990524 0.134151 0.0294293 -0.136574 0.984727 0.107984 -0.0144936 -0.11098 0.993717 ,-23.5491 -7.01136 -46.7656 ,0.0472799 -0.0474432 -0.0682 ,0.0455748 -0.0711618 -0.0446813 ,-31.0527 -42.6809 -0.0430978 ,19.3055
V 731 :-0.998335 0.0575988 -0.00318848 -0.00300249 -0.107079 -0.994246 -0.0576088 -0.992581 0.107074 ,-0.999525 0.0296153 -0.00852233 0.00750192 -0.0343975 -0.99938 -0.0298901 -0.998969 0.0341589 ,-0.999525 0.00750192 -0.0298901 0.0296153 -0.0343975 -0.998969 -0.00852233 -0.99938 0.0341589 ,0.99956 0.0280866 0.00954091 -0.0287063 0.996947 0.0726164 -0.00747223 -0.0728582 0.997314 ,-28.4978 -4.7541 -44.4675 ,0.0472799 -0.0474432 -0.0682 ,0.0455748 -0.0711618 -0.0446813 ,-31.0695 -42.9297 -0.0165974 ,19.3055
V 732 :-0.998847 -0.0392341 0.0276822 -0.0215579 -0.148717 -0.988645 0.0429055 -0.988101 0.1477 ,-0.999525 0.0296153 -0.00852233 0.00750192 -0.0343975 -0.99938 -0.0298901 -0.998969 0.0341589 ,-0.999525 0.00750192 -0.0298901 0.0296153 -0.0343975 -0.998969 -0.00852233 -0.99938 0.0341589 ,0.996928 -0.0717009 0.0315227 0.0676343 0.991036 0.115207 -0.0395006 -0.112721 0.992841 ,-32.6637 -7.20804 -41.5398 ,0.0472799 -0.0474432 -0.0682 ,0.0455748 -0.0711618 -0.0446813 ,-31.0483 -43.3264 -0.0484177 ,19.3055
V 733 :-0.991508 0.12785 -0.0238096 0.006737 -0.132341 -0.991181 -0.129874 -0.982924 0.130356 ,-0.999525 0.0296153 -0.00852233 0.00750192 -0.0343975 -0.99938 -0.0298901 -0.998969 0.0341589 ,-0.999525 0.00750192 -0.0298901 0.0296153 -0.0343975 -0.998969 -0.00852233 -0.99938 0.0341589 ,0.994969 0.100144 -0.00271922 -0.0994025 0.99025 0.0975941 0.0124662 -0.0968328 0.995223 ,-25.2098 -5.67723 -47.2068 ,0.0472799 -0.0474432 -0.0682 ,0.0455748 -0.0711618 -0.0446813 ,-31.1267 -43.8496 -0.0366907 ,19.3055
V 734 :-0.993514 0.10208 -0.0501015 0.0399076 -0.0995653 -0.99423 -0.10648 -0.989781 0.0948456 ,-0.999525 0.0296153 -0.00852233 0.00750192 -0.0343975 -0.99938 -0.0298901 -0.998969 0.0341589 ,-0.999525 0.00750192 -0.0298901 0.0296153 -0.0343975 -0.998969 -0.00852233 -0.99938 0.0341589 ,0.996524 0.0755739 -0.035053 -0.0731939 0.995209 0.0648237 0.0397841 -0.0620326 0.997281 ,-26.413 -3.23046 -47.1893 ,0.0472799 -0.0474432 -0.0682 ,0.0455748 -0.0711618 -0.0446813 ,-31.1791 -44.2554 -0.021119 ,19.3055
V 735 :-0.997171 0.0657319 -0.0364711 0.0307393 -0.0861954 -0.995804 -0.0685997 -0.994108 0.0839308 ,-0.999525 0.0296153 -0.00852233 0.00750192 -0.0343975 -0.99938 -0.0298901 -0.998969 0.0341589 ,-0.999525 0.00750192 -0.0298901 0.0296153 -0.0343975 -0.998969 -0.00852233 -0.99938 0.0341589 ,0.998978 0.0379401 -0.0245653 -0.0366333 0.997995 0.0516241 0.0264746 -0.0506714 0.998364 ,-28.1006 -2.95131 -46.7387 ,0.0472799 -0.0474432 -0.0682 ,0.0455748 -0.0711618 -0.0446813 ,-31.1805 -44.7956 -0.00115958 ,19.3055
V 736 :-0.993512 0.104733 -0.0443229 0.0328679 -0.108673 -0.993534 -0.108873 -0.988545 0.104526 ,-0.999525 0.0296153 -0.00852233 0.00750192 -0.0343975 -0.99938 -0.0298901 -0.998969 0.0341589 ,-0.999525 0.00750192 -0.0298901 0.0296153 -0.0343975 -0.998969 -0.00852233 -0.99938 0.0341589 ,0.996541 0.0782066 -0.0280995 -0.0759509 0.994366 0.0739455 0.0337242 -0.0715555 0.996866 ,-26.2116 -3.92662 -48.1182 ,0.0472799 -0.0474432 -0.0682 ,0.0455748 -0.0711618 -0.0446813 ,-31.1924 -45.1709 0.00449472 ,19.3055
V 737 :-0.99495 0.0964074 -0.0279163 0.0157327 -0.124897 -0.992045 -0.0991271 -0.987475 0.12275 ,-0.999525 0.0296153 -0.00852233 0.00750192 -0.0343975 -0.99938 -0.0298901 -0.998969 0.0341589 ,-0.999525 0.00750192 -0.0298901 0.0296153 -0.0343975 -0.998969 -0.00852233 -0.99938 0.0341589 ,0.997559 0.069018 -0.0106297 -0.0677828 0.993608 0.0902671 0.0167918 -0.0893262 0.995861 ,-26.6153 -5.23964 -48.1728 ,0.0472799 -0.0474432 -0.0682 ,0.0455748 -0.0711618 -0.0446813 ,-31.2147 -45.5801 0.0096212 ,19.3055
V 738 :-0.999901 0.0120522 0.00732741 -0.00901504 -0.14654 -0.989164 -0.0108479 -0.989131 0.146634 ,-0.999525 0.0296153 -0.00852233 0.00750192 -0.0343975 -0.99938 -0.0298901 -0.998969 0.0341589 ,-0.999525 0.00750192 -0.0298901 0.0296153 -0.0343975 -0.998969 -0.00852233 -0.99938 0.0341589 ,0.999682 -0.0184656 0.0171604 0.0164194 0.993509 0.112559 -0.0191275 -0.112242 0.993497 ,-30.6075 -7.02618 -45.7573 ,0.0472799 -0.0474432 -0.0682 ,0.0455748 -0.0711618 -0.0446813 ,-31.2103 -45.8457 0.0211077 ,19.3055
V 739 :-0.995394 0.0880531 0.0379259 -0.0480584 -0.115965 -0.99209 -0.0829585 -0.989343 0.119663 ,-0.999525 0.0296153 -0.00852233 0.00750192 -0.0343975 -0.99938 -0.0298901 -0.998969 0.0341589 ,-0.999525 0.00750192 -0.0298901 0.0296153 -0.0343975 -0.998969 -0.00852233 -0.99938 0.0341589 ,0.99704 0.0550472 0.0536779 -0.0593097 0.99492 0.0813482 -0.0489272 -0.0842909 0.995239 ,-26.9533 -6.8886 -48.4066 ,0.0472799 -0.0474432 -0.0682 ,0.0455748 -0.0711618 -0.0446813 ,-31.215 -46.239 0.0212923 ,19.3055
V 740 :-0.994048 0.108729 -0.00676518 -0.00629911 -0.119363 -0.992831 -0.108758 -0.986879 0.119338 ,-0.999525 0.0296153 -0.00852233 0.00750192 -0.0343975 -0.99938 -0.0298901 -0.998969 0.0341589 ,-0.999525 0.00750192 -0.0298901 0.0296153 -0.0343975 -0.998969 -0.00852233 -0.99938 0.0341589 ,0.99678 0.079423 0.0110518 -0.0800754 0.993188 0.0846518 -0.00425318 -0.0852641 0.996349 ,-25.9423 -5.78032 -49.3423 ,0.0472799 -0.0474432 -0.0682 ,0.0455748 -0.0711618 -0.0446813 ,-31.2299 -46.486 0.0126563 ,19.3055
V 741 :-0.994617 0.103393 -0.00684956 -0.00834397 -0.145805 -0.989278 -0.103283 -0.983896 0.145882 ,-0.999525 0.0296153 -0.00852233 0.00750192 -0.0343975 -0.99938 -0.0298901 -0.998969 0.0341589 ,-0.999525 0.00750192 -0.0298901 0.0296153 -0.0343975 -0.998969 -0.00852233 -0.99938 0.0341589 ,0.997169 0.0740078 0.0132872 -0.0750289 0.990959 0.111224 -0.00493562 -0.111906 0.993707 ,-26.2011 -7.14744 -49.281 ,0.0472799 -0.0474432 -0.0682 ,0.0455748 -0.0711618 -0.0446813 ,-31.2492 -46.7416 -0.0243703 ,19.3055
V 742 :-0.998962 0.0435507 -0.0133567 0.0059939 -0.164997 -0.986276 -0.0451568 -0.985332 0.164564 ,-0.999525 0.0296153 -0.00852233 0.00750192 -0.0343975 -0.99938 -0.0298901 -0.998969 0.0341589 ,-0.999525 0.00750192 -0.0298901 0.0296153 -0.0343975 -0.998969 -0.00852233 -0.99938 0.0341589 ,0.999882 0.0153195 0.00098079 -0.0153161 0.991282 0.130865 0.00103255 -0.130865 0.9914 ,-29.1453 -7.59986 -47.7669 ,0.0472799 -0.0474432 -0.0682 ,0.0455748 -0.0711618 -0.0446813 ,-31.271 -46.9738 0.0108249 ,19.3055
E 742 385 :0.999728 0.0154967 -0.0174194 -0.0167127 0.997267 -0.0719736 0.0162564 0.0722452 0.997254 ,0.410838 0.0322626 -0.335922 
E 13 0 :0.995194 -0.0390341 -0.0898113 0.0411409 0.998917 0.0217275 0.088866 -0.025318 0.995722 ,-1.28088 -0.0317737 -0.22504 
E 18 13 :0.998572 0.0522169 0.0113253 -0.0519165 0.998329 -0.0253726 -0.0126312 0.0247484 0.999614 ,0.270176 -0.0258814 0.120686 
E 18 0 :0.996927 0.0128953 -0.0772717 -0.0128495 0.999917 0.00108983 0.0772793 -9.3575e-05 0.997009 ,-1.01308 0.0146065 -0.0888747 
E 68 62 :0.999063 0.00839686 0.0424605 -0.0117801 0.99672 0.0800691 -0.0416489 -0.0804942 0.995885 ,0.98177 -0.105675 -1.10114 
E 68 0 :0.981221 -0.0246577 0.191302 0.00495776 0.994692 0.102781 -0.192821 -0.0999022 0.976135 ,0.552092 -0.114679 -0.664632 
E 68 30 :0.994035 -0.0834371 -0.0702321 0.0915356 0.988382 0.121339 0.0592919 -0.127044 0.990123 ,-0.484152 0.0123333 -0.486209 
E 68 40 :0.915618 0.0277706 0.401089 -0.104311 0.979859 0.17028 -0.388282 -0.197749 0.900073 ,0.619581 -0.1036 -1.15677 
E 68 18 :0.963106 -0.0370554 0.26656 0.00982737 0.994657 0.102763 -0.268944 -0.0963524 0.958324 ,1.55203 -0.110119 -0.850515 
E 68 48 :0.889437 0.0302353 0.456056 -0.0848569 0.991386 0.0997687 -0.449111 -0.127438 0.884341 ,1.12054 -0.147122 -1.46676 
E 68 13 :0.960287 0.0198939 0.278305 -0.0431238 0.996052 0.077598 -0.275662 -0.0865179 0.957353 ,1.84536 -0.120804 -0.805027 
E 68 55 :0.99068 0.0330616 0.132134 -0.0294245 0.999135 -0.0293847 -0.132992 0.0252228 0.990796 ,1.85582 -0.0667545 -0.183733 
E 30 18 :0.942314 0.0484993 0.331197 -0.0364778 0.998434 -0.042421 -0.332736 0.0278925 0.942607 ,1.99122 -0.244639 -0.518572 
E 30 0 :0.96439 0.0606157 0.257446 -0.0524734 0.997884 -0.0383873 -0.259228 0.0235113 0.96553 ,1.00786 -0.18933 -0.26485 
E 30 13 :0.934267 0.10582 0.340511 -0.0877251 0.993811 -0.0681506 -0.345615 0.0337995 0.937767 ,2.28453 -0.285455 -0.495432 
E 48 40 :0.997618 0.0303636 -0.061938 -0.0262463 0.997459 0.0662368 0.0637918 -0.0644534 0.99588 ,-0.588486 -0.0115044 0.0500143 
E 48 18 :0.976574 -0.0740891 -0.202025 0.073136 0.997247 -0.0121888 0.202372 -0.00287206 0.979304 ,0.103875 -0.0288028 0.745447 
E 48 0 :0.958912 -0.0614708 -0.276963 0.0591551 0.998109 -0.0167168 0.277467 -0.000353803 0.960735 ,-0.868599 -0.0872457 0.453351 
E 48 13 :0.981577 -0.0279714 -0.189007 0.0214119 0.999098 -0.0366586 0.189862 0.0319362 0.981291 ,0.345258 -0.0363243 0.918386 
E 48 30 :0.849736 -0.101026 -0.517438 0.113246 0.993535 -0.00800848 0.514902 -0.0517927 0.855683 ,-1.88118 -0.0153965 0.151225 
E 40 30 :0.877586 -0.130166 -0.46141 0.105572 0.991281 -0.0788511 0.467651 0.0204866 0.883676 ,-1.28306 -0.0496565 0.180603 
E 40 0 :0.972776 -0.0875436 -0.214578 0.0702371 0.993729 -0.0870066 0.220849 0.0695666 0.972824 ,-0.251728 -0.11005 0.414008 
E 40 18 :0.985238 -0.10027 -0.138752 0.0895588 0.992649 -0.0814115 0.145896 0.0677832 0.986975 ,0.735529 -0.0410548 0.648538 
E 40 13 :0.990789 -0.0520902 -0.124997 0.0389244 0.993652 -0.105552 0.129701 0.0997142 0.986527 ,0.987566 -0.0523745 0.805316 
E 55 48 :0.943373 0.0177306 0.33126 -0.0667051 0.988313 0.137066 -0.324958 -0.151401 0.933531 ,-0.555428 -0.136969 -1.36602 
E 55 18 :0.989608 -0.0531632 0.133603 0.0348771 0.990142 0.135659 -0.139498 -0.12959 0.981706 ,-0.211009 -0.0701885 -0.699512 
E 55 13 :0.989267 0.00190637 0.146108 -0.0182909 0.993666 0.110879 -0.144971 -0.112362 0.983035 ,0.0738593 -0.0700196 -0.615369 
E 55 0 :0.997574 -0.04041 0.0566769 0.0325307 0.990496 0.133637 -0.0615385 -0.13147 0.989408 ,-1.22621 -0.103116 -0.647332 
E 55 40 :0.961792 0.0249789 0.272639 -0.0837422 0.974942 0.206096 -0.260659 -0.221052 0.939783 ,-1.09423 -0.102228 -1.12635 
E 55 30 :0.974192 -0.0948463 -0.204826 0.125816 0.981564 0.143886 0.187403 -0.165943 0.968165 ,-2.28026 -0.00597298 -0.611206 
E 62 55 :0.995637 0.0202101 0.0910912 -0.0103043 0.994105 -0.107932 -0.0927355 0.106523 0.989976 ,0.834562 -0.0277133 0.953858 
E 62 40 :0.93216 0.0244377 0.36122 -0.0650256 0.992796 0.100638 -0.356159 -0.1173 0.927034 ,-0.359557 0.00350564 -0.0706188 
E 62 18 :0.973289 -0.0447249 0.225187 0.0395306 0.998839 0.027525 -0.226156 -0.017888 0.973927 ,0.559335 -0.0198138 0.273449 
E 62 48 :0.908309 0.0238359 0.417621 -0.0409592 0.998645 0.0320865 -0.416291 -0.0462499 0.908055 ,0.154357 -0.0107142 -0.361548 
E 62 0 :0.988274 -0.0321914 0.149257 0.0287016 0.999263 0.0254767 -0.149967 -0.020894 0.98847 ,-0.447349 -0.0477181 0.415744 
E 62 13 :0.971376 0.011745 0.237257 -0.0127298 0.999916 0.00261893 -0.237206 -0.00556419 0.971443 ,0.850629 -0.031663 0.330349 
E 62 30 :0.989556 -0.0897109 -0.112833 0.0948094 0.994665 0.0406521 0.108584 -0.0509252 0.992782 ,-1.49155 0.0558142 0.559604 
E 74 68 :0.962689 -0.0922716 -0.254393 0.134746 0.978693 0.154931 0.234677 -0.183429 0.95461 ,0.156472 0.834885 0.907578 
E 74 62 :0.973469 -0.0634082 -0.219858 0.116638 0.964143 0.238378 0.196859 -0.257697 0.945959 ,1.39148 0.693151 0.106203 
E 74 30 :0.933417 -0.139204 -0.330688 0.232714 0.936396 0.262691 0.273087 -0.322156 0.906443 ,-0.187066 0.706389 0.327557 
E 74 40 :0.989856 -0.0133728 0.14144 -0.0388689 0.932086 0.360146 -0.136651 -0.361991 0.922111 ,1.05677 0.637759 -0.0322848 
E 74 0 :0.993206 -0.090105 -0.0736413 0.107194 0.954697 0.277602 0.0452918 -0.28361 0.95787 ,0.867625 0.69407 0.423712 
E 74 48 :0.978332 -0.0299504 0.204864 -0.0327816 0.954592 0.296107 -0.20443 -0.296407 0.932926 ,1.62191 0.61464 -0.202659 
E 74 18 :0.994682 -0.10294 0.00334165 0.0977252 0.953543 0.284966 -0.0325208 -0.283124 0.958532 ,1.87712 0.804472 0.480091 
E 74 13 :0.998563 -0.0507461 0.0172173 0.0444815 0.964105 0.261769 -0.029883 -0.260627 0.964977 ,2.14892 0.840587 0.594313 
E 74 55 :0.990264 -0.0667802 -0.122136 0.0840885 0.986209 0.142551 0.110932 -0.151434 0.982223 ,1.99595 0.991152 1.17995 
E 75 74 :0.998526 0.0423012 -0.0340036 -0.0475711 0.983748 -0.173135 0.0261271 0.174498 0.984311 ,-0.212437 -0.377035 0.108112 
E 75 62 :0.970274 -0.0137677 -0.241616 0.0343505 0.996107 0.0811838 0.239558 -0.0870702 0.96697 ,1.20271 0.220269 0.369957 
E 75 40 :0.9914 0.0383842 0.125111 -0.0616666 0.980248 0.187915 -0.115427 -0.194014 0.974184 ,0.870851 0.205677 0.215231 
E 75 0 :0.994736 -0.0399437 -0.0943608 0.0503627 0.992571 0.110752 0.089236 -0.114922 0.989358 ,0.668861 0.191122 0.668959 
E 75 30 :0.9326 -0.0884341 -0.349911 0.137247 0.983577 0.117216 0.333798 -0.15734 0.929421 ,-0.380484 0.270062 0.548906 
E 75 48 :0.982455 0.020553 0.185365 -0.043395 0.991822 0.120026 -0.181382 -0.125964 0.975312 ,1.43998 0.185547 0.0582618 
E 75 18 :0.998456 -0.0528251 -0.0172024 0.0544495 0.991962 0.11422 0.0110304 -0.11498 0.993307 ,1.67962 0.241946 0.770093 
E 75 68 :0.95899 -0.0444985 -0.279924 0.0461296 0.998935 -0.000761861 0.27966 -0.0121822 0.960022 ,-0.0517401 0.279705 1.15122 
E 75 13 :0.999989 -0.00102627 -0.00454762 0.00142973 0.995975 0.0896241 0.00443734 -0.0896296 0.995965 ,1.94867 0.244768 0.895927 
E 75 55 :0.98859 -0.0198147 -0.149325 0.0164079 0.999577 -0.0240129 0.149737 0.0212888 0.988497 ,1.78237 0.298769 1.49465 
E 84 81 :0.995872 -0.00619378 0.0905573 0.0166357 0.993225 -0.115013 -0.0892314 0.116044 0.989228 ,-0.546149 -0.272247 -0.0921736 
E 84 62 :0.984924 -0.0678229 -0.159137 0.0666643 0.997696 -0.0126138 0.159626 0.00181493 0.987176 ,-0.875816 -0.219218 -0.0525169 
E 84 18 :0.991924 -0.108948 0.0649372 0.107176 0.993782 0.0301885 -0.0678224 -0.022985 0.997433 ,-0.367085 -0.205148 0.306674 
E 84 40 :0.979195 -0.0245983 0.201424 0.00175856 0.993617 0.112793 -0.202913 -0.110093 0.972988 ,-1.21895 -0.238799 -0.179618 
E 84 48 :0.96364 -0.0368944 0.264644 0.0249379 0.998517 0.048399 -0.266037 -0.0400395 0.963131 ,-0.665524 -0.215057 -0.384808 
E 84 13 :0.995343 -0.0553637 0.0789102 0.0550477 0.998465 0.00617584 -0.079131 -0.00180325 0.996863 ,-0.0884343 -0.198269 0.409321 
E 84 75 :0.99503 -0.0466456 0.0879707 0.0539944 0.995078 -0.0830968 -0.0836616 0.0874338 0.992651 ,-2.09482 -0.4726 -0.338394 
E 84 0 :0.995294 -0.0961539 -0.0120234 0.0964098 0.995078 0.0228996 0.00976232 -0.023951 0.999665 ,-1.37935 -0.301893 0.286401 
E 84 74 :0.998081 0.0115542 0.060832 0.00440682 0.96669 -0.255912 -0.0617625 0.255689 0.964784 ,-2.2791 -0.868234 -0.24627 
E 84 55 :0.996084 -0.0644693 -0.0605036 0.0572627 0.991818 -0.114098 0.0673644 0.110187 0.991625 ,-0.203751 -0.203264 1.02228 
E 84 30 :0.950927 -0.147715 -0.271878 0.159189 0.987035 0.0205137 0.265322 -0.0627871 0.962113 ,-2.43772 -0.270024 0.261922 
E 84 68 :0.976675 -0.0919449 -0.194044 0.0744437 0.992628 -0.0956472 0.201407 0.0789708 0.976319 ,-2.05807 -0.292729 0.833155 
E 81 75 :0.999286 -0.037701 -0.00235038 0.0377571 0.998771 0.0321129 0.0011368 -0.0321787 0.999481 ,-1.52364 -0.217977 -0.360768 
E 81 62 :0.967724 -0.0511075 -0.246777 0.0786359 0.991567 0.103014 0.239431 -0.119094 0.963582 ,-0.330963 0.059313 0.00327679 
E 81 40 :0.993289 0.00185651 0.115648 -0.0278652 0.974262 0.223692 -0.112256 -0.225413 0.967775 ,-0.661667 0.0272403 -0.151277 
E 81 48 :0.983816 -0.0165583 0.178415 -0.0120717 0.987334 0.158198 -0.178775 -0.157791 0.971155 ,-0.0918186 0.0235828 -0.30687 
E 81 18 :0.995664 -0.0899151 -0.0238309 0.0924355 0.985056 0.145328 0.0104076 -0.146901 0.989096 ,0.143851 0.111819 0.403049 
E 81 0 :0.991918 -0.077066 -0.100794 0.0907248 0.986153 0.138825 0.0886999 -0.146847 0.985174 ,-0.864031 0.0196469 0.302454 
E 81 13 :0.999211 -0.0383641 -0.0102642 0.0393271 0.991833 0.121326 0.00552582 -0.121634 0.99256 ,0.412307 0.128837 0.529033 
E 81 74 :0.999546 0.00477254 -0.0297654 -0.00897212 0.98974 -0.142597 0.0287795 0.1428 0.989333 ,-1.72196 -0.599097 -0.240821 
E 81 55 :0.986914 -0.0575357 -0.150636 0.0585225 0.998284 0.00212203 0.150255 -0.0109099 0.988587 ,0.242689 0.19572 1.12552 
E 81 30 :0.925975 -0.125083 -0.356265 0.18301 0.973976 0.133707 0.330269 -0.189009 0.924769 ,-1.91532 0.055014 0.17873 
E 81 68 :0.955909 -0.0820989 -0.281952 0.0912623 0.995636 0.0194991 0.279121 -0.0443709 0.95923 ,-1.58859 0.0963999 0.7808 
E 90 84 :0.999635 0.00573872 0.0264034 -0.00983084 0.987458 0.157575 -0.025168 -0.157777 0.987154 ,0.321404 -0.0622387 -0.929517 
E 90 55 :0.997827 -0.0558447 -0.034954 0.0573671 0.997375 0.0441824 0.0323949 -0.0460916 0.998412 ,0.143553 -0.0998656 0.116825 
E 90 13 :0.993206 -0.0496612 0.105237 0.0321033 0.986202 0.162403 -0.11185 -0.157921 0.981097 ,0.242672 -0.192653 -0.491947 
E 90 18 :0.990386 -0.103812 0.0914223 0.0853931 0.978767 0.186342 -0.108826 -0.176743 0.978222 ,-0.0386269 -0.212881 -0.585177 
E 90 62 :0.989162 -0.0620247 -0.133086 0.0812985 0.986136 0.144663 0.122269 -0.153914 0.98049 ,-0.556737 -0.278373 -0.92473 
E 90 81 :0.993248 0.00257229 0.115983 -0.00742377 0.999114 0.0414166 -0.115774 -0.041998 0.992387 ,-0.228541 -0.340226 -0.963807 
E 90 0 :0.995741 -0.0910408 0.014507 0.0869543 0.979769 0.180252 -0.0306238 -0.178223 0.983513 ,-1.05161 -0.301656 -0.564449 
E 90 40 :0.97349 -0.021794 0.227688 -0.0398637 0.964049 0.262717 -0.225228 -0.264829 0.937624 ,-0.903216 -0.314363 -1.03847 
E 90 48 :0.956407 -0.0322079 0.290255 -0.0267689 0.980047 0.196955 -0.290807 -0.196139 0.936462 ,-0.355271 -0.328692 -1.2587 
E 90 75 :0.992768 -0.0386095 0.113671 0.0303523 0.996833 0.0734971 -0.116149 -0.0695154 0.990796 ,-1.78429 -0.56164 -1.13628 
E 90 74 :0.996111 0.0238486 0.0848148 -0.0151926 0.994742 -0.101275 -0.0867841 0.099593 0.991236 ,-1.96835 -0.935983 -0.978276 
E 90 68 :0.982063 -0.0841298 -0.168744 0.0956452 0.993526 0.061303 0.162494 -0.076343 0.983752 ,-1.7156 -0.19978 -0.00908211 
E 90 30 :0.958499 -0.143655 -0.246257 0.189652 0.966214 0.174534 0.212865 -0.213994 0.95336 ,-2.11006 -0.263639 -0.567004 
E 95 90 :0.99856 0.0438517 -0.0309089 -0.0478122 0.988725 -0.141905 0.0243376 0.143179 0.989398 ,1.36051 -0.0837334 0.32888 
E 95 0 :0.999067 -0.0424364 -0.00800882 0.0427109 0.998366 0.0379607 0.00638481 -0.0382674 0.999247 ,0.314639 -0.25161 -0.298368 
E 95 62 :0.987523 -0.0139343 -0.156857 0.0157373 0.999824 0.0102579 0.156686 -0.0125984 0.987568 ,0.820954 -0.201125 -0.639452 
E 95 75 :0.996259 0.00730756 0.086106 -0.000974286 0.997305 -0.0733657 -0.08641 0.0730074 0.993581 ,-0.410717 -0.392486 -0.91919 
E 95 40 :0.977302 0.0286981 0.2099 -0.0539979 0.991802 0.115815 -0.204855 -0.12452 0.970839 ,0.476911 -0.204003 -0.765574 
E 95 81 :0.99507 0.0476795 0.0869587 -0.0384005 0.993686 -0.105421 -0.0914361 0.101562 0.990618 ,1.14717 -0.272427 -0.678984 
E 95 68 :0.97982 -0.0380812 -0.196219 0.0245535 0.99718 -0.0709198 0.198366 0.0646708 0.977992 ,-0.361093 -0.197946 0.249536 
E 95 74 :0.996693 0.064357 0.0496135 -0.0503325 0.968254 -0.24485 -0.0637963 0.241543 0.968291 ,-0.615806 -0.77623 -0.820942 
E 95 18 :0.996068 -0.0552792 0.0692263 0.0525207 0.997776 0.0410544 -0.0713418 -0.0372572 0.996756 ,1.33069 -0.209328 -0.281513 
E 95 30 :0.958856 -0.0944636 -0.267717 0.111479 0.992555 0.0490532 0.26109 -0.0768798 0.962248 ,-0.740541 -0.163053 -0.321213 
E 95 84 :0.998542 0.0539089 0.00276347 -0.0539433 0.998439 0.0144531 -0.00198001 -0.0145811 0.999892 ,1.70746 -0.028734 -0.591871 
E 95 13 :0.996641 -0.00146192 0.0818829 0.00012605 0.999867 0.0163172 -0.0818959 -0.0162521 0.996508 ,1.60959 -0.216007 -0.179529 
E 95 48 :0.962844 0.0168776 0.269529 -0.030928 0.99837 0.0479678 -0.26828 -0.0545216 0.961797 ,1.03025 -0.213117 -0.972184 
E 95 55 :0.997905 -0.010603 -0.063826 0.00441489 0.99534 -0.0963245 0.0645499 0.0958409 0.993301 ,1.49587 -0.205915 0.433662 
E 100 95 :0.961847 -0.0344058 -0.271417 -0.00950142 0.987262 -0.15882 0.273424 0.15534 0.949268 ,-0.510399 -0.104806 1.02093 
E 100 40 :0.997473 0.0272762 -0.0655955 -0.0300607 0.998672 -0.0418439 0.064367 0.0437101 0.996969 ,0.163126 -0.189153 0.3929 
E 100 75 :0.981735 -0.0470997 -0.184329 0.00329591 0.972936 -0.23105 0.190223 0.226223 0.955321 ,-0.642458 -0.342405 -0.0249004 
E 100 81 :0.983244 -0.0158937 -0.181602 -0.0328441 0.964445 -0.262234 0.179313 0.263805 0.947762 ,0.786666 -0.276826 0.647734 
E 100 62 :0.906777 -0.044383 -0.419268 -0.018731 0.989221 -0.145228 0.421194 0.139543 0.896172 ,0.459712 -0.209611 0.60714 
E 100 0 :0.957747 -0.0647805 -0.280222 0.0316603 0.992129 -0.121147 0.285864 0.107157 0.95226 ,-0.118125 -0.308814 0.784639 
E 100 48 :0.999989 -0.00331798 -0.00345259 0.00292588 0.994151 -0.107957 0.0037906 0.107946 0.99415 ,0.75174 -0.170594 0.34665 
E 100 74 :0.977713 -0.0369709 -0.206665 -0.0490292 0.916946 -0.395987 0.204141 0.397294 0.894698 ,-0.853186 -0.734915 -0.0473233 
E 100 84 :0.962838 0.0214575 -0.269227 -0.0624293 0.987525 -0.14456 0.262766 0.155996 0.952166 ,1.29355 -0.0553964 0.921477 
E 100 18 :0.975621 -0.0773872 -0.205364 0.0537181 0.991508 -0.118431 0.212785 0.104512 0.971494 ,0.853135 -0.279401 1.08502 
E 100 13 :0.980839 -0.0313963 -0.192272 0.00366166 0.989725 -0.142934 0.194784 0.139492 0.970877 ,1.09394 -0.304842 1.25705 
E 100 90 :0.955501 -0.0307004 -0.293386 -0.0605562 0.952974 -0.29694 0.288706 0.301493 0.908708 ,0.711825 -0.252633 1.69211 
E 100 30 :0.847573 -0.104143 -0.52036 0.0594826 0.99302 -0.101853 0.527335 0.055375 0.847851 ,-1.12989 -0.207731 0.488198 
E 100 68 :0.887752 -0.0884898 -0.451736 -0.0165736 0.974568 -0.223477 0.460023 0.205879 0.863709 ,-0.918632 -0.336431 1.12832 
E 100 55 :0.94216 -0.0704568 -0.327675 -0.0153747 0.967541 -0.252247 0.334812 0.242695 0.910494 ,0.817781 -0.391185 1.80961 
E 106 100 :0.98472 -0.0973024 0.144428 0.0204938 0.88833 0.458748 -0.172937 -0.448778 0.87675 ,-0.93117 -0.0590691 -1.17077 
E 106 18 :0.986219 -0.157586 -0.0503909 0.165328 0.927145 0.336256 -0.00626959 -0.339953 0.940422 ,0.092823 0.207966 -0.241627 
E 106 81 :0.997313 -0.0713929 -0.0164277 0.0732336 0.97744 0.198112 0.00191336 -0.198782 0.980042 ,-0.0360372 0.00828588 -0.61468 
E 106 62 :0.955576 -0.119805 -0.269298 0.195166 0.94186 0.273514 0.220873 -0.313921 0.923401 ,-0.370399 0.0426724 -0.623892 
E 106 90 :0.98849 -0.0794139 -0.128767 0.0982309 0.984236 0.147074 0.115057 -0.15803 0.980708 ,0.0387481 0.50735 0.303063 
E 106 0 :0.981318 -0.144851 -0.126619 0.178892 0.929169 0.323486 0.070793 -0.340093 0.937723 ,-0.904117 0.0241331 -0.323821 
E 106 13 :0.993628 -0.107073 -0.0352039 0.11271 0.942551 0.314474 -0.000490155 -0.316438 0.948613 ,0.357273 0.269219 -0.121027 
E 106 40 :0.994453 -0.0640008 0.0834686 0.0232664 0.907761 0.418842 -0.102576 -0.414576 0.904215 ,-0.695386 -0.0435143 -0.769618 
E 106 84 :0.992151 -0.0524288 -0.113527 0.0848177 0.94925 0.302869 0.0918866 -0.310121 0.946246 ,0.481087 0.340956 -0.561706 
E 106 48 :0.984971 -0.0844102 0.150688 0.0248316 0.932586 0.360092 -0.170925 -0.350938 0.920667 ,-0.124252 -0.0361821 -0.920289 
E 106 55 :0.977615 -0.128472 -0.166623 0.159245 0.969387 0.186893 0.137512 -0.209243 0.968147 ,0.173537 0.440342 0.449933 
E 106 75 :0.993887 -0.108376 -0.0210559 0.110312 0.967102 0.229225 -0.00447933 -0.230147 0.973146 ,-1.53409 -0.387827 -0.927833 
E 106 95 :0.987564 -0.107508 -0.114715 0.136704 0.947571 0.288827 0.0776493 -0.300917 0.950484 ,-1.27612 0.305716 -0.140372 
E 106 74 :0.997027 -0.0682466 -0.0357575 0.0701321 0.996051 0.0544381 0.0319011 -0.056784 0.997877 ,-1.70664 -0.751111 -0.734899 
E 106 30 :0.904996 -0.191177 -0.380045 0.312124 0.905398 0.287807 0.28907 -0.379085 0.879052 ,-1.95308 -0.0427985 -0.454117 
E 106 68 :0.94224 -0.152231 -0.298345 0.214505 0.958371 0.188445 0.257238 -0.241557 0.93567 ,-1.64007 0.140858 0.128335 
E 114 106 :0.496742 0.456281 0.738278 -0.202217 0.888086 -0.412809 -0.844012 0.0557672 0.533417 ,1.75098 -0.509375 -0.870063 
E 114 75 :0.540731 0.217524 0.812584 -0.101165 0.975792 -0.193894 -0.83509 0.0226392 0.549647 ,0.126979 -0.160562 -0.0918222 
E 114 62 :0.72679 0.13848 0.672755 -0.111087 0.990269 -0.0838276 -0.677817 -0.0138095 0.735101 ,1.12586 -0.139029 -0.887857 
E 114 74 :0.550817 0.378656 0.743788 -0.152501 0.921821 -0.356356 -0.820575 0.0828583 0.5655 ,0.0179435 -0.527941 0.13647 
E 114 30 :0.805379 0.0382803 0.591522 -0.0251428 0.999221 -0.0304316 -0.592226 0.0096365 0.805714 ,0.426016 0.0350242 0.533735 
E 114 95 :0.610266 0.156795 0.776524 -0.110351 0.987486 -0.112667 -0.784473 -0.0169334 0.619932 ,1.15294 0.0781268 0.14917 
E 114 0 :0.621352 0.100925 0.777004 -0.0687912 0.994867 -0.0742129 -0.780506 -0.00733873 0.625105 ,1.07381 -0.171439 -0.278363 
E 114 100 :0.370827 0.0256711 0.928347 -0.109537 0.99385 0.0162717 -0.92222 -0.107722 0.371358 ,0.397126 0.109769 -0.711948 
E 114 40 :0.428873 0.0763299 0.900134 -0.138088 0.990253 -0.0181791 -0.892748 -0.116501 0.435233 ,0.817509 -0.0896955 -0.696103 
E 114 68 :0.755838 0.183331 0.628569 -0.106228 0.981617 -0.158567 -0.646085 0.0530794 0.761418 ,1.09531 -0.105609 0.590485 
E 114 81 :0.530235 0.263767 0.805778 -0.137425 0.964547 -0.225308 -0.836639 0.00873161 0.547684 ,1.28306 -0.240984 -1.16707 
E 114 48 :0.374416 0.124502 0.918864 -0.106566 0.990157 -0.0907382 -0.921117 -0.0639456 0.383998 ,0.993324 -0.136479 -1.25811 
E 114 84 :0.599381 0.178126 0.780393 -0.163236 0.981639 -0.0986878 -0.783643 -0.0682363 0.617452 ,1.73084 -0.0719832 -1.55672 
E 114 18 :0.560703 0.0937797 0.822689 -0.0500161 0.995587 -0.0794002 -0.826505 0.00337228 0.56292 ,1.71359 -0.243708 -1.0657 
E 114 90 :0.62079 0.29297 0.727179 -0.160148 0.955381 -0.248191 -0.767446 0.0376181 0.640009 ,2.22547 -0.191747 -0.712814 
E 114 13 :0.544642 0.143261 0.826342 -0.100629 0.989347 -0.105197 -0.83261 -0.0258596 0.553256 ,1.96194 -0.292571 -1.22115 
E 114 55 :0.659805 0.224016 0.717269 -0.113033 0.973256 -0.199988 -0.742887 0.0508781 0.66748 ,2.37028 -0.339142 -0.751971 
E 123 114 :0.779723 -0.0634222 -0.622904 0.0475367 0.997982 -0.0421071 0.624317 0.00322104 0.781164 ,-0.513465 -0.0261146 0.0854353 
E 123 62 :0.995955 0.0537733 0.0719815 -0.0477732 0.995435 -0.0826308 -0.0760962 0.0788578 0.993977 ,0.926257 -0.0739586 0.0943161 
E 123 75 :0.948218 0.0936193 0.303511 -0.040093 0.98321 -0.178019 -0.315081 0.156632 0.936051 ,-0.347077 -0.17645 0.0924652 
E 123 40 :0.899256 0.0692814 0.4319 -0.0798313 0.996788 0.00632068 -0.430075 -0.0401631 0.901899 ,0.56326 -0.0474565 0.0517601 
E 123 0 :0.975026 0.0201686 0.221175 -0.00625051 0.997966 -0.0634482 -0.222004 0.0604812 0.973168 ,0.508077 -0.134441 0.537835 
E 123 100 :0.870543 0.0240847 0.491502 -0.0528556 0.9976 0.0447327 -0.489245 -0.0649204 0.869727 ,0.232696 0.132289 -0.222427 
E 123 74 :0.950296 0.18517 0.250297 -0.0914574 0.934472 -0.344091 -0.297611 0.304097 0.90496 ,-0.550998 -0.557883 0.201543 
E 123 81 :0.943298 0.139053 0.301419 -0.076714 0.974771 -0.20961 -0.322961 0.174602 0.930167 ,1.22922 -0.156478 -0.025976 
E 123 95 :0.971489 0.0701758 0.226462 -0.0480866 0.993659 -0.10163 -0.232158 0.0878425 0.968704 ,0.287635 0.10038 0.922014 
E 123 106 :0.925884 0.264711 0.269566 -0.142656 0.905636 -0.399341 -0.349839 0.331288 0.876277 ,1.42609 -0.414589 0.497301 
E 123 48 :0.872467 0.0741108 0.483021 -0.0497666 0.996769 -0.0630443 -0.486132 0.0309658 0.873336 ,1.05339 -0.062123 -0.277645 
E 123 30 :0.998468 -0.0395273 -0.0387289 0.03813 0.998618 -0.0361774 0.0401054 0.0346453 0.998595 ,-0.515977 0.00661632 0.768452 
E 123 84 :0.965838 0.119136 0.230136 -0.101417 0.990998 -0.0873903 -0.238476 0.0610653 0.969227 ,1.81036 0.0498745 -0.0502574 
E 123 18 :0.955199 0.00787931 0.295861 0.0115405 0.997894 -0.0638349 -0.29574 0.0643894 0.953096 ,1.50195 -0.142998 0.321992 
E 123 13 :0.949688 0.0650658 0.306364 -0.0394768 0.995249 -0.0889987 -0.3107 0.0724267 0.947745 ,1.79552 -0.173411 0.355449 
E 123 90 :0.972246 0.144411 0.184075 -0.0979999 0.965796 -0.240072 -0.212447 0.215369 0.953143 ,1.67796 -0.0816687 0.917392 
E 123 68 :0.99853 0.0476279 0.0258764 -0.0428784 0.986116 -0.160428 -0.0331579 0.159082 0.986708 ,-0.0205432 -0.104307 1.23018 
E 123 55 :0.984381 0.0812524 0.156179 -0.0501592 0.979799 -0.193594 -0.168754 0.182736 0.968571 ,1.82461 -0.220233 0.976737 
E 127 123 :0.972451 -0.0128127 -0.232756 0.00308851 0.999109 -0.0420951 0.233088 0.0402165 0.971624 ,-0.972965 -0.116941 -0.173255 
E 127 62 :0.986841 0.021183 -0.160297 -0.0414513 0.991394 -0.124176 0.156287 0.129187 0.979227 ,-0.0932303 -0.191944 0.131311 
E 127 81 :0.993465 0.0820928 0.0792982 -0.0601372 0.966982 -0.247648 -0.09701 0.241261 0.965599 ,0.230441 -0.26839 0.0817298 
E 127 40 :0.975608 0.0639494 0.209998 -0.0588787 0.997805 -0.0303166 -0.211476 0.0172127 0.977232 ,-0.436662 -0.164795 0.0064174 
E 127 100 :0.961113 0.0257498 0.274954 -0.029525 0.999518 0.0095996 -0.274574 -0.0173443 0.96141 ,-0.696603 0.0253114 -0.329811 
E 127 48 :0.962219 0.0520903 0.267247 -0.0265638 0.994806 -0.0982595 -0.270977 0.0874481 0.958605 ,0.116824 -0.164068 -0.199987 
E 127 0 :0.999917 -0.00725109 -0.0106166 0.00611172 0.994593 -0.103674 0.0113109 0.103601 0.994555 ,-0.602347 -0.272333 0.462339 
E 127 84 :0.996036 0.0889433 -0.000677831 -0.0883045 0.987913 -0.127401 -0.0106619 0.126956 0.991851 ,0.798577 -0.0594044 0.201893 
E 127 75 :0.995946 0.0419855 0.0795583 -0.0238654 0.97603 -0.216326 -0.0867338 0.21355 0.973074 ,-1.32974 -0.298199 -0.171409 
E 127 18 :0.997571 -0.0201105 0.0666888 0.0269296 0.994318 -0.102985 -0.0642388 0.104531 0.992445 ,0.414492 -0.268728 0.483936 
E 127 106 :0.983632 0.168706 0.0632978 -0.124943 0.891701 -0.435039 -0.129836 0.42001 0.898184 ,0.303398 -0.547691 0.625666 
E 127 13 :0.996348 0.0336636 0.078471 -0.0234296 0.991514 -0.127869 -0.0821097 0.125563 0.988682 ,0.692581 -0.299615 0.583649 
E 127 74 :0.994559 0.0973156 0.0371752 -0.0759129 0.92141 -0.381106 -0.0713411 0.37621 0.923784 ,-1.54855 -0.684513 -0.128298 
E 127 95 :0.999377 0.0350652 -0.00394681 -0.0352706 0.989293 -0.141618 -0.00106129 0.141669 0.989914 ,-0.909145 -0.0545743 0.793677 
E 127 90 :0.996165 0.0779291 -0.0397705 -0.0859668 0.956315 -0.279412 0.0162589 0.281759 0.959347 ,0.446288 -0.231973 1.10593 
E 127 55 :0.997183 0.0239271 -0.0710842 -0.0399705 0.971484 -0.233711 0.0634652 0.235894 0.969704 ,0.576862 -0.372459 1.19221 
E 127 30 :0.961137 -0.0592973 -0.269628 0.0394915 0.996147 -0.0783007 0.273232 0.0646098 0.959776 ,-1.65367 -0.144273 0.45339 
E 127 68 :0.979288 -0.00334643 -0.202443 -0.0383605 0.978688 -0.20174 0.198804 0.205328 0.958289 ,-1.27794 -0.273003 1.01304 
E 127 114 :0.61232 -0.0752115 -0.787025 0.0236219 0.996761 -0.0768766 0.790257 0.028482 0.612113 ,-1.49184 -0.148215 -0.210976 
E 134 127 :0.656526 -0.745633 0.114042 0.754282 0.647821 -0.106709 0.00568641 0.156077 0.987729 ,0.0906823 0.368432 -0.125847 
E 134 62 :0.696618 -0.710576 0.0990241 0.700827 0.644438 -0.305845 0.153511 0.282456 0.946918 ,0.187568 0.159753 -0.0266359 
E 134 40 :0.660297 -0.700048 0.27192 0.720307 0.692798 0.0344791 -0.212523 0.1731 0.961702 ,-0.0723895 -0.0683763 -0.147712 
E 134 81 :0.686012 -0.639603 0.346835 0.720746 0.662608 -0.203656 -0.0995564 0.389691 0.915549 ,0.451413 0.35966 -0.0856992 
E 134 0 :0.653204 -0.734546 0.183754 0.756972 0.627793 -0.181298 0.0178119 0.257521 0.966108 ,-0.048987 -0.311666 0.284888 
E 134 123 :0.662718 -0.748794 -0.0106167 0.71063 0.633288 -0.306515 0.23624 0.195588 0.951807 ,-0.480657 -0.422727 -0.32076 
E 134 100 :0.621697 -0.730346 0.282998 0.735122 0.668782 0.111021 -0.270348 0.139017 0.952673 ,-0.423141 -0.105412 -0.451621 
E 134 48 :0.620626 -0.697589 0.358042 0.737492 0.674416 0.0356336 -0.266326 0.241938 0.933025 ,0.266908 0.371604 -0.348323 
E 134 75 :0.661768 -0.675841 0.324503 0.745019 0.641174 -0.183966 -0.0837309 0.363504 0.927822 ,-0.579528 -0.809456 -0.349256 
E 134 106 :0.724135 -0.506223 0.468367 0.67485 0.660095 -0.329927 -0.14215 0.554989 0.819622 ,0.769599 0.17571 0.408384 
E 134 18 :0.627526 -0.742678 0.233753 0.77675 0.617817 -0.122316 -0.0535748 0.258324 0.964572 ,0.618369 0.455349 0.312566 
E 134 84 :0.718551 -0.663748 0.207663 0.695225 0.693531 -0.188884 -0.0186495 0.280095 0.959791 ,0.682287 0.910757 0.0688377 
E 134 74 :0.701421 -0.580239 0.413922 0.708613 0.630167 -0.317423 -0.0766585 0.515958 0.853177 ,-0.430214 -1.22936 -0.368213 
E 134 13 :0.662234 -0.702885 0.259613 0.745111 0.654317 -0.129148 -0.0790933 0.278966 0.957038 ,0.835343 0.634456 0.407815 
E 134 95 :0.682295 -0.698472 0.215896 0.731077 0.652216 -0.200352 -0.000870339 0.294535 0.95564 ,-0.37499 -0.437366 0.644403 
E 134 90 :0.719962 -0.629765 0.291634 0.693964 0.648235 -0.313378 0.00830649 0.428004 0.903739 ,0.682771 0.43677 0.932847 
E 134 55 :0.691718 -0.68176 0.238181 0.719491 0.622224 -0.308496 0.0621183 0.384762 0.920923 ,0.883086 0.435044 0.996876 
E 134 30 :0.632725 -0.774322 -0.0091787 0.721396 0.593704 -0.356516 0.281508 0.218956 0.934244 ,-0.835718 -1.02075 0.290058 
E 134 68 :0.694203 -0.708522 0.1268 0.692595 0.60958 -0.385649 0.195946 0.35554 0.913891 ,-0.429228 -0.880451 0.824882 
E 134 114 :0.474513 -0.789348 -0.389574 0.392837 0.585952 -0.708759 0.787728 0.183276 0.588127 ,-0.802293 -0.830336 -0.365851 
E 139 134 :-0.45181 0.88845 0.0807725 -0.889758 -0.455342 0.0315286 0.0647907 -0.057623 0.996234 ,0.381652 -0.821999 0.242493 
E 139 123 :0.351018 0.916755 -0.190646 -0.90579 0.384049 0.179024 0.237339 0.109845 0.965196 ,0.197338 -0.211958 -0.0838424 
E 139 75 :0.356155 0.904364 -0.235116 -0.930691 0.320843 -0.175709 -0.0834695 0.2814 0.955953 ,-0.103882 0.0512085 -0.0963524 
E 139 62 :0.32031 0.916411 -0.239983 -0.934097 0.347706 0.0810117 0.157684 0.198219 0.967391 ,0.436688 -1.06247 0.218904 
E 139 40 :0.324462 0.945787 -0.0145443 -0.922191 0.312871 -0.227322 -0.210448 0.0871699 0.973711 ,0.341679 -0.731113 0.094587 
E 139 127 :0.373976 0.925048 -0.0665495 -0.927426 0.373374 -0.0217395 0.00473773 0.0698498 0.997546 ,0.65785 -1.07442 0.101765 
E 139 100 :0.350394 0.935386 0.0477248 -0.896416 0.34969 -0.272316 -0.271409 0.0526364 0.961024 ,0.4427 -0.411747 -0.228769 
E 139 0 :0.378846 0.910439 -0.166061 -0.925314 0.375827 -0.0504843 0.0164474 0.172784 0.984822 ,0.149897 -0.627516 0.541093 
E 139 81 :0.322358 0.909149 -0.263691 -0.94171 0.279666 -0.187 -0.0962658 0.308601 0.946308 ,0.490317 -1.39012 0.165639 
E 139 74 :0.306466 0.863705 -0.400116 -0.949173 0.245598 -0.196855 -0.0717566 0.440108 0.895073 ,-0.545938 0.108957 -0.0813683 
E 139 48 :0.353307 0.933904 -0.0547455 -0.896415 0.321223 -0.305379 -0.267609 0.156967 0.950656 ,0.563077 -1.23967 -0.108638 
E 139 95 :0.341187 0.918829 -0.198357 -0.939995 0.333776 -0.0707361 0.00121245 0.210589 0.977574 ,0.214549 -0.268881 0.885375 
E 139 106 :0.260917 0.860006 -0.438534 -0.956074 0.167345 -0.240662 -0.133585 0.482064 0.865892 ,0.223036 -1.57389 0.689077 
E 139 84 :0.291517 0.93868 -0.184113 -0.956489 0.283612 -0.068502 -0.0120848 0.196072 0.980515 ,0.888111 -1.84161 0.302796 
E 139 18 :0.402254 0.905315 -0.136373 -0.913722 0.387631 -0.121876 -0.0574739 0.173632 0.983132 ,0.532068 -1.56968 0.567707 
E 139 30 :0.37779 0.895008 -0.237139 -0.882579 0.425524 0.199959 0.279873 0.133751 0.950674 ,-0.124216 0.395522 0.53613 
E 139 114 :0.198253 0.892028 -0.406179 -0.576241 0.441298 0.687897 0.792869 0.0976794 0.601512 ,-0.023126 0.258399 -0.126114 
E 139 13 :0.356401 0.921431 -0.154735 -0.931002 0.336255 -0.142012 -0.0788243 0.194672 0.977696 ,0.600858 -1.84129 0.666335 
E 139 90 :0.291936 0.89503 -0.337187 -0.956321 0.278664 -0.0882965 0.0149338 0.348236 0.937288 ,0.536566 -1.59897 1.1909 
E 139 68 :0.317515 0.890417 -0.326102 -0.926862 0.364056 0.0915941 0.200276 0.273169 0.940887 ,-0.140026 -0.0131767 1.08719 
E 139 55 :0.331724 0.891919 -0.307311 -0.941118 0.335408 -0.042417 0.0652419 0.303286 0.950663 ,0.4497 -1.7744 1.26776 
E 166 164 :0.979487 -0.0292573 0.199374 0.0269263 0.999534 0.0143936 -0.199702 -0.00872993 0.979818 ,-0.0899359 0.0760886 -0.306085 
E 166 163 :0.949119 -0.0264308 0.313808 0.024682 0.99965 0.0095456 -0.31395 -0.00131452 0.949439 ,-0.182039 0.0701982 -0.52481 
E 166 162 :0.972221 -0.012691 0.233722 0.0098676 0.999864 0.0132456 -0.233858 -0.0105713 0.972213 ,-0.357173 0.108666 -0.777931 
E 166 106 :0.964059 -0.0227506 -0.264714 -0.0995439 0.892827 -0.439261 0.246337 0.449824 0.858473 ,-0.187969 -0.246975 -0.619923 
E 166 18 :0.948671 -0.0830253 -0.305173 0.0521913 0.992796 -0.107856 0.311929 0.0863926 0.94617 ,-0.0392519 0.0356001 -0.710939 
E 166 13 :0.955481 -0.0409024 -0.292204 0.00193666 0.991193 -0.132413 0.295047 0.125952 0.947145 ,0.182375 0.0109893 -0.51471 
E 166 90 :0.92027 -0.0571188 -0.387092 -0.0612352 0.956074 -0.286657 0.386462 0.287505 0.876349 ,-0.242382 0.0690197 -0.121988 
E 166 81 :0.959296 -0.0384439 -0.279775 -0.034732 0.967109 -0.25198 0.28026 0.25144 0.926408 ,-0.0601856 0.0340152 -1.15276 
E 166 161 :0.995273 -0.021893 0.0946203 0.0233305 0.999628 -0.0141134 -0.0942761 0.0162542 0.995413 ,-0.558672 0.112369 -1.08548 
E 166 55 :0.902454 -0.0905193 -0.421168 -0.0155412 0.970197 -0.24182 0.430505 0.224777 0.874151 ,-0.149792 -0.0687384 0.00715801 
E 166 160 :0.999189 -0.033816 -0.0218437 0.0349804 0.997855 0.0553283 0.0199258 -0.0560475 0.998229 ,-0.757648 0.159263 -1.3304 
E 166 150 :0.998655 -0.0501627 -0.0130759 0.0511628 0.994365 0.0928434 0.00834493 -0.0933876 0.995595 ,-0.870593 0.157636 -1.37957 
E 166 134 :0.585642 0.722914 -0.366633 -0.729788 0.667098 0.149632 0.352751 0.179934 0.918254 ,-0.615975 0.136346 -1.29802 
E 166 127 :0.927685 -0.025578 -0.372487 0.0249061 0.999668 -0.0066164 0.372533 -0.00313928 0.928014 ,-0.250383 0.297117 -1.31529 
E 166 62 :0.858323 -0.0538272 -0.510278 -0.0178932 0.990738 -0.134607 0.512798 0.124666 0.84941 ,-0.380874 0.102047 -1.22756 
E 166 40 :0.985335 0.0273915 -0.168419 -0.0331614 0.998952 -0.031542 0.167378 0.0366644 0.985211 ,-0.653644 0.121459 -1.47149 
E 166 84 :0.930238 0.00995288 -0.366822 -0.0633973 0.98896 -0.133938 0.361439 0.14785 0.920599 ,0.416761 0.256286 -0.830252 
E 166 48 :0.994251 -0.00969508 -0.106634 -0.000796962 0.995195 -0.0979133 0.107071 0.0974354 0.989466 ,-0.0633187 0.137336 -1.45685 
E 166 145 :0.687259 0.600475 -0.408785 -0.598173 0.787102 0.150532 0.412146 0.14107 0.90013 ,-0.990796 0.149042 -1.21776 
E 166 0 :0.923239 -0.0707564 -0.377656 0.0309389 0.993396 -0.110485 0.382979 0.0903193 0.919331 ,-0.974421 0.00681315 -1.10978 
E 166 100 :0.99464 0.00478254 -0.103288 -0.00376093 0.999942 0.0100834 0.10333 -0.00964087 0.9946 ,-0.774409 0.307253 -1.88095 
E 166 75 :0.956841 -0.0655602 -0.283119 0.00152157 0.975338 -0.220711 0.290607 0.210754 0.933344 ,-1.41249 -0.0329669 -1.9688 
E 166 139 :0.34806 -0.861812 -0.368965 0.934495 0.350295 0.0633445 0.0746554 -0.366843 0.927282 ,-1.36775 0.0522756 -1.85291 
E 166 123 :0.815226 -0.0524216 -0.576765 0.0257653 0.998192 -0.0543068 0.578569 0.0294118 0.815103 ,-1.08546 0.157128 -1.83817 
E 166 95 :0.928405 -0.0455445 -0.368769 -0.0103613 0.9889 -0.148218 0.371426 0.141428 0.917628 ,-1.38802 0.214667 -0.917266 
E 166 74 :0.951153 -0.073423 -0.299863 -0.0506451 0.921038 -0.386165 0.304538 0.382489 0.872329 ,-1.62165 -0.424888 -2.00909 
E 166 157 :0.544291 0.0401943 -0.837933 -0.0807032 0.996728 -0.00461048 0.835005 0.0701333 0.545754 ,-1.04638 0.119916 -1.5328 
E 166 151 :0.527074 0.0776849 -0.846262 -0.113652 0.993311 0.0203984 0.842186 0.0854278 0.532377 ,-0.972607 0.15835 -1.49991 
E 166 68 :0.8354 -0.104619 -0.539594 -0.0152728 0.976921 -0.213056 0.54943 0.186228 0.814522 ,-1.80627 -0.0143264 -0.850399 
E 145 139 :-0.289014 -0.953018 0.0907108 0.955075 -0.29353 -0.0408833 0.0655888 0.0748198 0.995038 ,-0.462958 -0.392119 -0.432194 
E 145 134 :0.984412 0.171947 0.0369774 -0.172992 0.984549 0.0271599 -0.031736 -0.0331333 0.998947 ,0.232116 0.203755 -0.227375 
E 145 62 :0.811941 -0.578245 0.0799057 0.573658 0.765076 -0.292532 0.108021 0.283357 0.952911 ,0.443244 0.327869 -0.265228 
E 145 123 :0.783314 -0.620997 -0.0279603 0.591422 0.75835 -0.274091 0.191413 0.198163 0.961297 ,-0.325597 -0.138002 -0.518536 
E 145 40 :0.766 -0.56361 0.309171 0.58918 0.807897 0.0130262 -0.25712 0.172179 0.950917 ,0.143635 0.144946 -0.370368 
E 145 0 :0.77384 -0.605626 0.18544 0.632761 0.752158 -0.184045 -0.0280179 0.259761 0.965266 ,0.140836 -0.0868829 0.0690949 
E 145 127 :0.776199 -0.616847 0.13044 0.629208 0.771038 -0.0979616 -0.040147 0.158112 0.986605 ,0.380082 0.54739 -0.368174 
E 145 75 :0.77646 -0.541616 0.322121 0.616753 0.758054 -0.212061 -0.12933 0.363325 0.922642 ,-0.490478 -0.502426 -0.531051 
E 145 81 :0.795568 -0.50129 0.340265 0.588232 0.773599 -0.235643 -0.145104 0.387625 0.910325 ,0.735166 0.47744 -0.339226 
E 145 100 :0.728412 -0.598825 0.332904 0.608873 0.788568 0.0862237 -0.31415 0.13989 0.93901 ,-0.219255 0.160906 -0.661598 
E 145 95 :0.797334 -0.564546 0.213417 0.601726 0.770968 -0.208649 -0.0467457 0.294782 0.95442 ,-0.188404 -0.144481 0.442742 
E 145 18 :0.749323 -0.615317 0.244744 0.654737 0.743764 -0.134666 -0.0991699 0.261151 0.96019 ,0.930699 0.553585 0.0501501 
E 145 48 :0.727913 -0.561804 0.393089 0.6115 0.791243 -0.00151432 -0.310178 0.241476 0.919499 ,0.545879 0.513984 -0.596114 
E 145 74 :0.809497 -0.44376 0.384438 0.574242 0.73482 -0.360951 -0.122317 0.512949 0.84966 ,-0.416393 -0.942186 -0.540814 
E 145 106 :0.823629 -0.364308 0.434644 0.535293 0.752542 -0.383592 -0.187342 0.548599 0.814826 ,1.03503 0.254708 0.150334 
E 145 84 :0.826202 -0.523793 0.207438 0.559673 0.805246 -0.195821 -0.0644689 0.277885 0.958448 ,1.06291 0.98428 -0.210439 
E 145 13 :0.777106 -0.569105 0.268748 0.616889 0.773377 -0.14607 -0.124715 0.2793 0.95207 ,1.17861 0.694977 0.132479 
E 145 90 :0.828372 -0.492659 0.266622 0.558919 0.758788 -0.33444 -0.0375443 0.426061 0.903915 ,1.01384 0.540999 0.66835 
E 145 30 :0.757314 -0.652069 -0.0357918 0.608439 0.724428 -0.324046 0.237229 0.223627 0.945364 ,-0.755364 -0.64877 0.122721 
E 145 55 :0.806947 -0.549915 0.215477 0.5904 0.740998 -0.319921 0.0162614 0.385376 0.922616 ,1.2131 0.506386 0.726012 
E 145 68 :0.809717 -0.579515 0.0923059 0.567124 0.732386 -0.376804 0.15076 0.357454 0.921682 ,-0.311311 -0.566435 0.639433 
E 145 114 :0.563792 -0.669513 -0.483623 0.326075 0.718427 -0.614441 0.758824 0.18872 0.623355 ,-0.713973 -0.484897 -0.539866 
E 150 145 :0.65917 0.641115 -0.393023 -0.667767 0.739371 0.0861281 0.345808 0.205674 0.915486 ,-0.119131 -0.0176263 0.161874 
E 150 40 :0.98371 0.0787698 -0.161584 -0.0980326 0.988525 -0.114922 0.150678 0.128891 0.980145 ,0.21404 -0.0382711 -0.0977109 
E 150 134 :0.55046 0.757574 -0.350822 -0.787996 0.610272 0.0814264 0.275783 0.231624 0.932895 ,0.253867 -0.0415579 0.0758904 
E 150 100 :0.993973 0.0558555 -0.0943331 -0.0632833 0.994968 -0.0776756 0.0895198 0.0831771 0.992506 ,0.0995259 0.190772 -0.486536 
E 150 81 :0.958567 0.0131861 -0.28456 -0.10883 0.940107 -0.32304 0.263257 0.340625 0.902591 ,0.804886 -0.184758 0.20374 
E 150 62 :0.860533 -0.0020256 -0.509391 -0.108737 0.976213 -0.187575 0.497654 0.216805 0.839843 ,0.487485 -0.0940369 0.139773 
E 150 48 :0.993767 0.042048 -0.103243 -0.0606658 0.980974 -0.184416 0.0935244 0.18953 0.977411 ,0.804505 -0.0534631 -0.0893771 
E 150 0 :0.926776 -0.0190826 -0.375129 -0.051313 0.982913 -0.176772 0.372093 0.183077 0.909961 ,-0.109153 -0.16996 0.255962 
E 150 127 :0.930821 0.025576 -0.364581 -0.0565593 0.995611 -0.0745591 0.361074 0.0900216 0.928182 ,0.627048 0.101582 0.0688349 
E 150 75 :0.958058 -0.0138123 -0.286242 -0.0736238 0.953449 -0.292428 0.276957 0.301237 0.912443 ,-0.555836 -0.107319 -0.597243 
E 150 123 :0.820277 -0.00103534 -0.571966 -0.069305 0.99245 -0.101189 0.567753 0.122643 0.814012 ,-0.218433 0.0531014 -0.453816 
E 150 18 :0.952669 -0.0313985 -0.302385 -0.0248209 0.983298 -0.180301 0.302996 0.179272 0.935978 ,0.829559 -0.225492 0.643487 
E 150 106 :0.959725 0.0267133 -0.279668 -0.170348 0.84693 -0.503678 0.223404 0.531033 0.81737 ,0.667344 -0.507515 0.709812 
E 150 84 :0.92876 0.0617713 -0.365499 -0.143457 0.969081 -0.200755 0.341797 0.238887 0.908905 ,1.29525 -0.017782 0.539226 
E 150 13 :0.956757 0.0109159 -0.290682 -0.0735574 0.975897 -0.205461 0.281433 0.217958 0.9345 ,1.05127 -0.279407 0.833669 
E 150 95 :0.929726 0.0062919 -0.368199 -0.0915608 0.972405 -0.21458 0.356689 0.233213 0.904646 ,-0.509957 0.0394915 0.47233 
E 150 74 :0.949824 -0.0230095 -0.311937 -0.126512 0.883812 -0.450412 0.286058 0.467276 0.836555 ,-0.785102 -0.482777 -0.67101 
E 150 90 :0.919125 -0.0057273 -0.393925 -0.143144 0.926703 -0.347464 0.367041 0.375751 0.850936 ,0.633327 -0.237072 1.2356 
E 150 55 :0.904038 -0.0388839 -0.425679 -0.100927 0.948279 -0.300965 0.415366 0.315046 0.853356 ,0.719822 -0.390759 1.35018 
E 150 30 :0.796041 -0.0532731 -0.602893 -0.0354149 0.990312 -0.134267 0.604205 0.128234 0.786443 ,-1.08121 0.0176684 -0.120423 
E 150 68 :0.83808 -0.0529426 -0.542972 -0.108403 0.959273 -0.260854 0.534668 0.277476 0.798208 ,-0.938799 -0.173475 0.523112 
E 150 114 :0.282451 -0.0548993 -0.957709 -0.070035 0.994517 -0.0776642 0.956722 0.0890096 0.277058 ,-0.688456 0.0541245 -0.678995 
E 151 150 :0.527578 -0.218101 0.821032 0.129114 0.975839 0.176258 -0.839637 0.0130168 0.542991 ,0.155198 0.0174955 -0.02228 
E 151 123 :0.914019 -0.116306 0.388643 0.13835 0.989955 -0.0291171 -0.381352 0.0803821 0.920928 ,-0.344222 -0.0388776 -0.0846024 
E 151 145 :0.777323 0.345846 0.525509 -0.505574 0.840536 0.194664 -0.374385 -0.417 0.828219 ,0.229095 0.0134451 0.165413 
E 151 62 :0.886304 -0.0359779 0.461705 0.0927124 0.990579 -0.100784 -0.453729 0.132131 0.88129 ,0.547652 0.0133078 -0.356919 
E 151 139 :0.14012 -0.803 0.579273 0.961661 0.249663 0.113473 -0.235742 0.541165 0.807197 ,-0.493508 -0.166218 0.1443 
E 151 134 :0.6887 0.456749 0.563092 -0.649276 0.734167 0.198593 -0.322696 -0.502374 0.802177 ,0.360505 0.0230956 -0.194769 
E 151 75 :0.748898 0.0320901 0.661908 0.100669 0.981726 -0.161495 -0.654994 0.187577 0.731982 ,-0.604998 -0.264266 0.118727 
E 151 0 :0.805638 -0.0741295 0.587752 0.135171 0.988971 -0.0605473 -0.576781 0.128226 0.806773 ,0.344832 -0.117336 0.206142 
E 151 40 :0.664076 -0.0682172 0.744546 0.0579049 0.99753 0.0397497 -0.745419 0.016716 0.666386 ,0.196244 -0.0094378 -0.25555 
E 151 127 :0.799869 -0.12974 0.585984 0.128631 0.990726 0.0437693 -0.586228 0.0403661 0.80914 ,0.520375 0.209716 -0.510074 
E 151 114 :0.949789 -0.172789 -0.260855 0.136755 0.979089 -0.150608 0.281423 0.107372 0.953558 ,-0.777297 -0.138255 0.187789 
E 151 100 :0.611699 -0.119244 0.782052 0.08236 0.992802 0.0869585 -0.786792 0.0112174 0.617117 ,-0.233363 0.130752 -0.367547 
E 151 74 :0.763561 0.178749 0.620502 0.0496 0.941849 -0.332356 -0.643828 0.284551 0.710293 ,-0.704631 -0.673256 0.266285 
E 151 81 :0.745598 0.0815827 0.661384 0.0639651 0.979134 -0.192888 -0.663319 0.186122 0.724822 ,0.787411 -0.0229655 -0.589868 
E 151 95 :0.803325 -0.0172874 0.59529 0.0935612 0.99083 -0.097484 -0.588145 0.134007 0.797576 ,0.265341 0.0734422 0.662885 
E 151 48 :0.614307 -0.0361571 0.788238 0.0855935 0.996109 -0.0210144 -0.784411 0.0803774 0.615012 ,0.517916 0.0534435 -0.747 
E 151 106 :0.726905 0.265373 0.633393 -0.00294122 0.923515 -0.38355 -0.686732 0.276941 0.672088 ,1.20074 -0.266484 -0.203791 
E 151 30 :0.92377 -0.138809 0.356905 0.174717 0.98211 -0.0702484 -0.340769 0.127251 0.931496 ,-0.517951 -0.126088 0.820388 
E 151 84 :0.801908 0.017366 0.597195 0.0401692 0.995748 -0.0828944 -0.596096 0.0904625 0.797801 ,1.28515 0.262421 -0.817261 
E 151 18 :0.75679 -0.0838349 0.64826 0.152187 0.987086 -0.0500129 -0.635695 0.136506 0.759775 ,1.17036 0.0179787 -0.372336 
E 151 68 :0.904775 -0.00933233 0.425787 0.0966639 0.978168 -0.183966 -0.414774 0.207607 0.885924 ,0.127234 -0.180798 1.04776 
E 151 90 :0.817483 0.103368 0.566602 0.0436802 0.969803 -0.239946 -0.574295 0.220901 0.788282 ,1.5555 0.0857075 0.11379 
E 151 13 :0.751873 -0.0281342 0.658708 0.101355 0.992145 -0.073315 -0.651471 0.121887 0.748818 ,1.45523 0.027513 -0.455925 
E 151 55 :0.839991 0.0313286 0.541694 0.091447 0.975877 -0.198244 -0.534838 0.216059 0.816864 ,1.72873 -0.0329038 0.101379 
E 162 161 :0.989902 -0.015222 -0.140933 0.011693 0.999598 -0.0258351 0.141269 0.0239263 0.989682 ,-0.123944 0.0095106 -0.346044 
E 162 160 :0.967118 -0.00992298 -0.254135 0.0220842 0.998741 0.0450453 0.253368 -0.0491765 0.966119 ,-0.259653 0.061513 -0.630043 
E 162 150 :0.969467 -0.0171178 -0.244624 0.0383937 0.995854 0.0824719 0.242198 -0.0893458 0.966104 ,-0.357976 0.0618389 -0.704272 
E 162 40 :0.918493 0.0279136 -0.394451 -0.0474311 0.998081 -0.0398153 0.392582 0.0552793 0.918054 ,-0.125914 0.0238858 -0.743411 
E 162 134 :0.479678 0.667335 -0.569713 -0.74085 0.65593 0.144557 0.47016 0.352731 0.809031 ,-0.129714 0.036459 -0.565755 
E 162 81 :0.866763 -0.0866341 -0.491138 -0.0498644 0.964807 -0.258188 0.496221 0.248278 0.831939 ,0.375657 -0.0744473 -0.295988 
E 162 48 :0.941584 -0.0223916 -0.336032 -0.0145468 0.994152 -0.107007 0.336463 0.105644 0.935752 ,0.444745 0.0321143 -0.590993 
E 162 127 :0.81504 -0.014269 -0.579228 0.00919131 0.999889 -0.0116986 0.579331 0.00421097 0.815081 ,0.231349 0.192751 -0.494976 
E 162 100 :0.942808 0.0167713 -0.332914 -0.0174757 0.999847 0.000878568 0.332878 0.0049896 0.942957 ,-0.145736 0.215515 -1.16726 
E 162 62 :0.714381 -0.07171 -0.696073 -0.0342047 0.989968 -0.137092 0.69892 0.121745 0.704761 ,0.0820428 -0.00156443 -0.442767 
E 162 145 :0.565881 0.55857 -0.606447 -0.611171 0.777882 0.146183 0.553398 0.28792 0.781571 ,-0.512766 0.0530618 -0.575163 
E 162 18 :0.849885 -0.091126 -0.519029 0.0368471 0.992801 -0.113971 0.525678 0.0777374 0.847124 ,0.292702 -0.0777989 0.138468 
E 162 106 :0.878687 -0.118504 -0.462456 -0.114369 0.888239 -0.444917 0.463495 0.443834 0.766931 ,0.124042 -0.35941 0.188454 
E 162 0 :0.808334 -0.0801103 -0.583248 0.0151693 0.993204 -0.115395 0.588528 0.0844304 0.804056 ,-0.523502 -0.0904974 -0.468237 
E 162 13 :0.859958 -0.0594404 -0.506891 -0.0133086 0.990245 -0.138699 0.510191 0.126022 0.850778 ,0.46204 -0.107293 0.380718 
E 162 139 :0.330153 -0.748625 -0.574942 0.929161 0.365062 0.0582158 0.166308 -0.553434 0.81612 ,-0.731668 -0.0321935 -1.28205 
E 162 84 :0.819246 -0.0151409 -0.573243 -0.0790151 0.987136 -0.138997 0.567973 0.159167 0.80751 ,0.766127 0.138331 0.131973 
E 162 90 :0.803724 -0.113333 -0.584109 -0.0769914 0.953629 -0.290969 0.59 0.27883 0.757729 ,-0.0421862 -0.0480319 0.664021 
E 162 75 :0.862315 -0.103401 -0.495702 -0.013694 0.973809 -0.226954 0.506187 0.202494 0.838314 ,-0.748904 -0.115631 -1.4063 
E 162 123 :0.657531 -0.0479938 -0.751897 0.00929946 0.99841 -0.0555964 0.75337 0.0295641 0.656932 ,-0.459634 0.0689065 -1.20035 
E 162 95 :0.815651 -0.0675952 -0.574582 -0.0260687 0.987848 -0.153219 0.577957 0.139952 0.803977 ,-0.968582 0.120541 -0.374991 
E 162 55 :0.776554 -0.130997 -0.616282 -0.0315431 0.968837 -0.245683 0.62926 0.210225 0.748222 ,0.0162704 -0.188312 0.809394 
E 162 74 :0.853012 -0.151743 -0.499345 -0.0659286 0.917801 -0.391529 0.517711 0.3669 0.772891 ,-0.946697 -0.504419 -1.49955 
E 162 151 :0.314358 0.0653505 -0.947052 -0.129229 0.991287 0.0255076 0.940467 0.114368 0.320065 ,-0.429007 0.0651201 -0.8451 
E 162 157 :0.333102 0.0325118 -0.94233 -0.0964269 0.99534 0.000255005 0.937947 0.090781 0.334685 ,-0.493419 0.0279748 -0.894824 
E 162 68 :0.683554 -0.135624 -0.717189 -0.031681 0.976146 -0.21479 0.729212 0.169541 0.662952 ,-1.39311 -0.103819 -0.410768 
E 162 30 :0.624539 -0.0999675 -0.77457 0.0451248 0.994736 -0.0919984 0.779689 0.0225042 0.625762 ,-1.37702 0.0279908 -1.08406 
E 157 151 :0.999283 0.0334525 -0.017721 -0.0330294 0.999174 0.0236542 0.0184977 -0.0230519 0.999563 ,0.0645127 0.0435804 -0.0440458 
E 157 123 :0.924749 -0.0845308 0.37107 0.0990253 0.994881 -0.0201459 -0.367468 0.0553752 0.928386 ,-0.279264 0.0141031 -0.134082 
E 157 62 :0.89681 -0.0051562 0.442385 0.0526292 0.994075 -0.0951044 -0.439274 0.108573 0.891768 ,0.618542 0.030346 -0.390986 
E 157 145 :0.766487 0.381106 0.516967 -0.539687 0.818555 0.196737 -0.348188 -0.429797 0.83309 ,0.290962 0.0533603 0.125223 
E 157 139 :0.176367 -0.803663 0.56835 0.950663 0.288781 0.11334 -0.255216 0.520319 0.814943 ,-0.436759 -0.102787 0.0948943 
E 157 134 :0.672205 0.489884 0.555116 -0.679121 0.706591 0.198806 -0.294849 -0.510629 0.807665 ,0.428983 0.0501426 -0.232594 
E 157 75 :0.763336 0.0615842 0.64306 0.0603574 0.984292 -0.16591 -0.643176 0.165458 0.747628 ,-0.550996 -0.197676 0.0695296 
E 157 150 :0.546398 -0.185531 0.816717 0.0917209 0.982545 0.161838 -0.832488 -0.0135182 0.553878 ,0.220579 0.0554083 -0.0638485 
E 157 0 :0.819804 -0.0432651 0.571008 0.0948062 0.993636 -0.0608269 -0.564742 0.104001 0.818688 ,0.40152 -0.0801722 0.17109 
E 157 40 :0.678747 -0.0350947 0.733533 0.0182908 0.999355 0.0308878 -0.734144 -0.00754813 0.678951 ,0.264829 0.0216238 -0.295637 
E 157 127 :0.813987 -0.0972196 0.572689 0.0882392 0.995148 0.0435181 -0.574141 0.0151105 0.818617 ,0.60057 0.22387 -0.549106 
E 157 100 :0.627958 -0.0861456 0.773464 0.0434771 0.996186 0.0756534 -0.777032 -0.0138792 0.629309 ,-0.157796 0.173239 -0.418763 
E 157 81 :0.758958 0.11098 0.641612 0.0235954 0.980033 -0.197428 -0.650712 0.164979 0.741185 ,0.861044 -0.0193266 -0.618561 
E 157 74 :0.776082 0.205086 0.596352 0.00910984 0.941898 -0.335775 -0.630566 0.266022 0.729122 ,-0.666854 -0.599548 0.224608 
E 157 114 :0.948696 -0.141815 -0.282604 0.111928 0.986528 -0.119312 0.295717 0.0815594 0.951788 ,-0.72018 -0.064445 0.13247 
E 157 95 :0.816302 0.013496 0.577468 0.0530385 0.993752 -0.0981996 -0.575186 0.110789 0.810486 ,0.320373 0.123878 0.621764 
E 157 30 :0.934991 -0.108111 0.337792 0.136 0.988894 -0.059945 -0.32756 0.101988 0.93931 ,-0.471823 -0.0458904 0.76931 
E 157 106 :0.738455 0.291169 0.608198 -0.0431921 0.920539 -0.388256 -0.672918 0.26044 0.692353 ,1.25909 -0.267164 -0.219394 
E 157 48 :0.630631 -0.0042332 0.776071 0.0466781 0.998382 -0.0324845 -0.774678 0.0567112 0.629808 ,0.597083 0.0622037 -0.782371 
E 157 84 :0.81324 0.0490607 0.579856 -0.000450651 0.996493 -0.0836796 -0.581928 0.0677903 0.81041 ,1.372 0.244006 -0.843227 
E 157 18 :0.772603 -0.0531733 0.632658 0.112028 0.992269 -0.0534114 -0.624927 0.112141 0.772587 ,1.24123 0.0140807 -0.394985 
E 157 68 :0.914711 0.0197175 0.403628 0.0568888 0.982579 -0.176922 -0.400085 0.184795 0.897654 ,0.16704 -0.116487 1.00978 
E 157 13 :0.766269 0.00291577 0.642513 0.0610278 0.995138 -0.0772985 -0.639615 0.0984426 0.762366 ,1.5277 0.0122208 -0.473487 
E 157 90 :0.828535 0.131821 0.544199 0.00305868 0.970813 -0.239817 -0.559929 0.200361 0.80395 ,1.61975 0.0805314 0.0964924 
E 157 55 :0.851926 0.0601229 0.520199 0.0509759 0.979148 -0.19665 -0.521175 0.194049 0.831097 ,1.7891 -0.0439969 0.0900252 
E 161 160 :0.993403 -0.00509167 -0.114559 0.013416 0.997314 0.0720113 0.113884 -0.0730732 0.990803 ,-0.173851 0.0472523 -0.263286 
E 161 150 :0.994341 -0.0179222 -0.104709 0.0294159 0.993576 0.109278 0.102078 -0.111739 0.988481 ,-0.281664 0.0472986 -0.322901 
E 161 40 :0.964123 0.0471115 -0.26124 -0.0520003 0.998577 -0.0118293 0.260311 0.0249895 0.965201 ,-0.0579181 0.0048919 -0.393361 
E 161 134 :0.532591 0.718096 -0.447978 -0.736604 0.653948 0.172528 0.416846 0.238096 0.87724 ,-0.0364351 0.0217685 -0.217327 
E 161 48 :0.979438 0.00438334 -0.201697 -0.0208234 0.996621 -0.0794594 0.200667 0.0820256 0.976219 ,0.528606 0.00807728 -0.323152 
E 161 81 :0.927528 -0.0394037 -0.37167 -0.0511655 0.971678 -0.230703 0.370234 0.233 0.899243 ,0.500645 -0.0903314 -0.0187018 
E 161 145 :0.631198 0.6027 -0.488202 -0.606298 0.775956 0.174056 0.483727 0.186132 0.855198 ,-0.416754 0.0439704 -0.173082 
E 161 127 :0.888759 -0.00183839 -0.45837 0.0106423 0.999805 0.016625 0.45825 -0.0196538 0.888606 ,0.332808 0.174195 -0.202202 
E 161 100 :0.980109 0.028998 -0.196331 -0.0238556 0.999309 0.0285073 0.197022 -0.0232567 0.980123 ,-0.135176 0.186605 -0.814989 
E 161 62 :0.805504 -0.0422114 -0.591086 -0.0283427 0.993574 -0.109578 0.591913 0.105019 0.799131 ,0.190113 -0.0165203 -0.124469 
E 161 0 :0.88349 -0.0557604 -0.465119 0.01694 0.996044 -0.0872325 0.468143 0.0691899 0.88094 ,-0.413955 -0.0968094 -0.0620377 
E 161 139 :0.361178 -0.814981 -0.453163 0.927741 0.363069 0.0864709 0.0940576 -0.451649 0.887224 ,-0.734304 -0.0548318 -0.839625 
E 161 18 :0.915996 -0.0676151 -0.395447 0.0364729 0.995648 -0.0857557 0.399525 0.0641288 0.914476 ,0.479864 -0.082024 0.42305 
E 161 106 :0.933955 -0.0442206 -0.354644 -0.116609 0.900305 -0.419349 0.337832 0.433007 0.835688 ,0.316676 -0.359759 0.503565 
E 161 75 :0.924956 -0.0623642 -0.374922 -0.0147035 0.979836 -0.199259 0.379789 0.189819 0.905389 ,-0.769895 -0.140947 -0.95801 
E 161 123 :0.757428 -0.0316582 -0.65215 0.0173121 0.999446 -0.0284107 0.652689 0.010229 0.757557 ,-0.452294 0.0440414 -0.79972 
E 161 13 :0.923193 -0.0294583 -0.383205 -0.0141866 0.993767 -0.110572 0.384074 0.107515 0.917021 ,0.681369 -0.108288 0.639697 
E 161 84 :0.890286 0.0190401 -0.455003 -0.0778645 0.990777 -0.110894 0.448695 0.134156 0.883558 ,0.950118 0.126657 0.344317 
E 161 95 :0.888757 -0.0355908 -0.456994 -0.0246457 0.991829 -0.125175 0.457715 0.122513 0.880618 ,-0.8389 0.123151 0.087521 
E 161 151 :0.442532 0.0924384 -0.891975 -0.11146 0.99263 0.0475714 0.889799 0.0783675 0.449574 ,-0.371834 0.0482903 -0.45235 
E 161 90 :0.878057 -0.0616479 -0.474569 -0.0750782 0.961642 -0.263831 0.47263 0.267289 0.839748 ,0.22295 -0.0345967 0.989608 
E 161 157 :0.461114 0.0566466 -0.885531 -0.079017 0.996617 0.0226069 0.883816 0.0595476 0.46403 ,-0.443055 0.0109506 -0.491524 
E 161 74 :0.916764 -0.0876471 -0.389694 -0.0664998 0.92852 -0.365278 0.393855 0.360788 0.845405 ,-0.98341 -0.528798 -1.01238 
E 161 55 :0.857239 -0.0886473 -0.507231 -0.0282953 0.975471 -0.2183 0.514141 0.201488 0.833704 ,0.299713 -0.172232 1.12887 
E 161 30 :0.728906 -0.0841475 -0.679423 0.054255 0.996396 -0.0651986 0.682461 0.0106616 0.730845 ,-1.34447 0.0198892 -0.554278 
E 161 68 :0.779296 -0.0988896 -0.618804 -0.024626 0.981875 -0.187924 0.626171 0.161687 0.762736 ,-1.26682 -0.0955135 0.117739 
E 161 114 :0.181931 -0.0817327 -0.979909 0.0432718 0.99624 -0.0750609 0.982359 -0.0287465 0.184784 ,-0.896097 0.0066249 -1.0704 
E 160 157 :0.557665 0.076425 -0.82654 -0.145736 0.9893 -0.00685323 0.817172 0.124278 0.562836 ,-0.293907 -0.0181553 -0.197913 
E 160 150 :0.999802 -0.0171996 0.0100205 0.0168149 0.999163 0.0372858 -0.0106534 -0.0371099 0.999254 ,-0.11389 0.0049514 -0.0467122 
E 160 40 :0.986711 0.0630435 -0.149754 -0.0757914 0.993828 -0.0809977 0.143724 0.0912715 0.9854 ,0.0997866 -0.0333319 -0.14521 
E 160 134 :0.566667 0.749248 -0.342805 -0.767798 0.631136 0.110243 0.298956 0.200734 0.932916 ,0.141402 -0.0294734 0.0279593 
E 160 145 :0.673989 0.630332 -0.385253 -0.64323 0.757201 0.113582 0.363308 0.171253 0.915794 ,-0.231072 -0.00862776 0.116964 
E 160 139 :0.381954 -0.856169 -0.347973 0.916537 0.399247 0.0237137 0.118624 -0.327987 0.937205 ,-0.623762 -0.0568412 -0.514185 
E 160 100 :0.995761 0.0395649 -0.0830331 -0.043179 0.998176 -0.0421904 0.0812124 0.0455968 0.995653 ,-0.0225402 0.179096 -0.541025 
E 160 62 :0.867219 -0.0166432 -0.497648 -0.0756209 0.983446 -0.16467 0.492151 0.180437 0.851604 ,0.376517 -0.0755983 0.0912528 
E 160 48 :0.995551 0.0270665 -0.0902565 -0.0404179 0.987927 -0.149554 0.085119 0.152537 0.984625 ,0.69048 -0.0382718 -0.142609 
E 160 81 :0.962887 0.000427274 -0.269903 -0.0828049 0.952242 -0.293901 0.256888 0.305343 0.916937 ,0.696056 -0.158521 0.155158 
E 160 127 :0.935227 0.00934888 -0.353925 -0.0273974 0.998565 -0.0460191 0.352987 0.0527349 0.934141 ,0.511977 0.119558 0.0116215 
E 160 0 :0.931204 -0.03415 -0.362896 -0.0218127 0.988596 -0.149003 0.363846 0.146668 0.919839 ,-0.217534 -0.157158 0.216529 
E 160 123 :0.826995 -0.0168759 -0.561956 -0.034285 0.996175 -0.080371 0.561162 0.0857331 0.823254 ,-0.33774 0.0374145 -0.499833 
E 160 75 :0.961909 -0.0271899 -0.272013 -0.047126 0.963651 -0.262975 0.269276 0.265777 0.925664 ,-0.673755 -0.133893 -0.633605 
E 160 18 :0.955943 -0.0465082 -0.289845 0.00251635 0.988632 -0.150336 0.293542 0.142983 0.945193 ,0.725831 -0.18241 0.595825 
E 160 106 :0.964703 0.0174623 -0.262759 -0.145738 0.86647 -0.477483 0.219335 0.498923 0.838432 ,0.569163 -0.464451 0.674295 
E 160 151 :0.539452 0.114071 -0.834254 -0.178434 0.983766 0.0191334 0.822893 0.138538 0.551048 ,-0.218195 0.0158588 -0.16457 
E 160 13 :0.960653 -0.00368724 -0.277727 -0.0469146 0.983391 -0.175333 0.27376 0.181464 0.944524 ,0.950328 -0.225461 0.785504 
E 160 95 :0.93469 -0.0080974 -0.35537 -0.0625515 0.980393 -0.186861 0.349916 0.196886 0.915857 ,-0.619692 0.0534462 0.429233 
E 160 84 :0.934468 0.047485 -0.352866 -0.114976 0.978215 -0.172844 0.336971 0.202088 0.919571 ,1.18682 0.0290693 0.478972 
E 160 74 :0.954678 -0.0335238 -0.295746 -0.0997692 0.900108 -0.424089 0.28042 0.434375 0.855969 ,-0.897257 -0.515642 -0.690942 
E 160 90 :0.925083 -0.0178998 -0.379344 -0.113884 0.939841 -0.322069 0.362288 0.341142 0.867392 ,0.535771 -0.175202 1.19002 
E 160 55 :0.909757 -0.0520292 -0.411868 -0.0701539 0.958579 -0.276053 0.40917 0.280035 0.868424 ,0.62604 -0.323035 1.30929 
E 160 30 :0.802547 -0.0690106 -0.592584 0.00052834 0.993369 -0.114969 0.596588 0.0919552 0.797262 ,-1.1964 -6.54658e-05 -0.156182 
E 160 68 :0.845136 -0.0666508 -0.530379 -0.0742841 0.967926 -0.240004 0.529364 0.242235 0.813078 ,-1.04428 -0.16466 0.492448 
E 160 114 :0.293187 -0.0711018 -0.953408 -0.0295549 0.99608 -0.0833727 0.955598 0.0526216 0.289936 ,-0.809944 0.0221375 -0.719875 
E 164 163 :0.99301 0.00129074 0.118023 -0.000357452 0.999969 -0.00792856 -0.118029 0.00783095 0.992979 ,-0.0466921 -0.00128354 -0.232758 
E 164 162 :0.999245 0.0166031 0.0351309 -0.01654 0.999861 -0.00208604 -0.0351606 0.0015034 0.999381 ,-0.166649 0.0445 -0.515134 
E 164 161 :0.994312 0.00222645 -0.106487 -0.00497634 0.999661 -0.025565 0.106394 0.0259495 0.993985 ,-0.302498 0.0567812 -0.856592 
E 164 81 :0.882713 -0.0618277 -0.465827 -0.0652289 0.965588 -0.251764 0.465363 0.252621 0.848304 ,0.19709 -0.0355328 -0.82426 
E 164 160 :0.975655 0.00493911 -0.219254 0.0055565 0.998869 0.0472271 0.21924 -0.0472956 0.974524 ,-0.447219 0.111613 -1.13556 
E 164 150 :0.977881 -0.00370936 -0.20913 0.0218481 0.996185 0.0844912 0.208019 -0.0871914 0.974231 ,-0.54807 0.11372 -1.20629 
E 164 40 :0.930804 0.0464057 -0.362562 -0.0634354 0.997365 -0.0352006 0.359973 0.0557641 0.931295 ,-0.318188 0.0720159 -1.25362 
E 164 106 :0.892408 -0.0880743 -0.44255 -0.129854 0.88915 -0.438806 0.432141 0.449061 0.782048 ,-0.0420475 -0.317305 -0.331699 
E 164 18 :0.868323 -0.0718426 -0.490769 0.0216883 0.994008 -0.107137 0.495525 0.0823859 0.864678 ,0.129404 -0.0384182 -0.387161 
E 164 134 :0.483532 0.690113 -0.538461 -0.749662 0.644066 0.152272 0.451889 0.330035 0.828778 ,-0.315535 0.0842796 -1.07592 
E 164 48 :0.952452 -0.00215733 -0.304681 -0.0308204 0.994164 -0.103386 0.303126 0.10786 0.946827 ,0.25753 0.0704866 -1.12135 
E 164 13 :0.877011 -0.0385271 -0.478922 -0.0285948 0.990828 -0.132071 0.479618 0.129522 0.867866 ,0.306635 -0.0712148 -0.151059 
E 164 127 :0.83493 0.00249095 -0.550351 -0.00549925 0.999978 -0.00381683 0.550329 0.00621331 0.834925 ,0.0503365 0.23443 -1.01765 
E 164 62 :0.737827 -0.0509423 -0.673064 -0.0474738 0.990762 -0.12703 0.673318 0.125679 0.728593 ,-0.100249 0.0425025 -0.960514 
E 164 100 :0.9535 0.0335345 -0.299521 -0.0337617 0.99942 0.0044178 0.299496 0.00589999 0.954079 ,-0.349704 0.264831 -1.67622 
E 164 145 :0.574747 0.581179 -0.576105 -0.6216 0.767935 0.154563 0.53224 0.269272 0.802629 ,-0.698353 0.107235 -1.07183 
E 164 84 :0.837268 0.00685177 -0.546749 -0.0937393 0.986917 -0.131181 0.538697 0.161085 0.826956 ,0.605832 0.169865 -0.409972 
E 164 90 :0.822566 -0.087619 -0.561879 -0.0915051 0.95479 -0.282848 0.561259 0.284076 0.77736 ,-0.186274 -0.0042126 0.149887 
E 164 0 :0.828651 -0.0605934 -0.556476 0.000569615 0.994215 -0.10741 0.559765 0.088688 0.823892 ,-0.707708 -0.0363493 -0.964811 
E 164 55 :0.79755 -0.107427 -0.59361 -0.0456956 0.970431 -0.237016 0.601519 0.216158 0.769058 ,-0.125083 -0.145743 0.292903 
E 164 75 :0.879219 -0.0800411 -0.469645 -0.0290107 0.974962 -0.220472 0.475533 0.207468 0.854883 ,-0.966312 -0.0557949 -1.89441 
E 164 139 :0.351173 -0.761442 -0.544871 0.923224 0.378548 0.0660148 0.155993 -0.52622 0.835918 ,-0.943339 0.0270872 -1.77072 
E 164 123 :0.683656 -0.0303422 -0.729174 -0.00314897 0.999003 -0.0445227 0.729798 0.0327343 0.682879 ,-0.666962 0.123503 -1.69848 
E 164 95 :0.834906 -0.0462262 -0.548448 -0.0407616 0.988537 -0.145371 0.548881 0.143727 0.823452 ,-1.14567 0.181827 -0.855655 
E 164 74 :0.869461 -0.1235 -0.478316 -0.0811082 0.919418 -0.384827 0.487298 0.373388 0.789381 ,-1.17369 -0.441062 -1.98123 
E 164 151 :0.345015 0.0857775 -0.934669 -0.136372 0.989829 0.0405007 0.928637 0.113489 0.353204 ,-0.62394 0.11847 -1.34453 
E 164 157 :0.3642 0.0522022 -0.929856 -0.10388 0.994475 0.015143 0.925509 0.091078 0.367611 ,-0.690667 0.0824987 -1.39201 
E 164 68 :0.70813 -0.113359 -0.696924 -0.0445037 0.9779 -0.20428 0.704679 0.175673 0.687435 ,-1.57486 -0.0354058 -0.876821 
E 163 162 :0.996416 0.0159522 -0.08307 -0.0155251 0.999863 0.00578547 0.0831509 -0.00447507 0.996527 ,-0.0858065 0.043416 -0.294914 
E 163 161 :0.974806 -0.00120925 -0.223053 -0.00285962 0.999835 -0.0179178 0.223038 0.0181042 0.974642 ,-0.180408 0.0528475 -0.650105 
E 163 160 :0.942957 0.0101298 -0.332761 0.0085325 0.998473 0.0545741 0.332806 -0.0543003 0.941431 ,-0.29121 0.105307 -0.944634 
E 163 150 :0.946485 0.00625161 -0.322686 0.0247386 0.995466 0.0918478 0.321797 -0.0949154 0.942039 ,-0.383009 0.106729 -1.02678 
E 163 40 :0.881833 0.0391431 -0.469935 -0.059413 0.99783 -0.0283746 0.467805 0.0529419 0.882245 ,-0.149133 0.0649524 -1.04632 
E 163 134 :0.427084 0.646106 -0.632571 -0.745475 0.647521 0.158063 0.511728 0.40406 0.758202 ,-0.167476 0.0786106 -0.869653 
E 163 81 :0.82164 -0.0915573 -0.562605 -0.0604432 0.967456 -0.245714 0.566793 0.235895 0.789367 ,0.311904 -0.0385656 -0.558305 
E 163 48 :0.910028 -0.0152283 -0.414268 -0.0272163 0.994974 -0.0963613 0.413653 0.0989663 0.90504 ,0.40695 0.065202 -0.847017 
E 163 127 :0.764141 0.00138274 -0.645048 -0.000111801 0.999998 0.00201118 0.645049 -0.00146471 0.764139 ,0.188906 0.229685 -0.769797 
E 163 100 :0.911498 0.0322465 -0.410038 -0.0301846 0.999478 0.0115024 0.410195 0.00189243 0.911996 ,-0.130618 0.254411 -1.4712 
E 163 18 :0.803759 -0.0814197 -0.589357 0.0266888 0.994529 -0.100996 0.594356 0.0654473 0.801535 ,0.193103 -0.0381153 -0.13224 
E 163 106 :0.835211 -0.140779 -0.531605 -0.125314 0.892525 -0.433239 0.535461 0.428464 0.727805 ,0.0164029 -0.31678 -0.0951918 
E 163 13 :0.814282 -0.0538994 -0.577961 -0.023706 0.991761 -0.125889 0.579985 0.11621 0.806296 ,0.341239 -0.0688332 0.123381 
E 163 62 :0.653216 -0.0657741 -0.75431 -0.0412472 0.991649 -0.122189 0.756047 0.110929 0.645048 ,0.0326979 0.0380165 -0.729314 
E 163 145 :0.508132 0.54506 -0.666867 -0.61667 0.77077 0.1601 0.601265 0.329885 0.727775 ,-0.548109 0.101104 -0.910954 
E 163 84 :0.767867 -0.0125616 -0.640486 -0.0884371 0.988156 -0.125406 0.634475 0.152938 0.757662 ,0.668819 0.170598 -0.100314 
E 163 139 :0.329977 -0.694145 -0.639748 0.92487 0.373433 0.0718554 0.189025 -0.615395 0.765218 ,-0.708865 0.0151689 -1.63321 
E 163 0 :0.75679 -0.070993 -0.649791 0.00602267 0.9948 -0.101673 0.65363 0.0730313 0.753282 ,-0.569979 -0.0416506 -0.80465 
E 163 75 :0.816957 -0.104317 -0.567185 -0.0241511 0.976452 -0.214377 0.576192 0.188835 0.7952 ,-0.717049 -0.0687089 -1.75809 
E 163 90 :0.750604 -0.120877 -0.649602 -0.0860453 0.956871 -0.277477 0.655126 0.264171 0.707831 ,-0.183768 -0.000112665 0.363508 
E 163 123 :0.592741 -0.0343508 -0.804661 0.00344857 0.999189 -0.0401149 0.805386 0.0210028 0.592378 ,-0.44298 0.112504 -1.52963 
E 163 55 :0.720995 -0.132536 -0.680147 -0.0399543 0.971954 -0.231752 0.691787 0.194267 0.695479 ,-0.139835 -0.14044 0.513864 
E 163 95 :0.764301 -0.0632203 -0.641753 -0.0353844 0.989572 -0.139626 0.643888 0.129424 0.754094 ,-1.01784 0.176809 -0.74968 
E 163 74 :0.805897 -0.167036 -0.568005 -0.0761674 0.922154 -0.379251 0.587136 0.348901 0.730438 ,-0.912589 -0.454912 -1.86572 
E 163 151 :0.233046 0.071429 -0.969839 -0.12865 0.990798 0.0420589 0.963918 0.114968 0.240091 ,-0.442035 0.110298 -1.17304 
E 163 157 :0.252455 0.040732 -0.966751 -0.0961586 0.995224 0.016821 0.962819 0.0887149 0.255166 ,-0.502678 0.0738704 -1.22778 
E 163 68 :0.620023 -0.13365 -0.773116 -0.03807 0.979099 -0.19979 0.783659 0.153307 0.601976 ,-1.44145 -0.0411373 -0.819629 
E 170 168 :0.997499 0.0103478 0.0699191 -0.0135228 0.998891 0.0450906 -0.069375 -0.0459233 0.996533 ,-0.112061 0.0305331 -0.339163 
E 170 166 :0.989848 -0.00443617 0.14206 0.00238908 0.999891 0.0145774 -0.142109 -0.01409 0.989751 ,-0.240026 0.0711425 -0.738007 
E 170 55 :0.954519 -0.0619726 -0.291638 -0.00710781 0.973151 -0.230057 0.298065 0.221666 0.928451 ,-0.386976 0.00215806 -0.708667 
E 170 90 :0.9661 -0.0199372 -0.257397 -0.0533963 0.960025 -0.274776 0.252585 0.279205 0.926415 ,-0.497583 0.137797 -0.825272 
E 170 164 :0.941054 -0.0346346 0.336479 0.0263523 0.999228 0.0291515 -0.337229 -0.0185661 0.94124 ,-0.372869 0.142546 -1.02925 
E 170 163 :0.894774 -0.0307839 0.445457 0.0223702 0.999458 0.0241346 -0.445959 -0.01163 0.894978 ,-0.495083 0.133248 -1.23256 
E 170 106 :0.989708 0.0374216 -0.138123 -0.0936389 0.899233 -0.427331 0.108214 0.435867 0.893482 ,-0.513058 -0.185291 -1.32138 
E 170 13 :0.987687 -0.0269914 -0.154099 0.00852017 0.992823 -0.11929 0.156213 0.116508 0.980828 ,-0.132671 0.0750632 -1.27351 
E 170 162 :0.929085 -0.0184995 0.369403 0.0087802 0.99957 0.0279748 -0.369762 -0.0227475 0.928848 ,-0.704569 0.167603 -1.45874 
E 170 18 :0.983121 -0.0743137 -0.167183 0.0589992 0.993748 -0.0947808 0.173182 0.0833173 0.981359 ,-0.380034 0.0962813 -1.43658 
E 170 62 :0.922537 -0.0399657 -0.383834 -0.00836542 0.992318 -0.123429 0.385818 0.117079 0.915116 ,-0.791874 0.154373 -1.9003 
E 170 161 :0.971672 -0.0237962 0.235131 0.0243315 0.999704 0.00062473 -0.235076 0.00511404 0.971964 ,-0.947728 0.166341 -1.73455 
E 170 134 :0.633046 0.738177 -0.233128 -0.723167 0.671375 0.162125 0.276193 0.0659577 0.958836 ,-1.03475 0.187081 -1.9371 
E 170 81 :0.989525 -0.00662428 -0.144212 -0.0283509 0.970577 -0.239116 0.141552 0.2407 0.960222 ,-0.463513 0.088206 -1.87088 
E 171 170 :0.997966 -0.00333518 0.0636656 0.00381929 0.999965 -0.00748366 -0.0636384 0.00771159 0.997943 ,-0.0561516 -0.000205289 -0.147516 
E 171 168 :0.991098 0.00407153 0.133071 -0.00919345 0.999239 0.0378983 -0.132816 -0.0387843 0.990382 ,-0.189679 0.0324369 -0.478615 
E 171 166 :0.978779 -0.00865901 0.204735 0.007233 0.999944 0.00771247 -0.204791 -0.00606795 0.978787 ,-0.342913 0.075541 -0.868181 
E 171 55 :0.971578 -0.0509796 -0.231167 -0.00569259 0.971221 -0.238111 0.236653 0.232659 0.943327 ,-0.487465 0.00577814 -0.830082 
E 171 90 :0.980394 -0.00532273 -0.196976 -0.0515949 0.957825 -0.282682 0.190173 0.287303 0.938771 ,-0.605724 0.141863 -0.938363 
E 171 164 :0.917582 -0.0390788 0.395622 0.0324692 0.999199 0.0233917 -0.396219 -0.00861823 0.918116 ,-0.494265 0.148614 -1.14982 
E 171 163 :0.864487 -0.0347951 0.50145 0.0291242 0.999393 0.0191374 -0.501811 -0.00193966 0.864975 ,-0.629143 0.140371 -1.34501 
E 171 106 :0.994896 0.0620961 -0.079533 -0.0906655 0.896082 -0.43453 0.0442855 0.439523 0.897139 ,-0.651675 -0.177561 -1.43496 
E 171 13 :0.995594 -0.0228302 -0.0909427 0.0111231 0.991813 -0.127215 0.0931024 0.125642 0.987697 ,-0.269882 0.0838791 -1.40939 
E 176 175 :0.998584 -0.0131371 0.0515486 0.0139122 0.999795 -0.0147071 -0.0513448 0.0154034 0.998562 ,-0.0302551 0.0193136 -0.125792 
E 176 174 :0.997348 -0.0344693 0.0640943 0.0399755 0.995431 -0.086711 -0.0608126 0.0890433 0.99417 ,-0.071416 0.0186353 -0.260172 
E 176 173 :0.996834 -0.00526743 0.0793359 0.0114608 0.996902 -0.0778132 -0.0786802 0.0784761 0.993806 ,-0.112916 0.0196823 -0.409091 
E 176 172 :0.988806 -0.00902868 0.148932 0.0185804 0.997849 -0.0628688 -0.148044 0.0649322 0.986847 ,-0.168328 0.0462396 -0.588217 
E 176 171 :0.97382 -0.0032503 0.227296 0.022909 0.99621 -0.0839049 -0.226162 0.0869154 0.970204 ,-0.229988 0.0773081 -0.712308 
E 176 170 :0.957362 -0.00474525 0.288851 0.0320067 0.995452 -0.0897291 -0.287112 0.0951484 0.95316 ,-0.318198 0.0881945 -0.842747 
E 176 168 :0.934993 -0.00809839 0.354574 0.0246903 0.9988 -0.0422947 -0.353806 0.0482997 0.934071 ,-0.523594 0.145435 -1.13094 
E 168 166 :0.997199 -0.0169689 0.0728436 0.0191553 0.999384 -0.0294214 -0.0722994 0.0307343 0.996909 ,-0.100525 0.0575565 -0.404577 
E 168 164 :0.961739 -0.0467723 0.269945 0.0515476 0.998614 -0.0106238 -0.269074 0.0241323 0.962817 ,-0.213796 0.140881 -0.700875 
E 168 55 :0.93155 -0.0903555 -0.352209 -0.0109109 0.961252 -0.275457 0.36345 0.260445 0.894468 ,-0.248209 -0.0142195 -0.388724 
E 168 90 :0.946883 -0.0522394 -0.317307 -0.0549396 0.945932 -0.319679 0.316851 0.320131 0.892817 ,-0.352285 0.12548 -0.506542 
E 168 163 :0.923172 -0.0434156 0.381927 0.0520842 0.998566 -0.012383 -0.380842 0.031324 0.924109 ,-0.321474 0.139665 -0.912447 
E 168 106 :0.980991 -0.00507046 -0.193984 -0.0882633 0.878607 -0.469319 0.172816 0.477519 0.861458 ,-0.328934 -0.174628 -1.01658 
E 168 162 :0.952295 -0.0303921 0.303662 0.0353651 0.999315 -0.0108895 -0.303123 0.021109 0.952718 ,-0.515209 0.182202 -1.15094 
E 168 13 :0.974264 -0.0484325 -0.220145 0.0115573 0.986092 -0.165795 0.225114 0.158984 0.961274 ,0.0436595 0.087176 -0.930544 
E 168 18 :0.96785 -0.0933463 -0.233565 0.0611539 0.988051 -0.141473 0.24398 0.122641 0.961994 ,-0.192058 0.1133 -1.10939 
E 168 81 :0.977613 -0.0364312 -0.207233 -0.0245806 0.958379 -0.28444 0.20897 0.283166 0.936028 ,-0.24509 0.124314 -1.54838 
E 168 62 :0.893577 -0.0614071 -0.444691 -0.016528 0.985428 -0.169289 0.448606 0.158622 0.87954 ,-0.571484 0.188361 -1.59767 
E 168 161 :0.985222 -0.0376103 0.167104 0.0451546 0.998114 -0.0415786 -0.165225 0.0485097 0.985062 ,-0.738609 0.191091 -1.44285 
E 168 134 :0.622081 0.722676 -0.301256 -0.728498 0.67524 0.1155 0.28689 0.147614 0.946522 ,-0.811641 0.220209 -1.64986 
E 168 160 :0.997249 -0.0547365 0.0499933 0.0535123 0.998241 0.0255065 -0.0513015 -0.022761 0.998424 ,-0.955664 0.241351 -1.67119 
E 168 84 :0.955037 0.00391332 -0.296462 -0.0561732 0.984191 -0.167968 0.291118 0.177069 0.940158 ,0.250241 0.346095 -1.25452 
E 168 150 :0.995598 -0.0736982 0.057908 0.0700153 0.995539 0.0632439 -0.0623106 -0.0589111 0.996317 ,-1.07185 0.239007 -1.7121 
E 168 0 :0.948025 -0.0808359 -0.307756 0.037337 0.988771 -0.144699 0.315997 0.125687 0.940398 ,-1.15317 0.0783513 -1.44026 
E 168 127 :0.9518 -0.0426984 -0.303732 0.0317004 0.998654 -0.0410509 0.305076 0.0294438 0.951873 ,-0.45106 0.388392 -1.68857 
E 168 40 :0.99533 0.0130344 -0.0956454 -0.019191 0.997782 -0.0637349 0.0946025 0.0652728 0.993373 ,-0.861587 0.209713 -1.82053 
E 168 145 :0.725506 0.595713 -0.344626 -0.596766 0.793968 0.116125 0.342799 0.121411 0.93153 ,-1.17978 0.223356 -1.54236 
E 168 48 :0.999279 -0.0194578 -0.0325975 0.0150985 0.991529 -0.129007 0.0348315 0.128422 0.991108 ,-0.272119 0.236458 -1.84812 
E 168 95 :0.953036 -0.0518954 -0.298378 -0.0034989 0.983257 -0.182189 0.302837 0.174677 0.936898 ,-1.55512 0.27249 -1.21206 
E 168 75 :0.975304 -0.0665749 -0.210593 0.0112992 0.96728 -0.253458 0.220577 0.244819 0.944145 ,-1.65191 0.0554781 -2.26618 
E 168 100 :0.999445 -0.0129011 -0.0307193 0.0122539 0.999701 -0.0211639 0.0309831 0.0207757 0.999304 ,-1.01499 0.405126 -2.21428 
E 168 139 :0.336666 -0.892064 -0.301459 0.93839 0.344364 0.0289559 0.0779812 -0.292635 0.953039 ,-1.6003 0.138115 -2.15127 
E 168 123 :0.854651 -0.0670705 -0.514853 0.024343 0.995707 -0.0893029 0.518632 0.0637897 0.852614 ,-1.31951 0.247877 -2.15376 
E 174 173 :0.999434 0.0298258 0.015579 -0.0299577 0.999517 0.00829949 -0.0153239 -0.0087615 0.999844 ,-0.0322917 -0.0107876 -0.150801 
E 174 172 :0.99593 0.026936 0.0860109 -0.0287702 0.999383 0.020157 -0.0854149 -0.0225495 0.99609 ,-0.0756026 0.00160848 -0.334737 
E 174 171 :0.985907 0.0312967 0.164338 -0.0309008 0.99951 -0.00496603 -0.164413 -0.000182128 0.986392 ,-0.12831 0.0236109 -0.464751 
E 174 170 :0.973563 0.0292748 0.226534 -0.0267045 0.99954 -0.0144031 -0.226852 0.00797287 0.973897 ,-0.207919 0.0258734 -0.601027 
E 174 168 :0.955017 0.0289134 0.29514 -0.0391551 0.998817 0.0288494 -0.293956 -0.0391079 0.955018 ,-0.392956 0.0642699 -0.905673 
E 175 174 :0.999615 -0.0251437 0.0117517 0.0259283 0.997052 -0.0722216 -0.00990116 0.0724985 0.997319 ,-0.0342124 -0.00220734 -0.136299 
E 175 173 :0.999622 0.00457982 0.0271142 -0.00284903 0.997976 -0.0635314 -0.0273502 0.0634302 0.997611 ,-0.0679926 -0.00290927 -0.287158 
E 175 172 :0.995266 0.00153248 0.0971767 0.00330616 0.998763 -0.0496116 -0.0971326 0.049698 0.99403 ,-0.11376 0.0216114 -0.469274 
E 175 171 :0.984372 0.00615116 0.175992 0.00662741 0.997388 -0.0719292 -0.175974 0.0719715 0.98176 ,-0.168528 0.0515721 -0.596821 
E 175 170 :0.971194 0.00422505 0.238254 0.0150007 0.996776 -0.0788234 -0.237819 0.0801268 0.967999 ,-0.249765 0.0616059 -0.731781 
E 175 168 :0.952179 0.00332867 0.305524 0.00695232 0.999446 -0.0325562 -0.305463 0.0331234 0.951628 ,-0.439276 0.117094 -1.03099 
E 185 184 :0.999545 0.0196049 0.0229018 -0.0199406 0.999696 0.014519 -0.0226102 -0.0149691 0.999632 ,-0.0550781 0.0145726 -0.519038 
E 185 183 :0.929077 0.0299901 0.368668 -0.0503833 0.997679 0.0458121 -0.366439 -0.0611377 0.928431 ,-0.100606 0.0307432 -0.992099 
E 185 182 :0.801557 -0.00966021 0.59784 -0.0445183 0.99613 0.0757841 -0.596259 -0.0873601 0.798025 ,-0.257591 0.0194339 -1.28828 
E 185 181 :0.659008 -0.0435087 0.750876 -0.0271605 0.996298 0.0815668 -0.751645 -0.0741473 0.655387 ,-0.430783 0.081126 -1.5142 
E 185 180 :0.541095 -0.104269 0.834473 0.0113371 0.993098 0.116738 -0.840885 -0.0537059 0.538542 ,-0.566099 0.0914093 -1.65169 
E 185 179 :0.411812 -0.0686722 0.908677 0.00139228 0.997203 0.0747314 -0.911268 -0.0295102 0.410756 ,-0.664577 0.096335 -1.72819 
E 172 171 :0.996827 0.00242879 0.0795597 -0.000617824 0.99974 -0.022779 -0.0795944 0.0226576 0.99657 ,-0.0420211 0.0235008 -0.133595 
E 172 170 :0.989746 -0.000282369 0.142842 0.00465135 0.999531 -0.0302532 -0.142766 0.0306074 0.989283 ,-0.109731 0.0266905 -0.276141 
E 172 168 :0.977364 0.00339989 0.211536 -0.00677797 0.999861 0.0152463 -0.211454 -0.016335 0.977251 ,-0.269098 0.0669488 -0.594736 
E 172 166 :0.959398 -0.00668565 0.281977 0.0112913 0.999828 -0.0147118 -0.28183 0.0172984 0.959308 ,-0.452735 0.11901 -0.969793 
E 172 55 :0.987309 -0.0299487 -0.155961 -0.0116821 0.965701 -0.259394 0.15838 0.257924 0.953095 ,-0.593966 0.0484871 -0.9219 
E 172 90 :0.992288 0.0198782 -0.122349 -0.0565191 0.951035 -0.303871 0.110318 0.308443 0.944824 ,-0.720134 0.187076 -1.01731 
E 172 164 :0.883226 -0.0372136 0.467468 0.0409194 0.99916 0.0022274 -0.467159 0.0171612 0.884007 ,-0.625836 0.198573 -1.23676 
E 173 172 :0.997537 -0.00267286 0.0700944 0.00169647 0.999901 0.0139854 -0.0701248 -0.013832 0.997442 ,-0.0408391 0.0127099 -0.184479 
E 173 171 :0.988794 0.00133881 0.149279 -3.98295e-05 0.999962 -0.00870438 -0.149285 0.00860089 0.988757 ,-0.0921838 0.0342687 -0.315111 
E 173 170 :0.977288 -0.000807872 0.211914 0.00433333 0.99986 -0.0161724 -0.211871 0.0167234 0.977155 ,-0.169727 0.0353496 -0.452588 
E 173 168 :0.960153 -0.000425964 0.279474 -0.0080765 0.999539 0.0292709 -0.279357 -0.0303617 0.959707 ,-0.351141 0.0708779 -0.75975 
E 173 166 :0.93725 -0.00812906 0.348563 0.00897632 0.999959 -0.000815712 -0.348543 0.00389334 0.937285 ,-0.560754 0.117377 -1.12169 
E 173 55 :0.99601 -0.0143771 -0.0880769 -0.00779099 0.969161 -0.246303 0.0889019 0.246007 0.965182 ,-0.698092 0.0472913 -1.06304 
E 188 186 :0.993496 -0.0153551 0.112829 0.0182139 0.999538 -0.0243502 -0.112403 0.0262469 0.993316 ,-0.0296459 -0.0006404 -0.431265 
E 188 185 :0.98755 -0.017954 0.156275 0.0223153 0.999408 -0.0261981 -0.155712 0.0293592 0.987366 ,-0.0745229 0.00645852 -0.653421 
E 188 184 :0.983926 -0.000926985 0.178573 0.00296876 0.999933 -0.011167 -0.178551 0.0115176 0.983863 ,-0.210289 0.0333912 -1.1569 
E 188 183 :0.86115 0.00215012 0.508346 -0.0200208 0.999359 0.0296888 -0.507957 -0.035744 0.860641 ,-0.329469 0.0609295 -1.61642 
E 188 182 :0.699197 -0.0410767 0.713748 -0.0109841 0.997613 0.0681735 -0.714844 -0.0555066 0.697077 ,-0.530582 0.0538833 -1.88475 
E 188 181 :0.533828 -0.0724419 0.842484 0.00725323 0.996679 0.0811046 -0.845562 -0.0371852 0.532581 ,-0.738031 0.117593 -2.07903 
E 188 180 :0.402746 -0.129194 0.906148 0.0454347 0.99159 0.121182 -0.914184 -0.00763488 0.405228 ,-0.893332 0.128452 -2.19341 
E 188 179 :0.264252 -0.0903327 0.960214 0.0344546 0.995853 0.0842035 -0.963838 0.0108328 0.266269 ,-1.00263 0.133182 -2.25347 
E 179 178 :0.977008 -0.0486561 0.207577 0.0482765 0.99881 0.00689741 -0.207666 0.00328228 0.978194 ,-0.00928261 0.0421532 -0.16105 
E 179 177 :0.929327 -0.0670783 0.363115 0.0638275 0.997741 0.0209581 -0.363701 0.00369986 0.931509 ,-0.075287 0.0403259 -0.333236 
E 179 176 :0.89961 -0.0741152 0.43036 0.0585231 0.997064 0.0493764 -0.432756 -0.0192334 0.901306 ,-0.145295 0.0438115 -0.449528 
E 179 175 :0.875208 -0.0792892 0.477205 0.0697765 0.996852 0.0376582 -0.478688 0.000338878 0.877985 ,-0.22808 0.0550867 -0.550183 
E 179 174 :0.86809 -0.0664648 0.491937 0.0952234 0.994888 -0.033617 -0.487188 0.0760265 0.869981 ,-0.32289 0.0453663 -0.653475 
E 179 173 :0.862051 -0.0448512 0.504833 0.06588 0.997542 -0.0238712 -0.502521 0.0538366 0.862887 ,-0.42439 0.0366284 -0.769758 
E 179 172 :0.82445 -0.0541338 0.563339 0.069084 0.997597 -0.00524132 -0.561702 0.043239 0.826209 ,-0.553297 0.0510203 -0.907736 
E 179 171 :0.777029 -0.0393534 0.628233 0.0686657 0.997387 -0.0224513 -0.625708 0.0605834 0.777701 ,-0.664473 0.0722618 -0.993494 
E 178 177 :0.986569 -0.018137 0.162335 0.0173404 0.99983 0.00632282 -0.162422 -0.00342294 0.986715 ,-0.0288178 0.000821282 -0.182145 
E 178 176 :0.97162 -0.0202822 0.235678 0.0132616 0.999421 0.0313363 -0.236177 -0.0273215 0.971326 ,-0.0728981 0.00732735 -0.310409 
E 178 175 :0.957861 -0.0294121 0.285723 0.025538 0.999525 0.0172763 -0.286095 -0.00925147 0.958156 ,-0.132333 0.0222867 -0.425976 
E 178 174 :0.9539 -0.032695 0.298338 0.0512731 0.997188 -0.0546572 -0.295712 0.0674342 0.952894 ,-0.203982 0.016852 -0.546763 
E 178 173 :0.949768 -0.00684225 0.312881 0.0222082 0.998714 -0.0455738 -0.312167 0.050233 0.948698 ,-0.279422 0.0126814 -0.681639 
E 178 172 :0.925476 -0.0137079 0.378558 0.0270436 0.999186 -0.0299331 -0.37784 0.03794 0.925093 ,-0.376017 0.0328754 -0.843267 
E 178 171 :0.892417 -0.00287938 0.451203 0.028723 0.998314 -0.0504394 -0.450297 0.0579728 0.890995 ,-0.465802 0.0592196 -0.950086 
E 177 176 :0.99716 0.00175814 0.0752909 -0.00355451 0.999712 0.0237317 -0.0752275 -0.0239319 0.996879 ,-0.0225425 0.00774348 -0.133675 
E 177 175 :0.991907 -0.0101823 0.126559 0.00914026 0.999919 0.00881148 -0.126639 -0.00758338 0.99192 ,-0.0621487 0.0241739 -0.25726 
E 177 174 :0.990008 -0.0259171 0.138612 0.0349757 0.99738 -0.0633206 -0.136608 0.0675359 0.98832 ,-0.113312 0.020453 -0.388108 
E 177 173 :0.988099 0.00240875 0.153798 0.00604701 0.998496 -0.0544881 -0.153698 0.0547696 0.986599 ,-0.165904 0.0181131 -0.533466 
E 177 172 :0.974884 -0.00235988 0.222699 0.011547 0.999135 -0.0399605 -0.222412 0.0415283 0.974068 ,-0.234599 0.0406088 -0.708499 
E 177 171 :0.954067 0.00505434 0.29955 0.0140737 0.997998 -0.061664 -0.299262 0.0630474 0.952086 ,-0.305372 0.0689425 -0.828308 
E 177 170 :0.933083 0.00418218 0.359638 0.0217809 0.99744 -0.0681099 -0.359002 0.0713854 0.930603 ,-0.403133 0.0770438 -0.951965 
E 177 168 :0.905743 -0.00268284 0.42382 0.0129633 0.999687 -0.0213757 -0.42363 0.024855 0.905494 ,-0.629544 0.128158 -1.22518 
E 184 183 :0.937945 0.0114645 0.346595 -0.0266682 0.998878 0.0391281 -0.345758 -0.0459431 0.937198 ,-0.0351338 0.0223544 -0.473695 
E 184 182 :0.815562 -0.027544 0.578014 -0.0198648 0.996945 0.0755359 -0.578329 -0.0730864 0.812524 ,-0.185125 0.0124045 -0.773531 
E 184 181 :0.676245 -0.0616791 0.73409 -0.00298094 0.996252 0.0864523 -0.736671 -0.0606512 0.673526 ,-0.35436 0.0740642 -1.00244 
E 184 180 :0.559635 -0.12281 0.819589 0.0345291 0.991556 0.125001 -0.828019 -0.0416553 0.55915 ,-0.486711 0.0837495 -1.14282 
E 184 179 :0.432201 -0.0878585 0.897487 0.0231063 0.995995 0.0863746 -0.901481 -0.0165936 0.4325 ,-0.583513 0.0878883 -1.22148 
E 184 178 :0.231645 -0.105837 0.967026 0.0527211 0.993969 0.0961572 -0.971371 0.0287083 0.235828 ,-0.735769 0.115747 -1.28347 
E 180 179 :0.989117 -0.00103808 0.147129 0.00738388 0.999065 -0.0425912 -0.146947 0.0432141 0.9882 ,0.0111016 0.0192688 -0.122804 
E 180 178 :0.935771 -0.0486805 0.349232 0.0642902 0.997378 -0.0332388 -0.346698 0.0535561 0.936447 ,-0.0218189 0.0681733 -0.278768 
E 180 177 :0.865635 -0.0668397 0.496193 0.0861203 0.996155 -0.0160544 -0.493213 0.0566296 0.868064 ,-0.112437 0.073194 -0.439302 
E 180 176 :0.826087 -0.0771734 0.558233 0.0835427 0.996404 0.0141202 -0.557316 0.0349718 0.829564 ,-0.198796 0.0811124 -0.543784 
E 180 175 :0.795181 -0.0794113 0.601149 0.0965616 0.99532 0.00375219 -0.598634 0.0550642 0.799128 ,-0.295501 0.0960528 -0.630599 
E 180 174 :0.786864 -0.0555885 0.614618 0.122294 0.990229 -0.0670067 -0.604888 0.127889 0.785974 ,-0.404467 0.0900408 -0.71916 
E 180 173 :0.778665 -0.0374777 0.626319 0.0935868 0.993985 -0.0568727 -0.620421 0.1029 0.77749 ,-0.521962 0.0855142 -0.819533 
E 180 172 :0.732763 -0.0482185 0.678773 0.0990307 0.994423 -0.0362661 -0.673239 0.0937938 0.733452 ,-0.669781 0.104817 -0.936318 
E 180 171 :0.676442 -0.0310469 0.735842 0.100989 0.993584 -0.0509148 -0.72954 0.108753 0.675237 ,-0.792386 0.128871 -1.00381 
E 203 201 :0.998374 -0.00841756 -0.0563851 0.00776858 0.999901 -0.0117191 0.0564781 0.011262 0.99834 ,-0.00729521 0.0287101 -0.231644 
E 203 199 :0.996698 -0.00478526 -0.0810543 0.00323808 0.99981 -0.0192089 0.0811308 0.018883 0.996525 ,0.021996 0.0402297 -0.531552 
E 203 198 :0.99731 -0.0151181 -0.0717293 0.0190375 0.998344 0.0542765 0.07079 -0.055496 0.995946 ,0.0438716 0.0392895 -0.708501 
E 203 195 :0.994396 -0.058981 -0.0877369 0.0526422 0.99595 -0.0728872 0.0916805 0.0678601 0.993474 ,0.0423958 0.0237451 -1.40978 
E 203 196 :0.998858 -0.0241028 -0.0412514 0.0240179 0.999708 -0.00255138 0.0413009 0.00155769 0.999146 ,0.0594177 0.036344 -1.17416 
E 203 192 :0.990511 -0.0587281 -0.124253 0.0627981 0.997602 0.0290932 0.122247 -0.03662 0.991824 ,0.0782024 0.0856134 -2.09408 
E 203 191 :0.996098 -0.045473 -0.0756313 0.0487213 0.997943 0.041673 0.0735807 -0.0451952 0.996265 ,0.0800464 0.127003 -2.2688 
E 203 190 :0.991671 -0.0195614 -0.127303 0.021177 0.999711 0.0113502 0.127044 -0.0139516 0.991799 ,0.0560108 0.105101 -2.64372 
E 203 189 :0.987393 -0.0189951 -0.157142 0.0223732 0.999554 0.0197567 0.156696 -0.0230234 0.987378 ,0.0492464 0.134219 -2.86913 
E 203 188 :0.988501 -0.0247117 -0.14918 0.0233661 0.999669 -0.0107665 0.149396 0.00715695 0.988751 ,0.0653131 0.139671 -3.03982 
E 181 180 :0.988325 -0.0553193 0.141961 0.0501022 0.99794 0.0400677 -0.143885 -0.0324874 0.989061 ,0.0138864 0.0263268 -0.190873 
E 181 179 :0.9563 -0.0501589 0.288053 0.0510378 0.998687 0.0044629 -0.287899 0.0104337 0.957604 ,0.00635907 0.0411916 -0.314557 
E 181 178 :0.872072 -0.0956835 0.479932 0.0971506 0.99503 0.0218482 -0.479638 0.0275725 0.877033 ,-0.0510233 0.0820969 -0.465667 
E 181 177 :0.780748 -0.113127 0.61452 0.109551 0.993024 0.0436204 -0.615167 0.0332649 0.787695 ,-0.16365 0.0761349 -0.611569 
E 181 176 :0.732704 -0.126428 0.668701 0.102429 0.991886 0.0752986 -0.672795 0.0133227 0.739709 ,-0.264272 0.0755238 -0.702739 
E 181 175 :0.695574 -0.125728 0.707368 0.112217 0.991497 0.0658826 -0.709637 0.0335527 0.703768 ,-0.372999 0.0821098 -0.775176 
E 181 174 :0.685042 -0.091563 0.722727 0.137229 0.990529 -0.00458281 -0.715462 0.102319 0.691119 ,-0.492932 0.0671023 -0.846894 
E 183 182 :0.965444 -0.0271513 0.259194 0.0160777 0.998869 0.0447481 -0.260116 -0.0390345 0.964788 ,-0.0367473 0.00211711 -0.333381 
E 183 181 :0.88907 -0.0634492 0.453353 0.0386202 0.997213 0.0638275 -0.45614 -0.0392385 0.889043 ,-0.117979 0.072284 -0.604155 
E 183 180 :0.81028 -0.12723 0.572065 0.0789481 0.990949 0.108568 -0.5807 -0.042807 0.812991 ,-0.193836 0.0868908 -0.781216 
E 183 179 :0.716459 -0.10323 0.689949 0.0694522 0.994633 0.0766966 -0.694163 -0.00703149 0.719783 ,-0.257544 0.0935291 -0.888326 
E 183 178 :0.551723 -0.135703 0.822913 0.0999454 0.990322 0.0963012 -0.828017 0.0291147 0.559946 ,-0.379663 0.122459 -0.9981 
E 182 181 :0.977617 -0.0350172 0.207459 0.0322423 0.99934 0.0167429 -0.207909 -0.00967914 0.9781 ,-0.00686391 0.0828626 -0.279154 
E 182 180 :0.934599 -0.0957659 0.34257 0.079526 0.994954 0.0611781 -0.3467 -0.0299338 0.937498 ,-0.0338085 0.106424 -0.468989 
E 182 179 :0.87338 -0.0818427 0.480113 0.0770171 0.996585 0.0297805 -0.480911 0.0109673 0.876701 ,-0.0673473 0.118965 -0.588543 
E 182 178 :0.749645 -0.122665 0.650374 0.117174 0.99175 0.051992 -0.651385 0.0372311 0.757833 ,-0.156227 0.155464 -0.724809 
E 182 177 :0.631814 -0.138466 0.762652 0.124352 0.989277 0.0765933 -0.76508 0.0464449 0.642258 ,-0.296393 0.143431 -0.844043 
E 190 189 :0.999551 -0.000594239 -0.0299734 0.000865843 0.999959 0.00904934 0.0299668 -0.00907123 0.99951 ,-0.0347274 0.0323868 -0.222361 
E 190 188 :0.999743 -0.00242662 -0.0225498 0.00193857 0.999764 -0.0216399 0.022597 0.0215906 0.999511 ,-0.0403648 0.039905 -0.393638 
E 190 186 :0.995731 -0.0183685 0.0904598 0.022568 0.998704 -0.045621 -0.0895046 0.0474677 0.994855 ,-0.0602765 0.0485398 -0.825376 
E 190 185 :0.990754 -0.0210366 0.134033 0.0275941 0.998502 -0.0472554 -0.132838 0.050517 0.98985 ,-0.10015 0.0603574 -1.04828 
E 190 184 :0.987692 -0.00361293 0.156368 0.00873929 0.999446 -0.0321088 -0.156166 0.0330802 0.987177 ,-0.224593 0.0979158 -1.554 
E 190 183 :0.872431 0.000530523 0.488736 -0.00735457 0.9999 0.0120431 -0.488681 -0.0141012 0.872348 ,-0.333446 0.135161 -2.0154 
E 190 182 :0.715164 -0.0422353 0.69768 0.0058431 0.998499 0.0544564 -0.698933 -0.0348686 0.714337 ,-0.52844 0.133533 -2.28829 
E 190 181 :0.552741 -0.0740033 0.830061 0.0265843 0.997108 0.0711937 -0.832929 -0.0172851 0.55311 ,-0.731609 0.201029 -2.48579 
E 190 180 :0.423146 -0.131395 0.896483 0.0659875 0.991271 0.114141 -0.903655 0.0108585 0.428123 ,-0.884318 0.21406 -2.60339 
E 190 179 :0.285835 -0.0929703 0.953758 0.0558161 0.995208 0.0802831 -0.956652 0.0302874 0.289655 ,-0.992244 0.219876 -2.66579 
E 186 185 :0.999036 -0.00293419 0.0437984 0.00305406 0.999992 -0.00267028 -0.0437902 0.00280146 0.999037 ,-0.0194849 0.00195383 -0.225907 
E 186 184 :0.99765 0.0159971 0.0666194 -0.0168273 0.999787 0.0119196 -0.0664145 -0.0130126 0.997707 ,-0.0972857 0.0177441 -0.741992 
E 186 183 :0.91228 0.0243561 0.408842 -0.0465669 0.997925 0.0444585 -0.406911 -0.0595971 0.911521 ,-0.163537 0.0350387 -1.21256 
E 186 182 :0.7748 -0.0164 0.631994 -0.0404777 0.996326 0.0754784 -0.630909 -0.0840623 0.771289 ,-0.333309 0.024041 -1.50162 
E 186 181 :0.625532 -0.0496376 0.778618 -0.0231405 0.996355 0.0821093 -0.779855 -0.0693796 0.622103 ,-0.51641 0.0858069 -1.71956 
E 186 180 :0.50371 -0.109435 0.856913 0.0152349 0.992915 0.117848 -0.863738 -0.0463061 0.501809 ,-0.657647 0.0960439 -1.85096 
E 186 179 :0.371499 -0.0728245 0.925573 0.00508331 0.997064 0.0764091 -0.928419 -0.023681 0.370779 ,-0.759396 0.100873 -1.92306 
E 211 210 :0.998723 -0.0163711 -0.047804 0.0172598 0.999685 0.0182359 0.0474904 -0.0190377 0.99869 ,-0.00787851 0.0321951 -0.304576 
E 211 209 :0.997531 -0.00992718 -0.0695271 0.0111086 0.9998 0.0166267 0.0693482 -0.017358 0.997441 ,0.00962427 0.0345919 -0.494602 
E 211 207 :0.998158 -0.00447558 -0.0604965 0.00735321 0.998848 0.0474283 0.0602145 -0.0477858 0.997041 ,0.0530652 0.0151095 -0.812506 
E 211 206 :0.999594 -0.00457312 -0.0281302 0.00568105 0.999206 0.039433 0.0279276 -0.0395768 0.998826 ,0.0698823 0.033421 -0.933496 
E 211 205 :0.999581 -0.0269377 -0.0106383 0.0270947 0.999522 0.0149083 0.0102316 -0.0151902 0.999832 ,0.0795788 0.0373162 -1.12563 
E 211 204 :0.999734 -0.00163573 -0.0229847 0.00221235 0.999683 0.0250842 0.0229363 -0.0251284 0.999421 ,0.0835045 0.0248624 -1.2544 
E 211 203 :0.998408 0.0117723 -0.0551643 -0.00976459 0.999285 0.0365249 0.0555548 -0.0359281 0.997809 ,0.0844643 0.00859223 -1.37951 
E 211 201 :0.99376 0.00274575 -0.111506 7.71733e-05 0.99968 0.0253041 0.11154 -0.0251548 0.993442 ,0.0902972 0.0288923 -1.61208 
E 211 199 :0.990674 0.00595079 -0.136124 -0.00353329 0.999832 0.0179942 0.136208 -0.0173454 0.990528 ,0.136222 0.0291635 -1.91012 
E 211 198 :0.992041 -0.000279767 -0.125917 0.0118712 0.995751 0.0913149 0.125356 -0.0920829 0.987829 ,0.167813 0.0215473 -2.08543 
E 211 195 :0.988375 -0.0509059 -0.14326 0.0462433 0.998292 -0.0356919 0.144832 0.0286521 0.989041 ,0.204841 -0.0195855 -2.78469 
E 209 207 :0.999951 0.00331744 0.00932271 -0.00360236 0.999522 0.0307128 -0.00921637 -0.0307449 0.999485 ,0.0210712 -0.0143916 -0.320434 
E 209 206 :0.999125 0.00379341 0.041644 -0.004728 0.999739 0.0223668 -0.0415483 -0.0225441 0.998882 ,0.0296598 0.0058494 -0.44198 
E 209 205 :0.998123 -0.0168212 0.0588901 0.0169887 0.999853 -0.00234419 -0.0588421 0.00334026 0.998262 ,0.0260514 0.0129827 -0.634232 
E 209 204 :0.998881 0.00773082 0.0466588 -0.00811077 0.999935 0.00795939 -0.0465942 -0.00832892 0.998879 ,0.0208995 0.00272751 -0.763148 
E 209 203 :0.999687 0.0203524 0.0145739 -0.0206383 0.999592 0.0197452 -0.0141661 -0.0200398 0.999699 ,0.0129998 -0.0113772 -0.888278 
E 209 201 :0.999042 0.0120996 -0.0420562 -0.0117242 0.999889 0.00916185 0.0421624 -0.00866 0.999073 ,0.00291521 0.0128978 -1.12032 
E 209 199 :0.997634 0.01584 -0.0668965 -0.0157315 0.999874 0.00214836 0.0669221 -0.0010909 0.997758 ,0.0280609 0.0178865 -1.42079 
E 209 198 :0.998416 0.00439658 -0.0560874 -0.000155323 0.997153 0.0754 0.0562592 -0.0752718 0.995575 ,0.0473316 0.0130012 -1.59797 
E 209 195 :0.996492 -0.0377035 -0.074714 0.0339083 0.998101 -0.0514303 0.0765112 0.0487165 0.995878 ,0.0353196 -0.0163532 -2.29871 
E 209 196 :0.999636 -0.00372607 -0.0267289 0.00420887 0.999829 0.0180294 0.0266572 -0.0181353 0.99948 ,0.0560263 0.000541479 -2.06366 
E 209 192 :0.99326 -0.0389398 -0.109168 0.0447438 0.997684 0.0512295 0.10692 -0.0557688 0.992702 ,0.0624011 0.0312391 -2.98455 
E 195 192 :0.999474 -0.0092404 -0.0310945 0.0124182 0.994541 0.103609 0.0299674 -0.103941 0.994132 ,-0.0238748 0.0130687 -0.687492 
E 195 191 :0.999827 0.00317224 0.0183244 -0.00523371 0.993516 0.113572 -0.0178453 -0.113648 0.993361 ,-0.0358809 0.0423254 -0.864251 
E 195 190 :0.998876 0.0318962 -0.0350636 -0.0287772 0.995869 0.0861163 0.0376656 -0.0850104 0.995668 ,-0.0953077 -0.00351283 -1.23302 
E 195 189 :0.997404 0.0316194 -0.0646976 -0.0253214 0.995064 0.0959486 0.0674121 -0.0940612 0.993281 ,-0.121166 0.0105906 -1.45848 
E 195 188 :0.997889 0.0287077 -0.0582612 -0.0248933 0.997563 0.0651726 0.0599902 -0.0635847 0.996172 ,-0.120552 0.00349022 -1.62987 
E 195 186 :0.99847 0.0118425 0.0540197 -0.0138874 0.999195 0.0376374 -0.0535305 -0.03833 0.99783 ,-0.125028 -0.0245173 -2.06122 
E 195 185 :0.995178 0.00906408 0.0976674 -0.0124706 0.999333 0.0343248 -0.0972912 -0.0353773 0.994627 ,-0.156663 -0.030797 -2.28567 
E 195 184 :0.992336 0.0271097 0.120554 -0.0331683 0.998271 0.0485359 -0.11903 -0.0521626 0.991519 ,-0.262036 -0.0333631 -2.79707 
E 189 188 :0.999972 -0.000912889 0.00739375 0.00113942 0.999528 -0.0306924 -0.00736224 0.0307 0.999502 ,-0.0107609 0.00907489 -0.170956 
E 189 186 :0.992621 -0.0160731 0.120192 0.0227872 0.998243 -0.0546974 -0.119102 0.0570326 0.991243 ,-0.0435941 0.0216376 -0.601807 
E 189 185 :0.986351 -0.0186488 0.163595 0.0282092 0.998015 -0.0563123 -0.16222 0.0601586 0.984919 ,-0.0901189 0.0355005 -0.823304 
E 189 184 :0.982576 -0.00175463 0.185853 0.00956862 0.999107 -0.0411553 -0.185615 0.0422166 0.981715 ,-0.229629 0.0777187 -1.3247 
E 189 183 :0.857389 0.000973473 0.514669 -0.00343976 0.999987 0.00383888 -0.514658 -0.00506175 0.857381 ,-0.352227 0.119212 -1.78227 
E 189 182 :0.693903 -0.0423966 0.71882 0.0117581 0.998799 0.0475596 -0.719973 -0.0245498 0.693568 ,-0.555313 0.120176 -2.0492 
E 189 181 :0.527555 -0.0736247 0.846325 0.0338104 0.997268 0.0656801 -0.848848 -0.00603532 0.528603 ,-0.76425 0.189582 -2.23991 
E 189 180 :0.395934 -0.130152 0.909009 0.0739306 0.991209 0.10972 -0.915298 0.0237619 0.402075 ,-0.920403 0.203769 -2.35275 
E 189 179 :0.257087 -0.0911592 0.962079 0.064322 0.994947 0.0770855 -0.964245 0.0420651 0.261652 ,-1.03015 0.210216 -2.41183 
E 191 190 :0.998182 0.0281956 -0.0532763 -0.0297026 0.999175 -0.0277088 0.052451 0.0292409 0.998195 ,-0.0525959 -0.00381976 -0.372615 
E 191 189 :0.996161 0.0280846 -0.0829139 -0.0296544 0.999402 -0.0177631 0.0823655 0.0201536 0.996398 ,-0.0745004 0.0357332 -0.59545 
E 191 188 :0.996776 0.0246165 -0.0763692 -0.0283841 0.998413 -0.0486475 0.0750505 0.0506584 0.995892 ,-0.0707905 0.0481585 -0.766493 
E 191 186 :0.999325 0.00729501 0.0360069 -0.00454636 0.99711 -0.0758365 -0.036456 0.0756216 0.99647 ,-0.0674212 0.0693405 -1.19824 
E 191 185 :0.996807 0.00446361 0.0797215 0.00182415 0.996903 -0.0786251 -0.0798255 0.0785195 0.993712 ,-0.0950129 0.0885093 -1.4225 
E 191 184 :0.994463 0.0228112 0.102586 -0.0162777 0.997812 -0.0640804 -0.103823 0.0620557 0.992658 ,-0.191229 0.143746 -1.93273 
E 191 183 :0.896673 0.0294736 0.441712 -0.0197212 0.99945 -0.0266553 -0.442255 0.01519 0.896761 ,-0.274252 0.196978 -2.39791 
E 191 182 :0.751265 -0.0121475 0.659889 0.00396268 0.999896 0.0138951 -0.659989 -0.00782396 0.751234 ,-0.454399 0.208705 -2.68059 
E 191 181 :0.59686 -0.0448338 0.801091 0.033224 0.998962 0.031154 -0.801657 0.00802086 0.597731 ,-0.644773 0.287653 -2.88642 
E 191 180 :0.472381 -0.103785 0.875263 0.0784038 0.994054 0.0755558 -0.8779 0.0329327 0.477709 ,-0.790571 0.308467 -3.01143 
E 191 179 :0.337856 -0.0663544 0.938856 0.0737877 0.996309 0.0438617 -0.938301 0.0544571 0.341505 ,-0.894813 0.319213 -3.07921 
E 192 191 :0.998701 0.0121025 0.0494935 -0.0125891 0.999875 0.00953151 -0.049372 -0.0101422 0.998729 ,-0.0169334 0.0475804 -0.172317 
E 192 190 :0.999122 0.0416987 -0.00413821 -0.0417651 0.998974 -0.0175204 0.00340339 0.0176778 0.999838 ,-0.0879492 0.0408716 -0.541823 
E 192 189 :0.998585 0.0411408 -0.0337059 -0.0414064 0.999116 -0.00721988 0.0333791 0.0086053 0.999406 ,-0.120375 0.0785714 -0.763694 
E 192 188 :0.998852 0.039175 -0.0275686 -0.0402137 0.998461 -0.0381877 0.0260301 0.0392525 0.99889 ,-0.124986 0.0893182 -0.93483 
E 192 186 :0.996168 0.0230958 0.0843611 -0.0174739 0.997615 -0.0667825 -0.0857022 0.0650524 0.994195 ,-0.142733 0.10634 -1.36641 
E 192 185 :0.991584 0.020409 0.127849 -0.0114858 0.997471 -0.0701474 -0.128957 0.0680886 0.98931 ,-0.181156 0.123716 -1.58921 
E 192 184 :0.987835 0.037929 0.150807 -0.0297847 0.997992 -0.0559023 -0.152625 0.0507306 0.986981 ,-0.301832 0.175294 -2.09461 
E 192 182 :0.717672 -0.000417739 0.696382 -0.0117862 0.999849 0.0127463 -0.696282 -0.0173554 0.717558 ,-0.600888 0.236429 -2.82918 
E 192 183 :0.873381 0.042283 0.485199 -0.0352223 0.999099 -0.0236653 -0.485763 0.00357894 0.874083 ,-0.407127 0.22513 -2.55564 
E 192 181 :0.55681 -0.0322887 0.830012 0.0180649 0.999479 0.0267624 -0.830443 9.25262e-05 0.557103 ,-0.800246 0.315802 -3.02615 
E 192 180 :0.429266 -0.0899894 0.898684 0.0640794 0.995551 0.069081 -0.900902 0.027933 0.433122 ,-0.951791 0.337258 -3.14402 
E 198 196 :0.999552 -0.00489575 0.0295405 0.00658533 0.998331 -0.0573721 -0.0292104 0.0575409 0.997916 ,-0.0175161 0.0226668 -0.46505 
E 198 195 :0.999213 -0.0350581 -0.0185604 0.0324338 0.991427 -0.126574 0.0228387 0.125872 0.991784 ,-0.051411 0.0234217 -0.69917 
E 198 192 :0.997695 -0.0421706 -0.0531539 0.0409353 0.998871 -0.0241188 0.054111 0.0218874 0.998295 ,-0.0629651 0.122623 -1.37991 
E 198 191 :0.999555 -0.0295517 -0.00410884 0.0294981 0.999486 -0.0125414 0.00447735 0.0124146 0.999913 ,-0.0727066 0.173612 -1.55181 
E 198 190 :0.9984 -0.00146439 -0.0565351 -0.000900648 0.999126 -0.0417849 0.0565469 0.0417689 0.997526 ,-0.123635 0.172916 -1.92468 
E 198 189 :0.996255 -0.00154477 -0.0864461 -0.00128732 0.999465 -0.032696 0.0864503 0.0326848 0.99572 ,-0.145783 0.214597 -2.1471 
E 198 188 :0.996862 -0.00510741 -0.0789896 9.22463e-05 0.99799 -0.0633652 0.0791545 0.0631591 0.99486 ,-0.141739 0.229271 -2.31796 
E 198 185 :0.996637 -0.0253211 0.0779265 0.0322283 0.995537 -0.0886956 -0.0753329 0.0909088 0.993006 ,-0.164448 0.277113 -2.97351 
E 198 186 :0.999164 -0.0224852 0.0341376 0.0253914 0.995864 -0.0872325 -0.032035 0.0880264 0.995603 ,-0.137224 0.255956 -2.74939 
E 198 184 :0.994927 -0.00694091 0.100355 0.0143675 0.997194 -0.0734707 -0.0995634 0.0745399 0.992235 ,-0.260157 0.335882 -3.48344 
E 196 195 :0.998311 -0.0321903 -0.048356 0.0288019 0.997187 -0.0692037 0.0504476 0.0676941 0.99643 ,-0.027036 -0.0125519 -0.234677 
E 196 192 :0.995937 -0.0362132 -0.0824495 0.0390962 0.99867 0.0336245 0.0811221 -0.0367113 0.996028 ,-0.0180468 0.0473694 -0.920034 
E 196 191 :0.99917 -0.0233191 -0.0333974 0.0248129 0.998677 0.0450356 0.032303 -0.0458269 0.998427 ,-0.022427 0.0884303 -1.09479 
E 196 190 :0.996294 0.00389576 -0.085923 -0.00253329 0.999869 0.0159602 0.085974 -0.0156834 0.996174 ,-0.0624458 0.0665296 -1.46834 
E 196 189 :0.993275 0.00408299 -0.115708 -0.00118815 0.999685 0.0250765 0.115774 -0.0247704 0.992967 ,-0.0778123 0.0954512 -1.69334 
E 196 188 :0.994104 -0.000377917 -0.108432 -0.00023367 0.999984 -0.00562754 0.108432 0.0056197 0.994088 ,-0.0686829 0.100249 -1.86457 
E 196 185 :0.998603 -0.0214093 0.0483014 0.0229605 0.999231 -0.0317906 -0.0475836 0.0328552 0.998327 ,-0.0719173 0.110402 -2.52217 
E 196 186 :0.999819 -0.0184883 0.00446589 0.018614 0.999378 -0.0299661 -0.00390909 0.0300438 0.999541 ,-0.051391 0.102043 -2.2965 
E 196 184 :0.997484 -0.00254828 0.0708426 0.0037436 0.999853 -0.0167452 -0.0707895 0.0169683 0.997347 ,-0.152301 0.140199 -3.03724 
E 210 209 :0.999741 0.00651748 -0.0217824 -0.0065458 0.999978 -0.00122934 0.0217739 0.0013716 0.999762 ,0.00849734 0.00572719 -0.190571 
E 210 207 :0.99987 0.0105006 -0.0122507 -0.0101364 0.999516 0.0294224 0.0125537 -0.0292944 0.999492 ,0.0364491 -0.00840806 -0.51049 
E 210 206 :0.999741 0.0107993 0.020021 -0.0112169 0.999719 0.0208657 -0.01979 -0.0210849 0.999582 ,0.047815 0.0119257 -0.631792 
E 210 205 :0.999257 -0.0103731 0.0371151 0.0105272 0.999937 -0.00395682 -0.0370717 0.0043446 0.999303 ,0.0484417 0.0193188 -0.824067 
E 210 204 :0.999585 0.0144273 0.0249406 -0.0145918 0.999873 0.00642583 -0.0248447 -0.00678709 0.999668 ,0.0460324 0.009256 -0.953078 
E 210 203 :0.999602 0.0272985 -0.00707699 -0.0271642 0.999461 0.0184204 0.00757603 -0.0182209 0.999805 ,0.0407685 -0.00464289 -1.07837 
E 210 201 :0.997789 0.0188019 -0.0637478 -0.0183153 0.999799 0.00820875 0.0638893 -0.00702304 0.997932 ,0.0358992 0.0199829 -1.31055 
E 210 199 :0.995816 0.0223763 -0.0885988 -0.0223437 0.999749 0.00135963 0.088607 0.00062569 0.996066 ,0.0676157 0.0251762 -1.61039 
E 210 198 :0.996932 0.012534 -0.0772675 -0.00675992 0.997195 0.0745415 0.077985 -0.0737905 0.99422 ,0.0907092 0.0203828 -1.78712 
E 210 195 :0.994789 -0.0322499 -0.0967225 0.0272907 0.998266 -0.0521644 0.0982371 0.0492529 0.993943 ,0.0937726 -0.00803094 -2.48798 
E 199 198 :0.999822 -0.0163379 0.00948516 0.0155982 0.997179 0.073416 -0.0106579 -0.0732549 0.997256 ,0.00744431 -0.00438607 -0.178089 
E 199 196 :0.998989 -0.0206597 0.039938 0.0200135 0.999663 0.0165134 -0.0402657 -0.0156974 0.999066 ,-0.0148501 -0.0161985 -0.643336 
E 199 195 :0.998721 -0.0500557 -0.00708193 0.049605 0.997325 -0.0536937 0.00975067 0.0532738 0.998532 ,-0.0509719 -0.0331626 -0.876508 
E 199 192 :0.997362 -0.0582749 -0.0432814 0.0603548 0.997002 0.0484109 0.0403305 -0.0508954 0.997889 ,-0.0706016 0.0156008 -1.56253 
E 199 191 :0.998937 -0.0457581 0.00558112 0.0453349 0.997117 0.0608395 -0.00834894 -0.0605218 0.998132 ,-0.0828049 0.0536745 -1.73759 
E 199 190 :0.998772 -0.0173915 -0.0463807 0.0188266 0.999352 0.0306854 0.0458169 -0.031521 0.998452 ,-0.13725 0.0248116 -2.10883 
E 199 189 :0.996919 -0.0175636 -0.076452 0.020603 0.999021 0.0391496 0.0756895 -0.0406041 0.996304 ,-0.162184 0.0497004 -2.33346 
E 199 188 :0.997434 -0.0208125 -0.0685038 0.0214525 0.999733 0.00862004 0.0683061 -0.0100675 0.997614 ,-0.160002 0.0518518 -2.50497 
E 199 185 :0.995219 -0.0407193 0.0887805 0.0421525 0.999008 -0.0143275 -0.0881091 0.0180013 0.995948 ,-0.189706 0.0510774 -3.16199 
E 199 186 :0.998267 -0.0379166 0.0450001 0.0385531 0.999167 -0.0133608 -0.0444561 0.0150726 0.998898 ,-0.160015 0.0468581 -2.93723 
E 199 184 :0.993571 -0.0225247 0.110949 0.0225365 0.999745 0.00114781 -0.110947 0.00135997 0.993825 ,-0.291195 0.0707504 -3.67381 
E 212 211 :0.999483 0.0122133 -0.0297395 -0.0114992 0.999644 0.0240647 0.0300228 -0.0237103 0.999268 ,-0.0070786 -0.0273659 -0.193561 
E 212 210 :0.997005 -0.00358703 -0.0772571 0.00691191 0.999059 0.0428123 0.0770309 -0.0432181 0.996092 ,-0.0055019 -0.00242113 -0.498913 
E 212 209 :0.995088 0.00280504 -0.0989515 0.00130268 0.999141 0.0414234 0.0989827 -0.0413489 0.99423 ,0.0176724 -0.00479938 -0.688332 
E 212 207 :0.995941 0.0091471 -0.0895374 -0.00267842 0.997394 0.0721006 0.0899636 -0.0715682 0.99337 ,0.0703072 -0.0324246 -1.00424 
E 212 206 :0.998316 0.00880986 -0.0573387 -0.00514347 0.997951 0.0637789 0.057783 -0.0633766 0.996315 ,0.0909375 -0.0172247 -1.12507 
E 212 205 :0.99909 -0.0142645 -0.0401852 0.0158369 0.99911 0.0390859 0.0395919 -0.0396868 0.998427 ,0.106391 -0.0180659 -1.31686 
E 212 204 :0.998563 0.0113219 -0.0523887 -0.00873267 0.998741 0.0493903 0.0528819 -0.0488618 0.997405 ,0.113992 -0.0336592 -1.44512 
E 212 203 :0.99612 0.0250393 -0.084364 -0.0199051 0.99793 0.0611582 0.0857207 -0.0592416 0.994556 ,0.118473 -0.0529454 -1.56973 
E 212 201 :0.98993 0.0157018 -0.140684 -0.00866617 0.998687 0.0504842 0.141292 -0.0487567 0.988767 ,0.131467 -0.0383165 -1.80244 
E 212 199 :0.986068 0.0186748 -0.165292 -0.0116462 0.99899 0.0433899 0.165935 -0.0408604 0.98529 ,0.186235 -0.0457456 -2.09888 
E 212 198 :0.987945 0.0146203 -0.154114 0.00347587 0.993184 0.116502 0.154767 -0.115633 0.981161 ,0.22293 -0.0579412 -2.27294 
E 201 199 :0.999684 0.00405611 -0.0247898 -0.00423831 0.999964 -0.00730188 0.0247593 0.00740464 0.999666 ,0.0123948 0.00789435 -0.301197 
E 201 198 :0.999834 -0.0104721 -0.0149419 0.0114379 0.997748 0.0660913 0.0142161 -0.0662512 0.997702 ,0.0242338 0.00477727 -0.479074 
E 201 195 :0.998366 -0.0473153 -0.0320509 0.0452991 0.997112 -0.060953 0.0348424 0.0594015 0.997626 ,-0.016967 -0.0186509 -1.17892 
E 201 196 :0.999753 -0.0162093 0.0152257 0.0160728 0.99983 0.00904849 -0.0153698 -0.00880153 0.999843 ,0.0134319 -0.00354309 -0.944806 
E 201 192 :0.996292 -0.0529509 -0.0678089 0.055831 0.997585 0.0413061 0.0654579 -0.0449388 0.996843 ,-0.0193865 0.0352032 -1.86484 
E 201 191 :0.999013 -0.040199 -0.0189174 0.0411604 0.997718 0.0535254 0.0167225 -0.0542512 0.998387 ,-0.0270919 0.0746056 -2.03986 
E 201 190 :0.997398 -0.0125512 -0.070993 0.0142583 0.99962 0.0235903 0.07067 -0.0245412 0.997198 ,-0.0724333 0.0486853 -2.41254 
E 201 189 :0.994811 -0.0124994 -0.100967 0.0158243 0.999356 0.0321973 0.1005 -0.033628 0.994369 ,-0.0916908 0.075319 -2.63753 
E 201 188 :0.995513 -0.0165013 -0.0931779 0.0167255 0.999859 0.00162562 0.0931379 -0.00317677 0.995648 ,-0.0852483 0.0787135 -2.80891 
E 201 185 :0.99726 -0.0371006 0.064005 0.0385763 0.999014 -0.0219755 -0.0631266 0.0243844 0.997708 ,-0.0986591 0.0828624 -3.46645 
E 204 203 :0.999395 0.0131559 -0.0321827 -0.0127906 0.999852 0.0115302 0.0323296 -0.0111116 0.999415 ,-0.0019461 -0.0131227 -0.125471 
E 204 201 :0.996055 0.0043797 -0.0886344 -0.00435118 0.99999 0.000514933 0.0886358 -0.000127237 0.996064 ,-0.00140426 0.0130055 -0.357535 
E 204 199 :0.993527 0.00776334 -0.113329 -0.00857533 0.999941 -0.00667919 0.11327 0.00760778 0.993535 ,0.0376727 0.0206908 -0.656449 
E 204 198 :0.994679 -0.000188793 -0.103024 0.00709468 0.99775 0.0666694 0.10278 -0.0670456 0.992442 ,0.0652173 0.0174306 -0.832576 
E 204 196 :0.997241 -0.0109863 -0.0734152 0.0117146 0.999886 0.009497 0.0733026 -0.0103308 0.997256 ,0.0957015 0.00891751 -1.29743 
E 204 195 :0.991537 -0.0480266 -0.120615 0.0409726 0.997339 -0.0602992 0.12319 0.054847 0.990866 ,0.0861069 -0.00617844 -1.53332 
E 204 192 :0.986804 -0.0443898 -0.155715 0.0515291 0.997783 0.0421141 0.1535 -0.0495822 0.986904 ,0.144729 0.0473325 -2.21675 
E 204 191 :0.993769 -0.0308621 -0.1071 0.0368218 0.997855 0.0541213 0.1052 -0.0577277 0.992774 ,0.152739 0.0866779 -2.39177 
E 204 190 :0.987261 -0.00594843 -0.158996 0.00995466 0.999652 0.0244125 0.158795 -0.0256843 0.986977 ,0.140496 0.0607632 -2.76701 
E 204 189 :0.982048 -0.00509257 -0.188563 0.0115473 0.999384 0.0331484 0.188278 -0.0347307 0.981501 ,0.141373 0.0873646 -2.99282 
E 204 188 :0.983403 -0.0117756 -0.181052 0.0124416 0.999919 0.00254373 0.181007 -0.00475409 0.98347 ,0.162995 0.0906428 -3.16295 
E 216 215 :0.998851 -0.0137949 -0.0459032 0.0130408 0.999776 -0.0166861 0.0461231 0.0160684 0.998807 ,-0.00310393 0.0276689 -0.191218 
E 216 214 :0.99643 -0.00514852 -0.0842705 0.00438382 0.999948 -0.0092569 0.0843138 0.00885442 0.9964 ,0.00288897 0.0172823 -0.39171 
E 216 213 :0.997114 -0.0301616 -0.0696688 0.0284814 0.999282 -0.0249866 0.0703724 0.0229303 0.997257 ,0.0166869 0.0197237 -0.688816 
E 216 212 :0.998133 -0.0196837 -0.0578175 0.0164375 0.99829 -0.0560937 0.0588227 0.0550386 0.99675 ,0.0243819 0.0281531 -0.936918 
E 216 211 :0.996108 -0.00611533 -0.0879328 0.00326538 0.999466 -0.032518 0.0880847 0.0321043 0.995596 ,0.0290464 0.0115753 -1.13177 
E 216 210 :0.990554 -0.0207468 -0.135547 0.0189675 0.999716 -0.0144053 0.135808 0.0116982 0.990666 ,0.0477839 0.0536316 -1.43467 
E 216 209 :0.987482 -0.0144763 -0.157066 0.0121049 0.999798 -0.016044 0.157267 0.0139419 0.987458 ,0.0819134 0.0622636 -1.62224 
E 216 207 :0.988933 -0.0063645 -0.148224 0.00865059 0.999853 0.0147837 0.148108 -0.0159023 0.988843 ,0.153258 0.053271 -1.93554 
E 206 205 :0.999614 -0.0216726 0.0173736 0.0220971 0.999453 -0.0246251 -0.0168304 0.0249995 0.999546 ,0.00434882 0.0114519 -0.192028 
E 206 204 :0.999982 0.00334242 0.00507858 -0.00326906 0.999891 -0.0143846 -0.0051261 0.0143677 0.999884 ,0.0046061 0.00408614 -0.321243 
E 206 203 :0.999498 0.0164412 -0.027068 -0.0165214 0.99986 -0.00274197 0.0270191 0.00318779 0.99963 ,0.00197896 -0.00722391 -0.446879 
E 206 201 :0.996472 0.00772135 -0.0835725 -0.00888186 0.999869 -0.0135233 0.0834571 0.0142179 0.99641 ,0.00142957 0.0222378 -0.678542 
E 206 199 :0.994055 0.0111441 -0.108303 -0.0134516 0.999697 -0.0205995 0.108041 0.0219339 0.993904 ,0.0390134 0.0340942 -0.977512 
E 206 198 :0.995206 0.00280561 -0.0977592 0.0023638 0.998606 0.0527231 0.0977709 -0.0527015 0.993813 ,0.0656522 0.0332779 -1.15381 
E 206 195 :0.992281 -0.0444137 -0.115783 0.0359547 0.996599 -0.0741515 0.118682 0.0694162 0.990503 ,0.0829037 0.019683 -1.85491 
E 206 196 :0.997634 -0.00769651 -0.0683175 0.00739884 0.999962 -0.00460912 0.0683504 0.00409274 0.997653 ,0.0937466 0.0313528 -1.61889 
E 206 192 :0.987738 -0.0413057 -0.150559 0.0460896 0.998533 0.0284224 0.149164 -0.0350131 0.988192 ,0.138232 0.0828274 -2.5378 
E 206 191 :0.994408 -0.0278195 -0.101875 0.0320558 0.998678 0.0401849 0.100622 -0.0432259 0.993985 ,0.145485 0.12466 -2.71228 
E 206 190 :0.988083 -0.00273751 -0.153899 0.00444196 0.999933 0.0107324 0.153859 -0.0112881 0.988028 ,0.13125 0.104186 -3.08778 
E 205 204 :0.99961 0.025194 -0.0120697 -0.0250676 0.999631 0.0105099 0.01233 -0.0102032 0.999872 ,0.00226918 -0.0105976 -0.128971 
E 205 203 :0.998293 0.0384752 -0.0439423 -0.0374986 0.999036 0.0228364 0.0447786 -0.0211497 0.998773 ,0.00150762 -0.0249854 -0.254316 
E 205 201 :0.994486 0.0295733 -0.100609 -0.0283868 0.99951 0.0132051 0.10095 -0.0102763 0.994838 ,0.00550847 -0.00131936 -0.48661 
E 205 199 :0.991556 0.032861 -0.125445 -0.0322871 0.999457 0.0066061 0.125593 -0.00250008 0.992079 ,0.0483716 0.00224192 -0.785082 
E 205 198 :0.993229 0.0257578 -0.113283 -0.016762 0.996681 0.0796578 0.114959 -0.0772196 0.990364 ,0.0779491 -0.00355858 -0.960814 
E 205 195 :0.990695 -0.0235429 -0.134047 0.0173967 0.998751 -0.0468395 0.134982 0.0440717 0.989867 ,0.106693 -0.0350473 -1.66097 
E 205 196 :0.996262 0.0143338 -0.0851839 -0.0125178 0.999684 0.0218149 0.0854697 -0.020667 0.996126 ,0.113818 -0.0177183 -1.42515 
E 205 192 :0.985865 -0.0186358 -0.166505 0.0283865 0.998006 0.0563742 0.165122 -0.0603038 0.984428 ,0.174889 0.00979158 -2.34414 
E 205 191 :0.993039 -0.00501336 -0.117677 0.0130023 0.997653 0.06722 0.117064 -0.0682821 0.990774 ,0.186 0.0470822 -2.51944 
E 205 190 :0.98521 0.0195491 -0.170231 -0.0131284 0.999162 0.0387621 0.170846 -0.035954 0.984641 ,0.177638 0.0175403 -2.89451 
E 205 189 :0.979683 0.0205071 -0.199501 -0.0110958 0.998777 0.0481784 0.200245 -0.0449859 0.978713 ,0.18191 0.0417367 -3.12056 
E 207 206 :0.999476 0.000399581 0.0323554 -0.000133798 0.999966 -0.00821623 -0.0323575 0.0082076 0.999443 ,0.00963548 0.0239967 -0.120782 
E 207 205 :0.998555 -0.020453 0.0496954 0.0221009 0.999216 -0.0328391 -0.0489848 0.03389 0.998224 ,0.00777346 0.0370254 -0.312749 
E 207 204 :0.999291 0.00420508 0.0374218 -0.00336063 0.999739 -0.0226 -0.037507 0.0224582 0.999044 ,0.00384686 0.0307215 -0.441961 
E 207 203 :0.999843 0.0169352 0.0052885 -0.0168765 0.999798 -0.0109514 -0.00547289 0.0108605 0.999926 ,-0.0028484 0.0204444 -0.567534 
E 207 201 :0.998647 0.00857686 -0.0512949 -0.00970059 0.999717 -0.0216984 0.0510943 0.0221666 0.998448 ,-0.0108813 0.0518086 -0.798809 
E 207 199 :0.997025 0.0122474 -0.0760967 -0.0144719 0.999482 -0.0287505 0.0757051 0.0297662 0.996686 ,0.0170143 0.066116 -1.09873 
E 207 198 :0.997849 0.00149799 -0.0655318 0.00142726 0.999005 0.044569 0.0655334 -0.0445667 0.996855 ,0.0379347 0.0667446 -1.2758 
E 207 195 :0.995616 -0.0417462 -0.0837035 0.0348456 0.996001 -0.0822717 0.0868032 0.0789943 0.993089 ,0.0324873 0.0589083 -1.97718 
E 207 196 :0.999326 -0.00716049 -0.0360042 0.00670352 0.999896 -0.0127968 0.036092 0.0125468 0.99927 ,0.0509658 0.068637 -1.74154 
E 207 192 :0.992065 -0.042018 -0.118496 0.0447303 0.998792 0.0203224 0.117499 -0.0254614 0.992747 ,0.065717 0.127654 -2.66096 
E 207 191 :0.997156 -0.0288045 -0.0696449 0.0310949 0.999003 0.0320304 0.0686529 -0.0341049 0.997057 ,0.0673376 0.170918 -2.83523 
E 207 190 :0.992545 -0.00270175 -0.121846 0.00304546 0.999992 0.00263475 0.121838 -0.00298618 0.992546 ,0.0409521 0.153531 -3.21023 
E 222 221 :0.999504 -0.00611635 0.0308937 0.00543742 0.999743 0.0220127 -0.0310204 -0.0218338 0.99928 ,0.00858166 -0.0234934 -0.191159 
E 222 220 :0.998671 -0.0198409 0.0475698 0.0187493 0.999553 0.0232846 -0.0480105 -0.0223618 0.998596 ,0.0109025 -0.0284856 -0.312473 
E 222 219 :0.99658 -0.0217799 0.0797081 0.0215191 0.99976 0.00413043 -0.079779 -0.00240106 0.99681 ,0.0125198 -0.0200909 -0.42949 
E 222 217 :0.995721 -0.0487679 0.0784891 0.0463173 0.99839 0.0327469 -0.0799598 -0.0289714 0.996377 ,-0.0318289 -0.0349425 -0.882005 
E 222 216 :0.999622 -0.0224571 0.015843 0.0218089 0.998963 0.0399674 -0.0167241 -0.0396068 0.999075 ,-0.0602165 -0.0215146 -1.13357 
E 222 215 :0.998911 -0.0359871 -0.0296871 0.0366545 0.99908 0.0222498 0.0288591 -0.0233137 0.999312 ,-0.0669701 -0.00158453 -1.32565 
E 222 214 :0.997291 -0.0274622 -0.0682449 0.0294801 0.999152 0.0287384 0.0673978 -0.0306724 0.997255 ,-0.0639226 -0.0198429 -1.52565 
E 222 213 :0.997213 -0.0522279 -0.0532818 0.0530104 0.998504 0.0133777 0.0525034 -0.0161649 0.99849 ,-0.0548918 -0.0289776 -1.82281 
E 222 212 :0.998319 -0.041223 -0.0407444 0.0405396 0.999025 -0.017459 0.0414244 0.0157778 0.999017 ,-0.0513196 -0.0303051 -2.07114 
E 217 216 :0.997693 0.0270751 -0.0622594 -0.0264912 0.999597 0.0101859 0.0625102 -0.00851305 0.998008 ,-0.00752916 0.0220789 -0.252441 
E 217 215 :0.994027 0.0123056 -0.108434 -0.0129554 0.999902 -0.00528967 0.108359 0.00666288 0.99409 ,0.00202835 0.0478712 -0.443708 
E 217 214 :0.989 0.0213858 -0.146362 -0.0211557 0.999771 0.00312847 0.146395 2.33767e-06 0.989226 ,0.0202087 0.0352877 -0.643337 
E 217 213 :0.991203 -0.00446395 -0.132273 0.00277196 0.999912 -0.012973 0.13232 0.0124922 0.991128 ,0.0525385 0.0343364 -0.93901 
E 217 212 :0.992613 0.00396388 -0.12126 -0.00941165 0.99897 -0.0443867 0.120959 0.0452001 0.991628 ,0.0758907 0.0400314 -1.18621 
E 217 211 :0.988414 0.0189607 -0.150596 -0.0222268 0.999552 -0.0200344 0.150148 0.0231496 0.988392 ,0.0922271 0.0213519 -1.38024 
E 217 210 :0.980326 0.00564025 -0.197303 -0.00589782 0.999982 -0.00071787 0.197295 0.0018674 0.980342 ,0.130918 0.0598097 -1.68172 
E 217 209 :0.97574 0.0117588 -0.218617 -0.0124576 0.999921 -0.00181855 0.218578 0.00449787 0.975809 ,0.176881 0.0656235 -1.86686 
E 214 213 :0.999612 -0.0237399 0.0145529 0.0239693 0.999588 -0.0157965 -0.0141719 0.0161392 0.999769 ,-0.0112908 -0.000260412 -0.297222 
E 214 212 :0.999601 -0.0105966 0.0261828 0.0118186 0.998826 -0.0469675 -0.0256544 0.0472582 0.998553 ,-0.0245047 0.00593216 -0.545157 
E 214 211 :0.999992 0.000994816 -0.00381897 -0.00108334 0.999729 -0.0232481 0.00379481 0.0232521 0.999722 ,-0.0363584 -0.0123942 -0.739549 
E 214 210 :0.998551 -0.0153038 -0.0515995 0.0150691 0.999874 -0.00493489 0.0516685 0.00415018 0.998656 ,-0.0430417 0.0268815 -1.04332 
E 214 209 :0.997269 -0.0088662 -0.0733192 0.00841274 0.999944 -0.00649114 0.0733727 0.0058566 0.997287 ,-0.0248109 0.0336765 -1.23317 
E 214 207 :0.997928 -0.00329938 -0.0642565 0.00487 0.999693 0.0243017 0.0641566 -0.0245642 0.997637 ,0.0198243 0.021543 -1.55128 
E 214 206 :0.999485 -0.00342791 -0.0319053 0.00394735 0.99986 0.016232 0.0318452 -0.0163496 0.999359 ,0.0371216 0.0426441 -1.67174 
E 214 205 :0.999561 -0.0258851 -0.0144417 0.0257667 0.999633 -0.00832849 0.014652 0.00795272 0.999861 ,0.0475557 0.0509945 -1.8637 
E 214 204 :0.999641 -0.000545247 -0.0267763 0.000595467 0.999998 0.0018676 0.0267752 -0.00188288 0.99964 ,0.0519607 0.0415334 -1.9927 
E 214 203 :0.998178 0.0129035 -0.0589381 -0.0121351 0.999837 0.0133775 0.0591011 -0.012638 0.998172 ,0.0533821 0.0281752 -2.11816 
E 215 214 :0.99923 0.0083059 -0.0383373 -0.00800798 0.999937 0.00791819 0.0384007 -0.00760509 0.999233 ,-0.00339674 -0.0136886 -0.200354 
E 215 213 :0.999585 -0.0160379 -0.023918 0.0158507 0.999842 -0.00799567 0.0240424 0.00761324 0.999682 ,-0.00328632 -0.016212 -0.49778 
E 215 212 :0.999913 -0.00410403 -0.0125093 0.00360995 0.999222 -0.0392674 0.0126607 0.0392189 0.99915 ,-0.0069334 -0.0118772 -0.74608 
E 215 211 :0.999068 0.00840628 -0.0423358 -0.00906114 0.999842 -0.0153001 0.0422005 0.0156694 0.998986 ,-0.0114778 -0.0316467 -0.940638 
E 215 210 :0.995926 -0.00714626 -0.0898866 0.00748086 0.999966 0.00338617 0.0898593 -0.00404481 0.995946 ,-0.00618382 0.00527471 -1.24473 
E 215 209 :0.993759 -0.000778464 -0.11155 0.00100708 0.999998 0.00199312 0.111548 -0.00209302 0.993757 ,0.0193677 0.01042 -1.43379 
E 215 207 :0.994741 0.00594824 -0.102252 -0.00261369 0.999461 0.0327142 0.102391 -0.0322749 0.99422 ,0.076063 -0.004589 -1.74984 
E 215 206 :0.997528 0.00550627 -0.0700587 -0.0038046 0.999695 0.0243996 0.0701717 -0.0240727 0.997244 ,0.0981407 0.0154183 -1.86972 
E 215 205 :0.998444 -0.0178672 -0.0528318 0.0178766 0.99984 -0.000295224 0.0528286 -0.000649686 0.998603 ,0.115995 0.0221648 -2.06118 
E 224 223 :0.999555 0.0250366 0.0162152 -0.0247475 0.999535 -0.0177887 -0.016653 0.0173795 0.99971 ,-0.00673291 0.0234961 -0.168263 
E 224 222 :0.998347 0.00580154 0.057182 -0.00322807 0.998982 -0.0449949 -0.0573848 0.0447359 0.997349 ,-0.00219046 0.0318482 -0.345955 
E 224 221 :0.996109 -0.00155469 0.0881112 0.00360117 0.999727 -0.023072 -0.0880513 0.0232995 0.995843 ,-0.00469015 0.0169522 -0.538151 
E 224 220 :0.994383 -0.0152879 0.104728 0.0176667 0.999606 -0.0218244 -0.104353 0.023552 0.994261 ,-0.00933911 0.0174161 -0.659499 
E 224 219 :0.990496 -0.0160811 0.1366 0.0218698 0.99892 -0.0409824 -0.135793 0.0435803 0.989778 ,-0.014367 0.0310622 -0.775924 
E 224 217 :0.989772 -0.0445517 0.135524 0.0466536 0.998835 -0.0123717 -0.134815 0.0185678 0.990697 ,-0.0846043 0.0367297 -1.22536 
E 224 216 :0.99714 -0.0188893 0.0731778 0.0193123 0.999801 -0.00507766 -0.0730673 0.00647637 0.997306 ,-0.127252 0.0615547 -1.47403 
E 224 215 :0.999123 -0.0314646 0.0276337 0.0320941 0.999228 -0.0226409 -0.0269 0.0235079 0.999362 ,-0.144863 0.0901291 -1.66432 
E 224 214 :0.999667 -0.0233741 -0.0109403 0.0231982 0.999604 -0.0159419 0.0113086 0.0156828 0.999813 ,-0.153362 0.0808782 -1.86478 
E 224 213 :0.998874 -0.0472731 0.00397951 0.0473749 0.998384 -0.0313908 -0.00248914 0.031544 0.999499 ,-0.161391 0.0850943 -2.16208 
E 223 222 :0.998938 -0.0196683 0.0416612 0.0207713 0.999441 -0.0262089 -0.0411224 0.0270464 0.998788 ,0.00729284 0.00537367 -0.177716 
E 223 221 :0.997043 -0.0266827 0.0720591 0.0270084 0.999629 -0.00354794 -0.0719377 0.00548365 0.997394 ,0.00836355 -0.0129183 -0.369632 
E 223 220 :0.995241 -0.040411 0.088664 0.0407408 0.999168 -0.00191238 -0.088513 0.00551552 0.99606 ,0.005726 -0.0146799 -0.491029 
E 223 219 :0.991775 -0.0415204 0.121071 0.0442982 0.998811 -0.0203415 -0.120082 0.0255374 0.992435 ,0.00230143 -0.00318947 -0.607743 
E 223 217 :0.990422 -0.0695597 0.119272 0.0690694 0.997578 0.00824497 -0.119557 7.20391e-05 0.992827 ,-0.0605604 -0.00709409 -1.05829 
E 223 216 :0.997435 -0.0437313 0.0566627 0.0429984 0.998976 0.0140895 -0.0572208 -0.011617 0.998294 ,-0.0996624 0.0123299 -1.30802 
E 223 215 :0.998332 -0.0565704 0.0115393 0.0566263 0.998385 -0.0045701 -0.0112622 0.00521591 0.999923 ,-0.114803 0.0371429 -1.49905 
E 223 213 :0.997299 -0.0724848 -0.0118901 0.072318 0.997285 -0.0139058 0.0128658 0.0130084 0.999833 ,-0.122911 0.0230458 -1.99684 
E 223 214 :0.99846 -0.0483626 -0.0271908 0.0484121 0.998827 0.0011679 0.0271025 -0.00248247 0.99963 ,-0.119732 0.0241997 -1.69942 
E 230 229 :0.999747 0.0132858 -0.0181583 -0.0128198 0.999592 0.0255427 0.0184902 -0.0253034 0.999509 ,-0.00983839 -0.00905509 -0.19001 
E 230 228 :0.999565 0.00578823 -0.0289358 -0.00416944 0.998439 0.0556947 0.029213 -0.0555498 0.998028 ,-0.0217832 -0.0303438 -0.375387 
E 230 227 :0.999892 -0.0143283 0.00319316 0.0142161 0.999362 0.032758 -0.00366049 -0.0327091 0.999458 ,-0.0327715 -0.019244 -0.544681 
E 230 226 :0.999445 -0.023546 0.0235641 0.0230203 0.999485 0.0223371 -0.0240779 -0.0217822 0.999473 ,-0.0462029 -0.0170417 -0.661729 
E 230 225 :0.996507 -0.031417 0.0773692 0.0272428 0.998146 0.0544277 -0.0789357 -0.0521298 0.995516 ,-0.068977 -0.043549 -0.841182 
E 230 224 :0.994327 -0.0520284 0.092773 0.0442994 0.995522 0.0835075 -0.0967023 -0.078924 0.992179 ,-0.0952763 -0.0727369 -1.01795 
E 230 223 :0.993627 -0.0254973 0.109795 0.0182524 0.99762 0.0664926 -0.111229 -0.0640648 0.991728 ,-0.118804 -0.0636955 -1.1861 
E 230 222 :0.987527 -0.0420565 0.151726 0.0362205 0.998501 0.0410259 -0.153224 -0.0350187 0.987571 ,-0.131207 -0.0700182 -1.3635 
E 230 221 :0.982102 -0.0513985 0.181199 0.0403592 0.997127 0.0640951 -0.183973 -0.0556349 0.981356 ,-0.150748 -0.101008 -1.55278 
E 230 220 :0.978142 -0.065024 0.19751 0.0529239 0.996419 0.0659411 -0.20109 -0.0540467 0.978081 ,-0.166652 -0.110886 -1.67277 
E 230 219 :0.971141 -0.063919 0.229782 0.0543105 0.997374 0.0479064 -0.232241 -0.0340443 0.972062 ,-0.183163 -0.107246 -1.78887 
E 228 227 :0.999291 -0.0194444 0.0322523 0.0201849 0.999536 -0.0227943 -0.0317942 0.0234291 0.99922 ,-0.0159754 0.0204231 -0.168024 
E 228 226 :0.99821 -0.0283394 0.0526583 0.0301069 0.998999 -0.0330819 -0.0516681 0.0346081 0.998064 ,-0.0328294 0.0290462 -0.28433 
E 228 225 :0.993654 -0.0370879 0.106191 0.0373532 0.999302 -0.000510132 -0.106098 0.00447345 0.994346 ,-0.0607255 0.0124171 -0.464246 
E 228 224 :0.990884 -0.0584621 0.121369 0.0553575 0.998051 0.0287988 -0.122816 -0.0218176 0.99219 ,-0.0920556 -0.00705793 -0.641533 
E 228 223 :0.989869 -0.0315173 0.138441 0.030154 0.999474 0.011934 -0.138744 -0.00763859 0.990299 ,-0.120523 0.0111739 -0.808168 
E 228 222 :0.98247 -0.0472244 0.180338 0.0503916 0.998645 -0.0130192 -0.179479 0.0218786 0.983518 ,-0.138076 0.0146438 -0.985212 
E 228 221 :0.976132 -0.0571588 0.209521 0.0562005 0.998364 0.0105297 -0.20978 0.00149678 0.977747 ,-0.163009 -0.00589653 -1.17527 
E 228 220 :0.971621 -0.0707291 0.225722 0.0696736 0.99749 0.0126492 -0.22605 0.00343659 0.97411 ,-0.182371 -0.00918558 -1.29511 
E 228 219 :0.963707 -0.0690442 0.257879 0.0727478 0.997339 -0.00483625 -0.256859 0.0234209 0.966165 ,-0.202281 0.000802703 -1.41031 
E 228 217 :0.96166 -0.100286 0.255252 0.0974715 0.994956 0.0236856 -0.25634 0.00210228 0.966584 ,-0.326756 -0.0103722 -1.84773 
E 213 212 :0.99986 0.012679 0.0108955 -0.0123308 0.999429 -0.0314539 -0.011288 0.0313151 0.999446 ,-0.00954659 0.00250224 -0.248168 
E 213 211 :0.999525 0.0246277 -0.0185427 -0.0247614 0.999669 -0.00701318 0.0183639 0.00746899 0.999803 ,-0.0190801 -0.0186725 -0.442398 
E 213 210 :0.997792 0.00860964 -0.0658506 -0.00780877 0.999893 0.0124096 0.0659504 -0.011868 0.997752 ,-0.0205143 0.0158431 -0.746819 
E 213 209 :0.996044 0.0150222 -0.0875799 -0.0140816 0.999836 0.0113475 0.087736 -0.0100694 0.996093 ,0.000562784 0.0191384 -0.936468 
E 213 207 :0.996749 0.021012 -0.0777875 -0.0177873 0.998963 0.0419182 0.0785876 -0.0403982 0.996088 ,0.049398 0.000816335 -1.25366 
E 213 206 :0.998741 0.0207711 -0.0456667 -0.019268 0.999266 0.0331116 0.0463209 -0.03219 0.998408 ,0.0689017 0.0195538 -1.37418 
E 213 205 :0.999583 -0.00202724 -0.0288057 0.00226301 0.999964 0.00815474 0.0287881 -0.00821653 0.999552 ,0.0822521 0.0245552 -1.56607 
E 213 204 :0.998888 0.0234509 -0.040888 -0.0227041 0.999569 0.0186359 0.0413073 -0.0176868 0.99899 ,0.088257 0.0129113 -1.69483 
E 213 203 :0.996663 0.0370431 -0.0727406 -0.0348729 0.998915 0.0308809 0.0738056 -0.0282412 0.996873 ,0.0911355 -0.0024998 -1.82002 
E 213 201 :0.991221 0.0278307 -0.129251 -0.025312 0.999457 0.0210896 0.129768 -0.0176329 0.991388 ,0.101778 0.0192801 -2.05229 
E 213 199 :0.98759 0.0308932 -0.153983 -0.0290178 0.999475 0.0144121 0.154348 -0.00976501 0.987968 ,0.153214 0.0205043 -2.34942 
E 219 217 :0.999692 -0.0248054 -0.00056451 0.0248114 0.999282 0.0286372 -0.000146251 -0.0286423 0.99959 ,-0.0084155 -0.0127957 -0.454667 
E 219 216 :0.998007 0.00227623 -0.0630563 7.20653e-05 0.999307 0.0372139 0.0630974 -0.0371443 0.997316 ,-0.0163475 0.00185137 -0.707636 
E 219 215 :0.993982 -0.0125049 -0.108831 0.0148202 0.99968 0.0204916 0.10854 -0.0219812 0.993849 ,-0.00732476 0.0223849 -0.899565 
E 219 214 :0.989138 -0.00342048 -0.146953 0.00759024 0.999584 0.0278234 0.146797 -0.0286366 0.988752 ,0.0112748 0.00454479 -1.09875 
E 219 213 :0.990755 -0.0292728 -0.13247 0.0311523 0.999441 0.0121375 0.132041 -0.0161521 0.991113 ,0.0437852 -0.00407094 -1.39428 
E 219 212 :0.992472 -0.0208427 -0.120681 0.0186871 0.999645 -0.0189661 0.121034 0.0165681 0.99251 ,0.0671285 -0.00487964 -1.64155 
E 219 211 :0.988576 -0.00585251 -0.15061 0.00661288 0.999968 0.00454823 0.150579 -0.00549224 0.988583 ,0.0840327 -0.028697 -1.83497 
E 219 210 :0.98006 -0.0191675 -0.197778 0.0240796 0.999458 0.0224615 0.19724 -0.026776 0.97999 ,0.121928 0.00205969 -2.13743 
E 220 219 :0.999489 -0.00289088 0.0318223 0.00352037 0.999799 -0.0197433 -0.0317588 0.0198453 0.999299 ,0.00739065 0.0109756 -0.116581 
E 220 217 :0.999105 -0.028593 0.0311622 0.0283286 0.999559 0.00889418 -0.0314028 -0.00800344 0.999475 ,-0.0154521 0.00712951 -0.570916 
E 220 216 :0.999505 -0.00179583 -0.0313949 0.00233966 0.999848 0.0172941 0.031359 -0.017359 0.999357 ,-0.0314725 0.0267401 -0.823165 
E 220 215 :0.996885 -0.0160879 -0.0772079 0.0161734 0.999869 0.000482486 0.0771901 -0.0017297 0.997015 ,-0.0286213 0.0510906 -1.01484 
E 220 214 :0.993282 -0.00721969 -0.115494 0.00817259 0.999936 0.00777922 0.115431 -0.00867084 0.993278 ,-0.0163183 0.0372522 -1.21483 
E 220 213 :0.99436 -0.0326611 -0.100898 0.032027 0.999456 -0.00789913 0.101101 0.00462312 0.994865 ,0.00679602 0.0345874 -1.51136 
E 220 212 :0.995763 -0.0231947 -0.088981 0.0197876 0.999044 -0.0389825 0.0898001 0.0370567 0.99527 ,0.0222613 0.0387428 -1.7592 
E 220 211 :0.992844 -0.00891508 -0.119087 0.00711878 0.999855 -0.0155008 0.119208 0.0145421 0.992763 ,0.0330706 0.0188085 -1.9535 
E 220 210 :0.985766 -0.0228991 -0.166556 0.0236308 0.999718 0.00241248 0.166454 -0.00631399 0.986029 ,0.0612326 0.0556641 -2.25634 
E 221 220 :0.999767 -0.0137024 0.016696 0.0136845 0.999906 0.00118457 -0.0167106 -0.00095582 0.99986 ,0.0060557 -0.00235636 -0.121264 
E 221 219 :0.998678 -0.0162585 0.0487696 0.01716 0.999689 -0.0181223 -0.0484598 0.0189352 0.998646 ,0.0113478 0.00858121 -0.237963 
E 221 217 :0.99796 -0.0424163 0.0477203 0.041961 0.999064 0.0105037 -0.0481211 -0.00847991 0.998806 ,-0.0190225 0.00388473 -0.691849 
E 221 216 :0.999764 -0.0157856 -0.0149393 0.0160544 0.999708 0.0180467 0.01465 -0.0182823 0.999726 ,-0.0395194 0.0229754 -0.943813 
E 221 215 :0.99772 -0.0298137 -0.0605504 0.0299053 0.999553 0.000606921 0.0605052 -0.00241631 0.998165 ,-0.0402027 0.0471356 -1.13553 
E 221 214 :0.994865 -0.0210643 -0.09899 0.0219012 0.999733 0.00737461 0.0988082 -0.00950474 0.995061 ,-0.031052 0.03323 -1.33569 
E 221 213 :0.995378 -0.0462713 -0.0841562 0.0457511 0.99892 -0.00810064 0.0844401 0.00421296 0.99642 ,-0.0128574 0.0305305 -1.63256 
E 221 212 :0.996759 -0.0362599 -0.071809 0.0335187 0.998676 -0.0390176 0.0731288 0.0364842 0.996655 ,-0.00159074 0.0346035 -1.88063 
E 221 211 :0.994505 -0.0223706 -0.102272 0.0208459 0.999655 -0.015953 0.102594 0.0137334 0.994629 ,0.00624528 0.0145889 -2.07506 
E 221 210 :0.987991 -0.0366977 -0.150088 0.0373155 0.999303 0.00130103 0.149935 -0.006886 0.988672 ,0.0288395 0.0514676 -2.37837 
E 225 224 :0.999694 -0.0184959 0.0164056 0.0180197 0.999425 0.0287159 -0.0169273 -0.0284115 0.999453 ,-0.013049 -0.0190925 -0.179602 
E 225 223 :0.999434 0.00682673 0.0329401 -0.00719983 0.999911 0.0112213 -0.0328605 -0.0114521 0.999394 ,-0.0229749 -0.000563024 -0.348326 
E 225 222 :0.99716 -0.0119434 0.0743588 0.0131158 0.999797 -0.0152988 -0.074161 0.0162306 0.997114 ,-0.0215034 0.00276346 -0.526235 
E 225 221 :0.994294 -0.0196628 0.104848 0.0190202 0.999794 0.0071256 -0.104967 -0.00509071 0.994463 ,-0.0268799 -0.0176881 -0.717861 
E 225 220 :0.992041 -0.0333854 0.121411 0.0325784 0.999432 0.00862649 -0.12163 -0.00460246 0.992565 ,-0.0335268 -0.0207929 -0.839077 
E 225 219 :0.987561 -0.0338371 0.153554 0.0358062 0.999308 -0.010075 -0.153107 0.0154478 0.988089 ,-0.0407156 -0.0105884 -0.955741 
E 225 217 :0.986395 -0.0627078 0.151965 0.0605908 0.997991 0.0185263 -0.152821 -0.00906659 0.988212 ,-0.118409 -0.0190958 -1.4039 
E 225 216 :0.995279 -0.0372694 0.0896107 0.0351711 0.999071 0.0248825 -0.0904549 -0.0216133 0.995666 ,-0.165583 -0.00219429 -1.65242 
E 225 215 :0.997782 -0.0495509 0.0444391 0.049307 0.998762 0.00656765 -0.0447096 -0.00436192 0.998991 ,-0.186839 0.0205818 -1.84312 
E 233 232 :0.999941 0.00710917 -0.00815387 -0.0069875 0.999865 0.0148545 0.00825837 -0.0147967 0.999856 ,-0.000558043 -0.0357726 -0.192962 
E 233 231 :0.998588 0.0395581 -0.0354646 -0.0396479 0.999212 -0.00183307 0.0353642 0.00323658 0.999369 ,-0.00526875 -0.0410979 -0.370163 
E 233 230 :0.995494 0.0494728 -0.0808941 -0.0518663 0.998268 -0.0277579 0.0793807 0.0318285 0.996336 ,-0.00643511 -0.0229805 -0.555038 
E 233 229 :0.993112 0.0647254 -0.0976671 -0.065164 0.997874 -0.00130407 0.0973751 0.00765946 0.995218 ,-0.00130645 -0.0262354 -0.745422 
E 233 228 :0.992491 0.0596514 -0.106785 -0.0568168 0.997952 0.0293958 0.108319 -0.0231079 0.993848 ,0.000745264 -0.041722 -0.931745 
E 233 227 :0.996386 0.0378234 -0.0760508 -0.0375676 0.999283 0.00479279 0.0761776 -0.00191843 0.997092 ,0.00405044 -0.0253722 -1.10094 
E 233 226 :0.998028 0.0277695 -0.0562884 -0.0281887 0.99958 -0.00666712 0.0560796 0.00824067 0.998392 ,0.000257112 -0.0192281 -1.21855 
E 233 225 :0.99975 0.0223227 -0.000818025 -0.0222984 0.999494 0.0226871 0.00132405 -0.0226632 0.999742 ,-0.00920924 -0.0395271 -1.4 
E 233 224 :0.999861 0.0038418 0.0162249 -0.00466504 0.998687 0.0510103 -0.0160077 -0.0510789 0.998566 ,-0.0225342 -0.0623936 -1.57914 
E 233 223 :0.999051 0.0291551 0.0323648 -0.0302274 0.998993 0.0331545 -0.0313656 -0.0341013 0.998926 ,-0.031906 -0.04748 -1.74825 
E 233 222 :0.997265 0.0103645 0.0731831 -0.0108084 0.999925 0.00567251 -0.0731189 -0.00644799 0.997302 ,-0.0302151 -0.0482243 -1.92619 
E 233 221 :0.994556 0.00266431 0.104168 -0.00554197 0.999611 0.0273455 -0.104054 -0.027774 0.994184 ,-0.0358901 -0.072893 -2.11731 
E 227 226 :0.999753 -0.0092549 0.0202206 0.00947279 0.999898 -0.0107067 -0.0201194 0.0108956 0.999738 ,-0.0129701 0.00622187 -0.116956 
E 227 225 :0.997076 -0.017033 0.0744906 0.0155291 0.999665 0.020722 -0.0748185 -0.0195046 0.997006 ,-0.0354618 -0.0140725 -0.297252 
E 227 224 :0.995204 -0.0375814 0.0903183 0.0331872 0.998214 0.0496717 -0.0920237 -0.046436 0.994673 ,-0.0615261 -0.0370829 -0.474968 
E 227 223 :0.994187 -0.0110778 0.107098 0.00764195 0.999445 0.0324385 -0.107398 -0.0314315 0.993719 ,-0.0843069 -0.0222101 -0.642806 
E 227 222 :0.988497 -0.0277289 0.148678 0.0270596 0.999613 0.00652322 -0.148801 -0.00242503 0.988864 ,-0.096149 -0.0225485 -0.820357 
E 227 221 :0.983244 -0.037014 0.178499 0.0322792 0.999048 0.0293586 -0.179415 -0.0231049 0.983502 ,-0.115436 -0.0470475 -1.01061 
E 227 220 :0.979525 -0.0506539 0.194846 0.0454525 0.998483 0.0310769 -0.196124 -0.0215844 0.980341 ,-0.13104 -0.0527663 -1.1309 
E 227 219 :0.972658 -0.0496087 0.22688 0.0479574 0.998768 0.0127881 -0.227235 -0.00155789 0.973839 ,-0.147072 -0.0450944 -1.24688 
E 227 217 :0.971095 -0.0801986 0.224817 0.0727215 0.996494 0.0413577 -0.227346 -0.0238132 0.973523 ,-0.257777 -0.0640922 -1.68772 
E 227 216 :0.985032 -0.0557876 0.163093 0.0487407 0.99771 0.0468978 -0.165335 -0.0382466 0.985496 ,-0.323613 -0.0530787 -1.93229 
E 226 225 :0.998482 -0.00716674 0.0546093 0.00548447 0.999508 0.0308934 -0.0548038 -0.030547 0.99803 ,-0.0190509 -0.0220485 -0.180486 
E 226 224 :0.997123 -0.027182 0.0707543 0.0229706 0.997954 0.0596683 -0.0722314 -0.0578714 0.995708 ,-0.0417512 -0.0467517 -0.358436 
E 226 223 :0.996174 -0.000975124 0.0873858 -0.00273009 0.999102 0.0422711 -0.0873486 -0.042348 0.995277 ,-0.0610087 -0.0334983 -0.52685 
E 226 222 :0.991503 -0.0182042 0.128807 0.0162871 0.999741 0.0159208 -0.129064 -0.0136876 0.991542 ,-0.0692788 -0.0356616 -0.704591 
E 226 221 :0.986916 -0.0270762 0.158945 0.0212212 0.999036 0.0384195 -0.159832 -0.0345438 0.98654 ,-0.0849651 -0.0620525 -0.894919 
E 226 220 :0.983659 -0.0407487 0.175368 0.0342456 0.998615 0.0399518 -0.176753 -0.0332934 0.983692 ,-0.0981992 -0.068937 -1.01544 
E 226 219 :0.977444 -0.0401039 0.207352 0.0364748 0.999108 0.0212976 -0.208021 -0.0132541 0.978035 ,-0.111821 -0.0623812 -1.13179 
E 226 217 :0.976118 -0.0702601 0.205567 0.0612497 0.996875 0.0498799 -0.208429 -0.0360978 0.977371 ,-0.21381 -0.0851557 -1.57455 
E 226 216 :0.988577 -0.0455532 0.143669 0.0378179 0.997707 0.0561212 -0.145896 -0.0500469 0.988033 ,-0.274604 -0.0761987 -1.82051 
E 235 233 :0.998411 -0.0250358 0.0504809 0.026343 0.99933 -0.0253987 -0.0498112 0.0266882 0.998402 ,0.00518755 0.023846 -0.377726 
E 235 232 :0.998945 -0.0186815 0.0419608 0.0191489 0.999759 -0.0107653 -0.0417496 0.0115574 0.999061 ,-0.00421492 -0.00701629 -0.571307 
E 235 231 :0.999779 0.0146426 0.0150866 -0.0142138 0.999503 -0.0281488 -0.0154913 0.0279281 0.99949 ,-0.0177301 -0.00796142 -0.748132 
E 235 230 :0.999218 0.0260085 -0.0297747 -0.0276234 0.998094 -0.055176 0.0282829 0.0559553 0.998033 ,-0.0286808 0.0148086 -0.93217 
E 235 229 :0.998081 0.0400267 -0.0472398 -0.041432 0.998716 -0.0291533 0.0460122 0.0310546 0.998458 ,-0.0330895 0.0165266 -1.12259 
E 235 228 :0.997805 0.0334056 -0.0571806 -0.0333847 0.999442 0.00132068 0.0571928 0.000591182 0.998363 ,-0.0400591 0.00583672 -1.30913 
E 235 227 :0.999589 0.0126487 -0.0257159 -0.0132294 0.999658 -0.0225387 0.025422 0.0228696 0.999415 ,-0.0457095 0.0265599 -1.47778 
E 235 226 :0.999979 0.00311611 -0.00563235 -0.00330311 0.999433 -0.0335033 0.00552475 0.0335212 0.999423 ,-0.055588 0.0355872 -1.59486 
E 235 225 :0.998787 -0.00387996 0.0490831 0.00401937 0.999988 -0.00274178 -0.0490719 0.00293574 0.998791 ,-0.0736907 0.019661 -1.77608 
E 235 224 :0.997581 -0.0237457 0.0653306 0.022084 0.999417 0.0260412 -0.0659108 -0.0245355 0.997524 ,-0.0954652 0.00100872 -1.95489 
E 232 231 :0.999098 0.0326005 -0.0271966 -0.0330667 0.999311 -0.0168723 0.0266278 0.0177564 0.999488 ,-0.00613661 -0.00273606 -0.177216 
E 232 230 :0.996454 0.0427573 -0.0724673 -0.0459567 0.998014 -0.0430718 0.0704817 0.0462494 0.99644 ,-0.00895626 0.0181061 -0.361786 
E 232 229 :0.994314 0.0578122 -0.0894334 -0.0595358 0.998086 -0.0167242 0.0882954 0.0219535 0.995852 ,-0.00537742 0.0177052 -0.552232 
E 232 228 :0.993725 0.0524839 -0.0987762 -0.0513561 0.998583 0.0139271 0.0993672 -0.0087669 0.995012 ,-0.00475634 0.00499217 -0.738776 
E 232 227 :0.99722 0.0308229 -0.0678455 -0.0316062 0.999445 -0.0105022 0.0674842 0.0126173 0.997641 ,-0.00296286 0.0238667 -0.907728 
E 232 226 :0.99863 0.0208513 -0.0479934 -0.0219195 0.999521 -0.0218393 0.0475151 0.0228614 0.998609 ,-0.00777021 0.0317234 -1.0252 
E 232 225 :0.999859 0.0151502 0.00727974 -0.0152075 0.999853 0.00788537 -0.00715921 -0.00799496 0.999942 ,-0.0185926 0.0140447 -1.20685 
E 232 224 :0.999703 -0.00355859 0.0241141 0.00268063 0.999336 0.0363433 -0.0242274 -0.0362678 0.999048 ,-0.0332365 -0.00626281 -1.38619 
E 232 223 :0.998945 0.0218913 0.0403808 -0.0226568 0.99957 0.0185993 -0.0399562 -0.0194946 0.999011 ,-0.0441085 0.0110845 -1.55499 
E 232 222 :0.996678 0.00332362 0.0813753 -0.00263528 0.99996 -0.00856476 -0.0814005 0.00832186 0.996647 ,-0.043882 0.0129852 -1.73292 
E 232 221 :0.993677 -0.00455 0.112181 0.00306891 0.999906 0.0133718 -0.112231 -0.012943 0.993598 ,-0.0509626 -0.00889263 -1.92433 
E 232 220 :0.991509 -0.0182726 0.12875 0.016528 0.999757 0.0146056 -0.128986 -0.0123536 0.991569 ,-0.058538 -0.0128517 -2.04547 
E 229 228 :0.999905 -0.00804013 -0.0111887 0.00837306 0.999514 0.030034 0.0109418 -0.0301248 0.999486 ,-0.0150965 -0.0167481 -0.185613 
E 229 227 :0.999389 -0.0277411 0.0212526 0.0275873 0.999591 0.00749738 -0.0214519 -0.00690649 0.999746 ,-0.0293546 -0.00151504 -0.35434 
E 229 226 :0.998452 -0.036756 0.0417523 0.0368985 0.999316 -0.00264908 -0.0416263 0.00418558 0.999124 ,-0.0449751 0.00346962 -0.471031 
E 229 225 :0.994446 -0.0451689 0.0950592 0.0424684 0.99864 0.0302434 -0.096296 -0.0260384 0.995012 ,-0.0707218 -0.0187886 -0.650659 
E 229 224 :0.991719 -0.0662369 0.110025 0.0599387 0.996421 0.0596005 -0.113579 -0.0525122 0.99214 ,-0.0999087 -0.0438411 -0.827611 
E 229 223 :0.991085 -0.0394647 0.127252 0.0342605 0.998495 0.04283 -0.128751 -0.0380885 0.990945 ,-0.126655 -0.0308612 -0.995021 
E 229 222 :0.98398 -0.0554939 0.169422 0.0532029 0.998421 0.0180361 -0.170155 -0.00873339 0.985379 ,-0.142254 -0.0328573 -1.17227 
E 229 221 :0.977935 -0.0651971 0.198477 0.0580458 0.997445 0.0416446 -0.200685 -0.0292049 0.97922 ,-0.164893 -0.0593048 -1.36189 
E 229 220 :0.973498 -0.0787808 0.2147 0.070986 0.996516 0.0437895 -0.217401 -0.0273883 0.975698 ,-0.182885 -0.0663536 -1.48178 
E 229 219 :0.965905 -0.0773184 0.247083 0.0730671 0.996979 0.0263431 -0.248374 -0.00739128 0.968636 ,-0.201585 -0.0599967 -1.59744 
E 247 246 :0.999976 0.00402401 0.00568778 -0.00408028 0.999943 0.0099164 -0.00564755 -0.00993937 0.999935 ,-0.00191539 -0.0185107 -0.193117 
E 247 245 :0.999555 0.015413 -0.0255262 -0.0147182 0.999522 0.0271879 0.0259331 -0.0268001 0.999304 ,-0.00583596 -0.0455505 -0.432548 
E 247 244 :0.998208 0.00932861 -0.0591096 -0.00948192 0.999952 -0.00231372 0.0590852 0.00287005 0.998249 ,-0.000216173 -0.0304987 -0.603052 
E 247 243 :0.995254 0.0234157 -0.0944468 -0.0254602 0.999466 -0.0205001 0.0939163 0.0228074 0.995319 ,0.0190311 -0.0390085 -0.78887 
E 247 242 :0.994367 0.0391684 -0.0984879 -0.0382784 0.999208 0.0109111 0.0988372 -0.00707966 0.995078 ,0.0394269 -0.0591847 -0.982138 
E 247 241 :0.997291 0.0162193 -0.0717418 -0.0152021 0.999776 0.0147031 0.0719643 -0.0135727 0.997315 ,0.0596928 -0.0397975 -1.16817 
E 247 240 :0.998377 0.0121508 -0.0556393 -0.0119214 0.999919 0.00445406 0.0556889 -0.00378354 0.998441 ,0.0710454 -0.018892 -1.36324 
E 247 239 :0.998906 0.0197565 -0.0423909 -0.0180984 0.999069 0.0391488 0.0431249 -0.0383388 0.998334 ,0.0781605 -0.043145 -1.55662 
E 247 238 :0.998717 0.0316991 -0.0395007 -0.029824 0.998441 0.0471873 0.0409349 -0.0459487 0.998105 ,0.085021 -0.0723815 -1.7908 
E 231 230 :0.998952 0.0109493 -0.0444447 -0.0121886 0.999542 -0.0277114 0.0441209 0.028224 0.998627 ,-0.00842099 0.0174585 -0.184751 
E 231 229 :0.997737 0.0253412 -0.0622824 -0.0255118 0.999673 -0.00194547 0.0622127 0.00353 0.998057 ,-0.00990328 0.013793 -0.37519 
E 231 228 :0.997173 0.0191832 -0.0726527 -0.0171604 0.99945 0.0283651 0.0731569 -0.0270382 0.996954 ,-0.0138296 -0.00220337 -0.56144 
E 231 227 :0.999163 -0.00191731 -0.0408721 0.00212374 0.999985 0.00500776 0.0408619 -0.00509037 0.999152 ,-0.0171607 0.0137167 -0.730673 
E 231 226 :0.99972 -0.0116096 -0.0206373 0.0114951 0.999918 -0.00565715 0.0207012 0.00541834 0.999771 ,-0.0253517 0.0193252 -0.848091 
E 231 225 :0.999269 -0.0181382 0.0336387 0.0172717 0.999516 0.0258726 -0.0340917 -0.0252727 0.999099 ,-0.0404165 -0.00191946 -1.02905 
E 231 224 :0.998068 -0.0375659 0.049493 0.0348394 0.997887 0.0548439 -0.0514487 -0.0530136 0.997268 ,-0.0591512 -0.0258749 -1.20756 
E 231 223 :0.997729 -0.0117001 0.0663308 0.0092154 0.999249 0.0376417 -0.0667214 -0.036945 0.997087 ,-0.0750816 -0.0118911 -1.37627 
E 231 222 :0.993699 -0.0295232 0.108124 0.0284134 0.999527 0.0117909 -0.108421 -0.00864442 0.994068 ,-0.0796562 -0.0131438 -1.55415 
E 231 221 :0.989692 -0.0379541 0.138095 0.0334684 0.998839 0.0346624 -0.13925 -0.0296833 0.989812 ,-0.0911039 -0.0386362 -1.7449 
E 231 220 :0.986634 -0.0516437 0.154555 0.04655 0.998253 0.0363995 -0.156164 -0.0287185 0.987314 ,-0.101767 -0.0449905 -1.8657 
E 231 219 :0.98104 -0.0514184 0.186863 0.0488844 0.99864 0.0181465 -0.187541 -0.00866777 0.982218 ,-0.11306 -0.0379335 -1.98227 
E 258 257 :0.998423 -0.0143792 0.0542744 0.0155206 0.999666 -0.0206685 -0.0539591 0.0214782 0.998312 ,0.0242031 0.0172134 -0.440785 
E 258 256 :0.999422 -0.0181816 0.0287261 0.0177441 0.999724 0.015412 -0.0289984 -0.0148934 0.999468 ,0.0183868 -0.0162037 -0.90001 
E 236 235 :0.999743 -0.00231724 0.0225637 0.0022868 0.999996 0.00137469 -0.0225668 -0.00132273 0.999744 ,0.0117782 0.00321327 -0.182949 
E 236 233 :0.996969 -0.0267428 0.0730543 0.0285576 0.999306 -0.0239107 -0.0723642 0.0259245 0.997041 ,0.00838629 0.0265518 -0.560727 
E 236 232 :0.997701 -0.0207326 0.0645174 0.0213758 0.999728 -0.00929588 -0.0643072 0.0106536 0.997873 ,-0.00531014 -0.004598 -0.754006 
E 236 231 :0.999205 0.0129529 0.0377001 -0.0119487 0.999571 -0.0267402 -0.0380303 0.0262685 0.998931 ,-0.0228094 -0.00581711 -0.930479 
E 236 230 :0.999663 0.0249516 -0.00711991 -0.0252994 0.998227 -0.0538719 0.0057631 0.0540339 0.998522 ,-0.0379627 0.0166748 -1.11425 
E 236 229 :0.998959 0.0384028 -0.0246312 -0.0390862 0.998847 -0.0278886 0.0235318 0.0288223 0.999308 ,-0.0466709 0.0181209 -1.30453 
E 236 228 :0.998916 0.0310944 -0.0346422 -0.0310242 0.999515 0.00256234 0.0347051 -0.00148482 0.999396 ,-0.057823 0.00715872 -1.49085 
E 236 227 :0.999936 0.010845 -0.0031066 -0.0109085 0.999715 -0.0212235 0.00287555 0.0212561 0.99977 ,-0.0673253 0.027637 -1.65936 
E 236 226 :0.999854 0.00155574 0.0169974 -0.00100875 0.999483 -0.0321422 -0.0170386 0.0321204 0.999339 ,-0.0798638 0.0364808 -1.77619 
E 236 225 :0.997414 -0.00612994 0.0716132 0.00623592 0.99998 -0.00125651 -0.0716041 0.00169983 0.997432 ,-0.102014 0.0202642 -1.95694 
E 237 236 :0.999796 -0.0158676 -0.0125136 0.016426 0.998813 0.0458637 0.011771 -0.0460599 0.998869 ,0.0131249 -0.0284856 -0.254198 
E 237 235 :0.999785 -0.0181677 0.0100268 0.0176709 0.99871 0.0475957 -0.0108786 -0.0474082 0.998816 ,0.027139 -0.0334734 -0.43695 
E 237 233 :0.997218 -0.0429184 0.0609422 0.041581 0.998869 0.0230457 -0.0618624 -0.0204475 0.997875 ,0.0281049 -0.0275445 -0.815416 
E 237 232 :0.997963 -0.0367249 0.0521648 0.0347893 0.998689 0.0375411 -0.0534751 -0.0356498 0.997933 ,0.0173241 -0.0677468 -1.0072 
E 237 231 :0.999667 -0.00323925 0.0256165 0.00273422 0.999802 0.0197255 -0.0256753 -0.0196489 0.999477 ,0.00205608 -0.0773456 -1.18363 
E 237 230 :0.999788 0.00843084 -0.0187588 -0.00858455 0.99993 -0.00812896 0.0186889 0.00828827 0.999791 ,-0.0111513 -0.0635579 -1.36841 
E 237 229 :0.99908 0.022185 -0.0366886 -0.0215516 0.999613 0.0175718 0.0370643 -0.016765 0.999172 ,-0.0174996 -0.0709833 -1.55864 
E 237 227 :0.999869 -0.00528627 -0.0152799 0.00566127 0.999681 0.0246038 0.015145 -0.0246871 0.999581 ,-0.0338606 -0.0780915 -1.91375 
E 237 228 :0.99877 0.0152467 -0.0471819 -0.0129874 0.998771 0.0478263 0.0478531 -0.0471547 0.997741 ,-0.0261439 -0.0906611 -1.74437 
E 240 239 :0.999902 0.00567913 0.0128073 -0.00612255 0.999374 0.0348533 -0.0126014 -0.0349283 0.99931 ,-0.00337638 -0.023433 -0.193582 
E 240 238 :0.999731 0.017186 0.0155842 -0.0178412 0.998919 0.0429272 -0.0148296 -0.0431936 0.998957 ,-0.00921959 -0.0516977 -0.427908 
E 240 237 :0.999746 0.0224029 -0.00237509 -0.0224133 0.999739 -0.00445879 0.00227458 0.00451089 0.999987 ,-0.00860146 -0.0451367 -0.600717 
E 240 236 :0.999882 0.00662216 -0.0138554 -0.00603952 0.999113 0.0416784 0.0141191 -0.0415898 0.999035 ,0.00448567 -0.0727756 -0.855011 
E 240 235 :0.999953 0.00432349 0.00871827 -0.00469374 0.999068 0.042905 -0.00852464 -0.0429439 0.999041 ,0.0188186 -0.0772613 -1.03775 
E 240 233 :0.998044 -0.0204813 0.059073 0.019495 0.999662 0.0172244 -0.0594058 -0.0160391 0.998105 ,0.0208159 -0.0696682 -1.41618 
E 240 232 :0.998616 -0.0142574 0.0506224 0.012651 0.999411 0.0319125 -0.0510475 -0.0312279 0.998208 ,0.00959273 -0.108763 -1.60817 
E 254 253 :0.999873 -0.0045672 0.0152619 0.00471418 0.999943 -0.00960829 -0.0152171 0.00967902 0.999837 ,0.00517976 0.0422683 -0.247067 
E 254 252 :0.999748 -0.0195775 0.0109981 0.0196062 0.999805 -0.00250759 -0.0109469 0.00272259 0.999936 ,-0.000941482 0.03739 -0.450175 
E 254 251 :0.999336 -0.000587982 -0.0364362 0.00139061 0.999757 0.0220069 0.0364144 -0.022043 0.999094 ,-0.00466057 0.0088715 -0.710037 
E 260 259 :0.999768 -0.00532965 -0.0208562 0.00531755 0.999986 -0.000636022 0.0208593 0.000524971 0.999782 ,0.019449 0.0182656 -0.444814 
E 260 258 :0.999323 -0.00262692 -0.0366954 0.00316349 0.999889 0.014572 0.0366531 -0.0146782 0.99922 ,0.0417089 -0.000105028 -0.643806 
E 260 257 :0.999686 -0.0177836 0.0176585 0.0178911 0.999822 -0.0059471 -0.0175496 0.00626116 0.999826 ,0.0820251 0.0107599 -1.08361 
E 260 256 :0.999763 -0.020249 -0.00800972 0.0204812 0.999338 0.0300654 0.00739562 -0.0302223 0.999516 ,0.093152 -0.0293637 -1.5422 
E 242 241 :0.999368 -0.0234833 0.0266713 0.0233628 0.999715 0.00482079 -0.0267769 -0.00419462 0.999633 ,0.00102287 0.0214827 -0.1869 
E 242 240 :0.998714 -0.0265669 0.0431867 0.0267987 0.999629 -0.00479739 -0.0430433 0.00594857 0.999055 ,-0.00776933 0.0441974 -0.381904 
E 242 239 :0.998234 -0.0223869 0.0550219 0.0207362 0.999323 0.0303895 -0.0556649 -0.0291949 0.998023 ,-0.018879 0.0216113 -0.575297 
E 242 238 :0.998278 -0.0112396 0.0575654 0.00902799 0.999216 0.0385365 -0.0579534 -0.0379505 0.997598 ,-0.0340836 -0.00567537 -0.809318 
E 242 237 :0.999154 -0.00399103 0.0409326 0.00437594 0.999947 -0.00931811 -0.0408933 0.00948935 0.999118 ,-0.0411036 0.00172877 -0.981952 
E 242 236 :0.999366 -0.0217258 0.0282003 0.0206905 0.999119 0.0364989 -0.0289684 -0.0358923 0.998936 ,-0.0382811 -0.0243292 -1.23673 
E 242 235 :0.998423 -0.0240788 0.0507125 0.0221463 0.99902 0.0383299 -0.0515858 -0.0371464 0.997977 ,-0.0317394 -0.0275525 -1.41994 
E 242 233 :0.993676 -0.0477055 0.101644 0.046519 0.998819 0.0140128 -0.102193 -0.00919583 0.994722 ,-0.0462897 -0.0180932 -1.79806 
E 238 237 :0.999843 0.00449341 -0.0171243 -0.00530569 0.998848 -0.0476879 0.0168903 0.0477713 0.998715 ,0.00306361 0.0140288 -0.172338 
E 238 236 :0.999511 -0.0105883 -0.0294105 0.0105412 0.999943 -0.0017567 0.0294275 0.00144582 0.999566 ,0.0204114 -0.00237145 -0.427349 
E 238 235 :0.999894 -0.0128654 -0.00686496 0.0128648 0.999917 -0.000143797 0.00686624 5.54652e-05 0.999976 ,0.0375305 0.00128718 -0.609867 
E 238 233 :0.998308 -0.0380731 0.0439483 0.0391923 0.998922 -0.0248907 -0.0429532 0.0265711 0.998724 ,0.0450038 0.0252523 -0.987547 
E 238 232 :0.998879 -0.0316212 0.0352363 0.0320045 0.999434 -0.0103682 -0.0348885 0.0114843 0.999325 ,0.0373283 -0.00570059 -1.18119 
E 238 231 :0.999962 0.00159026 0.00858572 -0.00134845 0.999604 -0.0280961 -0.008627 0.0280834 0.999568 ,0.0250406 -0.00679409 -1.3581 
E 238 230 :0.999273 0.0127807 -0.0359131 -0.0147705 0.998338 -0.055698 0.0351416 0.0561879 0.997802 ,0.0150615 0.0158597 -1.54221 
E 238 229 :0.998192 0.0269603 -0.0537141 -0.0285951 0.999144 -0.0299022 0.0528619 0.0313841 0.998109 ,0.0119384 0.0175481 -1.73266 
E 239 238 :0.999929 0.0116127 0.00273166 -0.0116345 0.9999 0.00809691 -0.00263736 -0.00812812 0.999963 ,-0.00271677 -0.0200955 -0.235224 
E 239 237 :0.999757 0.0162229 -0.0149487 -0.0168011 0.999082 -0.0393973 0.0142959 0.0396389 0.999112 ,3.87662e-05 -0.00749923 -0.407678 
E 239 236 :0.999643 0.00102848 -0.0266984 -0.000850436 0.999977 0.00667905 0.0267046 -0.00665396 0.999621 ,0.0164983 -0.0261644 -0.662592 
E 239 235 :0.999991 -0.00125263 -0.00413454 0.00128581 0.999967 0.00803281 0.00412434 -0.00803805 0.999959 ,0.03316 -0.0241832 -0.845178 
E 239 233 :0.998575 -0.0263977 0.0463843 0.0272258 0.999479 -0.017313 -0.0459031 0.0185512 0.998774 ,0.0398794 -0.00336545 -1.22306 
E 239 232 :0.999084 -0.0199814 0.0378432 0.0200973 0.999794 -0.00268569 -0.0377818 0.00344378 0.99928 ,0.031316 -0.0357938 -1.41642 
E 239 231 :0.999851 0.013275 0.0109893 -0.0130522 0.999713 -0.0200997 -0.011253 0.0199533 0.999738 ,0.0185333 -0.0381767 -1.59329 
E 239 230 :0.999127 0.0245267 -0.0338317 -0.0261105 0.998544 -0.0471954 0.0326249 0.0480376 0.998313 ,0.00831502 -0.0168999 -1.77755 
E 251 250 :0.995561 0.00457647 -0.0940034 -0.00812707 0.999266 -0.0374229 0.0937632 0.0380208 0.994868 ,0.00537872 0.0333892 -0.302835 
E 251 249 :0.990412 0.0340726 -0.133877 -0.0401287 0.998277 -0.0428008 0.132188 0.0477628 0.990073 ,0.0282685 0.0130329 -0.49729 
E 251 248 :0.994184 0.0115518 -0.107074 -0.0172872 0.998456 -0.0527925 0.106299 0.0543365 0.992849 ,0.0659384 0.00886355 -0.737138 
E 251 247 :0.997218 0.0172648 -0.072507 -0.0213298 0.998221 -0.0556693 0.071417 0.057061 0.995813 ,0.0862366 0.0408698 -0.917121 
E 251 246 :0.997533 0.0219973 -0.0666591 -0.0250879 0.998631 -0.0458882 0.0655585 0.0474474 0.99672 ,0.0980093 0.0331835 -1.11062 
E 251 245 :0.994641 0.0345699 -0.0974424 -0.037456 0.998907 -0.0279466 0.0963699 0.0314466 0.994849 ,0.110993 0.0196044 -1.35087 
E 251 244 :0.990984 0.0263585 -0.131365 -0.0340459 0.997815 -0.0566206 0.129586 0.0605825 0.989716 ,0.12922 0.0440014 -1.5194 
E 241 240 :0.999862 -0.00335521 0.0162958 0.00351848 0.999944 -0.0100009 -0.0162613 0.0100568 0.999817 ,-0.00303436 0.0237327 -0.195058 
E 241 239 :0.999579 0.00175606 0.0289731 -0.00247805 0.999687 0.0249025 -0.0289203 -0.0249638 0.99927 ,-0.00948622 0.00222507 -0.388785 
E 241 238 :0.999411 0.0131282 0.0317168 -0.0141744 0.999355 0.0329892 -0.0312633 -0.0334193 0.998952 ,-0.0190523 -0.0237151 -0.623257 
E 241 237 :0.99972 0.019119 0.0139358 -0.0189173 0.999716 -0.0144676 -0.0142084 0.0141999 0.999798 ,-0.0212724 -0.0154241 -0.795979 
E 241 236 :0.999994 0.00259127 0.00228677 -0.00266233 0.999496 0.0316361 -0.00220364 -0.031642 0.999497 ,-0.0122382 -0.0404722 -1.05072 
E 241 235 :0.999691 0.00027101 0.0248533 -0.00108992 0.999457 0.032942 -0.0248308 -0.0329589 0.999148 ,-0.000870109 -0.0430797 -1.2337 
E 241 233 :0.996872 -0.0240939 0.0752719 0.0235996 0.999694 0.00744942 -0.0754284 -0.00564973 0.997135 ,-0.00506542 -0.0316953 -1.61202 
E 241 232 :0.997604 -0.0181175 0.0667749 0.0166744 0.999617 0.0221059 -0.0671498 -0.0209395 0.997523 ,-0.0192845 -0.0689076 -1.80419 
E 244 243 :0.999261 0.0152445 -0.0352746 -0.0159051 0.999702 -0.0185236 0.0349817 0.0190709 0.999206 ,0.00831436 -0.00886315 -0.186611 
E 244 242 :0.998788 0.0292055 -0.0396205 -0.0287168 0.999505 0.0128477 0.0399761 -0.0116944 0.999132 ,0.0174457 -0.0294028 -0.380699 
E 244 241 :0.9999 0.00590853 -0.0128262 -0.00569145 0.999841 0.0168955 0.012924 -0.0168208 0.999775 ,0.0264998 -0.0103614 -0.567647 
E 244 240 :0.999991 0.00242433 0.00341123 -0.00244749 0.999974 0.00680039 -0.00339465 -0.00680868 0.999971 ,0.0261078 0.0100892 -0.763099 
E 244 239 :0.999835 0.00798275 0.0163006 -0.00865533 0.999096 0.0416168 -0.0159536 -0.041751 0.999001 ,0.0220143 -0.0146514 -0.956504 
E 244 238 :0.999628 0.0194603 0.0190958 -0.0203885 0.998557 0.0496812 -0.0181015 -0.0500521 0.998583 ,0.0153032 -0.0444945 -1.19061 
E 244 237 :0.999691 0.0248418 0.00102531 -0.0248442 0.999689 0.00234745 -0.000966672 -0.00237219 0.999997 ,0.0153478 -0.0391104 -1.36346 
E 244 236 :0.999907 0.00890241 -0.0103463 -0.00839055 0.998788 0.0485051 0.0107655 -0.0484138 0.998769 ,0.0275003 -0.0685099 -1.6176 
E 243 242 :0.999905 0.0128777 -0.00484423 -0.0127199 0.999429 0.0312943 0.00524446 -0.0312297 0.999498 ,0.00266173 -0.0240958 -0.193875 
E 243 241 :0.999704 -0.0105868 0.0218884 0.00979966 0.999312 0.0357616 -0.0222519 -0.0355365 0.999121 ,0.00486653 -0.00848725 -0.381347 
E 243 240 :0.999173 -0.0137203 0.0382812 0.0127328 0.999583 0.0259207 -0.0386209 -0.0254119 0.998931 ,-0.00268768 0.00822378 -0.577009 
E 243 239 :0.998676 -0.00937437 0.0505733 0.00628495 0.998124 0.0609047 -0.0510494 -0.0605063 0.996862 ,-0.0131503 -0.0202602 -0.769658 
E 243 238 :0.998581 0.00181285 0.0532236 -0.00548879 0.997601 0.0690014 -0.0529709 -0.0691956 0.996196 ,-0.0275712 -0.0546614 -1.00279 
E 243 237 :0.999314 0.00884035 0.0359688 -0.00961544 0.999724 0.0214332 -0.0357694 -0.0217644 0.999123 ,-0.0336589 -0.0525747 -1.1756 
E 243 236 :0.999678 -0.00868356 0.0238285 0.0070603 0.997702 0.0673804 -0.0243589 -0.0671905 0.997443 ,-0.0299381 -0.0866269 -1.42943 
E 243 235 :0.998864 -0.0110315 0.0463669 0.00781948 0.997593 0.068894 -0.0470153 -0.0684531 0.996546 ,-0.022551 -0.095665 -1.61241 
E 246 245 :0.999445 0.0114857 -0.0312802 -0.0109529 0.999793 0.0171511 0.0314707 -0.016799 0.999363 ,-0.00245794 -0.0246742 -0.239705 
E 246 244 :0.997889 0.00523209 -0.0647363 -0.00605185 0.999904 -0.0124734 0.0646649 0.0128389 0.997824 ,0.00406322 -0.00790594 -0.410017 
E 246 243 :0.994804 0.0192082 -0.099982 -0.0223873 0.999276 -0.0307718 0.0993185 0.0328502 0.994513 ,0.0243942 -0.0144909 -0.595798 
E 246 242 :0.993941 0.0351304 -0.10415 -0.0352572 0.999378 0.000623681 0.104107 0.00305213 0.994561 ,0.0459632 -0.0326629 -0.789137 
E 246 241 :0.996923 0.0122162 -0.0774325 -0.0119034 0.999919 0.00450088 0.0774812 -0.00356533 0.996987 ,0.0672002 -0.0113462 -0.974848 
E 246 240 :0.998087 0.00809194 -0.0612949 -0.0084567 0.999948 -0.00569396 0.0612456 0.00620142 0.998103 ,0.0795689 0.0115427 -1.16964 
E 246 239 :0.998712 0.0158961 -0.0481878 -0.0145064 0.999473 0.0290532 0.0486242 -0.0283167 0.998416 ,0.0878749 -0.0107583 -1.3632 
E 246 238 :0.998583 0.0278839 -0.0453291 -0.0262103 0.998968 0.0371051 0.046317 -0.0358644 0.998283 ,0.0961771 -0.0376378 -1.59762 
E 246 237 :0.997513 0.0301734 -0.0637007 -0.0308797 0.999472 -0.0101324 0.0633613 0.0120742 0.997918 ,0.10744 -0.0300984 -1.77002 
E 245 244 :0.999436 -0.00531863 -0.0331616 0.00432455 0.999541 -0.0299768 0.0333058 0.0298165 0.999 ,0.000974045 0.0197008 -0.17012 
E 245 243 :0.997622 0.0092864 -0.0682914 -0.0126251 0.998738 -0.0486206 0.0677537 0.0493672 0.99648 ,0.0155192 0.0164716 -0.356532 
E 245 242 :0.997051 0.0242609 -0.0727993 -0.0255827 0.999523 -0.0172803 0.0723453 0.0190918 0.997197 ,0.0311908 0.001799 -0.550734 
E 245 241 :0.998938 0.00114522 -0.0460629 -0.00175214 0.999912 -0.0131378 0.0460438 0.0132045 0.998852 ,0.046338 0.026475 -0.736626 
E 245 240 :0.999553 -0.00266973 -0.0297875 0.0019799 0.99973 -0.0231639 0.0298413 0.0230946 0.999288 ,0.052319 0.0527735 -0.931286 
E 245 239 :0.999846 0.00404895 -0.0170584 -0.00384929 0.999924 0.0117213 0.0171046 -0.0116538 0.999786 ,0.054773 0.0338242 -1.12537 
E 245 238 :0.999773 0.0157981 -0.0142938 -0.0155135 0.999683 0.0198067 0.0146021 -0.0195804 0.999702 ,0.0559878 0.0109836 -1.36036 
E 245 237 :0.999291 0.0195895 -0.0321492 -0.0204806 0.999409 -0.0276259 0.031589 0.0282648 0.999101 ,0.0617357 0.0215469 -1.53287 
E 248 247 :0.999379 0.00597345 0.0347306 -0.00589669 0.99998 -0.00231197 -0.0347437 0.00210574 0.999394 ,0.000494914 0.0224117 -0.182559 
E 248 246 :0.999134 0.00964941 0.0404718 -0.00996369 0.999922 0.00757085 -0.0403956 -0.00796754 0.999152 ,-0.00823693 0.00435907 -0.375531 
E 248 245 :0.999747 0.0204433 0.00935845 -0.0206719 0.999473 0.0250275 -0.00884187 -0.0252146 0.999643 ,-0.0206321 -0.0221035 -0.614737 
E 248 244 :0.999583 0.0153957 -0.0244169 -0.0155045 0.999871 -0.00427305 0.024348 0.00464984 0.999693 ,-0.0208476 -0.00669091 -0.785302 
E 248 243 :0.997746 0.0301635 -0.0599426 -0.0315455 0.999255 -0.0222439 0.059227 0.0240847 0.997954 ,-0.00811674 -0.0148844 -0.971695 
E 248 242 :0.996953 0.0448669 -0.0638019 -0.0443696 0.998973 0.00919102 0.0641487 -0.00633216 0.99792 ,0.00543356 -0.0347337 -1.1656 
E 248 241 :0.99908 0.02171 -0.0369721 -0.0212489 0.999692 0.0128201 0.0372391 -0.0120227 0.999234 ,0.0193417 -0.0150362 -1.35218 
E 248 240 :0.99962 0.0179848 -0.0209017 -0.017937 0.999836 0.0024737 0.0209428 -0.00209785 0.999778 ,0.0240371 0.00625294 -1.54748 
E 250 249 :0.998736 0.0302867 -0.0401021 -0.0305408 0.999517 -0.00573874 0.039909 0.00695624 0.999179 ,0.00472083 -0.02763 -0.194847 
E 250 248 :0.999879 0.00848073 -0.0130768 -0.00868307 0.999842 -0.0154949 0.0129434 0.0156065 0.999794 ,0.0197686 -0.0407431 -0.43685 
E 250 247 :0.999662 0.0144257 0.0216378 -0.0140351 0.999738 -0.0180987 -0.0218933 0.0177888 0.999602 ,0.0228408 -0.0155105 -0.619015 
E 250 246 :0.999456 0.0182325 0.0274653 -0.0180117 0.999804 -0.0082635 -0.0276106 0.00776431 0.999589 ,0.0164804 -0.0304944 -0.812342 
E 250 245 :0.999566 0.0292468 -0.00350259 -0.0292126 0.999529 0.00945291 0.00377741 -0.00934649 0.999949 ,0.0069903 -0.0531387 -1.05207 
E 250 244 :0.999012 0.0238126 -0.037523 -0.0245587 0.999507 -0.0195505 0.037039 0.0204527 0.999105 ,0.00913596 -0.0350838 -1.22236 
E 250 242 :0.995617 0.0534163 -0.0767658 -0.0540132 0.998524 -0.00571908 0.076347 0.00984039 0.997033 ,0.0401492 -0.0574577 -1.60268 
E 250 243 :0.996583 0.0383193 -0.073174 -0.0411217 0.998462 -0.0371831 0.0716367 0.0400651 0.996626 ,0.0242333 -0.0404984 -1.40868 
E 253 252 :0.99988 -0.0149032 -0.00423125 0.0149331 0.999863 0.00712073 0.00412455 -0.00718306 0.999966 ,-0.00305274 -0.00681587 -0.203122 
E 253 251 :0.998661 0.00446056 -0.0515311 -0.00282119 0.999489 0.0318423 0.0516468 -0.0316543 0.998164 ,-0.00295145 -0.037831 -0.462724 
E 253 250 :0.989361 0.00706837 -0.145311 -0.00794594 0.999954 -0.00545972 0.145266 0.00655627 0.989371 ,0.0181744 -0.014117 -0.765782 
E 253 249 :0.982096 0.0360186 -0.184908 -0.0386932 0.999192 -0.0108751 0.184367 0.017835 0.982696 ,0.0509632 -0.0407194 -0.958053 
E 249 248 :0.999397 -0.0214431 0.0273137 0.0216942 0.999725 -0.00892864 -0.0271147 0.0095158 0.999587 ,0.00577114 -0.0143345 -0.242332 
E 249 247 :0.997954 -0.0154153 0.0620563 0.0160959 0.999816 -0.0104811 -0.0618833 0.0114585 0.998018 ,0.000798823 0.00971178 -0.424615 
E 249 246 :0.997642 -0.0120155 0.0675756 0.0120751 0.999927 -0.000474296 -0.0675649 0.00128916 0.997714 ,-0.0128114 -0.0068023 -0.617443 
E 249 245 :0.999346 -0.00168959 0.0361201 0.0011014 0.999867 0.0162982 -0.0361428 -0.0162477 0.999215 ,-0.0311653 -0.0313907 -0.856466 
E 249 244 :0.999978 -0.00592699 0.00299474 0.00596757 0.999888 -0.0137275 -0.00291304 0.013745 0.999901 ,-0.03637 -0.0144641 -1.02681 
E 249 243 :0.999438 0.00937602 -0.0321717 -0.0104203 0.999419 -0.0324486 0.0318487 0.0327656 0.998955 ,-0.0285621 -0.020715 -1.21355 
E 249 242 :0.999056 0.0232458 -0.0367036 -0.0233021 0.999728 -0.0011057 0.0366679 0.00195993 0.999326 ,-0.0198905 -0.0385335 -1.40792 
E 257 256 :0.999686 -0.00183296 -0.0250104 0.00274449 0.999331 0.0364606 0.0249268 -0.0365178 0.999022 ,0.0184536 -0.0431857 -0.458076 
E 257 255 :0.993158 -0.00566293 -0.116644 0.00357534 0.99983 -0.0180985 0.116727 0.0175577 0.993009 ,0.0296517 -0.0292249 -0.704762 
E 256 255 :0.995765 -0.00247948 -0.0919048 -0.00251007 0.99853 -0.0541351 0.0919039 0.0541365 0.994295 ,0.00508379 0.0229393 -0.246216 
E 256 254 :0.993297 -0.00799297 -0.115314 0.0059021 0.999812 -0.0184619 0.11544 0.0176576 0.993157 ,0.0639493 0.00379105 -0.638716 
E 256 253 :0.994888 -0.0136452 -0.100059 0.0108956 0.999549 -0.0279753 0.100396 0.0267421 0.994588 ,0.0972469 0.0506433 -0.882748 
E 255 254 :0.999685 -0.00884592 -0.0235046 0.00968011 0.999319 0.0356172 0.0231735 -0.0358335 0.999089 ,0.022592 -0.0405147 -0.394634 
E 255 253 :0.999874 -0.0136387 -0.00815867 0.0138479 0.999562 0.0261574 0.00779835 -0.0262671 0.999625 ,0.0332035 -0.0070249 -0.64287 
E 255 252 :0.999516 -0.0284796 -0.0124862 0.0288807 0.999031 0.0332155 0.0115282 -0.0335601 0.99937 ,0.0319013 -0.0191932 -0.84576 
E 252 251 :0.998712 0.0192549 -0.0469325 -0.0180751 0.999513 0.0254361 0.0473994 -0.024555 0.998574 ,-0.00143262 -0.0291477 -0.259815 
E 252 250 :0.989723 0.022027 -0.141295 -0.023733 0.999664 -0.0104001 0.141018 0.0136465 0.989913 ,0.0187949 -0.00357481 -0.562782 
E 252 249 :0.98216 0.0510089 -0.180995 -0.0546486 0.99839 -0.0151766 0.17993 0.024797 0.983367 ,0.0503894 -0.0292811 -0.755376 
E 252 248 :0.987582 0.028212 -0.154549 -0.0325449 0.999143 -0.0255773 0.153695 0.0302894 0.987654 ,0.0991873 -0.0402301 -0.992994 
E 262 261 :0.998582 0.00322097 0.0531408 -0.00294731 0.999982 -0.00522734 -0.0531567 0.0050633 0.998573 ,-0.000330326 -0.0160652 -0.553245 
E 262 260 :0.99548 -0.00748998 0.094677 0.00601351 0.999856 0.0158705 -0.0947822 -0.0152295 0.995382 ,-0.0284677 -0.038479 -0.945814 
E 262 259 :0.997184 -0.0127457 0.0738992 0.0116599 0.999818 0.0151057 -0.0740783 -0.0142015 0.997151 ,-0.0513571 -0.0271585 -1.39069 
E 420 417 :0.997939 0.0121604 0.0630043 -0.013891 0.999536 0.0271037 -0.0626455 -0.0279231 0.997645 ,-0.222282 -0.334307 -1.92768 
E 420 416 :0.998927 0.0429017 0.0174648 -0.0432238 0.998894 0.0185036 -0.0166517 -0.0192386 0.999676 ,-0.360589 -0.443587 -2.53529 
E 420 415 :0.904598 0.108622 0.412194 -0.112304 0.993555 -0.0153629 -0.411206 -0.0323936 0.910967 ,-0.480385 -0.567506 -3.10669 
E 420 414 :0.788758 0.158848 0.593825 -0.163831 0.985416 -0.0459876 -0.59247 -0.0610136 0.803279 ,-0.77685 -0.666975 -3.62792 
E 420 413 :0.64137 0.155862 0.751233 -0.170862 0.983575 -0.0581928 -0.747964 -0.0910338 0.657467 ,-1.0087 -0.711988 -3.91218 
E 261 260 :0.999089 -0.00961669 0.0415847 0.0087399 0.999737 0.0212151 -0.0417778 -0.0208323 0.99891 ,-0.00716372 -0.0244917 -0.393387 
E 261 259 :0.999673 -0.0149195 0.0207446 0.0144966 0.999687 0.0203924 -0.0210423 -0.020085 0.999577 ,-0.00640558 -0.0154977 -0.838909 
E 261 258 :0.999906 -0.0128505 0.00475015 0.0126742 0.999291 0.035446 -0.00520229 -0.0353825 0.99936 ,0.00773565 -0.0378906 -1.03823 
E 259 258 :0.999873 0.00238447 -0.0157664 -0.00214336 0.999881 0.0152919 0.015801 -0.0152561 0.999759 ,0.0180062 -0.0185934 -0.199402 
E 259 257 :0.999183 -0.0123323 0.0384784 0.0125537 0.999906 -0.00551624 -0.0384068 0.00599478 0.999244 ,0.0491969 -0.00817437 -0.63996 
E 259 256 :0.999794 -0.0155607 0.0130012 0.0151564 0.999416 0.0306324 -0.0134703 -0.030429 0.999446 ,0.0505419 -0.0485974 -1.09866 
E 273 272 :0.997226 -0.0255044 0.0699301 0.024853 0.999639 0.0101693 -0.0701643 -0.00840311 0.9975 ,0.0169966 0.00650902 -0.635259 
E 273 271 :0.999819 -0.00728637 -0.0175674 0.00678258 0.999569 -0.0285685 0.017768 0.0284442 0.999437 ,-0.00144766 -0.0187784 -1.24897 
E 273 269 :0.995632 -0.0285051 0.088902 0.0266722 0.999408 0.0217383 -0.089469 -0.0192721 0.995803 ,-0.0156656 -0.0662589 -2.20613 
E 273 268 :0.999016 0.00273699 0.0442663 -0.00381574 0.999697 0.0243034 -0.0441864 -0.0244484 0.998724 ,-0.0373523 -0.0727333 -2.81854 
E 272 271 :0.995967 0.0155804 -0.0883535 -0.018869 0.999155 -0.0365086 0.0877101 0.0380285 0.99542 ,0.0240388 -0.0196508 -0.613722 
E 272 269 :0.999811 -0.00223551 0.0193258 0.00202132 0.999936 0.0110952 -0.0193494 -0.011054 0.999752 ,0.0758386 -0.0587084 -1.56996 
E 272 268 :0.99925 0.0292903 -0.0253272 -0.0289224 0.999472 0.0147733 0.0257466 -0.0140297 0.99957 ,0.0970206 -0.0594813 -2.18243 
E 272 267 :0.999564 0.00683789 0.0287105 -0.00692267 0.999972 0.00285456 -0.0286901 -0.00305207 0.999584 ,0.0898434 -0.074941 -2.78255 
E 264 263 :0.99138 0.00875814 0.130723 -0.00997656 0.999913 0.00866864 -0.130635 -0.00989808 0.991381 ,-0.0167115 -0.0213456 -0.578008 
E 264 262 :0.993745 -0.0173705 0.110315 0.0144814 0.999532 0.0269365 -0.110732 -0.0251705 0.993532 ,-0.126001 -0.0569791 -1.16148 
E 264 261 :0.986523 -0.0136108 0.163057 0.0100831 0.999697 0.0224427 -0.163313 -0.0204961 0.986361 ,-0.187082 -0.087944 -1.71071 
E 266 265 :0.994976 -0.00175779 0.100096 -0.00064915 0.999712 0.0240086 -0.100109 -0.023953 0.994688 ,-0.0370841 -0.0126719 -0.595198 
E 266 264 :0.996287 0.0165471 0.0844931 -0.0173767 0.999808 0.00909343 -0.0843264 -0.0105279 0.996383 ,-0.115428 -0.0394523 -1.16994 
E 266 263 :0.976496 0.0244349 0.214146 -0.0283895 0.999478 0.0154105 -0.213657 -0.0211278 0.97668 ,-0.181268 -0.0657595 -1.74422 
E 266 262 :0.980938 -0.00289338 0.194298 -0.00379634 0.999413 0.034049 -0.194282 -0.0341376 0.980351 ,-0.340041 -0.104793 -2.31599 
E 266 261 :0.969227 0.00125004 0.246164 -0.00854646 0.999555 0.0285744 -0.246019 -0.0297989 0.968807 ,-0.447813 -0.139685 -2.85775 
E 263 262 :0.9995 -0.0239045 -0.0206945 0.0242796 0.999542 0.0180662 0.0202532 -0.0185596 0.999623 ,-0.0317699 -0.0308122 -0.59304 
E 263 261 :0.999253 -0.0207895 0.0325742 0.0203388 0.999694 0.0141057 -0.0328575 -0.0134327 0.99937 ,-0.0202669 -0.0568731 -1.14578 
E 263 260 :0.9968 -0.0310721 0.0736513 0.0284682 0.998941 0.0361448 -0.0746964 -0.0339324 0.996629 ,-0.0397304 -0.087052 -1.53836 
E 263 259 :0.99794 -0.0363456 0.0528656 0.0345275 0.998794 0.0349078 -0.0540706 -0.0330106 0.997991 ,-0.0536723 -0.0843298 -1.98375 
E 269 268 :0.998504 0.0315765 -0.0446337 -0.031439 0.999499 0.00377965 0.0447307 -0.00237076 0.998996 ,0.0330272 0.00595002 -0.61191 
E 269 267 :0.999916 0.00891692 0.00936944 -0.00883962 0.999927 -0.00825924 -0.0094424 0.00817573 0.999922 ,0.0374322 -0.00285891 -1.21219 
E 269 266 :0.99448 0.0116714 -0.104278 -0.0162607 0.998931 -0.043269 0.103662 0.0447257 0.993606 ,0.0528275 -0.00461817 -1.80196 
E 269 265 :0.999915 0.0124177 -0.0039005 -0.0124959 0.999708 -0.0206838 0.00364251 0.0207308 0.999778 ,0.0778664 0.00908008 -2.39777 
E 269 264 :0.999377 0.0292227 -0.0197681 -0.0299098 0.998925 -0.0354027 0.0187123 0.0359719 0.999178 ,0.0595756 0.00847064 -2.97815 
E 269 263 :0.993054 0.0381685 0.111297 -0.034993 0.998927 -0.0303481 -0.112336 0.0262427 0.993324 ,0.0536768 0.00811078 -3.55676 
E 269 262 :0.995738 0.012347 0.0913937 -0.0113366 0.999869 -0.0115656 -0.0915245 0.0104802 0.995748 ,-0.045052 -0.00355903 -4.14308 
E 268 267 :0.998276 -0.0221674 0.0543422 0.0227611 0.999688 -0.0103298 -0.0540963 0.0115489 0.998469 ,-0.0221757 -0.00724229 -0.59991 
E 268 266 :0.99814 -0.0177508 -0.0583171 0.0149039 0.998693 -0.0488956 0.0591088 0.0479355 0.9971 ,-0.0331289 -0.00711633 -1.18978 
E 268 265 :0.998975 -0.0181033 0.0414764 0.0190756 0.99955 -0.0231668 -0.0410383 0.0239343 0.998871 ,-0.0352088 0.00877819 -1.78605 
E 268 264 :0.99966 -0.000617155 0.0260683 0.0016177 0.999262 -0.0383779 -0.0260254 0.038407 0.998923 ,-0.0794141 0.00896746 -2.36504 
E 268 263 :0.987644 0.00788003 0.156517 -0.00335193 0.999569 -0.0291734 -0.156679 0.0282883 0.987244 ,-0.111174 0.00979326 -2.94281 
E 268 262 :0.990511 -0.0186376 0.136161 0.020328 0.999732 -0.0110346 -0.135919 0.0136978 0.990625 ,-0.235615 -0.00359818 -3.52418 
E 265 264 :0.999735 0.0168689 -0.0156845 -0.0171031 0.999742 -0.0149241 0.0154287 0.0151883 0.999766 ,-0.0203957 -0.0128682 -0.580172 
E 265 263 :0.992998 0.0257784 0.115285 -0.0249801 0.999653 -0.00836478 -0.115461 0.00542638 0.993297 ,-0.0283971 -0.0252963 -1.15863 
E 265 262 :0.995462 -0.000110118 0.0951575 -0.000865878 0.999947 0.0102153 -0.0951536 -0.0102513 0.99541 ,-0.129107 -0.0503436 -1.74419 
E 265 261 :0.988993 0.00357805 0.147922 -0.00435481 0.999978 0.00492763 -0.147901 -0.00551757 0.988987 ,-0.18208 -0.0720592 -2.2947 
E 287 286 :0.999729 0.00535985 0.0226759 -0.00516368 0.999949 -0.00870094 -0.0227214 0.00858149 0.999705 ,0.0356784 0.0235178 -0.602216 
E 287 285 :0.997041 -0.0202478 0.0741545 0.0193327 0.999728 0.0130379 -0.0743984 -0.0115657 0.997162 ,0.0365486 0.0246737 -0.791001 
E 287 284 :0.99031 -0.0168942 0.137845 0.0169318 0.999856 0.000900155 -0.137841 0.00144253 0.990453 ,0.0219492 0.0637165 -1.03899 
E 287 283 :0.985264 -0.0172531 0.170169 0.0136011 0.999652 0.0226035 -0.1705 -0.0199559 0.985156 ,0.00959879 0.056949 -1.17098 
E 287 282 :0.984266 -0.00714061 0.17655 -0.00238792 0.998554 0.0536996 -0.176678 -0.0532762 0.982826 ,-0.0257272 0.0198887 -1.42671 
E 287 281 :0.990582 0.00121899 0.136915 -0.00240423 0.999961 0.00849168 -0.136899 -0.00874088 0.990546 ,-0.0792114 0.0604813 -1.73155 
E 287 280 :0.990757 -0.00677824 0.135476 -0.000433111 0.998588 0.0531294 -0.135645 -0.0526971 0.989355 ,-0.115365 0.0418842 -1.9946 
E 287 279 :0.980179 -0.0067263 0.198001 0.00244333 0.999758 0.0218674 -0.1981 -0.0209502 0.979958 ,-0.167403 0.0524436 -2.29856 
E 276 275 :0.99941 0.00895585 0.0331449 -0.00850245 0.999869 -0.013795 -0.0332641 0.013505 0.999355 ,-0.0188709 -0.0217804 -0.501664 
E 276 274 :0.99491 -0.0235846 0.0979728 0.0237078 0.999719 -9.34396e-05 -0.0979431 0.00241569 0.995189 ,-0.0511792 -0.043077 -0.882361 
E 276 273 :0.999441 0.00312865 0.0332892 -0.0021119 0.999531 -0.0305345 -0.0333691 0.0304472 0.998979 ,-0.0831035 -0.0398556 -1.49696 
E 276 272 :0.99441 -0.0226424 0.103129 0.0248778 0.999481 -0.0204413 -0.102613 0.0228927 0.994458 ,-0.0872433 -0.0139882 -2.13194 
E 267 266 :0.993561 0.00241795 -0.113269 -0.00654432 0.999328 -0.0360722 0.113106 0.0365812 0.992909 ,0.0209784 -0.00644365 -0.589565 
E 267 265 :0.999908 0.00338391 -0.0131576 -0.00354899 0.999915 -0.0125432 0.0131141 0.0125887 0.999835 ,0.0515199 0.00260573 -1.1852 
E 267 264 :0.999382 0.0200505 -0.0288881 -0.0208432 0.999407 -0.0274073 0.0283215 0.0279925 0.999207 ,0.0387162 -0.00291182 -1.76571 
E 267 263 :0.994341 0.0290874 0.102176 -0.0270539 0.999408 -0.0212323 -0.102734 0.0183479 0.99454 ,0.0382847 -0.00805484 -2.34433 
E 267 262 :0.996619 0.00340851 0.082086 -0.00320517 0.999991 -0.00260888 -0.0820942 0.00233696 0.996622 ,-0.0547965 -0.0253977 -2.93143 
E 279 278 :0.999621 -0.0214615 0.0172372 0.0218786 0.999463 -0.0243825 -0.0167047 0.0247504 0.999554 ,-0.0163196 -0.00253271 -0.1926 
E 279 277 :0.999258 -0.038377 0.00331711 0.0384194 0.999166 -0.0138343 -0.00278342 0.0139515 0.999899 ,-0.0536506 -0.0461571 -0.580229 
E 279 276 :0.996306 -0.00967522 -0.0853294 0.00830266 0.999831 -0.0164257 0.0854739 0.0156566 0.996217 ,-0.0740866 -0.00941517 -0.832181 
E 279 275 :0.998639 -0.00190356 -0.0521185 0.000343137 0.999552 -0.0299326 0.0521521 0.029874 0.998192 ,-0.0498703 -0.0231084 -1.3339 
E 279 274 :0.999362 -0.0333761 0.0126929 0.033573 0.999314 -0.0156267 -0.0121626 0.0160428 0.999797 ,-0.0493685 -0.0384164 -1.71625 
E 271 269 :0.994044 -0.0220638 0.106727 0.0168612 0.998636 0.049406 -0.107671 -0.0473122 0.99306 ,-0.0315442 -0.074582 -0.955013 
E 271 268 :0.998024 0.00908263 0.0621685 -0.0123501 0.998551 0.0523783 -0.0616027 -0.0530426 0.99669 ,-0.0641522 -0.0983153 -1.56651 
E 271 267 :0.993148 -0.0123258 0.116214 0.00756575 0.999118 0.0413121 -0.116621 -0.0401498 0.992365 ,-0.123645 -0.136695 -2.16269 
E 271 266 :0.999978 -0.00566492 0.0033422 0.00565112 0.999976 0.00412188 -0.00336547 -0.0041029 0.999986 ,-0.171247 -0.167331 -2.74994 
E 271 265 :0.994624 -0.00750109 0.103282 0.00456096 0.999578 0.0286737 -0.103454 -0.0280484 0.994239 ,-0.210248 -0.182665 -3.34495 
E 277 276 :0.995647 0.0287013 -0.0886701 -0.028747 0.999586 0.000761402 0.0886553 0.00179091 0.996061 ,-0.0183079 0.0339805 -0.252502 
E 277 275 :0.997766 0.0364169 -0.0560082 -0.0372544 0.999208 -0.0139812 0.0554547 0.0160365 0.998332 ,0.00676078 0.0123696 -0.753902 
E 277 274 :0.999944 0.00499705 0.00930024 -0.00497724 0.999985 -0.00215209 -0.00931086 0.00210568 0.999954 ,0.00773833 -0.00827926 -1.136 
E 277 273 :0.997989 0.0291031 -0.0563117 -0.0308674 0.999051 -0.0307182 0.0553642 0.0323947 0.997941 ,0.0305416 -0.00460944 -1.751 
E 275 274 :0.997379 -0.0321511 0.0648118 0.0312923 0.999409 0.0142241 -0.0652308 -0.0121587 0.997796 ,-0.0194446 -0.0267244 -0.381229 
E 275 273 :0.99998 -0.00638446 0.000298996 0.00638857 0.999839 -0.0167411 -0.000192065 0.0167427 0.99986 ,-0.0309336 -0.0320895 -0.99653 
E 275 272 :0.997026 -0.0318886 0.070162 0.0323945 0.999457 -0.00608485 -0.0699299 0.00833962 0.997517 ,-0.0141688 -0.014838 -1.63159 
E 275 271 :0.999761 -0.0136594 -0.0170859 0.0128715 0.998886 -0.0454079 0.0176871 0.0451771 0.998822 ,-0.0326347 -0.029965 -2.24564 
E 274 273 :0.997572 0.0238274 -0.0654473 -0.0257634 0.99925 -0.0288978 0.0647097 0.0305138 0.997437 ,0.0285099 0.00248872 -0.614766 
E 274 272 :0.999988 -0.00107376 0.00471894 0.00117013 0.99979 -0.0204656 -0.00469597 0.0204708 0.999779 ,0.0871963 0.0269126 -1.2471 
E 274 271 :0.99639 0.0146868 -0.083616 -0.0194947 0.998185 -0.0569761 0.0826274 0.0584005 0.994868 ,0.10836 0.0198542 -1.8612 
E 274 269 :0.999706 -0.00336134 0.0240315 0.0035868 0.99995 -0.00934499 -0.0239988 0.00942843 0.999668 ,0.155689 0.000435387 -2.81827 
E 278 277 :0.999766 -0.0167352 -0.0136898 0.0168843 0.999799 0.0108498 0.0135055 -0.0110784 0.999847 ,-0.031796 -0.0523938 -0.387036 
E 278 276 :0.994682 0.0119418 -0.102298 -0.0109685 0.999889 0.0100712 0.102407 -0.00889559 0.994703 ,-0.0472117 -0.0214689 -0.640124 
E 278 275 :0.997397 0.0194669 -0.0694281 -0.0197986 0.999796 -0.0040923 0.0693342 0.00545623 0.997579 ,-0.0149231 -0.0480923 -1.14087 
E 278 274 :0.999921 -0.0117679 -0.00435508 0.0118061 0.999891 0.00885471 0.00425041 -0.00890543 0.999951 ,-0.00836933 -0.0728662 -1.52267 
E 278 273 :0.997514 0.0119335 -0.069446 -0.0134101 0.999693 -0.0208353 0.0691761 0.0217148 0.997368 ,0.0227864 -0.0754847 -2.13731 
E 280 279 :0.99799 -0.00425534 0.0632349 0.00623527 0.999495 -0.0311464 -0.0630704 0.0314781 0.997513 ,-0.010332 0.0269147 -0.307209 
E 280 278 :0.996462 -0.0241064 0.080513 0.0286207 0.998054 -0.0553953 -0.0790209 0.0575036 0.995213 ,-0.038787 0.0302803 -0.49838 
E 280 277 :0.996909 -0.0416694 0.0665978 0.0447174 0.997988 -0.0449499 -0.0645907 0.0477891 0.996767 ,-0.100369 -0.0014816 -0.884063 
E 280 276 :0.999672 -0.0129204 -0.0220923 0.0118485 0.998778 -0.0479781 0.0226852 0.0477006 0.998604 ,-0.136852 0.0429618 -1.13294 
E 280 275 :0.999928 -0.00426409 0.0112342 0.0049454 0.998105 -0.0613326 -0.0109514 0.0613837 0.998054 ,-0.144353 0.0450532 -1.63537 
E 282 281 :0.999189 0.0003563 -0.040267 -0.00218062 0.998972 -0.0452708 0.0402095 0.0453219 0.998163 ,0.00112003 0.0571569 -0.306874 
E 282 280 :0.999135 0.000254259 -0.0415794 -0.000280442 1 -0.000623869 0.0415792 0.00063499 0.999135 ,0.0120543 0.052859 -0.572785 
E 282 279 :0.999751 -0.00530637 0.0216963 0.00599474 0.999477 -0.0317865 -0.0215163 0.0319086 0.999259 ,0.0145117 0.0799683 -0.88014 
E 282 278 :0.998893 -0.0262227 0.0390489 0.0283906 0.998025 -0.0560387 -0.0375023 0.0570853 0.997665 ,-0.00596915 0.0834611 -1.07233 
E 282 277 :0.998744 -0.0433667 0.0250838 0.0444781 0.99797 -0.0455904 -0.0230558 0.0466489 0.998645 ,-0.0514694 0.0519571 -1.46026 
E 296 295 :0.997465 0.0113682 -0.0702462 -0.00981529 0.999701 0.0224122 0.0704799 -0.0216659 0.997278 ,0.0258562 0.0117655 -0.610497 
E 296 294 :0.999451 -0.0219953 0.0247617 0.0218953 0.999751 0.00430076 -0.0248501 -0.00375623 0.999684 ,0.0474582 0.0012103 -1.15198 
E 296 293 :0.99936 0.0308494 -0.0181099 -0.0318861 0.997685 -0.0600617 0.0162151 0.0606007 0.99803 ,0.0697745 -0.00648405 -1.7394 
E 296 292 :0.983128 0.0455761 0.177149 -0.0355567 0.997605 -0.0593298 -0.179428 0.05203 0.982394 ,0.077147 -0.00300442 -2.34067 
E 296 291 :0.983162 0.0301066 0.180241 -0.0286893 0.999534 -0.0104654 -0.180472 0.0051182 0.983567 ,-0.0639179 0.00121925 -2.90996 
E 284 283 :0.999448 0.00259074 0.0331086 -0.00329209 0.999771 0.0211465 -0.0330462 -0.0212438 0.999228 ,0.0058482 -0.00674832 -0.132438 
E 284 282 :0.999041 0.0171795 0.0402746 -0.0192708 0.998455 0.0521269 -0.0393168 -0.0528531 0.997828 ,0.00548724 -0.0435754 -0.390631 
E 284 281 :0.999813 0.0193431 -0.000805527 -0.0193365 0.999784 0.00760628 0.000952483 -0.00758928 0.999971 ,-0.0047711 -0.00252476 -0.699903 
E 284 280 :0.999847 0.0174591 -0.00131045 -0.0173668 0.998482 0.0522602 0.00222088 -0.0522294 0.998633 ,-0.00463059 -0.0208879 -0.965439 
E 284 279 :0.998028 0.0131544 0.0613742 -0.0144021 0.999698 0.0199329 -0.0610934 -0.0207775 0.997916 ,-0.0140885 -0.00988936 -1.27366 
E 284 278 :0.996913 -0.00675289 0.0782293 0.00714233 0.999963 -0.00469943 -0.0781947 0.00524366 0.996924 ,-0.0422299 -0.0160253 -1.46481 
E 284 277 :0.997622 -0.0243017 0.0644966 0.0239609 0.999695 0.00605295 -0.064624 -0.00449316 0.9979 ,-0.103852 -0.0668255 -1.84844 
E 281 280 :0.999997 -0.00190104 -0.00136956 0.00196029 0.999001 0.0446447 0.00128332 -0.0446472 0.999002 ,0.000242636 -0.0163412 -0.265668 
E 281 279 :0.998061 -0.00619852 0.0619277 0.00536963 0.999894 0.0135423 -0.0620051 -0.0131835 0.997989 ,-0.00971973 -0.00318886 -0.573785 
E 281 278 :0.996513 -0.0260824 0.079255 0.0270176 0.999577 -0.0107512 -0.0789411 0.012855 0.996796 ,-0.0379193 -0.00841718 -0.764953 
E 281 277 :0.99691 -0.043632 0.0653179 0.0437433 0.999043 -0.000274135 -0.0652434 0.00313051 0.997864 ,-0.0989125 -0.0574868 -1.14891 
E 281 276 :0.999616 -0.0148844 -0.0233687 0.0148091 0.999885 -0.0033911 0.0234165 0.00304373 0.999721 ,-0.135139 -0.0242705 -1.39957 
E 281 275 :0.999931 -0.00624559 0.00998389 0.00641168 0.99984 -0.0166915 -0.00987805 0.0167543 0.999811 ,-0.141956 -0.0446267 -1.90161 
E 286 285 :0.998361 -0.0251418 0.0514102 0.0240373 0.999469 0.0219918 -0.0519358 -0.02072 0.998435 ,0.00515347 -0.000459564 -0.188719 
E 286 284 :0.993085 -0.0220853 0.115299 0.0210559 0.999727 0.0101385 -0.115491 -0.00764068 0.993279 ,-0.00400906 0.0363749 -0.437302 
E 286 283 :0.9888 -0.0219568 0.147622 0.0174181 0.999337 0.0319685 -0.148226 -0.0290391 0.988527 ,-0.0133222 0.0284089 -0.569474 
E 286 282 :0.988025 -0.0110844 0.153893 0.00137156 0.998008 0.0630772 -0.154286 -0.0621108 0.986072 ,-0.0426367 -0.0110334 -0.825609 
E 286 281 :0.993436 -0.00374621 0.114327 0.00173047 0.999841 0.0177255 -0.114376 -0.0174113 0.993285 ,-0.0893894 0.0266544 -1.13193 
E 286 280 :0.993573 -0.0107354 0.112686 0.00371319 0.998048 0.062343 -0.113135 -0.0615239 0.991673 ,-0.11946 0.00560716 -1.39556 
E 286 279 :0.984401 -0.0114109 0.175568 0.00599683 0.999491 0.0313371 -0.175836 -0.0297954 0.983968 ,-0.164633 0.0132786 -1.7007 
E 286 278 :0.980846 -0.0281861 0.192736 0.0273385 0.999601 0.00705637 -0.192858 -0.00165208 0.981225 ,-0.214483 0.00461384 -1.88726 
E 286 277 :0.982743 -0.0467303 0.178974 0.044305 0.998864 0.0175265 -0.179589 -0.00929467 0.983698 ,-0.318789 -0.0513594 -2.26081 
E 285 284 :0.997962 0.00237839 0.0637668 -0.00153023 0.99991 -0.0133465 -0.0637928 0.0132217 0.997876 ,0.00464824 0.0421959 -0.247855 
E 285 283 :0.995296 0.00360866 0.0968089 -0.00438013 0.99996 0.00775771 -0.0967771 -0.00814525 0.995273 ,0.00202334 0.0372069 -0.380474 
E 285 282 :0.994452 0.016149 0.103945 -0.0202731 0.999044 0.0387431 -0.10322 -0.0406355 0.993828 ,-0.0148886 0.00382968 -0.638582 
E 285 281 :0.99779 0.0211977 0.0629791 -0.0208774 0.999766 -0.00573925 -0.063086 0.00441173 0.997998 ,-0.0447497 0.04902 -0.946 
E 285 280 :0.997909 0.0164678 0.0624961 -0.0189249 0.999063 0.0389293 -0.0617964 -0.0400306 0.997286 ,-0.0615856 0.0342023 -1.21122 
E 285 279 :0.992064 0.0141803 0.12493 -0.0151127 0.999865 0.00651849 -0.124821 -0.00835479 0.992144 ,-0.090652 0.0493279 -1.51804 
E 285 278 :0.989912 -0.00402645 0.141629 0.00665979 0.999814 -0.0181241 -0.14153 0.0188845 0.989754 ,-0.13094 0.0457867 -1.70707 
E 291 290 :0.954799 0.0164629 0.296795 -0.0167023 0.999859 -0.00172905 -0.296782 -0.00330628 0.95494 ,-0.0647664 -0.0244382 -0.630179 
E 291 289 :0.852775 0.0277664 0.52154 -0.0473701 0.998582 0.0242917 -0.520126 -0.0454207 0.852881 ,-0.239152 -0.050895 -1.1691 
E 291 288 :0.720381 0.0144771 0.693427 -0.0700002 0.996195 0.0519229 -0.690037 -0.0859443 0.718653 ,-0.431074 -0.0851802 -1.54293 
E 291 287 :0.501665 -0.0238187 0.864734 -0.072638 0.994931 0.0695449 -0.862007 -0.0977008 0.497392 ,-0.768925 -0.130007 -1.89836 
E 283 282 :0.999853 0.0156296 0.00710635 -0.0158429 0.999393 0.0310217 -0.00661718 -0.0311297 0.999493 ,0.00829277 -0.0313345 -0.258785 
E 283 281 :0.999293 0.0162919 -0.0338753 -0.016762 0.999766 -0.0136407 0.0336452 0.0141989 0.999333 ,0.00812522 0.0162502 -0.56729 
E 283 280 :0.999279 0.0158884 -0.0344828 -0.0148196 0.999409 0.0310301 0.0349554 -0.0304967 0.998923 ,0.0171011 0.00353266 -0.833005 
E 283 279 :0.999544 0.0105426 0.0282974 -0.0105154 0.999944 -0.00111221 -0.0283075 0.000814142 0.999599 ,0.0177976 0.0210518 -1.14106 
E 283 278 :0.998923 -0.0102144 0.0452571 0.0113846 0.999606 -0.0256741 -0.044977 0.0261617 0.998645 ,-0.00399137 0.0189051 -1.33313 
E 283 277 :0.999128 -0.0274309 0.0314643 0.0279128 0.999498 -0.0149805 -0.0310376 0.0158457 0.999393 ,-0.0527341 -0.0238932 -1.71958 
E 289 288 :0.976545 0.00985775 0.215088 -0.0185566 0.999088 0.0384615 -0.214513 -0.0415507 0.975837 ,0.0323978 -0.0225859 -0.419763 
E 289 287 :0.8796 -0.0166253 0.475423 -0.0194526 0.997296 0.0708649 -0.475316 -0.071581 0.876899 ,-0.0687228 -0.0605863 -0.900192 
E 289 286 :0.868645 -0.00783004 0.495373 -0.0262072 0.997749 0.0617255 -0.494741 -0.0665999 0.866484 ,-0.324038 -0.0805021 -1.44692 
E 289 285 :0.841306 -0.0399294 0.539083 -0.00538684 0.996599 0.0822239 -0.540533 -0.0720794 0.838229 ,-0.413045 -0.0927445 -1.61296 
E 289 284 :0.805262 -0.0307972 0.592118 -0.0121462 0.997584 0.0684047 -0.592794 -0.0622757 0.802943 ,-0.544434 -0.0710967 -1.82627 
E 290 289 :0.969384 0.0233127 0.24444 -0.0316046 0.999048 0.0300544 -0.243507 -0.0368597 0.969198 ,-0.00611983 -0.0275421 -0.566345 
E 290 288 :0.893779 0.0226907 0.447934 -0.0558494 0.996577 0.0609553 -0.445017 -0.0794974 0.891986 ,-0.0778475 -0.0637461 -0.980236 
E 290 287 :0.736031 -0.0103639 0.676869 -0.0615189 0.994721 0.0821266 -0.674147 -0.102088 0.731508 ,-0.294194 -0.112954 -1.41984 
E 290 286 :0.720505 -0.000609798 0.69345 -0.0685046 0.995046 0.0720524 -0.690058 -0.0994186 0.716893 ,-0.675799 -0.141213 -1.88682 
E 290 285 :0.683295 -0.0330926 0.729393 -0.0482163 0.994747 0.0903007 -0.728549 -0.0968705 0.678109 ,-0.802953 -0.155621 -2.02562 
E 288 287 :0.961291 -0.0193867 0.274851 0.00898571 0.999197 0.0390511 -0.275387 -0.0350698 0.960694 ,0.00501463 -0.0190004 -0.492032 
E 288 286 :0.954886 -0.0118747 0.296737 0.00293645 0.999529 0.0305494 -0.29696 -0.0282999 0.954471 ,-0.126663 -0.0186981 -1.08123 
E 288 285 :0.937624 -0.0420244 0.345102 0.025371 0.998292 0.0526341 -0.346724 -0.0405954 0.937088 ,-0.177737 -0.0249076 -1.26287 
E 288 284 :0.913762 -0.0352277 0.404719 0.020434 0.998958 0.0408164 -0.405735 -0.0290265 0.91353 ,-0.260687 0.00428856 -1.49846 
E 288 283 :0.9 -0.0414501 0.433915 0.0157852 0.997915 0.0625858 -0.435604 -0.0494778 0.898777 ,-0.308706 -0.00773886 -1.62162 
E 288 281 :0.914658 -0.0206166 0.403703 0.00115271 0.998828 0.0483971 -0.404228 -0.0438014 0.913609 ,-0.548222 -0.0268986 -2.13583 
E 288 282 :0.897653 -0.0408659 0.438805 -0.000441146 0.995608 0.0936233 -0.440704 -0.0842348 0.893692 ,-0.412234 -0.0550734 -1.85627 
E 288 280 :0.915133 -0.040359 0.401127 0.00317281 0.995667 0.0929396 -0.40314 -0.0837793 0.911295 ,-0.654914 -0.0560779 -2.37793 
E 293 292 :0.980723 0.0145809 0.194857 -0.0160189 0.999855 0.00580621 -0.194744 -0.00881568 0.980815 ,-0.0024927 -0.0327382 -0.600426 
E 293 291 :0.980521 -0.00170092 0.196408 -0.00922971 0.998459 0.054724 -0.196198 -0.0554708 0.978994 ,-0.152833 -0.0673759 -1.1663 
E 293 290 :0.877939 0.0137921 0.478574 -0.0417302 0.997985 0.0477924 -0.476951 -0.0619298 0.876745 ,-0.340069 -0.125665 -1.76918 
E 293 289 :0.734088 0.016606 0.678852 -0.0836313 0.994301 0.0661136 -0.673885 -0.105306 0.731293 ,-0.61686 -0.179963 -2.2611 
E 295 294 :0.994951 -0.0320171 0.0951143 0.0337891 0.999283 -0.017078 -0.0944993 0.0202056 0.99532 ,-0.0165126 0.00142512 -0.54176 
E 295 293 :0.998282 0.0252497 0.0528666 -0.020867 0.996424 -0.0818727 -0.0547449 0.0806289 0.99524 ,-0.0355788 0.00671376 -1.12932 
E 295 292 :0.968339 0.0393358 0.246521 -0.0204822 0.996697 -0.0785826 -0.248798 0.0710453 0.965946 ,-0.0706364 0.0233031 -1.72939 
E 295 291 :0.968231 0.0205803 0.249208 -0.0135939 0.999466 -0.0297231 -0.249687 0.0253911 0.967994 ,-0.251509 0.0382562 -2.28714 
E 294 293 :0.997711 0.0511712 -0.0442162 -0.0539203 0.996531 -0.0633972 0.0408187 0.0656362 0.997008 ,0.036733 -0.0059768 -0.586717 
E 294 292 :0.986269 0.066101 0.15134 -0.056498 0.996159 -0.0669016 -0.155181 0.0574326 0.986215 ,0.0591193 -0.000401687 -1.1876 
E 294 291 :0.986479 0.051848 0.155471 -0.0496292 0.998603 -0.0181218 -0.156194 0.0101608 0.987674 ,-0.0676287 0.0090621 -1.76019 
E 294 290 :0.894882 0.0675669 0.441158 -0.0586867 0.997705 -0.0337615 -0.442427 0.00432247 0.896794 ,-0.230761 -0.000707744 -2.37273 
E 292 291 :0.999976 -0.0068598 0.00109232 0.00679811 0.998778 0.0489493 -0.00142677 -0.0489407 0.998801 ,-0.036687 -0.0318362 -0.584515 
E 292 290 :0.954567 0.00960003 0.297843 -0.0247184 0.998587 0.0470343 -0.296971 -0.0522596 0.953455 ,-0.101973 -0.0875317 -1.21265 
E 292 289 :0.852511 0.020866 0.522292 -0.0669747 0.995327 0.0695554 -0.5184 -0.0942771 0.849925 ,-0.276761 -0.141521 -1.74938 
E 292 288 :0.72009 0.00754922 0.69384 -0.0987943 0.990869 0.091751 -0.686811 -0.134616 0.714261 ,-0.468851 -0.195368 -2.12081 
E 300 299 :0.995684 0.0179442 0.0910618 -0.0128136 0.998314 -0.0566168 -0.0919242 0.0552056 0.994235 ,0.0255191 0.038213 -0.358455 
E 300 298 :0.996656 0.0163146 0.0800724 -0.0114867 0.998109 -0.0603882 -0.0809062 0.0592665 0.994958 ,0.0201419 -0.00526077 -0.78368 
E 300 296 :0.995574 -0.00272178 0.0939387 0.00671517 0.999086 -0.0422208 -0.0937379 0.0426647 0.994682 ,-0.0137718 -0.0135585 -2.00305 
E 300 295 :0.999698 0.00656164 0.0236867 -0.00608388 0.999778 -0.0201859 -0.0238139 0.0200357 0.999516 ,-0.0454114 0.0241455 -2.61222 
E 300 294 :0.992634 -0.0249719 0.118549 0.029636 0.998848 -0.0377443 -0.11747 0.0409796 0.992231 ,-0.0747421 0.0366067 -3.15329 
E 300 293 :0.996547 0.0336901 0.0758874 -0.0258307 0.994422 -0.102266 -0.0789094 0.0999526 0.991858 ,-0.107685 0.0538706 -3.74001 
E 300 292 :0.962019 0.0475468 0.268811 -0.0213467 0.994802 -0.0995634 -0.272148 0.0900436 0.958033 ,-0.156837 0.0827826 -4.33862 
E 299 298 :0.999938 -0.0019932 -0.0109602 0.00195031 0.99999 -0.00392228 0.0109679 0.00390066 0.999932 ,0.0342915 -0.0669717 -0.420801 
E 299 296 :0.999808 -0.0194338 0.00263886 0.0193937 0.999708 0.0144481 -0.00291887 -0.0143942 0.999892 ,0.11272 -0.14318 -1.63576 
E 299 295 :0.99765 -0.00811918 -0.0680365 0.0105505 0.999316 0.035452 0.0677021 -0.0360865 0.997053 ,0.136731 -0.139737 -2.24643 
E 299 294 :0.998768 -0.0414299 0.0273114 0.040913 0.998978 0.0192233 -0.0280799 -0.0180822 0.999442 ,0.157105 -0.157693 -2.78776 
E 299 293 :0.99983 0.0116145 -0.0143055 -0.0122612 0.998867 -0.0459757 0.0137553 0.0461433 0.99884 ,0.178017 -0.17344 -3.37508 
E 299 292 :0.983157 0.0263174 0.18086 -0.0190721 0.998949 -0.0416831 -0.181767 0.0375317 0.982625 ,0.183734 -0.178505 -3.97635 
E 303 302 :0.999926 -0.0114124 0.0042355 0.0113301 0.999756 0.0189661 -0.00445091 -0.0189167 0.999811 ,0.00319497 -0.0381582 -0.368757 
E 303 301 :0.996874 -0.0301454 0.0730252 0.0291336 0.999465 0.0148822 -0.0734348 -0.0127082 0.997219 ,-0.0235146 -0.0762413 -1.02454 
E 303 300 :0.997573 -0.0427766 0.0549427 0.0391342 0.997069 0.0657417 -0.0575938 -0.063432 0.996323 ,-0.0336692 -0.0768118 -1.70152 
E 303 298 :0.990283 -0.0231644 0.137127 0.0222313 0.999718 0.00833259 -0.137281 -0.00520311 0.990518 ,-0.0564086 -0.132789 -2.48314 
E 303 299 :0.988764 -0.0217707 0.147889 0.020146 0.999719 0.0124754 -0.148119 -0.00935589 0.988925 ,-0.0295412 -0.0612776 -2.06255 
E 303 296 :0.98772 -0.0431085 0.150167 0.039494 0.998856 0.0269713 -0.151158 -0.0207094 0.988293 ,-0.15688 -0.222553 -3.69555 
E 303 295 :0.996223 -0.0351205 0.0794088 0.0314907 0.998421 0.0465101 -0.0809169 -0.0438338 0.995757 ,-0.223525 -0.226246 -4.30305 
E 303 294 :0.982503 -0.065387 0.174392 0.0606723 0.997637 0.0322365 -0.176088 -0.0210917 0.984148 ,-0.283046 -0.25054 -4.84123 
E 298 296 :0.999751 -0.0176407 0.0136336 0.0173893 0.999681 0.0183429 -0.0139528 -0.0181013 0.999739 ,0.0649492 -0.0811028 -1.21543 
E 298 295 :0.998351 -0.00656549 -0.0570276 0.00882592 0.999182 0.0394765 0.0567217 -0.0399147 0.997592 ,0.0822682 -0.0800897 -1.82634 
E 298 294 :0.998478 -0.0396774 0.0383089 0.0388123 0.99898 0.0230671 -0.0391851 -0.0215452 0.999 ,0.0966687 -0.100198 -2.36779 
E 298 293 :0.999895 0.014068 -0.00343912 -0.0142002 0.999015 -0.0420506 0.00284416 0.042095 0.99911 ,0.111106 -0.118277 -2.95523 
E 298 292 :0.981065 0.0286756 0.191545 -0.0217406 0.999033 -0.0382103 -0.192455 0.0333225 0.98074 ,0.110218 -0.125699 -3.55651 
E 316 314 :0.992019 -0.0217462 -0.124199 0.018712 0.999499 -0.0255447 0.124692 0.0230168 0.991929 ,0.0152583 -0.0780167 -0.862954 
E 316 313 :0.998945 -0.0376801 -0.026234 0.0361568 0.997759 -0.0563034 0.0282968 0.0552955 0.998069 ,0.0463083 -0.109376 -1.32219 
E 316 311 :0.99938 -0.00193213 0.0351563 0.00623356 0.992429 -0.122658 -0.0346531 0.122801 0.991826 ,0.135138 -0.193498 -2.51411 
E 316 310 :0.997596 0.0625288 -0.029875 -0.0642424 0.996109 -0.0603348 0.0259861 0.062109 0.997731 ,0.150845 -0.165771 -3.14708 
E 316 309 :0.998977 0.0433993 0.0126866 -0.0427119 0.997826 -0.0501923 -0.0148374 0.0495991 0.998659 ,0.172895 -0.183009 -3.76911 
E 316 308 :0.998381 0.0467005 -0.0324866 -0.0471286 0.99881 -0.0125395 0.0318624 0.0140502 0.999394 ,0.157086 -0.227443 -4.2064 
E 301 300 :0.999824 -0.00893658 -0.0164785 0.00977288 0.998631 0.0513887 0.0159967 -0.0515408 0.998543 ,0.039574 0.00833908 -0.675842 
E 301 298 :0.997916 0.00641541 0.0642025 -0.00588847 0.999947 -0.00839333 -0.064253 0.00799778 0.997902 ,0.0726733 -0.03699 -1.45779 
E 301 299 :0.997138 0.00810978 0.0751682 -0.00778921 0.999959 -0.00455689 -0.0752021 0.00395835 0.99716 ,0.070654 0.0283285 -1.03534 
E 301 296 :0.996884 -0.0123528 0.0779086 0.0116185 0.999884 0.00987057 -0.0780215 -0.00893463 0.996912 ,0.058933 -0.108269 -2.67549 
E 301 295 :0.999969 -0.00270427 0.00739243 0.00247061 0.999503 0.0314371 -0.00747377 -0.0314179 0.999478 ,0.0370004 -0.102231 -3.28622 
E 301 294 :0.994131 -0.0345691 0.102515 0.0332597 0.999342 0.0144554 -0.102948 -0.0109609 0.994626 ,0.0164795 -0.117879 -3.82762 
E 302 301 :0.997457 -0.0187625 0.0687499 0.0191389 0.999805 -0.00481891 -0.0686461 0.00612245 0.997622 ,-0.0242202 -0.0253637 -0.656498 
E 302 300 :0.998199 -0.0311941 0.0512489 0.0288294 0.998514 0.0462515 -0.0526155 -0.0446907 0.997614 ,-0.0313674 -0.013012 -1.3334 
E 302 298 :0.991072 -0.0118126 0.132802 0.0135213 0.999837 -0.0119717 -0.132639 0.0136605 0.99107 ,-0.0512604 -0.0539306 -2.11603 
E 302 299 :0.989579 -0.0104005 0.143617 0.0116588 0.999901 -0.0079226 -0.143521 0.00951444 0.989602 ,-0.0254567 0.00930076 -1.69405 
E 302 296 :0.988767 -0.031696 0.146063 0.0310715 0.999496 0.0065557 -0.146197 -0.00194367 0.989254 ,-0.147345 -0.119591 -3.33033 
E 302 295 :0.996866 -0.0236106 0.0754978 0.0216444 0.999408 0.0267561 -0.0760849 -0.0250381 0.996787 ,-0.211323 -0.11103 -3.93807 
E 302 294 :0.983901 -0.053985 0.170364 0.0527758 0.998539 0.0116216 -0.170742 -0.00244341 0.985313 ,-0.26872 -0.124459 -4.47687 
E 311 310 :0.995676 0.0665471 -0.0648071 -0.0624924 0.996074 0.0627023 0.0687253 -0.0583812 0.995926 ,0.037805 -0.050243 -0.630647 
E 311 309 :0.998606 0.0478737 -0.0222408 -0.0461407 0.996279 0.0727997 0.0256432 -0.071672 0.997099 ,0.0812883 -0.143778 -1.2447 
E 311 308 :0.996364 0.0524108 -0.0671767 -0.0447881 0.992884 0.110345 0.0724819 -0.106935 0.991621 ,0.080366 -0.241545 -1.67352 
E 311 307 :0.994901 0.0454027 -0.0900605 -0.0345339 0.992321 0.118768 0.0947613 -0.115052 0.988829 ,0.157161 -0.347295 -2.21597 
E 311 306 :0.996526 0.0746623 -0.0368851 -0.0704597 0.992032 0.104444 0.0443892 -0.101482 0.993847 ,0.220196 -0.451416 -2.74492 
E 311 305 :0.984865 0.0645361 -0.160862 -0.0475031 0.993062 0.107572 0.166688 -0.0983021 0.981097 ,0.258273 -0.493338 -3.23865 
E 314 313 :0.995178 -0.0118144 0.0973728 0.0150667 0.999351 -0.0327322 -0.0969228 0.0340415 0.99471 ,-0.0270478 -0.0425893 -0.458586 
E 314 311 :0.9872 0.0319659 0.156253 -0.0162999 0.9948 -0.100532 -0.158654 0.0966987 0.982588 ,-0.0891236 -0.156035 -1.64977 
E 314 310 :0.991672 0.0884134 0.0936433 -0.085306 0.995679 -0.0366903 -0.0964826 0.0283964 0.99493 ,-0.151949 -0.143232 -2.28029 
E 314 309 :0.988355 0.0679089 0.136171 -0.0647559 0.997523 -0.0274571 -0.137698 0.0183195 0.990305 ,-0.20796 -0.175258 -2.89959 
E 314 308 :0.993504 0.0667695 0.0921541 -0.0680826 0.997617 0.0111761 -0.0911883 -0.0173776 0.995682 ,-0.279 -0.229391 -3.33025 
E 308 307 :0.999698 -0.00754573 -0.0233801 0.00772208 0.999942 0.00746184 0.0233225 -0.00764013 0.999699 ,0.0419347 -0.0429658 -0.55473 
E 308 306 :0.999276 0.022604 0.0306071 -0.0224763 0.999737 -0.00450955 -0.030701 0.00381835 0.999521 ,0.0710644 -0.0864794 -1.09497 
E 308 305 :0.995493 0.012699 -0.0939833 -0.0133723 0.999889 -0.00653835 0.0938898 0.00776565 0.995552 ,0.0750932 -0.0733089 -1.59175 
E 308 304 :0.999746 -0.00021588 -0.0225475 -0.000309826 0.999728 -0.0233094 0.0225464 0.0233105 0.999474 ,0.135057 -0.120068 -2.18743 
E 308 303 :0.99448 0.0424155 -0.0959719 -0.040614 0.998962 0.0206489 0.0967481 -0.0166371 0.99517 ,0.145754 -0.146354 -2.73493 
E 308 302 :0.995314 0.0328712 -0.0909372 -0.0293845 0.998791 0.0394193 0.092123 -0.0365625 0.995076 ,0.182704 -0.192217 -3.10096 
E 307 306 :0.998085 0.0304063 0.0538743 -0.0297807 0.99948 -0.0123767 -0.0542226 0.0107486 0.998471 ,0.0161851 -0.0396034 -0.541085 
E 307 305 :0.997279 0.0205975 -0.0707867 -0.0216006 0.999676 -0.0134349 0.070487 0.0149274 0.997401 ,0.00872823 -0.0226686 -1.03771 
E 307 304 :0.999967 0.00804783 0.00058952 -0.00802587 0.999494 -0.030774 -0.000836885 0.0307683 0.999526 ,0.0544201 -0.0653261 -1.63496 
E 307 303 :0.996123 0.0497288 -0.0725737 -0.0488549 0.998711 0.0137686 0.0731648 -0.0101697 0.997268 ,0.0521424 -0.0875089 -2.18274 
E 307 302 :0.996935 0.0397213 -0.0673977 -0.037597 0.998764 0.0325008 0.0686054 -0.0298672 0.997197 ,0.0801895 -0.130851 -2.54987 
E 307 301 :0.999787 0.0205959 0.0011103 -0.0206172 0.999474 0.0250257 -0.000594293 -0.0250433 0.999686 ,0.0992825 -0.17661 -3.20543 
E 307 300 :0.999831 0.0115758 -0.0143079 -0.0104455 0.997 0.0766907 0.0151528 -0.0765283 0.996952 ,0.138269 -0.186004 -3.88129 
E 304 303 :0.996421 0.0417201 -0.0735164 -0.0385624 0.998293 0.0438618 0.0752209 -0.0408699 0.996329 ,-0.0016412 -0.0390441 -0.546838 
E 304 302 :0.997147 0.0317291 -0.0684909 -0.0274439 0.99766 0.0626239 0.0703176 -0.0605656 0.995684 ,0.0270601 -0.0934347 -0.912441 
E 304 301 :0.999921 0.0125945 7.27922e-05 -0.012579 0.998364 0.0557806 0.000629858 -0.0557771 0.998443 ,0.0470683 -0.159187 -1.56627 
E 304 300 :0.999869 0.00363766 -0.0157573 -0.00192758 0.994234 0.107211 0.0160565 -0.107167 0.994111 ,0.086695 -0.189058 -2.2415 
E 304 298 :0.997758 0.0190094 0.0641644 -0.0220157 0.998677 0.0464764 -0.063196 -0.0477848 0.996856 ,0.119164 -0.278347 -3.01968 
E 304 299 :0.996955 0.0207034 0.0751775 -0.0245143 0.998442 0.0501273 -0.0740225 -0.0518176 0.995909 ,0.117998 -0.189545 -2.60153 
E 304 296 :0.996946 0.000240629 0.0780993 -0.00529235 0.997905 0.0644828 -0.0779202 -0.0646991 0.994858 ,0.104438 -0.417261 -4.23152 
E 304 295 :0.99992 0.00988192 0.00786053 -0.0105289 0.996149 0.0870442 -0.0069701 -0.08712 0.996173 ,0.082539 -0.445024 -4.84166 
E 305 304 :0.997361 -0.011395 0.0717063 0.012561 0.999796 -0.0158316 -0.0715112 0.0166905 0.9973 ,0.00439091 -0.0506179 -0.598355 
E 305 303 :0.999624 0.0273039 -0.00237915 -0.0272293 0.99926 0.027156 0.00311886 -0.027081 0.999628 ,-0.0360128 -0.0810173 -1.14425 
E 305 302 :0.99987 0.0159341 0.00237305 -0.0160264 0.998813 0.0459876 -0.00163747 -0.0460196 0.998939 ,-0.0329835 -0.129248 -1.51183 
E 305 301 :0.99747 -0.00281462 0.0710316 -2.63483e-05 0.999201 0.0399632 -0.0710874 -0.039864 0.996673 ,-0.0591627 -0.184384 -2.16642 
E 305 300 :0.998404 -0.0153858 0.0543466 0.010378 0.995774 0.0912531 -0.0555209 -0.0905434 0.994344 ,-0.0677184 -0.203062 -2.84316 
E 305 298 :0.990844 0.00415281 0.134946 -0.00847782 0.999468 0.0314911 -0.134744 -0.0323468 0.990352 ,-0.0901181 -0.279605 -3.62305 
E 305 299 :0.989295 0.00555593 0.145821 -0.0108146 0.999318 0.0352945 -0.145525 -0.0364937 0.988681 ,-0.0623088 -0.197456 -3.20447 
E 305 296 :0.988787 -0.0157704 0.148496 0.00846499 0.998728 0.0497004 -0.149091 -0.0478861 0.987663 ,-0.190118 -0.39949 -4.83288 
E 310 309 :0.998934 -0.0195189 0.0418318 0.0189976 0.999737 0.012822 -0.0420711 -0.0120136 0.999042 ,0.00693976 -0.0544248 -0.620231 
E 310 308 :0.999836 -0.0172127 -0.00563263 0.0174613 0.998716 0.0475493 0.00480694 -0.0476398 0.998853 ,-0.0173398 -0.126834 -1.05338 
E 310 307 :0.99927 -0.0247131 -0.0291357 0.0262771 0.998164 0.054579 0.0277333 -0.0553047 0.998084 ,0.0284522 -0.19539 -1.60522 
E 310 306 :0.999672 0.00537061 0.0250498 -0.00645862 0.99903 0.0435572 -0.0247915 -0.0437047 0.998737 ,0.061369 -0.264027 -2.14263 
E 310 305 :0.995031 -0.00455763 -0.0994629 0.0084918 0.999197 0.0391668 0.0992045 -0.0398168 0.99427 ,0.0679687 -0.274425 -2.63945 
E 325 324 :0.998715 -0.0130492 -0.0489698 0.012643 0.999883 -0.00859464 0.0490762 0.00796447 0.998763 ,0.0116928 -0.0717359 -0.428602 
E 325 323 :0.997585 0.0126834 -0.0682851 -0.0114544 0.999766 0.0183602 0.0685019 -0.0175337 0.997497 ,0.0407816 -0.126716 -0.685088 
E 325 322 :0.999115 0.00739299 -0.0414138 -0.00708737 0.999947 0.00752154 0.0414672 -0.00722136 0.999114 ,0.0667214 -0.167829 -0.864335 
E 325 321 :0.998779 0.0386746 0.030734 -0.0378168 0.998892 -0.0280184 -0.0317836 0.0268219 0.999135 ,0.0927506 -0.216899 -1.17111 
E 325 320 :0.998633 0.0515623 -0.00855906 -0.0512359 0.998082 0.0347576 0.0103348 -0.0342715 0.999359 ,0.0985717 -0.300986 -1.54581 
E 325 319 :0.997975 0.0606391 -0.0192055 -0.0595686 0.996863 0.0521141 0.0223054 -0.0508645 0.998456 ,0.165272 -0.405179 -2.18144 
E 325 318 :0.999574 0.0255618 0.0140785 -0.0264291 0.997514 0.0653231 -0.0123738 -0.0656674 0.997765 ,0.196595 -0.546082 -2.79839 
E 325 317 :0.996941 0.0417981 -0.0660388 -0.0355602 0.995034 0.0929617 0.0695965 -0.090329 0.993477 ,0.247805 -0.623431 -3.28207 
E 325 316 :0.999724 -0.00990445 -0.0213022 0.012795 0.990047 0.140153 0.019702 -0.140387 0.989901 ,0.290867 -0.724528 -3.89202 
E 327 326 :0.999933 0.00464605 0.010615 -0.00482624 0.999844 0.0170121 -0.0105343 -0.0170622 0.999799 ,0.0188777 -0.0892516 -0.381745 
E 327 325 :0.997229 -0.00634558 0.0741168 0.00653438 0.999976 -0.00230523 -0.0741004 0.00278315 0.997247 ,0.0117498 -0.176675 -0.830028 
E 327 324 :0.999505 -0.0187676 0.0252455 0.0190556 0.999756 -0.0112168 -0.0250288 0.0116923 0.999618 ,-0.00790115 -0.247344 -1.25852 
E 327 323 :0.999971 0.00500464 0.00571886 -0.0050934 0.999865 0.0156141 -0.00563995 -0.0156428 0.999862 ,0.002446 -0.301541 -1.5166 
E 327 322 :0.999465 0.000492044 0.0327043 -0.000654194 0.999988 0.00494755 -0.0327015 -0.0049663 0.999453 ,0.0152897 -0.342071 -1.69739 
E 327 321 :0.993896 0.0342169 0.104879 -0.0312162 0.999059 -0.0301201 -0.105811 0.0266623 0.994029 ,0.0188213 -0.390263 -2.00539 
E 327 320 :0.996957 0.0425459 0.0653134 -0.044733 0.998474 0.0323971 -0.0638353 -0.0352202 0.997339 ,-0.0026124 -0.473446 -2.37973 
E 327 318 :0.996055 0.0142941 0.0875761 -0.0198684 0.997809 0.0631134 -0.0864821 -0.0646045 0.994156 ,0.00385794 -0.715008 -3.6368 
E 327 319 :0.997241 0.0503755 0.0545193 -0.0530975 0.997352 0.0496857 -0.051872 -0.0524434 0.997276 ,0.0174535 -0.575735 -3.01884 
E 327 317 :0.999563 0.0286733 0.00718759 -0.0292054 0.995492 0.0902377 -0.00456777 -0.0904082 0.995894 ,0.0195678 -0.790905 -4.12316 
E 306 305 :0.99219 -0.0100224 -0.124333 0.00949179 0.999943 -0.00485966 0.124374 0.00364156 0.992229 ,0.0189817 0.0113612 -0.496481 
E 306 304 :0.998337 -0.0234016 -0.0526921 0.0223746 0.99955 -0.0199966 0.0531363 0.0187844 0.998411 ,0.0982407 -0.0363044 -1.08982 
E 306 303 :0.991702 0.0204426 -0.126919 -0.0177547 0.999594 0.022274 0.127323 -0.0198358 0.991663 ,0.12633 -0.0644327 -1.63661 
E 306 302 :0.992425 0.0115208 -0.122307 -0.00652694 0.999132 0.041153 0.122675 -0.040043 0.991639 ,0.175521 -0.110846 -2.00113 
E 306 301 :0.998519 -0.00785068 -0.0538427 0.00978689 0.999311 0.0357917 0.0535247 -0.0362656 0.997908 ,0.231486 -0.163046 -2.6541 
E 306 300 :0.997405 -0.0139882 -0.0706218 0.0201239 0.996011 0.0869316 0.0691241 -0.0881272 0.993708 ,0.307325 -0.178515 -3.32671 
E 306 298 :0.999944 -0.00187498 0.0104436 0.00158236 0.999608 0.0279574 -0.0104919 -0.0279393 0.999555 ,0.382833 -0.251476 -4.1036 
E 313 311 :0.997571 0.0374278 0.0587497 -0.0333533 0.997068 -0.0688644 -0.0611549 0.0667377 0.995895 ,0.0519668 -0.153188 -1.18721 
E 313 310 :0.994956 0.100236 -0.00379245 -0.100251 0.994955 -0.0039039 0.00338201 0.00426441 0.999985 ,0.0507491 -0.161116 -1.82093 
E 313 309 :0.99596 0.0808352 0.0391173 -0.0810782 0.996697 0.00466344 -0.0386111 -0.00781616 0.999224 ,0.0545507 -0.21354 -2.44136 
E 313 308 :0.996525 0.0831625 -0.00462615 -0.0828802 0.995589 0.0439746 0.00826279 -0.0434384 0.999022 ,0.0247782 -0.281459 -2.87489 
E 313 307 :0.996759 0.0756736 -0.0273031 -0.0741416 0.995821 0.0533281 0.0312245 -0.0511309 0.998204 ,0.0655604 -0.352105 -3.42687 
E 309 308 :0.9989 0.00378316 -0.0467462 -0.00211672 0.999362 0.0356469 0.0468512 -0.0355087 0.998271 ,-0.00740634 -0.0667129 -0.434676 
E 309 307 :0.997537 -0.00339734 -0.0700582 0.00643245 0.999048 0.0431427 0.069845 -0.0434871 0.99661 ,0.0602512 -0.129514 -0.984956 
E 309 306 :0.999526 0.0261828 -0.0161674 -0.0256715 0.999188 0.0310584 0.0169675 -0.0306286 0.999387 ,0.114438 -0.19232 -1.52135 
E 309 305 :0.989958 0.0161047 -0.140443 -0.0121241 0.999501 0.0291531 0.140842 -0.0271576 0.989659 ,0.141735 -0.196875 -2.01756 
E 309 304 :0.997591 0.00247681 -0.0693324 -0.0016221 0.999922 0.0123813 0.0693577 -0.012239 0.997517 ,0.229302 -0.264965 -2.60773 
E 322 321 :0.996845 0.0326731 0.0723367 -0.0302013 0.998931 -0.0350048 -0.0734031 0.0327097 0.996766 ,0.0136331 -0.0466599 -0.307946 
E 322 319 :0.998439 0.0514111 0.0218453 -0.0523485 0.997625 0.0447591 -0.0194923 -0.0458328 0.998759 ,0.0455287 -0.227097 -1.32181 
E 322 320 :0.998541 0.0430217 0.0326428 -0.0439249 0.998657 0.0274757 -0.0314169 -0.0288695 0.999089 ,0.00450681 -0.127993 -0.683197 
E 322 318 :0.998363 0.0157464 0.0549776 -0.0189485 0.998124 0.0582185 -0.0539577 -0.0591649 0.996789 ,0.0522398 -0.363306 -1.94056 
E 322 317 :0.999197 0.0309632 -0.0254425 -0.0286905 0.995943 0.0852942 0.0279802 -0.0844957 0.996031 ,0.0838956 -0.436779 -2.42652 
E 322 314 :0.993503 -0.0440272 -0.104944 0.0549893 0.99306 0.103965 0.0996379 -0.10906 0.989029 ,0.103169 -0.724786 -3.88362 
E 322 313 :0.99822 -0.0593088 -0.00620711 0.0596097 0.995304 0.0762641 0.00165484 -0.0764983 0.997068 ,0.126298 -0.816244 -4.33523 
E 322 311 :0.998153 -0.0221879 0.0565478 0.0216043 0.999707 0.0109119 -0.0567733 -0.00967012 0.99834 ,0.194627 -1.05616 -5.50715 
E 322 316 :0.999565 -0.0227339 0.0187718 0.0200429 0.990935 0.132839 -0.0216216 -0.132405 0.99096 ,0.102343 -0.533148 -3.03847 
E 321 320 :0.999023 0.0148443 -0.0416262 -0.0122802 0.99805 0.0611928 0.0424534 -0.0606218 0.997258 ,0.0209035 -0.0938191 -0.37185 
E 321 319 :0.9983 0.0244835 -0.0528874 -0.020308 0.996739 0.0780941 0.054627 -0.0768873 0.995542 ,0.111665 -0.212365 -1.00196 
E 321 318 :0.999746 -0.0101051 -0.0201215 0.0119264 0.995636 0.0925571 0.0190984 -0.0927737 0.995504 ,0.167887 -0.368449 -1.61346 
E 321 317 :0.994857 0.00698899 -0.10105 0.00490222 0.993126 0.116952 0.101173 -0.116845 0.987983 ,0.237333 -0.456704 -2.09299 
E 321 314 :0.981394 -0.0658747 -0.18035 0.0906505 0.986992 0.132775 0.169258 -0.146654 0.9746 ,0.3722 -0.791435 -3.5339 
E 321 316 :0.997393 -0.0428708 -0.0580389 0.0519732 0.984802 0.165725 0.050052 -0.168309 0.984463 ,0.303552 -0.572384 -2.69825 
E 321 313 :0.993149 -0.0835659 -0.0816787 0.0922151 0.9898 0.108593 0.0717708 -0.115382 0.990725 ,0.431167 -0.896811 -3.97917 
E 321 311 :0.998519 -0.0516006 -0.0172414 0.0523369 0.997597 0.0454032 0.0148571 -0.0462384 0.99882 ,0.592548 -1.17257 -5.13396 
E 317 316 :0.997582 -0.0548509 0.0426727 0.0527383 0.997398 0.0491497 -0.0452576 -0.0467804 0.997879 ,0.00407498 -0.0436997 -0.618209 
E 317 314 :0.993915 -0.0755348 -0.0801688 0.0771093 0.996882 0.0167247 0.0786556 -0.0228047 0.996641 ,-0.0132489 -0.163123 -1.47637 
E 317 313 :0.995755 -0.0899574 0.019508 0.0901361 0.995893 -0.0084856 -0.0186646 0.0102079 0.999774 ,-0.000150852 -0.215335 -1.93458 
E 317 311 :0.995143 -0.0511228 0.0841231 0.0572198 0.995781 -0.0717369 -0.0801008 0.076202 0.99387 ,0.0422156 -0.353135 -3.12405 
E 317 310 :0.999817 0.0103906 0.0160826 -0.0101865 0.999867 -0.0127152 -0.0162126 0.012549 0.99979 ,0.0293535 -0.355762 -3.75769 
E 317 309 :0.998272 -0.00932067 0.0580246 0.00935435 0.999956 -0.000308839 -0.0580192 0.000851087 0.998315 ,0.0257516 -0.402364 -4.37858 
E 320 319 :0.999893 0.00895536 -0.0115305 -0.00876092 0.99982 0.0168052 0.011679 -0.0167024 0.999792 ,0.0653783 -0.0787693 -0.639412 
E 320 318 :0.999434 -0.0262604 0.0210241 0.0255859 0.999169 0.0317288 -0.0218399 -0.0311729 0.999275 ,0.097502 -0.196644 -1.26113 
E 320 317 :0.99812 -0.0101741 -0.0604441 0.0135274 0.998376 0.0553302 0.059783 -0.0560438 0.996637 ,0.147606 -0.254627 -1.74763 
E 320 316 :0.997906 -0.0620677 -0.0182235 0.0636432 0.992448 0.10486 0.0115774 -0.1058 0.99432 ,0.189485 -0.332406 -2.36107 
E 320 313 :0.994093 -0.100538 -0.0408727 0.102427 0.993624 0.0471098 0.0358758 -0.051018 0.998053 ,0.26658 -0.576654 -3.66364 
E 320 314 :0.986508 -0.0841567 -0.140429 0.0947812 0.99298 0.0707575 0.133489 -0.0831128 0.987559 ,0.22528 -0.499352 -3.21069 
E 320 311 :0.997531 -0.0657638 0.0246212 0.0661565 0.997689 -0.0154915 -0.0235455 0.0170821 0.999577 ,0.382166 -0.779472 -4.83886 
E 320 310 :0.99902 -0.00056023 -0.0442497 0.00245785 0.999079 0.0428416 0.0441849 -0.0429084 0.998101 ,0.407654 -0.817328 -5.47099 
E 318 317 :0.996595 0.0166001 -0.0807606 -0.0145585 0.999561 0.0258035 0.0811535 -0.0245399 0.996399 ,0.0592174 -0.0440852 -0.486934 
E 318 316 :0.998716 -0.0343292 -0.037246 0.0370241 0.996552 0.0742557 0.0345685 -0.0755393 0.996543 ,0.11248 -0.103777 -1.10151 
E 318 313 :0.995368 -0.0739436 -0.0614416 0.0751183 0.997029 0.0170318 0.0599997 -0.0215683 0.997965 ,0.21173 -0.309242 -2.40927 
E 318 314 :0.985459 -0.0568876 -0.160108 0.0646352 0.996956 0.0436013 0.15714 -0.0533159 0.986136 ,0.162539 -0.245039 -1.95506 
E 318 311 :0.999174 -0.0405728 0.0023803 0.04064 0.998054 -0.0472848 -0.000457189 0.0473425 0.998879 ,0.347727 -0.478291 -3.58764 
E 318 310 :0.997553 0.0259396 -0.0649269 -0.0251562 0.999601 0.0128543 0.0652344 -0.0111895 0.997807 ,0.386039 -0.49708 -4.21998 
E 318 309 :0.999714 0.00724168 -0.0228027 -0.00668015 0.999675 0.0246065 0.0229735 -0.0244472 0.999437 ,0.431819 -0.55963 -4.83779 
E 318 308 :0.99753 0.0118288 -0.0692379 -0.00763598 0.998138 0.0605116 0.0698248 -0.0598334 0.995763 ,0.433844 -0.636968 -5.27076 
E 319 318 :0.998848 -0.0353753 0.0324144 0.0348964 0.999275 0.0152211 -0.0329294 -0.0140724 0.999359 ,0.025892 -0.107181 -0.623941 
E 319 317 :0.998593 -0.0195742 -0.0492827 0.021465 0.999042 0.0381328 0.0484891 -0.039137 0.998057 ,0.070817 -0.15658 -1.11189 
E 319 316 :0.997377 -0.0719915 -0.00752756 0.072375 0.993481 0.0880705 0.00113816 -0.0883843 0.996086 ,0.106209 -0.223724 -1.72699 
E 319 314 :0.987131 -0.0938178 -0.129501 0.101369 0.993437 0.0529926 0.123679 -0.065438 0.990162 ,0.133539 -0.376129 -2.57966 
E 319 313 :0.993509 -0.109828 -0.0296249 0.110712 0.993398 0.0300654 0.0261273 -0.0331501 0.999109 ,0.170223 -0.445482 -3.03429 
E 319 311 :0.996571 -0.074298 0.0364283 0.0754712 0.996636 -0.0319635 -0.033931 0.0346032 0.998825 ,0.273847 -0.627599 -4.214 
E 319 310 :0.999408 -0.00981414 -0.0329635 0.010666 0.999611 0.025767 0.0326978 -0.0261033 0.999124 ,0.292282 -0.654662 -4.84693 
E 323 322 :0.999624 -0.0045733 0.0270413 0.00485939 0.999933 -0.0105237 -0.0269914 0.0106511 0.999579 ,0.0140694 -0.0376321 -0.181324 
E 323 321 :0.994623 0.0289769 0.0994234 -0.0245828 0.998678 -0.0451405 -0.1006 0.0424537 0.994021 ,0.0195834 -0.0809818 -0.490005 
E 323 319 :0.997775 0.0455899 0.0486401 -0.047288 0.99829 0.0343516 -0.0469909 -0.0365753 0.998225 ,0.0248762 -0.250582 -1.50622 
E 323 320 :0.997516 0.0376577 0.0595215 -0.038739 0.999103 0.0171184 -0.0588235 -0.0193817 0.99808 ,0.000685298 -0.158405 -0.865718 
E 323 317 :0.999709 0.0241119 0.00111097 -0.0241276 0.996915 0.074683 0.000693207 -0.074688 0.997207 ,0.0343147 -0.448438 -2.61374 
E 323 318 :0.996615 0.00957581 0.0816451 -0.013528 0.998756 0.0479918 -0.081084 -0.0489339 0.995505 ,0.0154756 -0.380238 -2.12635 
E 323 314 :0.995572 -0.0515014 -0.0786349 0.0587649 0.993927 0.0930395 0.0733657 -0.0972485 0.992552 ,0.0154962 -0.720998 -4.07382 
E 323 311 :0.996144 -0.027013 0.083473 0.0270507 0.999634 0.000679799 -0.0834608 0.00158083 0.99651 ,0.0645324 -1.03482 -5.70266 
E 323 313 :0.997617 -0.0659069 0.0204085 0.064439 0.995754 0.0657359 -0.0246543 -0.0642642 0.997628 ,0.0268225 -0.807585 -4.52683 
E 323 316 :0.998513 -0.0308377 0.044954 0.0251264 0.992151 0.122493 -0.0483786 -0.121181 0.991451 ,0.036648 -0.538271 -3.22696 
E 323 310 :0.999262 0.0345102 0.016882 -0.0354891 0.99747 0.0616033 -0.0147134 -0.0621569 0.997958 ,0.0509069 -1.08445 -6.33434 
E 329 328 :0.999249 -0.0348244 0.0169895 0.0351177 0.999234 -0.0172811 -0.0163747 0.0178648 0.999706 ,-0.00408833 -0.13303 -0.498764 
E 329 327 :0.998199 -0.0405159 -0.0442454 0.0394798 0.998931 -0.0240459 0.0451723 0.0222558 0.998731 ,-0.00194186 -0.155181 -0.817284 
E 329 326 :0.998793 -0.035117 -0.0343299 0.0349094 0.999369 -0.00662809 0.0345409 0.00542166 0.999389 ,0.0374084 -0.234412 -1.19968 
E 329 325 :0.998447 -0.0469722 0.0299531 0.0476796 0.99859 -0.0233564 -0.0288137 0.0247483 0.999278 ,0.0536699 -0.311244 -1.64966 
E 329 324 :0.99804 -0.0597571 -0.018574 0.0590973 0.997665 -0.0342449 0.020577 0.0330801 0.999241 ,0.0558762 -0.37231 -2.08007 
E 329 323 :0.998626 -0.0348227 -0.0391633 0.0345263 0.99937 -0.00821941 0.0394249 0.00685595 0.999199 ,0.0798197 -0.419835 -2.33857 
E 329 321 :0.998052 -0.00750223 0.0619296 0.0106003 0.9987 -0.0498496 -0.0614751 0.050409 0.996835 ,0.121386 -0.496062 -2.82796 
E 329 322 :0.999138 -0.0398045 -0.0117762 0.0395915 0.999057 -0.0177994 0.0124736 0.0173178 0.999772 ,0.102281 -0.455467 -2.51945 
E 329 318 :0.998893 -0.0233003 0.0408745 0.0215565 0.99886 0.042598 -0.0418204 -0.0416698 0.998256 ,0.19179 -0.781822 -4.46521 
E 326 325 :0.997911 -0.0112006 0.0636176 0.0124309 0.999743 -0.0189758 -0.0633887 0.0197269 0.997794 ,-0.00198309 -0.0797938 -0.449756 
E 326 324 :0.99961 -0.0237146 0.0147677 0.0241234 0.999312 -0.0281535 -0.0140899 0.0284987 0.999495 ,-0.0167779 -0.143233 -0.87957 
E 326 322 :0.999745 -0.00428185 0.0221497 0.00454744 0.999918 -0.0119541 -0.0220967 0.0120518 0.999683 ,0.0114918 -0.230349 -1.31972 
E 326 323 :0.999988 0.0003435 -0.00488972 -0.000350455 0.999999 -0.00142161 0.00488923 0.00142331 0.999987 ,-0.00345106 -0.19297 -1.13842 
E 326 321 :0.995095 0.029112 0.0945462 -0.0247883 0.998607 -0.0465884 -0.0957708 0.0440163 0.99443 ,0.0185003 -0.273262 -1.62844 
E 326 320 :0.997779 0.0380952 0.0546464 -0.039005 0.999116 0.0156787 -0.0540008 -0.0177753 0.998383 ,0.00141294 -0.350144 -2.00435 
E 326 319 :0.997977 0.0461111 0.0437703 -0.0475709 0.998325 0.0329155 -0.0421792 -0.0349311 0.998499 ,0.0287038 -0.441419 -2.64485 
E 326 317 :0.999685 0.0248193 -0.00373946 -0.0244789 0.997012 0.0732648 0.00554666 -0.0731502 0.997306 ,0.0434896 -0.637704 -3.7526 
E 326 318 :0.996995 0.010158 0.0767929 -0.013762 0.998821 0.046548 -0.0762295 -0.0474649 0.99596 ,0.0222911 -0.57019 -3.26521 
E 324 323 :0.99952 0.0244467 -0.0190118 -0.0239251 0.999344 0.0271937 0.0196641 -0.0267258 0.999449 ,0.0157689 -0.0573957 -0.257121 
E 324 322 :0.999776 0.0196715 0.00776725 -0.0197939 0.999676 0.0160185 -0.00744962 -0.0161686 0.999842 ,0.0323589 -0.100271 -0.437062 
E 324 321 :0.995458 0.0525703 0.0793741 -0.0510988 0.998484 -0.0204586 -0.0803292 0.0163097 0.996635 ,0.0426791 -0.152118 -0.744306 
E 324 320 :0.997209 0.0624329 0.0409361 -0.064179 0.997019 0.0428246 -0.0381405 -0.0453323 0.998244 ,0.0290403 -0.239255 -1.11811 
E 324 319 :0.997034 0.0706683 0.0304785 -0.0724068 0.99555 0.0603108 -0.0260808 -0.0623387 0.997714 ,0.0631433 -0.349368 -1.75533 
E 324 318 :0.997348 0.0349178 0.0638529 -0.0395683 0.996541 0.0730784 -0.0610803 -0.0754112 0.99528 ,0.0623674 -0.495578 -2.37183 
E 324 317 :0.998626 0.0498916 -0.0160225 -0.0480111 0.993653 0.101725 0.0209961 -0.100816 0.994684 ,0.0887962 -0.577438 -2.85676 
E 344 343 :0.996866 0.00680918 -0.0788152 -0.00888795 0.999621 -0.0260546 0.0786079 0.0266735 0.996549 ,0.013901 -0.11097 -0.57086 
E 344 342 :0.999433 -0.0234275 0.0241786 0.0237696 0.99962 -0.0139609 -0.0238424 0.0145277 0.99961 ,0.0825158 -0.214968 -1.22261 
E 344 341 :0.995344 0.0111188 -0.0957463 -0.0129001 0.999755 -0.0180058 0.0955226 0.0191571 0.995243 ,0.0793461 -0.342515 -1.87313 
E 344 340 :0.999056 0.0293354 -0.0320337 -0.029474 0.999558 -0.00386405 0.0319062 0.00480456 0.999479 ,0.150101 -0.450383 -2.50295 
E 344 339 :0.999314 -0.000816727 -0.0370256 -0.000792821 0.999056 -0.0434357 0.0370261 0.0434352 0.99837 ,0.178466 -0.600755 -3.13216 
E 344 338 :0.999851 0.0107323 0.01353 -0.0109437 0.999818 0.0156522 -0.0133595 -0.0157979 0.999786 ,0.271015 -0.680497 -3.79681 
E 336 335 :0.999667 -0.01993 -0.0163621 0.0198825 0.999798 -0.00306022 0.0164198 0.00273388 0.999861 ,0.00708211 -0.161361 -0.615539 
E 336 334 :0.993857 -0.0382408 -0.103853 0.0374402 0.999252 -0.00964896 0.104144 0.00570142 0.994546 ,0.1002 -0.297135 -1.24607 
E 336 333 :0.997278 -0.0377416 -0.0633486 0.0383762 0.999224 0.00882981 0.0629662 -0.0112369 0.997952 ,0.179841 -0.436595 -1.86981 
E 336 332 :0.994403 -0.0307633 -0.101071 0.0324309 0.999363 0.0148973 0.100549 -0.0180918 0.994768 ,0.301105 -0.549461 -2.49604 
E 336 331 :0.997911 -0.00670576 -0.0642488 0.00838661 0.999629 0.0259277 0.0640511 -0.0264123 0.997597 ,0.400426 -0.684286 -3.11527 
E 336 329 :0.999109 0.00450375 -0.0419655 -0.00254669 0.998912 0.0465722 0.0421296 -0.0464238 0.998033 ,0.528959 -0.826236 -3.97964 
E 336 330 :0.995153 -0.0152624 -0.0971462 0.01603 0.999846 0.00712582 0.0970225 -0.00864854 0.995245 ,0.452523 -0.726247 -3.47494 
E 328 327 :0.998096 -0.00576975 -0.0614105 0.00549484 0.999974 -0.00464455 0.0614357 0.00429827 0.998102 ,0.00658265 -0.0278991 -0.318007 
E 328 326 :0.998704 -8.3843e-05 -0.0509016 0.000717289 0.999923 0.0124264 0.0508966 -0.0124468 0.998626 ,0.0493825 -0.115272 -0.698251 
E 328 325 :0.999843 -0.012274 0.0127475 0.012358 0.999902 -0.00652968 -0.0126661 0.00668619 0.999897 ,0.070302 -0.200649 -1.1465 
E 328 324 :0.999029 -0.0252182 -0.0361249 0.0246635 0.999572 -0.0157206 0.0365059 0.0148143 0.999224 ,0.0774098 -0.269435 -1.57568 
E 328 321 :0.998682 0.0267501 0.0438096 -0.0252627 0.999097 -0.0341599 -0.0446838 0.0330081 0.998456 ,0.150772 -0.408734 -2.32011 
E 328 323 :0.998443 0.000186763 -0.0557842 0.000427608 0.999939 0.0110012 0.0557828 -0.0110079 0.998382 ,0.103899 -0.322375 -1.83288 
E 328 322 :0.999574 -0.00497359 -0.0287634 0.00498961 0.999987 0.000485116 0.0287607 -0.000628427 0.999586 ,0.128055 -0.361994 -2.01271 
E 328 320 :0.999237 0.0388669 0.00375497 -0.0389573 0.998845 0.0281229 -0.00265758 -0.0282478 0.999597 ,0.152847 -0.490295 -2.69541 
E 328 319 :0.998834 0.0477457 -0.0071144 -0.0473755 0.997847 0.045352 0.00926444 -0.0449621 0.998946 ,0.212713 -0.589502 -3.33252 
E 328 318 :0.999584 0.0124772 0.0259935 -0.013993 0.998161 0.0589756 -0.0252099 -0.0593148 0.997921 ,0.237897 -0.725976 -3.95074 
E 332 331 :0.999039 0.0230949 0.0372588 -0.0234766 0.999676 0.00983933 -0.0370195 -0.0107046 0.999257 ,0.0321299 -0.126592 -0.628032 
E 332 330 :0.999859 0.0163793 0.00369921 -0.0163497 0.999835 -0.00789595 -0.00382793 0.00783436 0.999962 ,0.0464104 -0.163622 -0.991713 
E 332 329 :0.997671 0.0322063 0.0601307 -0.0340432 0.998977 0.0297773 -0.0591102 -0.031755 0.997746 ,0.0684281 -0.256768 -1.50299 
E 332 328 :0.997068 -0.00148749 0.0765065 0.000576602 0.999929 0.0119267 -0.0765188 -0.0118476 0.996998 ,0.0300738 -0.404374 -1.99616 
E 332 327 :0.999862 -0.00691144 0.0151377 0.00680268 0.999951 0.00722445 -0.0151869 -0.00712048 0.999859 ,0.012349 -0.43606 -2.31339 
E 332 326 :0.999668 -0.00252323 0.0256306 0.00190012 0.999703 0.0243065 -0.0256843 -0.0242497 0.999376 ,0.0260623 -0.527936 -2.69473 
E 332 325 :0.995924 -0.0132138 0.0892184 0.0127826 0.999904 0.00540364 -0.0892813 -0.00424117 0.995997 ,0.0127536 -0.618642 -3.14222 
E 332 320 :0.996162 0.035106 0.0801778 -0.03841 0.998459 0.040045 -0.0786485 -0.042971 0.995976 ,-0.0230144 -0.926693 -4.68937 
E 332 323 :0.999782 -0.00214336 0.0207458 0.00166859 0.999737 0.0228757 -0.0207893 -0.0228361 0.999523 ,-0.00607909 -0.748526 -3.82767 
E 332 324 :0.998856 -0.0254977 0.0404515 0.0256732 0.999663 -0.00382281 -0.0403404 0.00485696 0.999174 ,-0.0128925 -0.692538 -3.56985 
E 331 330 :0.999423 -0.00739916 -0.033137 0.0067882 0.999806 -0.0185121 0.0332676 0.0182765 0.999279 ,0.0285994 -0.032795 -0.363243 
E 331 328 :0.998929 -0.0245224 0.0392446 0.0244227 0.999697 0.00301733 -0.0393067 -0.00205564 0.999225 ,0.0551149 -0.263094 -1.36993 
E 331 329 :0.999699 0.00989832 0.0224378 -0.0103583 0.999737 0.0204759 -0.0222292 -0.0207022 0.999539 ,0.0717099 -0.119929 -0.874237 
E 331 326 :0.999614 -0.0250927 -0.011961 0.0252617 0.99958 0.0141927 0.0115999 -0.0144893 0.999828 ,0.0798686 -0.379231 -2.06934 
E 331 327 :0.999303 -0.0301166 -0.0220607 0.0300547 0.999543 -0.00313136 0.022145 0.00246614 0.999752 ,0.0498945 -0.291783 -1.68789 
E 331 325 :0.997972 -0.0365185 0.0521345 0.0367349 0.99932 -0.00319935 -0.0519822 0.00510802 0.998635 ,0.0852681 -0.465425 -2.51789 
E 331 323 :0.999552 -0.0247663 -0.0168131 0.0249805 0.999608 0.0126479 0.0164932 -0.0130623 0.999779 ,0.0948777 -0.588364 -3.20481 
E 331 322 :0.999509 -0.029515 0.0104838 0.0294872 0.999561 0.00279857 -0.0105618 -0.00248806 0.999941 ,0.112921 -0.627924 -3.38537 
E 331 324 :0.998787 -0.0491217 0.00351342 0.0491651 0.998698 -0.0135831 -0.00284162 0.0137393 0.999902 ,0.0772119 -0.535311 -2.94688 
E 331 321 :0.996478 0.00351655 0.0837843 -0.000999347 0.999547 -0.0300669 -0.0838521 0.0298773 0.99603 ,0.124696 -0.675023 -3.69332 
E 333 332 :0.999272 0.00653301 -0.0375879 -0.00625451 0.999952 0.00752233 0.0376353 -0.00728176 0.999265 ,0.077172 -0.110318 -0.633625 
E 333 331 :0.99955 0.0300113 -0.000264048 -0.0300024 0.999403 0.0171226 0.000777762 -0.0171069 0.999853 ,0.132058 -0.241829 -1.25906 
E 333 330 :0.999168 0.0226049 -0.0339415 -0.0226314 0.999744 -0.000396665 0.0339239 0.00116448 0.999424 ,0.159756 -0.281683 -1.62167 
E 333 328 :0.999222 0.00549147 0.0390536 -0.00623519 0.999801 0.0189474 -0.0389418 -0.0191762 0.999057 ,0.179614 -0.529877 -2.62425 
E 333 329 :0.998944 0.0399028 0.0227783 -0.0407261 0.998489 0.0369052 -0.0212712 -0.0377939 0.999059 ,0.200367 -0.378807 -2.13107 
E 333 326 :0.999918 0.00492117 -0.0117937 -0.00454561 0.999488 0.0316627 0.0119435 -0.0316065 0.999429 ,0.201056 -0.658663 -3.32155 
E 333 325 :0.998639 -0.00651242 0.0517513 0.00588133 0.999907 0.0123376 -0.0518268 -0.0120164 0.998584 ,0.203984 -0.752648 -3.76855 
E 333 327 :0.999749 -0.000106074 -0.0224088 0.000434475 0.999893 0.0146507 0.0224048 -0.0146568 0.999642 ,0.173619 -0.563836 -2.94167 
E 333 323 :0.999847 0.00524785 -0.0166899 -0.00474102 0.999531 0.0302636 0.0168409 -0.0301798 0.999403 ,0.210081 -0.887564 -4.45326 
E 330 329 :0.998313 0.0159903 0.0558161 -0.0181595 0.999091 0.038574 -0.0551485 -0.0395225 0.997696 ,0.0254947 -0.096775 -0.510441 
E 330 328 :0.997211 -0.0177905 0.0724843 0.0163083 0.999647 0.0209887 -0.072832 -0.0197481 0.997149 ,-0.00855304 -0.248849 -1.00257 
E 330 327 :0.999667 -0.0232321 0.01119 0.0230596 0.999617 0.0153045 -0.0115413 -0.0150413 0.99982 ,-0.0245429 -0.283305 -1.3196 
E 330 325 :0.995917 -0.0295439 0.0853049 0.0283936 0.999489 0.0146671 -0.0856947 -0.0121851 0.996247 ,-0.0179805 -0.472344 -2.14696 
E 330 326 :0.999595 -0.0187749 0.021404 0.0180725 0.999307 0.0325518 -0.0220004 -0.0321518 0.999241 ,-0.00786976 -0.37793 -1.70015 
E 330 324 :0.99845 -0.0418569 0.0366835 0.0417135 0.999119 0.00466828 -0.0368466 -0.00313084 0.999316 ,-0.040778 -0.549998 -2.57408 
E 330 321 :0.993107 0.0112936 0.116667 -0.00990478 0.999873 -0.012477 -0.116794 0.0112354 0.993093 ,-0.0191016 -0.703676 -3.31897 
E 330 323 :0.999694 -0.0184011 0.0165427 0.0178812 0.999358 0.0310424 -0.0171033 -0.030737 0.999381 ,-0.0320632 -0.607886 -2.83143 
E 330 322 :0.998782 -0.0227955 0.0437624 0.0218929 0.99954 0.0209959 -0.0442209 -0.0200122 0.998821 ,-0.0203052 -0.650871 -3.01172 
E 330 319 :0.997563 0.0266013 0.0645065 -0.030875 0.997329 0.0661866 -0.0625735 -0.0680169 0.99572 ,-0.0275006 -0.904619 -4.32944 
E 340 339 :0.999576 -0.0288763 -0.00385628 0.0287007 0.998799 -0.0397059 0.00499821 0.0395784 0.999204 ,0.012695 -0.152497 -0.629212 
E 340 338 :0.998804 -0.0192506 0.0449552 0.018328 0.999615 0.0208457 -0.0453392 -0.0199968 0.998771 ,0.0863006 -0.232682 -1.29617 
E 340 336 :0.99924 0.00762426 0.0382345 -0.00643565 0.999495 -0.0311146 -0.0384524 0.0308448 0.998784 ,0.129785 -0.509658 -2.53789 
E 340 335 :0.999687 -0.0121876 0.0218562 0.012928 0.999336 -0.0340636 -0.0214265 0.0343355 0.999181 ,0.112096 -0.65183 -3.15793 
E 340 334 :0.997369 -0.0303752 -0.0658215 0.0277847 0.998816 -0.0399206 0.0669562 0.0379867 0.997033 ,0.18 -0.768516 -3.79546 
E 340 333 :0.999219 -0.0305242 -0.0250769 0.0299795 0.999312 -0.0218178 0.0257256 0.021049 0.999447 ,0.234668 -0.889011 -4.42581 
E 340 331 :0.999666 -8.90959e-05 -0.0258597 -3.276e-05 0.999989 -0.00471173 0.0258598 0.004711 0.999654 ,0.405578 -1.09925 -5.68587 
E 335 334 :0.995981 -0.0182669 -0.08768 0.0179098 0.999828 -0.00485825 0.0877536 0.0032684 0.996137 ,0.0800339 -0.139326 -0.631554 
E 335 333 :0.998743 -0.0180465 -0.0467658 0.0186649 0.999744 0.0128188 0.0465224 -0.0136756 0.998824 ,0.146634 -0.282051 -1.25608 
E 335 332 :0.996369 -0.0111803 -0.0844078 0.0128808 0.999724 0.0196283 0.0841651 -0.0206442 0.996238 ,0.255332 -0.399023 -1.88386 
E 335 331 :0.998798 0.0127379 -0.0473316 -0.0113283 0.999488 0.0299302 0.0476886 -0.0293581 0.998431 ,0.341771 -0.537493 -2.50422 
E 335 330 :0.996734 0.00448007 -0.0806305 -0.00354136 0.999924 0.0117814 0.0806772 -0.0114574 0.996674 ,0.387111 -0.581467 -2.86456 
E 335 328 :0.9999 -0.0116616 -0.00805907 0.0119175 0.999401 0.0324782 0.0076755 -0.032571 0.99944 ,0.458309 -0.842079 -3.86164 
E 334 333 :0.999146 -0.00126891 0.0413021 0.000569746 0.999856 0.0169355 -0.0413177 -0.0168975 0.999003 ,0.00897125 -0.145958 -0.627264 
E 334 332 :0.999981 0.00495783 0.00370642 -0.00504691 0.999689 0.0244228 -0.00358418 -0.0244411 0.999695 ,0.0600473 -0.266947 -1.26158 
E 334 331 :0.998766 0.028011 0.0410105 -0.0294155 0.998987 0.0340529 -0.0400151 -0.0352173 0.998578 ,0.0892212 -0.409 -1.88644 
E 334 330 :0.999745 0.0213651 0.00736628 -0.0214843 0.999633 0.0165098 -0.00701084 -0.0166638 0.999837 ,0.10197 -0.454973 -2.24916 
E 334 328 :0.996768 0.0034261 0.0802594 -0.00632449 0.999336 0.0358864 -0.0800832 -0.036278 0.996128 ,0.0807171 -0.720099 -3.24736 
E 334 329 :0.997264 0.0370407 0.0639753 -0.0405114 0.997728 0.0538324 -0.0618359 -0.0562768 0.996498 ,0.12163 -0.560687 -2.75808 
E 334 327 :0.99982 -0.00198011 0.0188791 0.00138345 0.999501 0.0315652 -0.0189322 -0.0315334 0.999323 ,0.0616598 -0.759433 -3.56365 
E 334 326 :0.999563 0.00234329 0.0294547 -0.00377299 0.998812 0.0485772 -0.0293059 -0.0486671 0.998385 ,0.0735038 -0.860664 -3.94268 
E 334 320 :0.995661 0.0398962 0.0840663 -0.0453464 0.996922 0.0639525 -0.0812561 -0.0674871 0.994406 ,0.0150582 -1.30776 -5.92679 
E 341 340 :0.997832 0.0167633 0.0636382 -0.0177473 0.999731 0.0149279 -0.0633709 -0.0160249 0.997861 ,0.0116545 -0.119121 -0.631658 
E 341 339 :0.998208 -0.00955181 0.059074 0.0110278 0.999634 -0.0247108 -0.0588164 0.025318 0.997948 ,-0.0182763 -0.281194 -1.25789 
E 341 338 :0.99406 -0.00372453 0.108767 -7.98265e-05 0.999389 0.0349518 -0.108831 -0.0347529 0.993453 ,0.0113818 -0.372621 -1.92679 
E 341 336 :0.994519 0.0263255 0.101191 -0.0247417 0.999551 -0.016875 -0.10159 0.0142789 0.994724 ,-0.0288924 -0.66883 -3.16417 
E 341 335 :0.996373 0.0067761 0.0848239 -0.00513702 0.999796 -0.0195267 -0.0849389 0.0190202 0.996205 ,-0.0883839 -0.819906 -3.77949 
E 341 334 :0.999934 -0.0111485 -0.00289868 0.0110762 0.999654 -0.0238581 0.00316366 0.0238244 0.999711 ,-0.0631553 -0.947282 -4.41809 
E 341 333 :0.999193 -0.0123667 0.0382148 0.012622 0.9999 -0.00644728 -0.0381312 0.00692443 0.999249 ,-0.0507392 -1.07813 -5.04863 
E 338 336 :0.99967 0.0245354 -0.00766562 -0.0249002 0.998346 -0.0518111 0.00638174 0.0519849 0.998627 ,0.0946542 -0.252875 -1.24401 
E 338 334 :0.993649 -0.0137549 -0.111679 0.0072352 0.998257 -0.0585756 0.11229 0.0573956 0.992016 ,0.197082 -0.487453 -2.50318 
E 338 335 :0.999699 0.00458606 -0.0240963 -0.00589304 0.998499 -0.0544517 0.0238105 0.0545773 0.998226 ,0.102493 -0.382254 -1.86705 
E 338 333 :0.997407 -0.0131267 -0.0707609 0.010218 0.999094 -0.0413124 0.0712391 0.0404823 0.996637 ,0.278057 -0.59635 -3.13281 
E 338 332 :0.9941 -0.00609471 -0.108298 0.00240689 0.999414 -0.0341506 0.108443 0.0336885 0.993532 ,0.401312 -0.679603 -3.76327 
E 338 331 :0.997296 0.0180252 -0.0712387 -0.019794 0.999511 -0.024202 0.0707676 0.0255467 0.997166 ,0.502039 -0.784596 -4.38802 
E 339 338 :0.998679 0.00934728 0.0505265 -0.0123303 0.998179 0.0590523 -0.0498825 -0.0595973 0.996975 ,0.0679394 -0.108611 -0.663524 
E 339 336 :0.998439 0.0364614 0.0423174 -0.0368042 0.999295 0.00734901 -0.0420196 -0.00889499 0.999077 ,0.0972491 -0.435655 -1.89343 
E 339 335 :0.999526 0.0166709 0.0258634 -0.0168028 0.999847 0.00489212 -0.0257779 -0.00532438 0.999654 ,0.0723888 -0.601687 -2.50726 
E 339 334 :0.998078 -0.00150574 -0.061956 0.00160106 0.999998 0.00148899 0.0619536 -0.00158532 0.998078 ,0.133728 -0.745426 -3.13992 
E 339 333 :0.999784 -0.0017251 -0.020697 0.00210792 0.999827 0.018489 0.0206615 -0.0185287 0.999615 ,0.181764 -0.892303 -3.76519 
E 339 331 :0.99937 0.0286349 -0.0209875 -0.0278759 0.998977 0.0356054 0.0219856 -0.0349979 0.999146 ,0.34027 -1.15709 -5.01656 
E 339 332 :0.998288 0.0049573 -0.0582745 -0.0034512 0.999658 0.0259173 0.0583831 -0.0256718 0.997964 ,0.272224 -1.01415 -4.39493 
E 342 341 :0.992195 0.0344195 -0.119849 -0.0348259 0.999393 -0.0012973 0.119732 0.00546102 0.992791 ,0.00931028 -0.136874 -0.64856 
E 342 340 :0.997029 0.0529633 -0.0559373 -0.0524047 0.998561 0.011408 0.056461 -0.00844273 0.998369 ,0.0924774 -0.255509 -1.27492 
E 342 339 :0.997846 0.0218953 -0.0618406 -0.023666 0.999326 -0.0280478 0.0611848 0.0294509 0.997692 ,0.132254 -0.415629 -1.9011 
E 342 338 :0.999342 0.0348681 -0.0099429 -0.0345576 0.998957 0.0298538 0.0109735 -0.0294906 0.999505 ,0.238702 -0.507165 -2.56214 
E 342 336 :0.998081 0.0588128 -0.0193964 -0.0592299 0.998009 -0.0216793 0.0180827 0.0227865 0.999577 ,0.336846 -0.800186 -3.79704 
E 342 335 :0.9986 0.0388562 -0.0359044 -0.0397233 0.998928 -0.0237613 0.0349426 0.0251543 0.999073 ,0.346363 -0.948301 -4.41586 
E 342 334 :0.992132 0.0204908 -0.123512 -0.0237582 0.999404 -0.0250396 0.122925 0.027777 0.992027 ,0.443547 -1.07565 -5.04754 
E 342 333 :0.996399 0.0213159 -0.0820643 -0.0221339 0.999714 -0.00907056 0.0818475 0.0108543 0.996586 ,0.526931 -1.20603 -5.67275 
E 346 344 :0.999579 -0.028966 -0.00172877 0.0289243 0.99937 -0.0205628 0.0023233 0.0205041 0.999787 ,0.081079 -0.202516 -1.29682 
E 346 343 :0.996568 -0.0221948 -0.0797501 0.0183349 0.99864 -0.0488097 0.080725 0.0471799 0.995619 ,0.0991753 -0.301276 -1.8698 
E 346 342 :0.998365 -0.0523977 0.0228447 0.0531528 0.998014 -0.0338075 -0.0210279 0.0349665 0.999167 ,0.1719 -0.389822 -2.52338 
E 346 341 :0.995133 -0.0178779 -0.096905 0.0139335 0.999053 -0.0412288 0.0975503 0.0396779 0.994439 ,0.173551 -0.504003 -3.17639 
E 346 340 :0.999434 0.000361577 -0.0336361 -0.0012145 0.999678 -0.0253402 0.0336162 0.0253667 0.999113 ,0.248489 -0.596806 -3.80812 
E 346 339 :0.998852 -0.0298301 -0.0374778 0.0273508 0.99751 -0.0650085 0.0393237 0.0639088 0.997181 ,0.282286 -0.733325 -4.44022 
E 346 338 :0.99977 -0.0182056 0.0113425 0.0182579 0.999823 -0.00452468 -0.0112581 0.00473073 0.999925 ,0.378255 -0.796673 -5.10614 
E 343 342 :0.994215 -0.0310966 0.102804 0.0299299 0.999469 0.0128721 -0.10315 -0.00972072 0.994618 ,0.0180913 -0.120876 -0.6522 
E 343 341 :0.999848 0.00370407 -0.0170522 -0.00356983 0.999962 0.00789563 0.0170808 -0.00783356 0.999823 ,-0.0350707 -0.265747 -1.2969 
E 343 340 :0.998695 0.0207371 0.0466681 -0.0218091 0.999507 0.0225789 -0.0461768 -0.0235672 0.998655 ,-0.0130881 -0.389892 -1.92731 
E 343 339 :0.9991 -0.00627937 0.0419563 0.0069996 0.99983 -0.0170414 -0.0418422 0.0173197 0.998974 ,-0.032936 -0.556798 -2.55267 
E 343 338 :0.995764 0.000570448 0.0919396 -0.00448774 0.99909 0.0424061 -0.0918318 -0.0426391 0.994861 ,0.0077852 -0.653608 -3.22024 
E 343 336 :0.996008 0.0297804 0.0841507 -0.0290932 0.999533 -0.00938167 -0.0843908 0.00689601 0.996409 ,-0.0124799 -0.959432 -4.45577 
E 343 335 :0.997651 0.010154 0.0677511 -0.00936436 0.999885 -0.0119631 -0.0678648 0.0113006 0.997631 ,-0.0620295 -1.11515 -5.07081 
E 349 347 :0.999892 0.0127005 -0.00745476 -0.0126019 0.999834 0.0131257 0.00762023 -0.0130304 0.999886 ,-0.0334791 -0.229798 -1.26534 
E 349 346 :0.993856 0.0280624 0.107062 -0.0318454 0.998921 0.0337894 -0.105999 -0.0369913 0.993678 ,-0.046906 -0.339201 -1.91362 
E 349 344 :0.994498 0.00145197 0.104744 -0.00286033 0.999908 0.0132967 -0.104715 -0.0135232 0.99441 ,-0.110848 -0.587899 -3.20334 
E 349 343 :0.999602 0.011017 0.0259635 -0.0106933 0.999864 -0.0125759 -0.0260985 0.0122933 0.999584 ,-0.156979 -0.706489 -3.77096 
E 349 342 :0.991472 -0.0203255 0.128729 0.0205917 0.999788 -0.000737204 -0.128687 0.00338166 0.99168 ,-0.15716 -0.81934 -4.42485 
E 349 341 :0.999854 0.0145158 0.00900043 -0.0144758 0.999885 -0.00449681 -0.00906467 0.00436586 0.999949 ,-0.228636 -0.955515 -5.06967 
E 349 339 :0.997693 0.00518797 0.0676887 -0.00315879 0.999543 -0.0300507 -0.0678137 0.0297676 0.997254 ,-0.262313 -1.23076 -6.32856 
E 349 340 :0.996859 0.0311286 0.0728268 -0.0319047 0.999446 0.00951774 -0.0724902 -0.0118114 0.997299 ,-0.224398 -1.07195 -5.70192 
E 349 338 :0.992935 0.0104702 0.1182 -0.0139802 0.999484 0.0289059 -0.117837 -0.0303542 0.992569 ,-0.240007 -1.31959 -6.9981 
E 347 346 :0.993342 0.0151892 0.114197 -0.0178365 0.999595 0.0221956 -0.113814 -0.0240847 0.99321 ,-0.0169867 -0.101108 -0.649541 
E 347 344 :0.993628 -0.011252 0.112143 0.0111352 0.999937 0.00166731 -0.112155 -0.000407945 0.993691 ,-0.0876162 -0.333772 -1.9419 
E 347 343 :0.99943 -0.00149067 0.0337362 0.00234401 0.999678 -0.025269 -0.0336877 0.0253337 0.999111 ,-0.136573 -0.445532 -2.51067 
E 347 342 :0.990124 -0.0328967 0.136281 0.0348573 0.99932 -0.0120241 -0.135793 0.0166557 0.990597 ,-0.140315 -0.549846 -3.16597 
E 347 341 :0.999859 0.00194707 0.016676 -0.00165665 0.999847 -0.0174115 -0.0167073 0.0173814 0.999709 ,-0.21498 -0.678504 -3.81197 
E 347 340 :0.9966 0.0184403 0.0802986 -0.0182942 0.999829 -0.00255407 -0.080332 0.00107638 0.996768 ,-0.214093 -0.786628 -4.44571 
E 347 339 :0.997108 -0.00718191 0.0756593 0.0103966 0.999056 -0.0421806 -0.075285 0.0428452 0.996241 ,-0.254778 -0.937724 -5.07407 
E 347 338 :0.992105 -0.00235767 0.125387 0.000168283 0.999847 0.0174688 -0.125409 -0.0173098 0.991954 ,-0.236457 -1.01754 -5.74487 
E 356 355 :0.992163 0.0360653 0.119632 -0.0372315 0.999278 0.00752671 -0.119274 -0.0119218 0.99279 ,0.0239664 -0.148373 -0.63986 
E 356 354 :0.998697 0.023564 0.0452561 -0.0248131 0.999321 0.0272385 -0.0445836 -0.028326 0.998604 ,-0.0614367 -0.300642 -1.2184 
E 356 353 :0.999173 0.00530866 0.0403042 -0.00630877 0.999674 0.0247275 -0.0401598 -0.0249613 0.998881 ,-0.0900348 -0.443835 -1.79717 
E 356 351 :0.999893 -0.00304086 0.0143335 0.00234725 0.998837 0.0481619 -0.0144633 -0.0481231 0.998737 ,-0.110677 -0.745638 -3.04729 
E 356 350 :0.998656 0.00416596 0.0516682 -0.00655482 0.998913 0.0461518 -0.0514198 -0.0464284 0.997597 ,-0.138041 -0.904656 -3.67148 
E 356 349 :0.99962 0.0167223 -0.021921 -0.0156319 0.998676 0.0490047 0.0227114 -0.0486434 0.998558 ,-0.1402 -1.01893 -4.17478 
E 356 347 :0.999134 0.0297009 -0.0291509 -0.027842 0.997674 0.062224 0.0309312 -0.0613585 0.997636 ,-0.149772 -1.3099 -5.42788 
E 356 346 :0.995269 0.045567 0.0858043 -0.0525335 0.995348 0.080766 -0.0817249 -0.0848915 0.993033 ,-0.150812 -1.45072 -6.07021 
E 350 349 :0.997211 0.0126549 -0.0735583 -0.012505 0.999919 0.00249866 0.073584 -0.00157184 0.997288 ,0.0244723 -0.0907879 -0.507483 
E 350 347 :0.996382 0.0262764 -0.0808178 -0.0250855 0.999562 0.0157163 0.0811954 -0.013632 0.996605 ,0.0812545 -0.32331 -1.77149 
E 350 346 :0.998478 0.0433465 0.034098 -0.0445358 0.998397 0.0349307 -0.0325293 -0.0363962 0.998808 ,0.114167 -0.434156 -2.41883 
E 350 344 :0.999391 0.0150964 0.0314733 -0.0155579 0.999774 0.0144705 -0.0312478 -0.0149514 0.9994 ,0.142125 -0.685257 -3.70936 
E 350 343 :0.998598 0.0227352 -0.0477958 -0.0232576 0.999675 -0.010402 0.0475438 0.011499 0.998803 ,0.136376 -0.804679 -4.27866 
E 350 342 :0.998432 -0.00786526 0.0554142 0.00787009 0.999969 0.000130967 -0.0554135 0.000305353 0.998463 ,0.182866 -0.919152 -4.93061 
E 350 341 :0.997549 0.0268077 -0.0646362 -0.0270004 0.999633 -0.00211046 0.0645559 0.00385049 0.997907 ,0.157299 -1.05603 -5.57873 
E 350 339 :0.999858 0.015633 -0.00623677 -0.0158041 0.999472 -0.0284029 0.00578945 0.0284975 0.999577 ,0.212834 -1.33398 -6.83624 
E 350 340 :0.999007 0.0445585 -0.00061557 -0.0445489 0.998946 0.0110982 0.00110944 -0.0110597 0.999938 ,0.206559 -1.17409 -6.20877 
E 353 351 :0.999632 -0.00740716 -0.0260913 0.00801559 0.999697 0.0232925 0.0259108 -0.0234931 0.999388 ,0.0314837 -0.270609 -1.25702 
E 353 350 :0.999936 -0.00027484 0.011271 3.23437e-05 0.999769 0.0215096 -0.0112743 -0.0215079 0.999705 ,0.030213 -0.41414 -1.88555 
E 353 349 :0.99798 0.0123616 -0.062314 -0.0108871 0.999654 0.023947 0.0625884 -0.0232202 0.997769 ,0.0489889 -0.515822 -2.3912 
E 353 347 :0.997241 0.0258464 -0.0695843 -0.023301 0.999038 0.0371466 0.0704775 -0.0354228 0.996884 ,0.0915848 -0.775477 -3.65048 
E 353 346 :0.99806 0.0426591 0.0453438 -0.0451929 0.997384 0.0564078 -0.0428189 -0.0583476 0.997378 ,0.11723 -0.90022 -4.29561 
E 353 344 :0.998979 0.0146522 0.0427315 -0.0161942 0.999222 0.0359649 -0.0421713 -0.0366202 0.998439 ,0.13071 -1.17902 -5.58068 
E 353 343 :0.999077 0.0225887 -0.0365325 -0.0221973 0.999692 0.0110828 0.0367716 -0.0102616 0.999271 ,0.118577 -1.31066 -6.14717 
E 353 342 :0.997742 -0.00813615 0.0666643 0.00670864 0.999744 0.0216093 -0.066823 -0.0211133 0.997541 ,0.157747 -1.43913 -6.79699 
E 351 350 :0.999277 0.00718171 0.0373424 -0.00710949 0.999973 -0.00206649 -0.0373563 0.00179951 0.9993 ,-0.0187063 -0.128713 -0.631451 
E 351 349 :0.999147 0.0197682 -0.036246 -0.0197464 0.999805 0.000960664 0.0362579 -0.000244117 0.999342 ,-0.0138544 -0.218623 -1.13966 
E 351 347 :0.998514 0.0329269 -0.0434308 -0.0323364 0.999376 0.0142309 0.0438723 -0.0128054 0.998955 ,-0.00598425 -0.448931 -2.40532 
E 351 346 :0.996221 0.0491262 0.0716222 -0.0515661 0.998137 0.0326233 -0.069886 -0.0361933 0.996898 ,0.00193519 -0.55867 -3.05363 
E 351 344 :0.997389 0.0217073 0.0688745 -0.0225981 0.99967 0.0121811 -0.0685874 -0.0137057 0.997551 ,-0.0201218 -0.807296 -4.34476 
E 351 343 :0.999484 0.0303276 -0.0105382 -0.0304548 0.999463 -0.0121259 0.0101648 0.0124406 0.999871 ,-0.0479837 -0.925497 -4.91366 
E 351 342 :0.995698 -0.000666675 0.0926601 0.000886042 0.999997 -0.00232632 -0.0926583 0.00239841 0.995695 ,-0.0266946 -1.03895 -5.56709 
E 351 341 :0.999044 0.0341112 -0.0273403 -0.0342252 0.999407 -0.00371304 0.0271975 0.00464522 0.999619 ,-0.0774288 -1.17431 -6.21405 
E 351 340 :0.998006 0.0512874 0.0368047 -0.0516524 0.998624 0.00903589 -0.0362907 -0.0109189 0.999282 ,-0.052579 -1.29141 -6.84571 
E 351 339 :0.999238 0.0238638 0.0308904 -0.0229241 0.999274 -0.0304234 -0.031594 0.0296921 0.99906 ,-0.0708884 -1.45004 -7.47326 
E 362 361 :0.999576 -0.0173652 -0.0233576 0.0176062 0.999793 0.0101505 0.0231765 -0.0105575 0.999676 ,-0.00363118 -0.139283 -0.454627 
E 362 360 :0.994304 -0.0174477 -0.105145 0.01715 0.999846 -0.00373484 0.105194 0.00191032 0.99445 ,0.0518905 -0.272077 -1.10045 
E 362 359 :0.99815 -0.0298507 -0.0529593 0.0306403 0.99943 0.0141611 0.0525064 -0.0157576 0.998496 ,0.121315 -0.407351 -1.74178 
E 362 358 :0.9906 -0.0438287 -0.129581 0.0410668 0.99887 -0.0239112 0.130483 0.0183649 0.99128 ,0.169358 -0.499259 -2.23422 
E 362 357 :0.998135 -0.0405573 -0.0456176 0.0405017 0.999177 -0.0021429 0.045667 0.000291316 0.998957 ,0.258994 -0.605358 -2.81529 
E 362 356 :0.996757 -0.0356179 -0.0721607 0.0336683 0.999039 -0.0280569 0.0730907 0.0255364 0.996998 ,0.28426 -0.762223 -3.45276 
E 362 355 :0.998878 0.00121647 0.0473355 -0.000444894 0.999867 -0.0163074 -0.047349 0.016268 0.998746 ,0.359606 -0.891694 -4.09274 
E 362 354 :0.999559 -0.0100621 -0.0279208 0.010086 0.999949 0.000718261 0.0279121 -0.000999555 0.99961 ,0.321651 -1.03046 -4.67968 
E 362 353 :0.999056 -0.0285136 -0.0327872 0.0284645 0.999593 -0.00196483 0.0328299 0.0010297 0.99946 ,0.34001 -1.15824 -5.26245 
E 368 367 :0.999786 -0.00942994 -0.0184154 0.0100551 0.999366 0.0341554 0.0180817 -0.0343333 0.999247 ,-0.0388743 -0.0950889 -0.405167 
E 368 366 :0.986885 -0.038397 -0.15679 0.0442933 0.99843 0.0342862 0.155227 -0.0407813 0.987037 ,-0.0794206 -0.148493 -0.806545 
E 368 365 :0.996894 -0.0273633 -0.0738526 0.0293544 0.999231 0.0260096 0.073084 -0.0280967 0.99693 ,-0.0108974 -0.285912 -1.4528 
E 368 364 :0.99769 -0.0374545 -0.0566705 0.0381322 0.999213 0.0109246 0.0562168 -0.0130603 0.998333 ,0.0146135 -0.43181 -1.84124 
E 368 362 :0.999734 0.00874035 -0.0213657 -0.0088683 0.999943 -0.00590118 0.0213129 0.00608908 0.999754 ,0.150664 -0.613599 -2.74512 
E 368 363 :0.991388 -0.0220899 -0.129081 0.0172 0.999096 -0.0388755 0.129823 0.0363205 0.990872 ,0.0338636 -0.486645 -2.16783 
E 368 361 :0.998969 -0.00839647 -0.0446214 0.00860386 0.999953 0.00445784 0.0445819 -0.00483715 0.998994 ,0.155529 -0.750159 -3.20056 
E 368 360 :0.991941 -0.00874487 -0.126397 0.00771049 0.999933 -0.00867059 0.126464 0.00762614 0.991942 ,0.223674 -0.879627 -3.84585 
E 368 359 :0.99703 -0.0207707 -0.074155 0.0214768 0.999731 0.00873768 0.0739536 -0.0103044 0.997208 ,0.305601 -1.01172 -4.48636 
E 367 366 :0.989926 -0.0290869 -0.138564 0.0296295 0.999559 0.00185474 0.138449 -0.00594165 0.990352 ,-0.0483321 -0.0392072 -0.402153 
E 367 365 :0.998297 -0.0178182 -0.0555491 0.0174259 0.99982 -0.00753833 0.0556734 0.0065575 0.998428 ,0.00710932 -0.154997 -1.05387 
E 367 364 :0.998876 -0.0276355 -0.038497 0.0267698 0.999381 -0.022824 0.039104 0.0217678 0.998998 ,0.0241241 -0.287707 -1.44748 
E 367 363 :0.993696 -0.0113825 -0.111527 0.00338314 0.997424 -0.0716535 0.112056 0.0708245 0.991175 ,0.0369133 -0.331475 -1.77605 
E 367 361 :0.999647 0.00157249 -0.0265036 -0.00235245 0.999564 -0.029423 0.0264457 0.0294749 0.999216 ,0.13723 -0.560513 -2.81924 
E 367 362 :0.999816 0.0189031 -0.00334321 -0.0190218 0.999018 -0.0400208 0.00258341 0.040077 0.999193 ,0.141974 -0.43963 -2.35939 
E 367 360 :0.994093 0.00144931 -0.108521 -0.00599027 0.999119 -0.0415298 0.108365 0.0419346 0.993226 ,0.19239 -0.668386 -3.46972 
E 367 359 :0.99837 -0.0109002 -0.0560201 0.00952222 0.999647 -0.024806 0.0562707 0.0242322 0.998121 ,0.26139 -0.779182 -4.11577 
E 367 357 :0.998564 -0.0216633 -0.0489894 0.019648 0.998956 -0.0412521 0.0498319 0.0402304 0.997947 ,0.398888 -0.93665 -5.196 
E 367 358 :0.990757 -0.0250002 -0.133323 0.0169614 0.997988 -0.0610946 0.134583 0.0582686 0.989188 ,0.309332 -0.852205 -4.61138 
E 358 357 :0.996375 0.000894886 0.08507 -0.00245229 0.999831 0.0182046 -0.0850394 -0.0183472 0.996209 ,0.00861675 -0.120579 -0.585082 
E 358 356 :0.998307 0.00907629 0.0574566 -0.008714 0.999941 -0.00655276 -0.0575127 0.00604099 0.998326 ,-0.0559763 -0.290082 -1.21652 
E 358 355 :0.983292 0.044389 0.17654 -0.0450935 0.998983 -2.17236e-05 -0.176361 -0.00793944 0.984293 ,-0.0701613 -0.434462 -1.85759 
E 358 354 :0.99422 0.0309668 0.102803 -0.0332221 0.999242 0.0202989 -0.102097 -0.0235969 0.994495 ,-0.190043 -0.582187 -2.43117 
E 358 353 :0.995117 0.0129388 0.0978528 -0.014752 0.999732 0.0178294 -0.0975959 -0.0191859 0.995041 ,-0.253146 -0.72133 -3.00818 
E 358 351 :0.99739 0.00326503 0.0721304 -0.00627118 0.999119 0.0414896 -0.0719314 -0.0418337 0.996532 ,-0.34832 -1.01474 -4.25685 
E 358 350 :0.993951 0.0105577 0.109318 -0.0149198 0.999121 0.0391618 -0.108809 -0.0405559 0.993235 ,-0.412945 -1.16942 -4.87938 
E 358 349 :0.99909 0.0229634 0.0359347 -0.0244905 0.99879 0.0426495 -0.0349118 -0.0434907 0.998444 ,-0.445056 -1.28037 -5.38241 
E 358 347 :0.998966 0.0351803 0.028784 -0.0367495 0.997758 0.055937 -0.0267516 -0.056937 0.998019 ,-0.529252 -1.56304 -6.63462 
E 355 354 :0.997112 -0.0104483 -0.0752203 0.0117547 0.999787 0.0169459 0.0750273 -0.0177811 0.997023 ,-0.0100598 -0.148342 -0.585732 
E 355 353 :0.996368 -0.0289751 -0.080073 0.0302101 0.999442 0.0142548 0.0796153 -0.016622 0.996687 ,0.0359292 -0.285564 -1.16482 
E 355 351 :0.993694 -0.0344654 -0.106695 0.0385795 0.99858 0.0367373 0.105278 -0.0406219 0.993613 ,0.175793 -0.572989 -2.41067 
E 355 350 :0.997206 -0.02752 -0.0694426 0.0300798 0.998896 0.0360887 0.0683728 -0.0380767 0.996933 ,0.229014 -0.725438 -3.03483 
E 355 349 :0.989659 -0.0147891 -0.142676 0.0201602 0.999139 0.0362741 0.142017 -0.0387754 0.989105 ,0.291157 -0.833704 -3.53563 
E 355 347 :0.988651 -0.000358348 -0.150231 0.00784343 0.998756 0.0492341 0.150027 -0.0498537 0.987424 ,0.441956 -1.10988 -4.78302 
E 355 346 :0.999173 0.0182769 -0.0363184 -0.0156266 0.997285 0.0719635 0.037535 -0.0713365 0.996746 ,0.522779 -1.24297 -5.4219 
E 357 356 :0.9996 0.00607751 -0.0276326 -0.00676396 0.999669 -0.0248168 0.0274727 0.0249937 0.99931 ,-0.0102459 -0.157947 -0.637627 
E 357 355 :0.994835 0.0424535 0.0921964 -0.0409702 0.999 -0.0179228 -0.0928651 0.0140529 0.99558 ,0.0304903 -0.290553 -1.2801 
E 357 354 :0.999379 0.0304107 0.0178095 -0.0304536 0.999534 0.00214126 -0.0177361 -0.0026823 0.999839 ,-0.0398175 -0.427837 -1.86439 
E 357 353 :0.999845 0.0120718 0.0128367 -0.0120684 0.999927 -0.000342293 -0.0128399 0.000187322 0.999918 ,-0.0532817 -0.556426 -2.44712 
E 357 351 :0.999906 0.00436057 -0.0129773 -0.00405783 0.999721 0.0232636 0.0130751 -0.0232087 0.999645 ,-0.0412055 -0.826965 -3.70449 
E 357 350 :0.999637 0.0115181 0.0243617 -0.0120314 0.999706 0.0210299 -0.0241124 -0.0213153 0.999482 ,-0.0522768 -0.970256 -4.33297 
E 357 349 :0.998497 0.0241293 -0.0492072 -0.0229518 0.99944 0.0243558 0.0497673 -0.0231898 0.998492 ,-0.0412223 -1.07198 -4.83885 
E 357 347 :0.99771 0.0374478 -0.0563284 -0.0353585 0.998666 0.0376425 0.0576629 -0.0355646 0.997702 ,-0.0179324 -1.3317 -6.09862 
E 357 346 :0.99681 0.0539437 0.0588207 -0.05722 0.996817 0.055515 -0.0556388 -0.0587037 0.996724 ,-0.00207886 -1.45653 -6.74405 
E 354 353 :0.999819 -0.0183904 -0.00489551 0.0183776 0.999828 -0.00263384 0.00494311 0.00254339 0.999985 ,0.000795612 -0.127376 -0.583151 
E 354 351 :0.999177 -0.0256756 -0.0314074 0.0263169 0.99945 0.0201767 0.0308721 -0.0209867 0.999303 ,0.0434039 -0.394049 -1.84068 
E 354 350 :0.99981 -0.0185556 0.00597929 0.0184385 0.999648 0.01908 -0.00633122 -0.0189661 0.9998 ,0.0478501 -0.535924 -2.46957 
E 354 349 :0.997693 -0.00591098 -0.0676277 0.00729047 0.99977 0.0201697 0.0674929 -0.0206162 0.997507 ,0.0709679 -0.635911 -2.97539 
E 354 347 :0.997144 0.0076424 -0.0751351 -0.00515563 0.999434 0.0332358 0.0753466 -0.0327535 0.996619 ,0.124496 -0.891421 -4.23509 
E 354 346 :0.99892 0.0245947 0.0394156 -0.0267304 0.99815 0.0546044 -0.0379997 -0.0555991 0.99773 ,0.155589 -1.01397 -4.8804 
E 354 344 :0.999302 -0.00354727 0.0371745 0.0022786 0.999415 0.0341143 -0.0372738 -0.0340058 0.998726 ,0.180484 -1.28909 -6.1661 
E 361 360 :0.996623 0.000207415 -0.0821182 -0.0012304 0.999922 -0.0124071 0.0821093 0.0124662 0.996545 ,0.0381923 -0.126913 -0.648255 
E 361 359 :0.999484 -0.0126071 -0.0295459 0.0127466 0.999908 0.00453626 0.029486 -0.00491053 0.999553 ,0.0903425 -0.256594 -1.29237 
E 361 357 :0.999484 -0.0229417 -0.0224836 0.0226784 0.999672 -0.0118968 0.0227492 0.0113807 0.999676 ,0.199596 -0.445617 -2.37076 
E 361 358 :0.993927 -0.0257982 -0.106973 0.0224787 0.999231 -0.0321214 0.107719 0.0295217 0.993743 ,0.125333 -0.344117 -1.78671 
E 361 356 :0.998621 -0.0174217 -0.0495172 0.0155808 0.999182 -0.0373238 0.0501269 0.0365009 0.998076 ,0.207315 -0.596158 -3.01021 
E 361 355 :0.99735 0.0191968 0.0701758 -0.0172906 0.999468 -0.0276702 -0.0706696 0.0263835 0.997151 ,0.265517 -0.720154 -3.65306 
E 361 354 :0.999961 0.0075243 -0.00472883 -0.00756827 0.999928 -0.00935039 0.00465813 0.00938581 0.999945 ,0.211532 -0.852036 -4.24032 
E 361 353 :0.999894 -0.0108787 -0.00964389 0.0107632 0.999871 -0.0119468 0.00977261 0.0118418 0.999882 ,0.214127 -0.973956 -4.82463 
E 383 382 :0.999716 0.0238135 -0.00134057 -0.0238339 0.999552 -0.0180845 0.000909312 0.0181113 0.999836 ,0.0265879 -0.0660862 -0.339866 
E 383 381 :0.999442 0.0174021 -0.0285242 -0.0167772 0.999617 0.0220032 0.0288962 -0.0215123 0.999351 ,0.0456503 -0.148035 -0.598665 
E 383 380 :0.996231 0.0344396 -0.0796094 -0.0358382 0.999226 -0.0162061 0.0789896 0.0189981 0.996694 ,0.0672475 -0.169125 -0.85869 
E 383 379 :0.997793 0.0204033 -0.0631881 -0.0207411 0.999774 -0.00469483 0.063078 0.00599506 0.997991 ,0.105968 -0.248767 -1.12578 
E 383 377 :0.998889 0.0222899 0.0415095 -0.0215943 0.99962 -0.0171325 -0.0418757 0.0162171 0.998991 ,0.124007 -0.408052 -1.85319 
E 383 375 :0.999691 -0.000291758 -0.0248497 0.000219705 0.999996 -0.00290224 0.0248505 0.00289588 0.999687 ,0.135094 -0.502646 -2.45313 
E 383 376 :0.999909 0.00681566 -0.0116665 -0.00686898 0.999966 -0.00453599 0.0116352 0.00461572 0.999922 ,0.109749 -0.448958 -2.18013 
E 383 374 :0.992603 0.0215021 0.119485 -0.0233456 0.999629 0.0140502 -0.119138 -0.0167357 0.992737 ,0.195167 -0.56713 -2.90059 
E 383 373 :0.997753 0.0293431 0.0602395 -0.0301219 0.999473 0.012061 -0.0598539 -0.0138484 0.998111 ,0.179323 -0.67289 -3.23783 
E 359 358 :0.996877 -0.0121776 -0.0780257 0.00941716 0.99932 -0.0356497 0.0784067 0.0348036 0.996314 ,0.0192806 -0.0855294 -0.495549 
E 359 357 :0.999928 -0.00985192 0.0068528 0.00996402 0.999814 -0.0165212 -0.00668876 0.0165882 0.99984 ,0.0749902 -0.185088 -1.08199 
E 359 356 :0.999783 -0.00360031 -0.0205381 0.00274345 0.999131 -0.0415972 0.02067 0.0415319 0.998923 ,0.0619316 -0.332573 -1.72207 
E 359 355 :0.994531 0.0327046 0.0991888 -0.0295157 0.999004 -0.0334489 -0.100184 0.0303384 0.994506 ,0.0995685 -0.454134 -2.36691 
E 359 354 :0.999485 0.0205428 0.0246388 -0.0201971 0.999695 -0.0142002 -0.024923 0.0136952 0.999596 ,0.0266142 -0.58244 -2.95292 
E 359 353 :0.999804 0.00222103 0.0196913 -0.00189156 0.999858 -0.0167341 -0.0197257 0.0166936 0.999666 ,0.0104246 -0.701512 -3.5376 
E 359 351 :0.999964 -0.00564797 -0.00635515 0.00568999 0.999962 0.00661465 0.00631755 -0.00665057 0.999958 ,0.0165487 -0.951107 -4.79933 
E 359 350 :0.999518 0.00152221 0.0310021 -0.00167044 0.999987 0.00475609 -0.0309944 -0.00480559 0.999508 ,0.00258299 -1.0841 -5.43002 
E 359 349 :0.998992 0.0141222 -0.0426011 -0.0138207 0.999877 0.00736469 0.0426999 -0.00676849 0.999065 ,0.0111722 -1.17734 -5.93758 
E 360 359 :0.998514 -0.014198 0.0526209 0.0133205 0.999767 0.0169904 -0.0528498 -0.0162642 0.99847 ,-0.000754296 -0.13769 -0.644564 
E 360 358 :0.999387 -0.0245165 -0.0249766 0.024026 0.999516 -0.0197529 0.0254488 0.0191407 0.999493 ,-0.00636418 -0.231362 -1.13898 
E 360 357 :0.997948 -0.0231598 0.0596896 0.0231676 0.999731 0.000561681 -0.0596866 0.000822334 0.998217 ,0.0198168 -0.340119 -1.72586 
E 360 356 :0.999345 -0.0155952 0.0326472 0.0164116 0.999556 -0.024889 -0.0322446 0.0254085 0.999157 ,-0.0248097 -0.498619 -2.36186 
E 360 354 :0.996975 0.00703924 0.0774034 -0.00730221 0.999968 0.00311488 -0.077379 -0.00367068 0.996995 ,-0.121295 -0.76981 -3.5849 
E 360 355 :0.9882 0.0200686 0.151848 -0.0179634 0.999723 -0.0152228 -0.152111 0.0123155 0.988287 ,-0.0194348 -0.630606 -3.00573 
E 360 353 :0.997306 -0.0110999 0.072503 0.0110916 0.999938 0.000516828 -0.0725042 0.000288736 0.997368 ,-0.166536 -0.899005 -4.16589 
E 360 351 :0.998729 -0.020187 0.046179 0.019116 0.999541 0.0235182 -0.0466326 -0.0226055 0.998656 ,-0.223271 -1.1699 -5.42196 
E 360 350 :0.996425 -0.0129308 0.0834834 0.0111174 0.999693 0.02215 -0.0837442 -0.0211427 0.996263 ,-0.268515 -1.31376 -6.04878 
E 365 364 :0.999819 -0.00896144 0.0167884 0.00922326 0.999836 -0.015583 -0.016646 0.015735 0.999738 ,-0.00724004 -0.13557 -0.392929 
E 365 363 :0.998301 0.00996096 -0.0574039 -0.0135885 0.997911 -0.0631537 0.0566549 0.0638265 0.996352 ,-0.0135281 -0.181713 -0.721366 
E 365 362 :0.997925 0.0385109 0.0515936 -0.0368164 0.998764 -0.0334018 -0.0528161 0.031433 0.998109 ,0.0569921 -0.295545 -1.30881 
E 365 361 :0.999376 0.0206291 0.0286586 -0.0199905 0.999549 -0.0223931 -0.0291076 0.0218062 0.999338 ,0.0245487 -0.419337 -1.76676 
E 365 360 :0.998329 0.021192 -0.0537634 -0.0229915 0.999188 -0.0330756 0.0530188 0.0342564 0.998006 ,0.0415211 -0.53244 -2.41847 
E 365 359 :0.999969 0.0078872 -0.000788142 -0.00789963 0.99982 -0.0172582 0.000651882 0.0172639 0.999851 ,0.0725041 -0.648681 -3.0665 
E 365 358 :0.996858 -0.00432283 -0.0790896 0.00018735 0.998636 -0.0522215 0.0792075 0.0520426 0.995499 ,0.0915001 -0.725795 -3.56344 
E 365 357 :0.99998 -0.00197895 0.00593427 0.0021786 0.999425 -0.0338277 -0.00586391 0.03384 0.99941 ,0.146885 -0.815654 -4.15148 
E 363 362 :0.993738 0.0266546 0.108508 -0.0301702 0.999067 0.0308877 -0.107583 -0.033968 0.993616 ,0.0386657 -0.150387 -0.582158 
E 363 361 :0.996301 0.00824708 0.0855316 -0.0118518 0.999059 0.0417234 -0.085107 -0.0425828 0.995461 ,-0.0179857 -0.303473 -1.02876 
E 363 360 :0.999949 0.00951934 0.00331931 -0.00961516 0.999499 0.0301571 -0.00303057 -0.0301875 0.99954 ,-0.0364276 -0.457766 -1.67192 
E 363 359 :0.998414 -0.00473418 0.0560942 0.00211913 0.998912 0.046587 -0.0562537 -0.0463942 0.997338 ,-0.0406321 -0.614818 -2.31203 
E 363 358 :0.99965 -0.014937 -0.0218458 0.0151722 0.999828 0.010639 0.0216831 -0.0109667 0.999705 ,-0.0487745 -0.723299 -2.80337 
E 363 357 :0.99792 -0.0136391 0.0630053 0.0117605 0.999478 0.0300908 -0.0633829 -0.0292873 0.997559 ,-0.0255781 -0.849952 -3.38677 
E 363 356 :0.999344 -0.00599496 0.0357252 0.00582208 0.999971 0.0049413 -0.0357538 -0.00473006 0.999349 ,-0.0738223 -1.02712 -4.01757 
E 363 355 :0.987474 0.0296251 0.154976 -0.0320434 0.9994 0.0131287 -0.154494 -0.0179302 0.987831 ,-0.0718413 -1.17851 -4.65717 
E 363 354 :0.996598 0.0165457 0.0807384 -0.0192182 0.999289 0.0324356 -0.0801444 -0.0338769 0.996207 ,-0.176944 -1.33413 -5.23156 
E 363 353 :0.997121 -0.00157959 0.0758148 -0.000689755 0.999553 0.0298972 -0.0758281 -0.0298634 0.996674 ,-0.225341 -1.48035 -5.80825 
E 364 363 :0.997052 0.0181007 -0.0745612 -0.021641 0.998663 -0.0469513 0.0736117 0.0484265 0.996111 ,-0.00124531 -0.051247 -0.327737 
E 364 362 :0.998284 0.0471925 0.0346616 -0.0465842 0.998749 -0.0181534 -0.035475 0.0165076 0.999234 ,0.0779907 -0.174936 -0.912068 
E 364 361 :0.999496 0.0294814 0.0118119 -0.0294011 0.999544 -0.00692158 -0.0120105 0.00657081 0.999906 ,0.0520346 -0.305623 -1.36852 
E 364 360 :0.997053 0.0298337 -0.0706715 -0.0310999 0.999374 -0.0168847 0.0701235 0.0190328 0.997357 ,0.0788089 -0.429114 -2.018 
E 364 359 :0.999704 0.01682 -0.0175907 -0.0168492 0.999857 -0.00151561 0.0175627 0.00181155 0.999844 ,0.119501 -0.55581 -2.66354 
E 364 358 :0.995361 0.00402232 -0.096128 -0.00749963 0.999329 -0.0358399 0.0959194 0.0363946 0.994724 ,0.146055 -0.640901 -3.15882 
E 364 357 :0.999917 0.00667606 -0.011015 -0.00687529 0.999812 -0.0181496 0.0108917 0.0182239 0.999775 ,0.210389 -0.740495 -3.74438 
E 364 355 :0.995502 0.0489645 0.0811028 -0.0461168 0.998265 -0.0366227 -0.0827553 0.0327178 0.996033 ,0.253037 -1.00797 -5.02915 
E 364 356 :0.999169 0.0124756 -0.0388034 -0.0141338 0.998985 -0.0427592 0.0382306 0.0432721 0.998332 ,0.206113 -0.886769 -4.38485 
E 369 368 :0.997808 -0.0221956 0.0623428 0.0216597 0.999723 0.00925838 -0.0625309 -0.00788775 0.998012 ,0.000945303 -0.105379 -0.444867 
E 369 367 :0.998498 -0.0337312 0.0431627 0.0318748 0.998567 0.0429985 -0.0445512 -0.0415581 0.998142 ,-0.0609925 -0.205034 -0.846049 
E 369 366 :0.993416 -0.063016 -0.0956724 0.0670938 0.996944 0.040019 0.0928582 -0.0461746 0.994608 ,-0.125288 -0.263018 -1.24367 
E 369 365 :0.998613 -0.0512335 -0.0121166 0.0516153 0.998101 0.0336327 0.0103705 -0.0342115 0.999361 ,-0.0941537 -0.404898 -1.89184 
E 369 364 :0.998162 -0.0603648 0.00545006 0.0602518 0.998004 0.018937 -0.0065823 -0.0185738 0.999806 ,-0.089677 -0.553799 -2.27996 
E 369 362 :0.999068 -0.0130935 0.0411396 0.0129854 0.999911 0.00289378 -0.0411738 -0.00235687 0.999149 ,-0.00624044 -0.740959 -3.18911 
E 369 363 :0.996927 -0.0419527 -0.0661611 0.0398704 0.998677 -0.0324867 0.0674364 0.029749 0.99728 ,-0.0896127 -0.611225 -2.60667 
E 369 361 :0.999367 -0.0308742 0.0176575 0.0306516 0.999449 0.0127392 -0.0180411 -0.0121899 0.999763 ,-0.0267477 -0.881592 -3.64287 
E 369 360 :0.99748 -0.0304444 -0.0640867 0.0303644 0.999536 -0.00222213 0.0641246 0.000270581 0.997942 ,0.00389222 -1.01552 -4.29012 
E 366 365 :0.996465 0.0128934 0.0830186 -0.0119499 0.999858 -0.0118516 -0.0831596 0.0108176 0.996478 ,-0.0387782 -0.113479 -0.653331 
E 366 364 :0.995021 0.00526782 0.0995249 -0.00252852 0.999615 -0.0276299 -0.0996321 0.0272407 0.994651 ,-0.080361 -0.244287 -1.04574 
E 366 363 :0.9993 0.028091 0.0247005 -0.0261876 0.996894 -0.0742671 -0.02671 0.0735683 0.996932 ,-0.114488 -0.286455 -1.373 
E 366 362 :0.989538 0.0538617 0.133842 -0.0481103 0.997789 -0.0458428 -0.136015 0.038924 0.989942 ,-0.0944535 -0.394153 -1.96547 
E 366 361 :0.993169 0.035254 0.111232 -0.0315852 0.998903 -0.0345761 -0.112329 0.0308266 0.993193 ,-0.166397 -0.512112 -2.42045 
E 366 360 :0.998904 0.0368439 0.0288532 -0.0355465 0.998388 -0.0442564 -0.0304373 0.0431823 0.998603 ,-0.205046 -0.617677 -3.07249 
E 366 359 :0.996386 0.0221836 0.0819983 -0.0198558 0.999379 -0.0290961 -0.0825929 0.0273628 0.996208 ,-0.229471 -0.726592 -3.72208 
E 366 358 :0.999912 0.0128888 0.00316156 -0.0126638 0.997929 -0.0630672 -0.00396787 0.0630216 0.998004 ,-0.252791 -0.798033 -4.21968 
E 366 357 :0.995986 0.0137234 0.0884467 -0.00970189 0.998906 -0.0457384 -0.0889777 0.0446968 0.99503 ,-0.247579 -0.881572 -4.81123 
E 371 369 :0.999494 0.0267793 -0.0171507 -0.0267322 0.999638 0.00297309 0.0172241 -0.00251311 0.999848 ,-0.0242003 -0.207966 -0.99596 
E 371 368 :0.998956 0.00472281 0.0454426 -0.0052076 0.999931 0.0105557 -0.0453896 -0.0107813 0.998911 ,-0.0184477 -0.314654 -1.44048 
E 371 367 :0.999611 -0.00626046 0.0271735 0.00503878 0.998983 0.0447967 -0.0274263 -0.0446423 0.998626 ,-0.0761424 -0.413811 -1.84242 
E 371 366 :0.993118 -0.0354947 -0.111611 0.0407895 0.99813 0.0455191 0.109786 -0.0497584 0.992709 ,-0.135138 -0.471237 -2.24094 
E 371 365 :0.999312 -0.0238924 -0.0283496 0.0249323 0.999007 0.0369157 0.0274394 -0.0375971 0.998916 ,-0.0967029 -0.615825 -2.88812 
E 371 364 :0.999383 -0.0332898 -0.0111929 0.0335274 0.999201 0.021757 0.0104597 -0.0221188 0.999701 ,-0.0895595 -0.765946 -3.27572 
E 371 362 :0.999616 0.0137305 0.0240602 -0.0138489 0.999893 0.00476355 -0.0239922 -0.00509493 0.999699 ,0.00441544 -0.957971 -4.18283 
E 371 363 :0.996334 -0.0156978 -0.0841016 0.0134064 0.999525 -0.0277413 0.0844972 0.0265121 0.996071 ,-0.0854297 -0.824324 -3.60224 
E 372 371 :0.999947 0.00459552 0.00917607 -0.00419349 0.999051 -0.0433612 -0.00936663 0.0433204 0.999017 ,0.0241885 -0.111686 -0.507008 
E 372 369 :0.999477 0.0313487 -0.00796144 -0.031645 0.998686 -0.0403124 0.00668724 0.0405433 0.999155 ,-0.0101053 -0.276167 -1.51077 
E 372 368 :0.998463 0.00921883 0.0546548 -0.00742362 0.999429 -0.0329589 -0.0549274 0.0325025 0.997961 ,-0.00892221 -0.363503 -1.95953 
E 372 367 :0.99933 -0.00207893 0.0365414 0.00203137 0.999997 0.00133856 -0.036544 -0.00126343 0.999331 ,-0.0707577 -0.444895 -2.36483 
E 372 366 :0.99426 -0.0313625 -0.102286 0.0318257 0.999489 0.00289891 0.102143 -0.0061376 0.994751 ,-0.133671 -0.484739 -2.76489 
E 372 365 :0.999626 -0.0196452 -0.0190123 0.0195283 0.999789 -0.00631469 0.0191323 0.00594106 0.999799 ,-0.101841 -0.601288 -3.41806 
E 372 364 :0.99958 -0.0288992 -0.00191904 0.0288512 0.999351 -0.0215649 0.00254101 0.0215005 0.999766 ,-0.0989445 -0.734489 -3.81185 
E 374 373 :0.998206 0.0074426 -0.059401 -0.00765521 0.999965 -0.00335235 0.059374 0.00380106 0.998229 ,0.026921 -0.100418 -0.338171 
E 374 372 :0.988669 -0.0101922 -0.149766 0.0116613 0.999892 0.00893456 0.149659 -0.0105798 0.988681 ,0.059766 -0.142182 -0.732879 
E 374 371 :0.990062 -0.012127 -0.140105 0.00738399 0.999383 -0.0343237 0.140434 0.0329481 0.989542 ,0.160751 -0.258104 -1.22935 
E 374 369 :0.987473 0.0147427 -0.1571 -0.0199266 0.999306 -0.0314739 0.156527 0.0342101 0.987081 ,0.278852 -0.431935 -2.22514 
E 374 368 :0.995451 -0.00593977 -0.095089 0.00372983 0.999719 -0.0234017 0.0952013 0.0229405 0.995194 ,0.34812 -0.523258 -2.66772 
E 375 374 :0.989331 0.0212992 0.144121 -0.0239801 0.99957 0.0168901 -0.143699 -0.020166 0.989416 ,0.0489202 -0.0657973 -0.448622 
E 375 373 :0.99595 0.0292095 0.0850271 -0.0305862 0.999421 0.0149338 -0.0845416 -0.0174739 0.996267 ,0.0246776 -0.172529 -0.785057 
E 375 372 :0.999938 0.0096887 -0.00548783 -0.00952435 0.999528 0.0292211 0.00576835 -0.029167 0.999558 ,-0.000603083 -0.22173 -1.17946 
E 375 371 :0.999896 0.014037 0.00327295 -0.0139891 0.999801 -0.0142357 -0.00347213 0.0141885 0.999893 ,0.0252842 -0.348409 -1.68285 
E 375 368 :0.99863 0.0187231 0.0488554 -0.0185349 0.999819 -0.00430237 -0.0489271 0.00339095 0.998797 ,-0.00229304 -0.642236 -3.12758 
E 375 369 :0.999072 0.0408002 -0.0138347 -0.040954 0.9991 -0.0110211 0.0133726 0.0115775 0.999844 ,-0.00509261 -0.541816 -2.68157 
E 377 376 :0.998459 -0.0149787 -0.053428 0.0156102 0.999813 0.0114215 0.0532469 -0.0122379 0.998506 ,0.000332853 -0.0465104 -0.326504 
E 377 375 :0.997536 -0.0220069 -0.066622 0.0229056 0.999656 0.012757 0.0663183 -0.0142516 0.997697 ,0.0382413 -0.104041 -0.597259 
E 377 374 :0.996994 0.000592837 0.0774773 -0.0031438 0.999457 0.0328075 -0.0774158 -0.0329525 0.996454 ,0.118377 -0.174418 -1.04066 
E 377 373 :0.999801 0.00830754 0.0181156 -0.0088413 0.999523 0.0295856 -0.0178612 -0.0297399 0.999398 ,0.118957 -0.28596 -1.37641 
E 377 371 :0.997971 -0.00894534 -0.0630367 0.00887472 0.99996 -0.00140022 0.0630467 0.00083795 0.99801 ,0.183245 -0.473219 -2.26959 
E 377 372 :0.997299 -0.0103885 -0.0727099 0.0134567 0.999034 0.0418367 0.072205 -0.0427021 0.996475 ,0.121098 -0.340755 -1.77089 
E 373 372 :0.995692 -0.0184565 -0.0908636 0.0195881 0.999741 0.0115776 0.0906264 -0.0133076 0.995796 ,0.00967044 -0.0430193 -0.39582 
E 373 371 :0.996568 -0.0177995 -0.0808375 0.0152862 0.999384 -0.031604 0.0813502 0.0302598 0.996226 ,0.0818845 -0.160072 -0.897017 
E 373 368 :0.99929 -0.0122201 -0.0356507 0.0115003 0.999727 -0.0203258 0.0358894 0.0199013 0.999158 ,0.185546 -0.42929 -2.34308 
E 373 369 :0.995148 0.00909755 -0.09797 -0.0119816 0.999511 -0.0288901 0.0976592 0.0299237 0.99477 ,0.14198 -0.336803 -1.89748 
E 373 367 :0.998308 -0.0204116 -0.0544436 0.0211827 0.999683 0.0136239 0.0541482 -0.0147541 0.998424 ,0.162305 -0.516564 -2.7512 
E 376 375 :0.999888 -0.00712699 -0.0131959 0.00714796 0.999973 0.00154276 0.0131846 -0.00163691 0.999912 ,0.0225351 -0.0547739 -0.273033 
E 376 373 :0.997172 0.0223139 0.0717644 -0.0235968 0.999576 0.0170781 -0.0713529 -0.0187233 0.997275 ,0.0587991 -0.228333 -1.05741 
E 376 374 :0.991287 0.014439 0.130928 -0.0171295 0.999664 0.0194463 -0.130603 -0.0215196 0.991201 ,0.0778388 -0.120912 -0.720862 
E 376 372 :0.999817 0.00294888 -0.0188856 -0.00236768 0.999525 0.0307232 0.0189672 -0.0306728 0.99935 ,0.0390765 -0.278322 -1.45204 
E 376 371 :0.999929 0.00672262 -0.00982047 -0.00684683 0.999896 -0.0126694 0.00973428 0.0127357 0.999872 ,0.0725063 -0.405589 -1.95483 
E 379 377 :0.994491 0.00253045 0.104788 -0.00145981 0.999946 -0.0102927 -0.104808 0.010083 0.994441 ,-0.0245815 -0.163241 -0.726342 
E 379 376 :0.998578 -0.0136486 0.0515263 0.0136037 0.999907 0.00122159 -0.0515382 -0.000518899 0.998671 ,-0.0585817 -0.206389 -1.05154 
E 379 375 :0.999048 -0.0208495 0.0383236 0.0207656 0.999781 0.00258458 -0.0383691 -0.00178631 0.999262 ,-0.0493994 -0.261185 -1.32534 
E 379 374 :0.983382 -0.000334366 0.18155 -0.00380223 0.999741 0.0224364 -0.18151 -0.0227539 0.983126 ,-0.0163467 -0.327111 -1.77539 
E 379 373 :0.9924 0.00767465 0.122815 -0.0101165 0.999763 0.0192711 -0.122638 -0.0203671 0.992242 ,-0.0512343 -0.435193 -2.11045 
E 380 379 :0.999758 -0.0150301 0.0160492 0.0148369 0.999817 0.0120926 -0.0162281 -0.0118515 0.999798 ,0.0203318 -0.0833216 -0.267997 
E 380 377 :0.992591 -0.0123377 0.120877 0.0120282 0.999922 0.00328927 -0.120908 -0.00181096 0.992662 ,-0.0134474 -0.255681 -0.991859 
E 380 376 :0.997305 -0.0286824 0.0675234 0.0277938 0.999515 0.0140623 -0.067894 -0.0121477 0.997619 ,-0.05201 -0.303258 -1.31592 
E 380 375 :0.997878 -0.0358999 0.0543129 0.0351206 0.999267 0.0152364 -0.05482 -0.0132965 0.998408 ,-0.0464007 -0.361218 -1.58917 
E 380 374 :0.980288 -0.0157257 0.196947 0.00859388 0.999278 0.0370145 -0.197387 -0.0345923 0.979715 ,-0.0195881 -0.432084 -2.03888 
E 380 373 :0.990344 -0.00768067 0.138421 0.00312649 0.999448 0.0330885 -0.138598 -0.0323362 0.989821 ,-0.0582203 -0.544715 -2.37204 
E 384 383 :0.998375 -0.000704452 0.0569778 0.00108882 0.999977 -0.00671512 -0.0569718 0.00676625 0.998353 ,0.0259401 -0.0173551 -0.192013 
E 384 382 :0.99816 0.0241026 0.0556428 -0.0227509 0.999434 -0.0247995 -0.056209 0.023488 0.998143 ,0.0331665 -0.0811285 -0.533282 
E 384 381 :0.999476 0.0154439 0.0284475 -0.0158826 0.999757 0.0152608 -0.0282049 -0.0157047 0.999479 ,0.0375098 -0.161316 -0.793295 
E 384 380 :0.999138 0.0347622 -0.0226791 -0.0352831 0.999113 -0.0229854 0.02186 0.0237657 0.999479 ,0.0442712 -0.180636 -1.05426 
E 384 379 :0.99978 0.0200074 -0.00621879 -0.0200778 0.999733 -0.0114651 0.00598774 0.0115875 0.999915 ,0.067767 -0.258441 -1.32366 
E 384 377 :0.994896 0.0224735 0.0983745 -0.020225 0.999512 -0.0237953 -0.0988613 0.0216842 0.994865 ,0.0444418 -0.412818 -2.05198 
E 384 375 :0.999483 -0.000830731 0.0321527 0.00114131 0.999953 -0.00964225 -0.0321432 0.00967395 0.999436 ,0.0213948 -0.503369 -2.65221 
E 384 376 :0.998952 0.00636315 0.045329 -0.00585823 0.999919 -0.0112632 -0.045397 0.0109858 0.998909 ,0.0116081 -0.451543 -2.37785 
E 384 373 :0.992742 0.0278023 0.117003 -0.0286329 0.999575 0.00542385 -0.116803 -0.00873463 0.993117 ,0.0209613 -0.668292 -3.43928 
E 384 374 :0.984219 0.0198094 0.175845 -0.0214643 0.999741 0.00751364 -0.17565 -0.0111695 0.984389 ,0.05592 -0.564782 -3.10278 
E 382 381 :0.999583 -0.00644714 -0.0281318 0.00755387 0.999194 0.0394136 0.027855 -0.0396097 0.998827 ,0.0207748 -0.086145 -0.2573 
E 382 380 :0.996874 0.0106316 -0.0782942 -0.0106678 0.999943 -4.32458e-05 0.0782892 0.000878335 0.99693 ,0.0426321 -0.111421 -0.516929 
E 382 379 :0.998061 -0.00342556 -0.0621507 0.00417157 0.999921 0.0118774 0.0621051 -0.0121137 0.997996 ,0.0829971 -0.194943 -0.782585 
E 382 377 :0.999082 -0.0015265 0.0428145 0.00144405 0.999997 0.00195667 -0.0428173 -0.00189304 0.999081 ,0.104165 -0.366901 -1.50702 
E 382 376 :0.999799 -0.0170151 -0.0106459 0.0171562 0.999764 0.0132981 0.0104171 -0.013478 0.999855 ,0.0905896 -0.414049 -1.83315 
E 382 375 :0.999424 -0.0241228 -0.0238644 0.0244758 0.999594 0.0146129 0.0235022 -0.0151886 0.999608 ,0.116959 -0.472055 -2.10517 
E 382 374 :0.992769 -0.00234422 0.120019 -0.00185556 0.99939 0.034869 -0.120027 -0.0348396 0.992159 ,0.178144 -0.543183 -2.55147 
E 382 373 :0.998132 0.00550084 0.0608425 -0.00743246 0.999474 0.0315672 -0.0606369 -0.0319604 0.997648 ,0.164519 -0.655381 -2.88672 
E 396 395 :0.995064 0.00896527 0.0988339 -0.00761856 0.999873 -0.013995 -0.0989468 0.0131729 0.995006 ,0.0323707 -0.0277582 -0.317143 
E 396 393 :0.998476 -0.0213559 0.0508793 0.0226783 0.999416 -0.0255568 -0.0503038 0.0266717 0.998378 ,-0.00557168 -0.162086 -0.905746 
E 396 392 :0.999658 -0.00683084 -0.0252265 0.0053395 0.99826 -0.058719 0.0255838 0.0585643 0.997956 ,-0.00603215 -0.202801 -1.23599 
E 396 391 :0.999958 0.00507052 -0.00758564 -0.00528795 0.999568 -0.0289232 0.0074357 0.0289621 0.999553 ,0.00702847 -0.237541 -1.36632 
E 396 389 :0.99373 0.0126265 0.111088 -0.00910749 0.999442 -0.0321279 -0.111432 0.0309147 0.993291 ,0.0426664 -0.284809 -1.87532 
E 396 390 :0.996034 -0.0208177 0.086502 0.0242578 0.998948 -0.0389099 -0.085601 0.0408539 0.995492 ,0.0403895 -0.262859 -1.61335 
E 396 388 :0.997272 -0.00503802 0.0736489 0.00646397 0.999796 -0.0191359 -0.0735375 0.0195598 0.997101 ,0.0333095 -0.35271 -2.06838 
E 396 387 :0.997681 -0.0114587 0.0670961 0.0124264 0.999824 -0.0140216 -0.0669237 0.0148228 0.997648 ,0.0277113 -0.385678 -2.25752 
E 396 385 :0.99996 0.00471141 0.00766154 -0.00413868 0.997314 -0.0731245 -0.00798548 0.0730899 0.997293 ,0.0426846 -0.431809 -2.58498 
E 396 384 :0.999179 -0.00199026 0.0404589 0.00324234 0.999517 -0.0309047 -0.0403779 0.0310105 0.998703 ,0.0646621 -0.492945 -2.78581 
E 396 383 :0.995249 -0.00242034 0.0973367 0.00608605 0.999283 -0.0373809 -0.0971764 0.0377957 0.994549 ,0.0828468 -0.504274 -2.97916 
E 390 389 :0.999107 0.0341744 0.0248414 -0.0343376 0.999391 0.00617312 -0.0246153 -0.0070206 0.999672 ,0.0241608 -0.032677 -0.259744 
E 390 388 :0.999768 0.0175605 -0.0124602 -0.0173081 0.999648 0.0200864 0.0128086 -0.0198661 0.999721 ,0.0297194 -0.108198 -0.450093 
E 390 387 :0.999754 0.0115714 -0.0189098 -0.0110903 0.999617 0.0253542 0.0191959 -0.0251382 0.9995 ,0.0395343 -0.148743 -0.637583 
E 390 385 :0.996577 0.0226288 -0.079512 -0.0252775 0.999153 -0.0324638 0.0787101 0.0343625 0.996305 ,0.08136 -0.208515 -0.960475 
E 390 384 :0.998752 0.0196092 -0.0459412 -0.0192113 0.999774 0.00908645 0.046109 -0.00819251 0.998903 ,0.118959 -0.278249 -1.15613 
E 390 383 :0.999768 0.0185943 0.0109094 -0.0186092 0.999826 0.00126326 -0.010884 -0.00146598 0.99994 ,0.153348 -0.297844 -1.34659 
E 390 382 :0.99905 0.0425916 0.00923112 -0.0424325 0.998958 -0.0167933 -0.00993676 0.0163857 0.999816 ,0.174993 -0.364843 -1.68663 
E 390 381 :0.999213 0.0357506 -0.0172061 -0.0353366 0.999092 0.0237926 0.0180411 -0.0231659 0.999569 ,0.189704 -0.447458 -1.9455 
E 390 380 :0.996195 0.0532188 -0.0690188 -0.0542712 0.998435 -0.0134628 0.0681944 0.0171573 0.997525 ,0.208067 -0.469275 -2.20571 
E 390 379 :0.997864 0.0390541 -0.0523732 -0.0392259 0.999228 -0.00225741 0.0522446 0.00430698 0.998625 ,0.242384 -0.549962 -2.47309 
E 390 377 :0.997799 0.0410489 0.0520798 -0.0402319 0.999052 -0.01664 -0.0527134 0.0145081 0.998504 ,0.249521 -0.710473 -3.20042 
E 381 380 :0.998559 0.0182051 -0.0504924 -0.0201872 0.999034 -0.0390265 0.0497331 0.0399896 0.997962 ,0.0144253 -0.0151123 -0.260936 
E 381 379 :0.999407 0.00379171 -0.0342359 -0.0047264 0.999617 -0.0272617 0.0341194 0.0274074 0.999042 ,0.0467427 -0.0883049 -0.530707 
E 381 377 :0.997484 0.00597525 0.0706408 -0.00330236 0.999276 -0.0378942 -0.0708161 0.0375656 0.996782 ,0.0464239 -0.231566 -1.26167 
E 381 376 :0.999802 -0.0098314 0.01731 0.0102839 0.999603 -0.0262479 -0.0170451 0.0264207 0.999506 ,0.0234135 -0.265671 -1.58889 
E 381 375 :0.999847 -0.016985 0.0041 0.0170818 0.999546 -0.0248392 -0.00367624 0.0249054 0.999683 ,0.0417564 -0.313025 -1.86362 
E 381 373 :0.995971 0.0121582 0.0888451 -0.0114598 0.999899 -0.00836704 -0.0889379 0.00731518 0.99601 ,0.066142 -0.465554 -2.65281 
E 381 374 :0.988998 0.00423556 0.147869 -0.00350035 0.99998 -0.00523195 -0.147888 0.00465679 0.988993 ,0.0899474 -0.366813 -2.31392 
E 385 384 :0.999448 -0.0063745 0.0326101 0.00498996 0.99909 0.042364 -0.0328504 -0.0421779 0.99857 ,0.0238334 -0.0755477 -0.195654 
E 385 383 :0.995959 -0.00685776 0.0895455 0.00365613 0.99935 0.0358695 -0.0897333 -0.0353972 0.995337 ,0.0436083 -0.100892 -0.387513 
E 385 382 :0.995921 0.0184844 0.0883196 -0.0201307 0.999639 0.017786 -0.087959 -0.0194914 0.995933 ,0.0401084 -0.179029 -0.725841 
E 385 381 :0.998106 0.00855033 0.0609275 -0.0120757 0.998259 0.0577308 -0.0603279 -0.0583572 0.996471 ,0.0364815 -0.270137 -0.982243 
E 385 380 :0.999524 0.0291492 0.010073 -0.0293392 0.999384 0.0192643 -0.00950522 -0.0195506 0.999764 ,0.0348521 -0.300462 -1.24225 
E 385 379 :0.999552 0.0140014 0.026465 -0.014817 0.999413 0.0308746 -0.0260172 -0.0312529 0.999173 ,0.0500459 -0.389491 -1.50874 
E 385 377 :0.991251 0.0167968 0.130914 -0.0194302 0.999633 0.0188637 -0.13055 -0.0212424 0.991214 ,0.00396717 -0.574698 -2.22874 
E 385 376 :0.996957 0.000343905 0.0779502 -0.00279137 0.999506 0.031291 -0.077901 -0.0314134 0.996466 ,-0.0392282 -0.627357 -2.55144 
E 385 375 :0.997875 -0.006889 0.0647881 0.00476593 0.999448 0.0328671 -0.0649788 -0.0324885 0.997358 ,-0.0380634 -0.69071 -2.82354 
E 389 388 :0.999155 -0.0162917 -0.0377472 0.016779 0.999779 0.0126297 0.0375331 -0.0132524 0.999208 ,0.0128323 -0.0739491 -0.190615 
E 389 387 :0.99877 -0.0221445 -0.0443665 0.0229477 0.99958 0.0176754 0.0439564 -0.0186718 0.998859 ,0.0286458 -0.112817 -0.37805 
E 389 385 :0.994618 -0.0125457 -0.102851 0.00824271 0.999077 -0.042156 0.103285 0.0410813 0.993803 ,0.0804347 -0.168857 -0.700166 
E 389 384 :0.997385 -0.0145364 -0.0708005 0.0146084 0.999893 0.000498006 0.0707857 -0.00153098 0.99749 ,0.125211 -0.23589 -0.89525 
E 389 383 :0.999782 -0.0157178 -0.0137575 0.0156449 0.999863 -0.00538486 0.0138402 0.00516845 0.999891 ,0.16493 -0.25296 -1.08492 
E 389 382 :0.99986 0.00784842 -0.0148112 -0.00819501 0.999691 -0.023487 0.0146223 0.023605 0.999614 ,0.197226 -0.316791 -1.42472 
E 389 381 :0.99909 0.00198253 -0.0426124 -0.0012943 0.999868 0.0161725 0.0426388 -0.0161027 0.998961 ,0.221133 -0.397037 -1.68365 
E 389 380 :0.99549 0.0184651 -0.0930493 -0.0206726 0.999526 -0.0228165 0.0925838 0.0246371 0.9954 ,0.246634 -0.416386 -1.94346 
E 389 377 :0.999587 0.00635015 0.0280262 -0.00573824 0.999745 -0.0218602 -0.0281578 0.0216903 0.999368 ,0.320818 -0.649037 -2.9383 
E 389 379 :0.997034 0.00460214 -0.0768303 -0.0054675 0.999924 -0.0110568 0.0767736 0.0114441 0.996983 ,0.290273 -0.493973 -2.21039 
E 388 387 :0.99996 -0.00605468 -0.00654205 0.00608846 0.999968 0.00515703 0.00651062 -0.00519665 0.999965 ,0.00811296 -0.0366331 -0.188374 
E 388 385 :0.997792 0.00577033 -0.0661705 -0.00933185 0.998517 -0.0536413 0.0657628 0.0541404 0.996365 ,0.0468277 -0.0892351 -0.512898 
E 388 384 :0.999443 0.00219558 -0.0332933 -0.002582 0.99993 -0.0115678 0.0332656 0.0116473 0.999379 ,0.0831191 -0.154398 -0.710364 
E 388 383 :0.999718 0.0012662 0.0236929 -0.000830023 0.99983 -0.0184105 -0.0237121 0.0183857 0.99955 ,0.115399 -0.169598 -0.901597 
E 388 382 :0.999425 0.0255015 0.0223259 -0.0246764 0.999029 -0.0364878 -0.0232347 0.0359159 0.999085 ,0.133844 -0.229438 -1.24316 
E 388 381 :0.999824 0.0181532 -0.00481084 -0.0181359 0.999829 0.00362454 0.00487581 -0.00353665 0.999982 ,0.146665 -0.306623 -1.5038 
E 388 380 :0.997777 0.0361452 -0.0559929 -0.0381132 0.998678 -0.034487 0.0546724 0.0365444 0.997835 ,0.162069 -0.32294 -1.7646 
E 388 377 :0.997589 0.0239336 0.0651451 -0.0216487 0.999133 -0.035556 -0.0659396 0.03406 0.997242 ,0.194947 -0.543565 -2.7644 
E 388 379 :0.99898 0.0218055 -0.039531 -0.0227271 0.999477 -0.0230151 0.0390084 0.0238901 0.998953 ,0.19435 -0.397684 -2.03396 
E 388 373 :0.996015 0.0302723 0.0838859 -0.029843 0.999534 -0.00636682 -0.0840396 0.00383804 0.996455 ,0.217107 -0.782912 -4.1546 
E 388 376 :0.999894 0.00818926 0.012022 -0.00791197 0.999706 -0.0229346 -0.0122063 0.0228371 0.999665 ,0.172896 -0.578433 -3.09161 
E 387 385 :0.998123 0.012202 -0.0600075 -0.0157146 0.998169 -0.0584168 0.0591848 0.0592501 0.996487 ,0.0362801 -0.0511483 -0.325038 
E 387 384 :0.999604 0.00835936 -0.0268559 -0.00880609 0.999824 -0.0165593 0.0267127 0.0167892 0.999502 ,0.0708877 -0.115503 -0.52307 
E 387 383 :0.999519 0.00747328 0.0300875 -0.00675974 0.999695 -0.0237477 -0.0302558 0.0235329 0.999265 ,0.101829 -0.129904 -0.714586 
E 387 382 :0.999084 0.0318169 0.0286075 -0.030606 0.998657 -0.0418137 -0.0298994 0.0408998 0.998716 ,0.117685 -0.188078 -1.05656 
E 387 381 :0.999705 0.0242169 0.00172192 -0.0242143 0.999706 -0.00154301 -0.00175878 0.00150086 0.999997 ,0.128339 -0.263985 -1.31768 
E 387 380 :0.997861 0.0424621 -0.0497042 -0.0444373 0.998238 -0.0393323 0.0479464 0.0414568 0.997989 ,0.141945 -0.279039 -1.57866 
E 387 377 :0.996988 0.0302376 0.0714187 -0.0273455 0.998779 -0.0411316 -0.0725753 0.0390548 0.996598 ,0.166969 -0.49466 -2.57977 
E 387 379 :0.999056 0.0280454 -0.0331657 -0.0289776 0.999189 -0.0279662 0.0323545 0.0289009 0.999059 ,0.172015 -0.352577 -1.8486 
E 387 376 :0.999727 0.0144243 0.0183903 -0.0139023 0.999506 -0.0282016 -0.018788 0.0279382 0.999433 ,0.142576 -0.527693 -2.907 
E 387 373 :0.995247 0.0363817 0.0903314 -0.0354359 0.999299 -0.0120527 -0.0907066 0.00879449 0.995839 ,0.178619 -0.72691 -3.9713 
E 391 390 :0.995228 -0.0257955 0.0941064 0.0268186 0.999594 -0.00962291 -0.0938199 0.0121008 0.995516 ,0.0316567 -0.0322916 -0.246434 
E 391 389 :0.992909 0.00757081 0.118639 -0.00729212 0.99997 -0.00278293 -0.118657 0.00189806 0.992934 ,0.0321016 -0.0618079 -0.507675 
E 391 388 :0.996649 -0.0101792 0.0811611 0.00938807 0.999905 0.0101239 -0.0812565 -0.00932802 0.99665 ,0.0216687 -0.135318 -0.698606 
E 391 387 :0.997076 -0.0166351 0.0745857 0.0155415 0.999763 0.0152187 -0.0748212 -0.014015 0.997098 ,0.0148387 -0.173778 -0.886666 
E 391 384 :0.99882 -0.00704499 0.0480467 0.00713786 0.999973 -0.00176167 -0.048033 0.00210254 0.998844 ,0.0484269 -0.296113 -1.4119 
E 391 385 :0.99988 -1.90566e-05 0.0154635 0.000702149 0.999024 -0.0441704 -0.0154475 0.0441759 0.998904 ,0.0276204 -0.229297 -1.21276 
E 391 383 :0.994452 -0.00742335 0.104925 0.00831542 0.999933 -0.008067 -0.104859 0.00889475 0.994447 ,0.0652331 -0.312944 -1.60498 
E 391 382 :0.994442 0.0181617 0.103709 -0.0155266 0.999537 -0.0261601 -0.104136 0.0244044 0.994264 ,0.0565034 -0.376063 -1.94633 
E 391 381 :0.997054 0.00762788 0.0763281 -0.0086984 0.999868 0.0137027 -0.0762135 -0.0143263 0.996989 ,0.0489137 -0.455759 -2.20642 
E 391 380 :0.999258 0.0288243 0.0255312 -0.0281889 0.999292 -0.0249074 -0.0262311 0.0241692 0.999364 ,0.0432646 -0.474571 -2.46746 
E 402 401 :0.998534 -0.0319796 -0.0436755 0.0306917 0.999083 -0.0298451 0.0445899 0.0284609 0.9986 ,0.0122747 -0.0451371 -0.326051 
E 402 400 :0.999325 -0.036747 0.000440912 0.0367492 0.999188 -0.0164985 0.000165716 0.0165036 0.999864 ,0.0383765 -0.109892 -0.579814 
E 402 399 :0.996414 -0.0344591 0.0772787 0.0362239 0.999111 -0.0215518 -0.0764674 0.0242738 0.996777 ,0.0511339 -0.118281 -0.833485 
E 402 397 :0.999493 -0.0314209 0.00506836 0.0314246 0.999506 -0.000652639 -0.00504535 0.00081158 0.999987 ,0.00720474 -0.248503 -1.42595 
E 402 398 :0.997031 -0.0372947 0.0673687 0.0382438 0.999186 -0.0128529 -0.0668345 0.0153911 0.997645 ,0.0327164 -0.197011 -1.10387 
E 402 396 :0.999455 -0.0218636 -0.0247355 0.0219324 0.999756 0.0025148 0.0246745 -0.00305594 0.999691 ,0.0286254 -0.321412 -1.82504 
E 393 392 :0.99697 0.0128724 -0.0767207 -0.0153299 0.999385 -0.0315288 0.0762677 0.0326094 0.996554 ,0.0152295 -0.0494888 -0.328692 
E 393 391 :0.997941 0.0262744 -0.0585113 -0.0264415 0.999648 -0.0020845 0.0584359 0.00362733 0.998285 ,0.0340386 -0.0879646 -0.457263 
E 393 390 :0.999373 -0.000186697 0.0354108 0.000689342 0.999899 -0.014183 -0.0354046 0.0141985 0.999272 ,0.0792009 -0.120568 -0.701541 
E 393 389 :0.997615 0.0337177 0.0602239 -0.0332963 0.999414 -0.00798872 -0.0604579 0.00596444 0.998153 ,0.0941549 -0.149541 -0.962415 
E 393 388 :0.999598 0.0166594 0.0229448 -0.0167988 0.999842 0.00589679 -0.0228429 -0.00627986 0.999719 ,0.0929836 -0.222352 -1.15389 
E 393 387 :0.999809 0.0104874 0.0164905 -0.0106722 0.999881 0.0111627 -0.0163714 -0.0113366 0.999802 ,0.0961608 -0.260226 -1.34217 
E 393 385 :0.998744 0.0236449 -0.0441761 -0.0257043 0.998581 -0.0466459 0.0430105 0.0477228 0.997934 ,0.126538 -0.315384 -1.66716 
E 393 383 :0.998759 0.0183441 0.0463111 -0.0177638 0.999759 -0.0129115 -0.0465367 0.0120728 0.998844 ,0.184824 -0.399178 -2.05681 
E 393 384 :0.999762 0.0191202 -0.0105421 -0.0191749 0.999803 -0.00511356 0.0104423 0.00531449 0.999931 ,0.157198 -0.38231 -1.86499 
E 393 382 :0.998079 0.0429586 0.0446328 -0.0415986 0.998654 -0.0309657 -0.045903 0.0290495 0.998523 ,0.194427 -0.461332 -2.39832 
E 393 381 :0.999231 0.0347213 0.0181958 -0.0349001 0.999345 0.00960146 -0.0178505 -0.0102291 0.999788 ,0.199977 -0.540258 -2.65869 
E 411 410 :0.998551 0.0341494 0.041587 -0.0327934 0.998922 -0.032865 -0.0426645 0.0314536 0.998594 ,0.0154197 -0.0480396 -0.258133 
E 411 408 :0.948688 0.0964592 0.301142 -0.0877057 0.99524 -0.0424872 -0.303807 0.0138952 0.952632 ,-0.0112004 -0.141528 -0.75941 
E 411 407 :0.92884 0.0976187 0.357389 -0.0918492 0.995222 -0.0331264 -0.358915 -0.0020567 0.933368 ,-0.0928672 -0.228108 -1.00522 
E 411 406 :0.928992 0.0916456 0.358574 -0.0965876 0.995316 -0.00414772 -0.357274 -0.0307806 0.933492 ,-0.237832 -0.269888 -1.35874 
E 392 391 :0.999779 0.0111469 0.0178348 -0.0116738 0.99949 0.029717 -0.0174945 -0.0299186 0.999399 ,0.00953622 -0.0424027 -0.128358 
E 392 390 :0.993633 -0.0144316 0.111733 0.0123987 0.999745 0.0188672 -0.111977 -0.0173617 0.993559 ,0.0364309 -0.0823707 -0.374231 
E 392 389 :0.990491 0.0187496 0.136291 -0.0224056 0.999428 0.0253405 -0.135738 -0.0281533 0.990345 ,0.0318875 -0.11964 -0.63444 
E 392 388 :0.995084 0.000802525 0.0990311 -0.00466614 0.999237 0.0387887 -0.0989244 -0.0390601 0.994328 ,0.0172322 -0.198665 -0.822874 
E 392 387 :0.995694 -0.00573704 0.0925219 0.0016704 0.999031 0.043971 -0.0926846 -0.0436271 0.994739 ,0.00662101 -0.242615 -1.00955 
E 392 385 :0.999392 0.0119049 0.032783 -0.0114297 0.999827 -0.0146439 -0.0329517 0.0142603 0.999355 ,0.0129652 -0.307945 -1.33401 
E 392 384 :0.997822 0.00414071 0.0658307 -0.00595324 0.999608 0.027361 -0.0656916 -0.0276933 0.997456 ,0.0294706 -0.380887 -1.5314 
E 392 383 :0.992455 0.00388312 0.122548 -0.00641398 0.999774 0.0202642 -0.122442 -0.0208974 0.992256 ,0.042642 -0.403644 -1.72415 
E 392 382 :0.992192 0.0297347 0.121127 -0.0302222 0.999541 0.00218911 -0.121007 -0.00583275 0.992635 ,0.0271227 -0.476772 -2.06326 
E 392 381 :0.995377 0.0185162 0.094245 -0.0225982 0.998844 0.0424322 -0.0933504 -0.0443658 0.994644 ,0.0140077 -0.564069 -2.32067 
E 395 393 :0.998352 -0.0315037 -0.0479635 0.0309644 0.999449 -0.0119458 0.0483134 0.010441 0.998778 ,0.0215087 -0.142405 -0.587533 
E 395 392 :0.992152 -0.0201972 -0.123399 0.014638 0.998844 -0.0457917 0.124181 0.043626 0.9913 ,0.0540374 -0.187468 -0.915604 
E 395 391 :0.994327 -0.00543548 -0.10623 0.00377557 0.999868 -0.0158205 0.106302 0.0153296 0.994216 ,0.0801944 -0.223805 -1.04351 
E 395 390 :0.999402 -0.0323679 -0.0121293 0.0320569 0.999173 -0.0250159 0.0129289 0.0246121 0.999613 ,0.138026 -0.252074 -1.28565 
E 395 389 :0.99992 0.00189091 0.0125014 -0.00166516 0.999836 -0.0180433 -0.0125335 0.018021 0.999759 ,0.16638 -0.277452 -1.54578 
E 395 388 :0.999576 -0.0145655 -0.0252288 0.0144353 0.999882 -0.00533848 0.0253036 0.00497203 0.999667 ,0.176689 -0.347971 -1.73785 
E 395 385 :0.995845 -0.0101419 -0.0904982 0.00472156 0.998193 -0.0599093 0.0909422 0.059233 0.994093 ,0.237736 -0.433781 -2.24983 
E 395 387 :0.999283 -0.0204861 -0.0318423 0.0204877 0.99979 -0.00027632 0.0318413 -0.000376254 0.999493 ,0.190084 -0.383477 -1.92613 
E 395 384 :0.998217 -0.0126637 -0.0583239 0.0116679 0.999781 -0.0173822 0.0585312 0.0166707 0.998146 ,0.279943 -0.497358 -2.44664 
E 395 383 :0.999905 -0.0137612 -0.00126651 0.0137279 0.999632 -0.0234024 0.00158809 0.0233828 0.999725 ,0.317256 -0.511069 -2.63707 
E 404 403 :0.998859 0.00473084 0.047518 -0.00436632 0.99996 -0.00777205 -0.0475529 0.00755571 0.99884 ,-0.00238952 -0.0653756 -0.334097 
E 404 402 :0.999982 -0.00130849 0.0059275 0.00118952 0.999799 0.0200295 -0.00595251 -0.0200221 0.999782 ,-0.0203034 -0.133811 -0.658801 
E 404 401 :0.99874 -0.0331176 -0.0377165 0.0327665 0.999414 -0.00988965 0.0380219 0.00864135 0.99924 ,-0.00990256 -0.185455 -0.983951 
E 404 400 :0.999259 -0.0379559 0.00638918 0.0379339 0.999274 0.00353209 -0.00651861 -0.00328711 0.999973 ,0.0147793 -0.255249 -1.23652 
E 404 399 :0.995895 -0.0356219 0.0832139 0.0358702 0.999355 -0.00149061 -0.0831071 0.00446939 0.996531 ,0.0260438 -0.268702 -1.49004 
E 404 398 :0.996566 -0.0385102 0.0732978 0.0380834 0.999249 0.00721217 -0.0735204 -0.00439598 0.997284 ,0.00612698 -0.352853 -1.75868 
E 404 397 :0.999404 -0.0327234 0.0109965 0.0325062 0.999284 0.0193827 -0.0116229 -0.0190137 0.999752 ,-0.021226 -0.410817 -2.07951 
E 404 396 :0.999554 -0.0231894 -0.0188127 0.0236111 0.999468 0.0225082 0.0182807 -0.0229423 0.99957 ,-0.00207593 -0.491679 -2.47718 
E 407 406 :0.999987 0.00475274 -0.00160553 -0.00470427 0.99957 0.0289557 0.00174246 -0.0289478 0.999579 ,-0.00392799 -0.0550055 -0.380389 
E 407 404 :0.991457 -0.00699155 0.13025 1.87863e-05 0.99857 0.0534584 -0.130437 -0.0529992 0.990039 ,0.00604744 -0.185258 -0.954213 
E 407 403 :0.984162 -0.00131672 0.177265 -0.00688341 0.998934 0.0456363 -0.177136 -0.0461337 0.983105 ,-0.0393806 -0.268401 -1.28121 
E 407 402 :0.990655 -0.0108953 0.135958 0.000888397 0.997299 0.0734476 -0.136391 -0.0726405 0.987988 ,-0.0989556 -0.354097 -1.59671 
E 407 401 :0.99493 -0.0386965 0.0928254 0.034771 0.998446 0.0435415 -0.0943661 -0.0400931 0.99473 ,-0.130633 -0.423049 -1.91724 
E 407 400 :0.989608 -0.0450462 0.136556 0.0375499 0.997669 0.0569841 -0.138805 -0.0512642 0.988992 ,-0.138571 -0.506244 -2.16681 
E 407 399 :0.976311 -0.0417225 0.212311 0.0313949 0.998165 0.051786 -0.214082 -0.0438937 0.975829 ,-0.16033 -0.533231 -2.41857 
E 407 398 :0.97821 -0.0457401 0.202517 0.0341174 0.997584 0.0605164 -0.204796 -0.0522884 0.977407 ,-0.214478 -0.631623 -2.67747 
E 397 396 :0.999513 0.00957991 -0.0296878 -0.00946222 0.999947 0.0041021 0.0297255 -0.00381919 0.999551 ,0.0211322 -0.0738691 -0.39893 
E 397 395 :0.997444 0.0181485 0.0691122 -0.0174396 0.999789 -0.0108478 -0.0692945 0.00961481 0.99755 ,0.0626365 -0.103233 -0.714862 
E 397 393 :0.999701 -0.012563 0.0209701 0.0130229 0.999674 -0.0219414 -0.0206876 0.022208 0.999539 ,0.0409001 -0.23961 -1.30382 
E 397 392 :0.998464 0.000997081 -0.0554039 -0.00401482 0.998512 -0.0543835 0.0552672 0.0545223 0.996982 ,0.049854 -0.281672 -1.63377 
E 397 391 :0.9992 0.013784 -0.0375335 -0.014719 0.999585 -0.0247496 0.0371768 0.0252823 0.998989 ,0.0664448 -0.317069 -1.76352 
E 397 390 :0.998323 -0.0124506 0.0565333 0.0144807 0.99926 -0.0356427 -0.0560476 0.0364016 0.997764 ,0.106881 -0.343714 -2.00935 
E 397 389 :0.996468 0.0212771 0.0812376 -0.018967 0.999396 -0.0291027 -0.0818078 0.0274591 0.99627 ,0.116724 -0.366759 -2.27106 
E 397 388 :0.999031 0.00396169 0.043828 -0.00327443 0.999871 -0.0157416 -0.0438847 0.0155828 0.998915 ,0.112452 -0.43536 -2.46404 
E 397 387 :0.999301 -0.002315 0.0373112 0.00271089 0.999941 -0.0105633 -0.0372846 0.010657 0.999248 ,0.112156 -0.469049 -2.65314 
E 401 400 :0.998995 -0.00529035 0.0445178 0.00476229 0.999917 0.0119596 -0.0445773 -0.0117355 0.998937 ,0.0127608 -0.0727529 -0.252615 
E 401 399 :0.992655 -0.00266172 0.12095 0.00214944 0.999988 0.0043658 -0.12096 -0.00407375 0.992649 ,0.0139308 -0.0887618 -0.506238 
E 401 397 :0.998767 -0.000662094 0.0496303 -0.000711134 0.999618 0.0276464 -0.0496296 -0.0276476 0.998385 ,-0.0603485 -0.234322 -1.09207 
E 401 398 :0.993763 -0.00588698 0.11136 0.00442193 0.9999 0.0133984 -0.111428 -0.0128224 0.99369 ,-0.0189324 -0.174525 -0.773091 
E 401 396 :0.999763 0.00871649 0.0199541 -0.00934759 0.999452 0.0317556 -0.0196663 -0.0319346 0.999296 ,-0.0589924 -0.319207 -1.48936 
E 401 395 :0.992787 0.0179414 0.118543 -0.0200579 0.99966 0.0166859 -0.118203 -0.0189432 0.992809 ,-0.0331997 -0.357323 -1.80603 
E 401 393 :0.997434 -0.0121072 0.0705661 0.0117351 0.999915 0.00568572 -0.070629 -0.00484303 0.997491 ,-0.0840489 -0.509915 -2.38918 
E 398 397 :0.998065 0.006843 -0.0618052 -0.00595442 0.999876 0.0145498 0.0618972 -0.0141536 0.997982 ,-0.00587934 -0.0554566 -0.322376 
E 398 396 :0.995677 0.01664 -0.0913797 -0.0149801 0.999711 0.0188216 0.0916665 -0.0173714 0.995638 ,0.0393625 -0.135247 -0.718147 
E 398 395 :0.999677 0.0243607 0.00725045 -0.0243848 0.999697 0.00325615 -0.00716893 -0.0034319 0.999968 ,0.100112 -0.169451 -1.03046 
E 398 393 :0.999134 -0.0070705 -0.0409974 0.00676768 0.999949 -0.00752048 0.0410485 0.00723652 0.999131 ,0.113885 -0.31425 -1.61764 
E 398 392 :0.993088 0.0044582 -0.117287 -0.00915547 0.999176 -0.039541 0.117015 0.0403415 0.992311 ,0.142926 -0.361162 -1.94578 
E 398 391 :0.994868 0.0190349 -0.099373 -0.0201259 0.999748 -0.00998796 0.0991578 0.0119367 0.995 ,0.167262 -0.398541 -2.07374 
E 398 389 :0.999466 0.0263777 0.0193065 -0.0260883 0.999546 -0.0150873 -0.0196957 0.0145756 0.9997 ,0.248472 -0.455909 -2.57643 
E 398 390 :0.999954 -0.00783843 -0.00548711 0.007719 0.99974 -0.0214576 0.00565388 0.0214143 0.999755 ,0.222631 -0.429 -2.31619 
E 398 388 :0.999788 0.00983304 -0.0181027 -0.00986119 0.99995 -0.0014666 0.0180874 0.0016448 0.999835 ,0.255666 -0.527283 -2.76832 
E 400 399 :0.997059 0.00228478 0.0765997 -0.00168271 0.999967 -0.00792369 -0.0766152 0.00777149 0.99703 ,0.0123985 -0.0130373 -0.253493 
E 400 398 :0.997752 -0.000547658 0.0670161 0.000471873 0.999999 0.00114668 -0.0670167 -0.00111248 0.997751 ,-0.0089446 -0.0954883 -0.522551 
E 400 397 :0.999972 0.0053315 0.00520667 -0.00541248 0.999863 0.015665 -0.00512244 -0.0156927 0.999864 ,-0.0363847 -0.151317 -0.843746 
E 400 396 :0.99959 0.014891 -0.0244607 -0.0144051 0.999698 0.0199202 0.02475 -0.0195597 0.999502 ,-0.017724 -0.23154 -1.24157 
E 400 395 :0.996962 0.0235285 0.0742464 -0.0239213 0.999704 0.00440621 -0.0741208 -0.00616889 0.99723 ,0.0219776 -0.266074 -1.55721 
E 400 393 :0.999635 -0.00711727 0.0260568 0.00728621 0.999953 -0.00639414 -0.0260101 0.00658166 0.99964 ,-0.00355183 -0.41154 -2.14383 
E 400 392 :0.998702 0.0066045 -0.0505013 -0.00855267 0.999224 -0.0384584 0.0502081 0.0388404 0.997983 ,0.00345964 -0.458813 -2.47313 
E 399 398 :0.999951 -0.00214352 -0.00962581 0.00223068 0.999957 0.00905377 0.00960599 -0.0090748 0.999913 ,-0.00052764 -0.084588 -0.26924 
E 399 397 :0.997433 0.00483565 -0.0714398 -0.00316739 0.99972 0.0234468 0.0715332 -0.0231603 0.997169 ,-0.00318469 -0.142974 -0.591141 
E 399 396 :0.994778 0.0146636 -0.100999 -0.0119285 0.999547 0.0276313 0.101359 -0.0262822 0.994503 ,0.0460356 -0.226243 -0.98572 
E 399 395 :0.99975 0.0222497 -0.00238239 -0.0222187 0.999677 0.0123257 0.00265586 -0.0122696 0.999921 ,0.109861 -0.263138 -1.29711 
E 399 393 :0.998676 -0.00928323 -0.0505967 0.00936778 0.999955 0.00143429 0.0505812 -0.00190638 0.998718 ,0.129596 -0.413216 -1.88279 
E 399 392 :0.991933 0.00192791 -0.126749 -0.00588038 0.999508 -0.0308167 0.126627 0.0313134 0.991456 ,0.161895 -0.463032 -2.2102 
E 399 391 :0.993908 0.0167761 -0.108924 -0.0170081 0.999855 -0.00120069 0.108888 0.00304597 0.994049 ,0.187542 -0.501514 -2.33758 
E 399 390 :0.999835 -0.0101871 -0.0150643 0.0100004 0.999873 -0.0124174 0.0151889 0.0122647 0.999809 ,0.245307 -0.534043 -2.5792 
E 410 408 :0.963151 0.0630893 0.261456 -0.0647698 0.997898 -0.00219382 -0.261044 -0.0148214 0.965213 ,-0.00212897 -0.110063 -0.498607 
E 410 407 :0.945819 0.0649283 0.318135 -0.07132 0.997418 0.00847168 -0.316764 -0.0307021 0.948007 ,-0.0703511 -0.20707 -0.744617 
E 410 406 :0.946056 0.0601863 0.318363 -0.0759964 0.996404 0.0374635 -0.314964 -0.0596371 0.947228 ,-0.198653 -0.264876 -1.1023 
E 410 404 :0.896243 0.0413618 0.44163 -0.0717969 0.996041 0.0524182 -0.437713 -0.0786871 0.895665 ,-0.380229 -0.400365 -1.64545 
E 403 402 :0.999119 -0.00472033 -0.0417092 0.00587525 0.999601 0.0276108 0.0415623 -0.0278315 0.998748 ,-0.00215403 -0.070971 -0.324647 
E 403 401 :0.995649 -0.0378545 -0.085147 0.0377773 0.999283 -0.00251773 0.0851813 -0.00070985 0.996365 ,0.0239223 -0.125021 -0.648524 
E 403 400 :0.998263 -0.0421194 -0.0411852 0.0426104 0.99903 0.0111177 0.0406769 -0.0128533 0.99909 ,0.0608909 -0.196603 -0.899082 
E 403 399 :0.998554 -0.0401573 0.0357375 0.0399523 0.999181 0.00643261 -0.0359666 -0.00499552 0.999341 ,0.0842571 -0.211918 -1.15167 
E 403 398 :0.998759 -0.0426203 0.0257589 0.042241 0.998993 0.0150938 -0.0263763 -0.013987 0.999554 ,0.0775051 -0.29819 -1.42029 
E 403 397 :0.998675 -0.0361451 -0.0366417 0.0371451 0.998945 0.0269878 0.0356276 -0.0283131 0.998964 ,0.0656926 -0.358705 -1.74159 
E 403 396 :0.997441 -0.026436 -0.0664219 0.028477 0.999145 0.0299707 0.0655728 -0.0317855 0.997341 ,0.104084 -0.442477 -2.13727 
E 403 395 :0.999291 -0.0183653 0.0328608 0.0177589 0.999668 0.0186525 -0.0331924 -0.0180557 0.999286 ,0.158171 -0.478795 -2.45056 
E 413 412 :0.99215 0.0162496 0.123991 -0.0183999 0.999699 0.0162174 -0.123691 -0.0183715 0.992151 ,-0.0360353 -0.122757 -0.450748 
E 413 411 :0.980611 0.0313861 0.193432 -0.0307195 0.999507 -0.00644548 -0.193539 0.000378371 0.981092 ,-0.0653559 -0.167732 -0.691259 
E 413 410 :0.969909 0.0709237 0.23291 -0.0631772 0.997178 -0.0405627 -0.235129 0.0246276 0.971652 ,-0.101674 -0.214558 -0.947514 
E 406 404 :0.991217 -0.0117814 0.131722 0.00850678 0.999641 0.025395 -0.131974 -0.0240514 0.990961 ,0.00958819 -0.113538 -0.57737 
E 406 403 :0.983874 -0.00609635 0.178761 0.00292472 0.999834 0.0180005 -0.178841 -0.0171874 0.983728 ,-0.0360179 -0.187395 -0.90656 
E 406 402 :0.9904 -0.0157133 0.137332 0.00954456 0.99892 0.0454622 -0.137898 -0.043715 0.989481 ,-0.0957388 -0.264204 -1.22432 
E 406 401 :0.99459 -0.0434629 0.0943527 0.0422163 0.998993 0.0151687 -0.094917 -0.0111034 0.995423 ,-0.12765 -0.323999 -1.54666 
E 406 400 :0.989177 -0.0498283 0.13801 0.0462552 0.998509 0.0289795 -0.139248 -0.0222822 0.990007 ,-0.135631 -0.399971 -1.79852 
E 406 399 :0.975778 -0.0464941 0.213765 0.0422187 0.998807 0.0245247 -0.21465 -0.0149058 0.976577 ,-0.157702 -0.419762 -2.05092 
E 406 397 :0.988712 -0.0467134 0.14236 0.0407011 0.998164 0.044858 -0.144195 -0.0385574 0.988798 ,-0.280527 -0.577197 -2.6254 
E 408 407 :0.998276 0.00594791 0.0583919 -0.00680404 0.999872 0.014474 -0.0582984 -0.0148463 0.998189 ,0.00479463 -0.0974608 -0.255077 
E 408 406 :0.998337 0.00899958 0.0569368 -0.0114824 0.99899 0.0434308 -0.0564885 -0.0440124 0.997433 ,-0.0216654 -0.157938 -0.633732 
E 408 404 :0.982131 -0.00413482 0.188153 -0.00861507 0.997723 0.0668951 -0.188001 -0.0673207 0.979859 ,-0.0459886 -0.296548 -1.20516 
E 408 403 :0.972081 0.00193328 0.234636 -0.0161427 0.998148 0.0586538 -0.234088 -0.0608039 0.970312 ,-0.110927 -0.384103 -1.52768 
E 408 402 :0.980988 -0.00918632 0.193851 -0.00782629 0.996194 0.0868133 -0.193911 -0.08668 0.977182 ,-0.189332 -0.47395 -1.83787 
E 408 401 :0.987912 -0.0350323 0.151009 0.0266311 0.998002 0.057302 -0.152714 -0.0525878 0.98687 ,-0.240081 -0.547317 -2.15495 
E 408 400 :0.98002 -0.0420279 0.194409 0.0288027 0.997106 0.0703623 -0.196803 -0.063357 0.978394 ,-0.263073 -0.63406 -2.40237 
E 408 399 :0.962314 -0.0382766 0.269234 0.0216494 0.997685 0.0644589 -0.271078 -0.056201 0.960915 ,-0.299655 -0.664539 -2.652 
E 417 416 :0.998512 0.0301428 -0.0454534 -0.0305915 0.99949 -0.00920664 0.0451527 0.0105834 0.998924 ,-0.0984401 -0.0939455 -0.617861 
E 417 415 :0.930054 0.096626 0.35449 -0.089769 0.99532 -0.0357803 -0.356288 0.00145544 0.934375 ,-0.180472 -0.203308 -1.19882 
E 417 414 :0.826524 0.148654 0.542918 -0.137619 0.988594 -0.0611752 -0.54582 -0.0241534 0.837554 ,-0.442292 -0.291781 -1.7402 
E 417 413 :0.689278 0.147581 0.709306 -0.142098 0.987556 -0.067389 -0.710425 -0.0543409 0.701672 ,-0.655227 -0.331656 -2.03961 
E 412 411 :0.997418 0.0127021 0.0706805 -0.0112201 0.99971 -0.0213245 -0.0709308 0.0204764 0.997271 ,0.00148608 -0.04102 -0.242988 
E 412 410 :0.992541 0.0489728 0.111643 -0.0430779 0.997578 -0.0546166 -0.114048 0.0493998 0.992246 ,-0.0019892 -0.0837141 -0.502494 
E 412 408 :0.923651 0.109834 0.367157 -0.0918461 0.993572 -0.0661681 -0.372065 0.0273942 0.927802 ,-0.0651585 -0.166187 -1.00243 
E 412 407 :0.899907 0.109863 0.422016 -0.0945906 0.993881 -0.0570303 -0.425699 0.0114033 0.904793 ,-0.165088 -0.246584 -1.24354 
E 412 406 :0.900114 0.101876 0.423575 -0.0993643 0.994655 -0.028076 -0.424171 -0.0168166 0.905426 ,-0.335196 -0.279187 -1.58667 
E 414 413 :0.977024 0.0157323 0.212546 -0.0208533 0.999543 0.0218734 -0.212105 -0.0258032 0.976906 ,-0.00707957 -0.0638418 -0.363946 
E 414 412 :0.942776 0.027699 0.332276 -0.0417867 0.998502 0.035326 -0.330799 -0.0471892 0.942521 ,-0.140023 -0.19565 -0.793474 
E 416 415 :0.915328 0.0660997 0.397246 -0.0654595 0.99774 -0.0151879 -0.397352 -0.0121017 0.917586 ,-0.104796 -0.117928 -0.575597 
E 416 414 :0.804858 0.1171 0.581799 -0.118412 0.992315 -0.0359147 -0.581534 -0.0399859 0.812539 ,-0.387965 -0.219978 -1.10368 
E 416 413 :0.660522 0.114697 0.741994 -0.128767 0.990925 -0.038548 -0.739682 -0.0700825 0.669297 ,-0.612882 -0.26942 -1.39273 
E 415 414 :0.975535 0.0581171 0.212024 -0.0579061 0.998296 -0.00720983 -0.212082 -0.00524405 0.977238 ,-0.0426783 -0.114146 -0.595496 
E 415 413 :0.906938 0.067967 0.415745 -0.0758642 0.997115 0.00248512 -0.414377 -0.033794 0.909478 ,-0.13046 -0.174845 -0.949322 
E 415 412 :0.847144 0.0750461 0.526037 -0.0939229 0.995537 0.00922967 -0.522996 -0.0572257 0.850412 ,-0.358882 -0.295634 -1.34019 
E 432 431 :0.994974 -0.0121667 -0.099393 0.00987762 0.999675 -0.0234906 0.0996465 0.0223908 0.994771 ,0.000489589 -0.125979 -0.56135 
E 432 430 :0.999891 -0.0106357 -0.0102542 0.0106311 0.999943 -0.000499593 0.0102589 0.000390526 0.999947 ,0.0299511 -0.255 -1.19941 
E 432 428 :0.999982 0.00368565 -0.00472149 -0.00370961 0.99998 -0.00507796 0.00470268 0.00509539 0.999976 ,0.0644515 -0.527448 -2.40706 
E 432 427 :0.997326 -0.00971737 -0.0724364 0.0117816 0.999535 0.0281249 0.0721294 -0.0289031 0.996976 ,0.0141217 -0.679546 -3.05032 
E 432 425 :0.986358 -0.0358478 -0.160661 0.037264 0.999289 0.00580968 0.160338 -0.0117173 0.986993 ,0.00471422 -0.999497 -4.31033 
E 432 426 :0.991117 -0.0333775 -0.128734 0.0331053 0.999443 -0.00425383 0.128804 -4.57251e-05 0.99167 ,0.0179924 -0.829688 -3.68424 
E 432 424 :0.986849 -0.0305942 -0.158725 0.0322744 0.999447 0.00801795 0.158392 -0.0130353 0.98729 ,0.0759013 -1.13675 -4.93747 
E 422 421 :0.996279 -0.00784488 0.08583 0.00699841 0.999924 0.0101586 -0.0859032 -0.00952012 0.996258 ,-0.0341363 -0.141017 -0.630055 
E 422 420 :0.998698 -0.0104786 0.0499346 0.00966761 0.999818 0.0164551 -0.050098 -0.0159509 0.998617 ,-0.0711599 -0.258874 -1.27393 
E 422 417 :0.993657 0.000276473 0.112455 -0.00527165 0.999012 0.0441243 -0.112332 -0.0444372 0.992677 ,-0.385907 -0.626989 -3.18247 
E 422 416 :0.997247 0.0314181 0.0671666 -0.0338327 0.99881 0.0351189 -0.0659834 -0.0372946 0.997124 ,-0.55323 -0.747585 -3.78057 
E 422 415 :0.884063 0.096452 0.457307 -0.110304 0.993891 0.00361489 -0.454165 -0.0536387 0.889302 ,-0.700104 -0.882042 -4.3432 
E 422 414 :0.759863 0.145269 0.633645 -0.165925 0.985768 -0.0270203 -0.628552 -0.0846055 0.773152 ,-1.02117 -0.992936 -4.84727 
E 423 422 :0.999835 0.00878922 0.0159194 -0.00828555 0.999472 -0.031433 -0.0161873 0.0312959 0.999379 ,0.00474442 -0.102731 -0.634246 
E 423 421 :0.994808 0.00079341 0.101765 0.0014402 0.99976 -0.0218733 -0.101758 0.0219063 0.994568 ,-0.0406558 -0.223586 -1.26777 
E 423 420 :0.99782 -0.00194319 0.0659684 0.00296248 0.999878 -0.0153568 -0.0659305 0.0155188 0.997704 ,-0.0889592 -0.320836 -1.91433 
E 423 417 :0.991658 0.00834955 0.128627 -0.00997092 0.999879 0.0119664 -0.128512 -0.0131491 0.991621 ,-0.437272 -0.626157 -3.82811 
E 423 416 :0.995734 0.039598 0.0833378 -0.0400035 0.999194 0.00320121 -0.0831439 -0.00652136 0.996516 ,-0.615149 -0.726503 -4.42691 
E 423 415 :0.875717 0.104318 0.47142 -0.103295 0.994253 -0.0281295 -0.471645 -0.0240619 0.88146 ,-0.772138 -0.841986 -4.99102 
E 423 414 :0.748272 0.152562 0.645611 -0.152375 0.986703 -0.0565587 -0.645655 -0.056054 0.761569 ,-1.10215 -0.934317 -5.49305 
E 421 420 :0.999353 -0.00207224 -0.0359204 0.00230915 0.999976 0.00655519 0.0359059 -0.00663389 0.999333 ,0.0175999 -0.111429 -0.645837 
E 421 417 :0.999572 0.0110842 0.0270716 -0.011997 0.999357 0.0337883 -0.0266797 -0.0340986 0.999062 ,-0.134602 -0.458877 -2.57799 
E 421 416 :0.998968 0.041495 -0.0184936 -0.0410252 0.998843 0.0250966 0.0195136 -0.0243119 0.999514 ,-0.250768 -0.572457 -3.18944 
E 421 415 :0.919016 0.107656 0.379237 -0.112907 0.99357 -0.00843917 -0.377706 -0.0350629 0.925261 ,-0.349705 -0.700395 -3.76394 
E 421 414 :0.809869 0.158895 0.564682 -0.165889 0.985359 -0.0393497 -0.562667 -0.0618065 0.82437 ,-0.627049 -0.803963 -4.29481 
E 421 413 :0.668176 0.156993 0.727251 -0.174279 0.983314 -0.0521468 -0.723303 -0.0919016 0.684388 ,-0.848441 -0.851374 -4.5869 
E 433 432 :0.998106 0.0315683 0.0528068 -0.0302353 0.999208 -0.0258536 -0.0535811 0.024208 0.99827 ,0.00043089 -0.0861923 -0.504943 
E 433 431 :0.998663 0.0205967 -0.0474156 -0.0227898 0.998673 -0.0461853 0.0464014 0.0472041 0.997807 ,-0.0327005 -0.197573 -1.0684 
E 433 430 :0.998874 0.0209716 0.0425535 -0.0198746 0.999463 -0.0260414 -0.0430768 0.0251664 0.998755 ,-0.0410615 -0.310887 -1.71005 
E 433 428 :0.998219 0.0355154 0.0479327 -0.034063 0.998945 -0.0307842 -0.0489754 0.0290966 0.998376 ,-0.0789993 -0.55294 -2.92406 
E 433 427 :0.999617 0.0203284 -0.0187642 -0.020247 0.999785 0.0045173 0.0188519 -0.00413566 0.999814 ,-0.168004 -0.686765 -3.5672 
E 424 423 :0.996721 0.0105843 0.0802219 -0.0141067 0.998955 0.0434693 -0.079678 -0.0444584 0.995829 ,-0.0657075 -0.126539 -0.642606 
E 424 422 :0.99517 0.0218497 0.0957066 -0.0230849 0.999664 0.0118176 -0.0954162 -0.0139699 0.995339 ,-0.112946 -0.2568 -1.27002 
E 424 421 :0.983398 0.0131299 0.180986 -0.0170181 0.999656 0.0199472 -0.180662 -0.022696 0.983283 ,-0.210299 -0.404427 -1.89191 
E 424 420 :0.98929 0.00989112 0.145627 -0.0139825 0.999535 0.0270981 -0.145291 -0.0288441 0.988968 ,-0.311342 -0.529 -2.5276 
E 424 417 :0.977991 0.0178503 0.207882 -0.0295358 0.998145 0.0532445 -0.206546 -0.0582126 0.976704 ,-0.815272 -0.912279 -4.39207 
E 424 416 :0.985376 0.0495207 0.163041 -0.0576224 0.997308 0.0453401 -0.160357 -0.0540719 0.985577 ,-1.04166 -1.03604 -4.96974 
E 424 415 :0.833916 0.112569 0.540289 -0.136043 0.990697 0.0035662 -0.534861 -0.0764763 0.841472 ,-1.24461 -1.17371 -5.51385 
E 424 414 :0.69241 0.158008 0.70399 -0.190838 0.981083 -0.0325021 -0.695808 -0.111843 0.709466 ,-1.61479 -1.28311 -5.98339 
E 449 448 :0.998011 -0.00709147 0.0626478 0.00561919 0.999705 0.0236459 -0.0627969 -0.0232468 0.997756 ,-0.00643153 -0.0822138 -0.243391 
E 449 447 :0.997199 0.0218019 0.0715485 -0.0230026 0.999607 0.0160012 -0.0711716 -0.0176022 0.997309 ,-0.0167045 -0.0985913 -0.36219 
E 449 445 :0.99595 0.041677 0.0796603 -0.037504 0.99788 -0.0531821 -0.0817079 0.0499791 0.995402 ,-0.0420647 -0.136036 -0.607919 
E 449 443 :0.992245 0.0323249 0.120025 -0.0306374 0.999404 -0.0158789 -0.120467 0.0120785 0.992644 ,-0.082645 -0.225192 -0.92568 
E 449 442 :0.980003 0.0530205 0.191791 -0.0483833 0.998414 -0.0287847 -0.193013 0.0189296 0.981014 ,-0.105218 -0.232095 -1.11263 
E 449 441 :0.965369 0.0659207 0.252424 -0.0597474 0.997699 -0.0320524 -0.253956 0.0158607 0.967086 ,-0.162335 -0.289473 -1.36953 
E 449 440 :0.96487 0.0619529 0.255319 -0.0617431 0.998053 -0.00884445 -0.25537 -0.00723045 0.966816 ,-0.251714 -0.378802 -1.67502 
E 449 439 :0.96858 0.0627422 0.240657 -0.0535663 0.997573 -0.0444893 -0.242864 0.0302003 0.96959 ,-0.322378 -0.410127 -1.9202 
E 449 438 :0.965504 0.0594854 0.253503 -0.055058 0.998182 -0.0245305 -0.254502 0.00972689 0.967023 ,-0.39325 -0.486271 -2.16544 
E 426 425 :0.999483 -0.00395682 -0.0319129 0.00431376 0.999929 0.0111238 0.0318666 -0.0112557 0.999429 ,-0.0994236 -0.169242 -0.618436 
E 426 424 :0.999553 0.00108558 -0.0298833 -0.000689351 0.999912 0.0132662 0.0298951 -0.0132397 0.999465 ,-0.114191 -0.308764 -1.24893 
E 426 423 :0.998641 0.0129926 0.0504746 -0.0158495 0.99827 0.056621 -0.0496516 -0.0573441 0.997119 ,-0.160803 -0.443771 -1.89149 
E 426 422 :0.997551 0.0233426 0.0659326 -0.0250347 0.999375 0.0249549 -0.0653089 -0.0265444 0.997512 ,-0.189413 -0.582312 -2.51825 
E 426 421 :0.988339 0.0148875 0.151543 -0.0200912 0.999258 0.0328651 -0.150941 -0.0355265 0.987904 ,-0.268299 -0.738109 -3.14076 
E 426 420 :0.993174 0.0118337 0.116038 -0.0165907 0.999057 0.0401152 -0.115454 -0.0417665 0.992434 ,-0.350435 -0.871034 -3.77749 
E 426 417 :0.983694 0.0206655 0.17866 -0.0329475 0.997272 0.0660536 -0.176807 -0.0708629 0.981691 ,-0.798839 -1.27867 -5.65095 
E 426 416 :0.989665 0.0521971 0.133565 -0.0604239 0.996469 0.0582986 -0.13005 -0.0657666 0.989324 ,-1.008 -1.40992 -6.23344 
E 425 424 :0.999986 0.00497649 0.00203895 -0.00498084 0.999985 0.00213384 -0.0020283 -0.00214397 0.999996 ,-0.0354532 -0.132357 -0.631218 
E 425 423 :0.996474 0.0154648 0.0824675 -0.019241 0.998793 0.0451941 -0.0816691 -0.0466214 0.995568 ,-0.1031 -0.259938 -1.27342 
E 425 422 :0.994846 0.0267957 0.0977935 -0.0282449 0.99951 0.0134646 -0.0973848 -0.0161574 0.995116 ,-0.152265 -0.391301 -1.90045 
E 425 421 :0.982931 0.0180582 0.183087 -0.0223015 0.999528 0.0211436 -0.182619 -0.0248658 0.982869 ,-0.25162 -0.539768 -2.52183 
E 425 420 :0.98891 0.0148063 0.147776 -0.0192198 0.999409 0.0284827 -0.147267 -0.031007 0.988611 ,-0.354577 -0.665191 -3.15704 
E 425 417 :0.977409 0.0226986 0.210135 -0.0348473 0.997917 0.0542924 -0.208465 -0.0603885 0.976164 ,-0.864209 -1.04993 -5.01966 
E 425 416 :0.984748 0.0543729 0.165274 -0.0628718 0.996932 0.0466304 -0.162231 -0.0563103 0.985145 ,-1.09239 -1.1738 -5.5966 
E 425 415 :0.832137 0.117341 0.542015 -0.141336 0.989958 0.00267062 -0.536258 -0.0788283 0.840365 ,-1.29713 -1.31162 -6.14001 
E 425 414 :0.690032 0.16266 0.705264 -0.195769 0.980043 -0.0344942 -0.6968 -0.114267 0.708105 ,-1.66881 -1.42017 -6.60856 
E 427 426 :0.998147 -0.0215165 -0.0569108 0.0197361 0.999304 -0.0316632 0.0575525 0.0304814 0.997877 ,-0.043633 -0.131788 -0.636509 
E 427 425 :0.995725 -0.0248238 -0.0889714 0.0230276 0.999511 -0.021159 0.0894531 0.0190197 0.995809 ,-0.104035 -0.283292 -1.26451 
E 427 424 :0.996014 -0.0196775 -0.0869938 0.0180918 0.999656 -0.0189791 0.0873373 0.0173296 0.996028 ,-0.0798909 -0.403045 -1.89877 
E 427 423 :0.999957 -0.00524724 -0.00758407 0.00544285 0.999647 0.0260058 0.00744493 -0.026046 0.999633 ,-0.0869438 -0.518533 -2.54676 
E 427 422 :0.999958 0.00330703 0.00850433 -0.00326164 0.99998 -0.00534564 -0.00852184 0.00531768 0.99995 ,-0.0768503 -0.637697 -3.17806 
E 427 421 :0.99553 -0.00461874 0.0943325 0.00420798 0.999981 0.00455282 -0.0943517 -0.00413552 0.99553 ,-0.11681 -0.775231 -3.80854 
E 427 420 :0.998262 -0.0073074 0.0584795 0.00667784 0.999918 0.0109537 -0.0585548 -0.0105441 0.998229 ,-0.159697 -0.889524 -4.45269 
E 427 417 :0.992643 0.00320231 0.121039 -0.00791201 0.999229 0.0384501 -0.120822 -0.0391249 0.991903 ,-0.491879 -1.2464 -6.36042 
E 427 416 :0.996532 0.0344027 0.0757598 -0.036732 0.998888 0.0295689 -0.0746583 -0.0322491 0.996688 ,-0.664681 -1.36325 -6.9577 
E 435 434 :0.999786 0.0119134 0.0169064 -0.0120782 0.99988 0.00967641 -0.0167891 -0.00987854 0.99981 ,-0.0452475 -0.118413 -0.635099 
E 435 433 :0.999321 0.00155932 -0.036801 -0.00217524 0.999858 -0.0167024 0.0367697 0.0167712 0.999183 ,-0.0332341 -0.239385 -1.27289 
E 435 432 :0.999353 0.0322141 0.0159933 -0.0315072 0.998594 -0.0426384 -0.0173444 0.0421069 0.998963 ,-0.0143555 -0.317132 -1.77885 
E 435 431 :0.996242 0.0204029 -0.0841757 -0.0257339 0.997698 -0.0627414 0.0827018 0.0646718 0.994474 ,-0.0269023 -0.419014 -2.34493 
E 435 430 :0.999751 0.0215897 0.00572886 -0.0213251 0.998856 -0.0428119 -0.0066466 0.0426791 0.999067 ,-0.0118208 -0.521576 -2.98827 
E 428 427 :0.997603 -0.013561 -0.0678509 0.0158247 0.999332 0.0329373 0.067359 -0.0339321 0.997152 ,-0.0527897 -0.155558 -0.642239 
E 428 426 :0.991582 -0.0370846 -0.124052 0.0374139 0.9993 0.000324736 0.123953 -0.00496327 0.992276 ,-0.0513432 -0.308914 -1.2754 
E 428 425 :0.986957 -0.0396092 -0.156038 0.0417156 0.999077 0.0102465 0.155488 -0.0166221 0.987698 ,-0.0669355 -0.481958 -1.90055 
E 428 424 :0.987456 -0.0343625 -0.154109 0.036718 0.999248 0.0124634 0.153565 -0.0179657 0.987975 ,0.00181019 -0.622139 -2.52731 
E 428 423 :0.996982 -0.0170236 -0.0757446 0.0215085 0.998038 0.0587937 0.0745951 -0.0602454 0.995392 ,0.0403067 -0.759005 -3.17001 
E 428 422 :0.998184 -0.0106225 -0.0592911 0.0122839 0.99954 0.0277282 0.0589693 -0.0284062 0.997856 ,0.0948264 -0.898722 -3.79479 
E 428 421 :0.999489 -0.0178878 0.026497 0.0168514 0.999104 0.0388327 -0.0271679 -0.0383663 0.998894 ,0.0996067 -1.05756 -4.4215 
E 428 420 :0.999752 -0.0201343 -0.00953989 0.0205419 0.998787 0.0447508 0.00862729 -0.0449357 0.998953 ,0.102078 -1.19368 -5.06282 
E 428 417 :0.998569 -0.00770126 0.0529255 0.003822 0.997324 0.0730105 -0.0533462 -0.0727037 0.995926 ,-0.0950274 -1.61841 -6.97538 
E 428 416 :0.999708 0.0229625 0.00755111 -0.0233967 0.997703 0.0635762 -0.0060739 -0.0637343 0.997948 ,-0.225304 -1.75759 -7.57864 
E 436 435 :0.999127 -0.0275967 -0.0313724 0.0286864 0.998981 0.0348309 0.0303792 -0.0357005 0.998901 ,0.000925837 -0.130349 -0.635736 
E 436 434 :0.999773 -0.0153805 -0.0147419 0.0160296 0.998859 0.0449759 0.0140333 -0.045202 0.998879 ,-0.0210897 -0.27206 -1.26728 
E 436 433 :0.997355 -0.026561 -0.0676547 0.0277746 0.999469 0.0170614 0.0671656 -0.0188953 0.997563 ,0.0142607 -0.414779 -1.89969 
E 436 432 :0.999894 0.00330705 -0.0141838 -0.00341144 0.999967 -0.00734136 0.0141591 0.00738897 0.999872 ,0.0511416 -0.509529 -2.40175 
E 436 431 :0.993488 -0.00917705 -0.11357 0.00575147 0.99952 -0.0304537 0.113795 0.0296022 0.993063 ,0.0591766 -0.631384 -2.96395 
E 436 430 :0.999674 -0.0073332 -0.0244378 0.00714436 0.999944 -0.00780557 0.0244937 0.00762843 0.999671 ,0.0972583 -0.755817 -3.60246 
E 430 428 :0.999882 0.0143684 0.0054837 -0.014343 0.999886 -0.00463694 -0.0055497 0.00455774 0.999974 ,0.0192111 -0.273271 -1.20781 
E 430 427 :0.998082 0.000613318 -0.0619016 0.00120192 0.99957 0.0292831 0.0618929 -0.0293013 0.997653 ,-0.0393294 -0.425077 -1.85044 
E 430 426 :0.992683 -0.0227491 -0.118591 0.0226126 0.999741 -0.00249715 0.118617 -0.000202779 0.99294 ,-0.0435586 -0.575499 -2.4843 
E 430 425 :0.988292 -0.0253406 -0.150456 0.026834 0.999609 0.00790353 0.150197 -0.0118483 0.988585 ,-0.0650635 -0.745401 -3.11013 
E 430 424 :0.988709 -0.0200994 -0.148494 0.0218386 0.999711 0.0100912 0.148248 -0.0132202 0.988862 ,-0.00177712 -0.883647 -3.7379 
E 430 423 :0.997582 -0.00301179 -0.0694324 0.00686038 0.998449 0.0552578 0.0691583 -0.0556005 0.996055 ,0.031224 -1.01807 -4.38141 
E 430 422 :0.998566 0.00358482 -0.0534137 -0.00230791 0.999711 0.0239485 0.0534841 -0.0237908 0.998285 ,0.0803036 -1.15566 -5.00712 
E 430 421 :0.999464 -0.00374058 0.0325295 0.00263981 0.999425 0.0338164 -0.0326373 -0.0337124 0.998899 ,0.0793643 -1.31164 -5.63456 
E 430 420 :0.999976 -0.00602742 -0.00341781 0.00616013 0.999171 0.0402505 0.00317237 -0.0402705 0.999184 ,0.0763628 -1.4448 -6.27651 
E 431 430 :0.995993 -0.000666218 0.0894337 -0.00130806 0.999757 0.0220149 -0.0894266 -0.0220437 0.995749 ,-0.0355412 -0.143624 -0.634618 
E 431 428 :0.995388 0.0140523 0.0948962 -0.0157696 0.999725 0.0173714 -0.094626 -0.0187877 0.995336 ,-0.124244 -0.443443 -1.83298 
E 431 427 :0.999617 -0.00267559 0.0275508 0.00125864 0.998681 0.0513201 -0.0276517 -0.0512658 0.998302 ,-0.239922 -0.609283 -2.46431 
E 431 426 :0.999298 -0.0233422 -0.029312 0.0239199 0.999523 0.0195181 0.0288424 -0.0202055 0.99938 ,-0.300722 -0.773618 -3.09177 
E 431 425 :0.997746 -0.0269646 -0.0614454 0.0288412 0.999138 0.029862 0.0605872 -0.0315669 0.997664 ,-0.377998 -0.957228 -3.70927 
E 431 424 :0.997991 -0.0218672 -0.0594683 0.0238037 0.999203 0.0320527 0.05872 -0.0334039 0.997715 ,-0.371016 -1.10934 -4.33699 
E 431 422 :0.999349 0.000776725 0.0360647 -0.00243609 0.998939 0.0459897 -0.0359908 -0.0460476 0.998291 ,-0.402595 -1.40933 -5.60216 
E 431 423 :0.999765 -0.00863746 0.0198899 0.00707633 0.996986 0.0772633 -0.0204973 -0.0771043 0.996812 ,-0.39561 -1.25794 -4.97776 
E 434 433 :0.998517 -0.010799 -0.0533667 0.00936711 0.999591 -0.0270093 0.0536366 0.0264694 0.99821 ,0.0241799 -0.114513 -0.63864 
E 434 432 :0.999811 0.0194391 -0.000266749 -0.0194264 0.998442 -0.052311 -0.000750544 0.0523063 0.998631 ,0.0524881 -0.187028 -1.14494 
E 434 431 :0.994951 0.00726236 -0.100096 -0.0146792 0.997183 -0.0735606 0.09928 0.0746586 0.992255 ,0.0506784 -0.283455 -1.71211 
E 434 430 :0.999906 0.00880423 -0.0105287 -0.00934642 0.998572 -0.0526079 0.0100505 0.0527013 0.99856 ,0.0777965 -0.37947 -2.35606 
E 434 428 :0.99972 0.0231223 -0.00508605 -0.0233759 0.998084 -0.0572881 0.00375167 0.0573909 0.998345 ,0.107316 -0.58899 -3.57634 
E 434 427 :0.997347 0.00972221 -0.0721419 -0.0113844 0.999678 -0.0226646 0.0718983 0.0234258 0.997137 ,0.0542111 -0.706224 -4.22664 
E 437 436 :0.999441 0.0074784 -0.0325769 -0.00733353 0.999963 0.00456405 0.0326098 -0.00432259 0.999459 ,-0.0137609 -0.118921 -0.372034 
E 437 435 :0.997793 -0.0189475 -0.0636354 0.0214968 0.998984 0.0396187 0.0628201 -0.0408993 0.997186 ,0.00689987 -0.252173 -1.00683 
E 437 434 :0.998877 -0.00642948 -0.0469376 0.00876119 0.998729 0.0496412 0.0465588 -0.0499967 0.997664 ,0.00441068 -0.3966 -1.63814 
E 437 433 :0.994818 -0.0184562 -0.0999867 0.020766 0.99954 0.0221098 0.0995327 -0.0240715 0.994743 ,0.0592759 -0.542459 -2.26844 
E 437 432 :0.998848 0.0105426 -0.0468035 -0.0106794 0.999939 -0.0026736 0.0467725 0.00317036 0.998901 ,0.111783 -0.639767 -2.76861 
E 437 431 :0.989268 -0.00266146 -0.146085 -0.00101516 0.999685 -0.0250873 0.146106 0.0249664 0.988954 ,0.137217 -0.764243 -3.32972 
E 442 441 :0.997971 0.0132692 0.0622669 -0.0132756 0.999912 -0.000311342 -0.0622656 -0.000515918 0.998059 ,-0.00361521 -0.065178 -0.261318 
E 442 440 :0.997852 0.0138204 0.0640329 -0.0153213 0.999618 0.0230081 -0.0636905 -0.0239398 0.997683 ,-0.0279203 -0.164887 -0.575583 
E 442 439 :0.998679 0.00739257 0.0508533 -0.00672403 0.999889 -0.013305 -0.050946 0.0129455 0.998618 ,-0.0483323 -0.20455 -0.828761 
E 442 438 :0.997982 0.0081231 0.0629725 -0.00859678 0.999937 0.00725464 -0.0629096 -0.00778136 0.997989 ,-0.0667679 -0.288974 -1.08074 
E 442 437 :0.992035 0.0022981 0.125945 -0.00403222 0.999901 0.0135156 -0.125902 -0.0139158 0.991945 ,-0.119831 -0.35073 -1.52831 
E 442 436 :0.99557 0.00917244 0.0935701 -0.010922 0.999775 0.0182032 -0.093382 -0.0191446 0.995446 ,-0.180612 -0.474612 -1.89396 
E 442 435 :0.997807 -0.0216519 0.0625533 0.0183204 0.998408 0.053349 -0.0636088 -0.052086 0.996615 ,-0.240372 -0.616514 -2.52439 
E 439 438 :0.999926 0.0017852 0.011997 -0.00203257 0.999785 0.0206388 -0.0119576 -0.0206617 0.999715 ,-0.00500605 -0.0878129 -0.251449 
E 439 437 :0.997165 -0.00371934 0.0751522 0.00167205 0.999626 0.0272864 -0.0752256 -0.0270834 0.996799 ,-0.0347826 -0.155748 -0.700271 
E 439 436 :0.999086 0.00341315 0.0426101 -0.00476987 0.999484 0.0317795 -0.0424796 -0.0319537 0.998586 ,-0.0760214 -0.284799 -1.06686 
E 439 435 :0.999606 -0.025683 0.0113384 0.0248713 0.997463 0.0667072 -0.0130228 -0.0663989 0.997708 ,-0.10263 -0.435288 -1.69757 
E 439 434 :0.999512 -0.0138832 0.0279874 0.0116985 0.99698 0.0767668 -0.0289687 -0.076402 0.996656 ,-0.152019 -0.596892 -2.32276 
E 439 433 :0.9994 -0.0239305 -0.0250284 0.0251375 0.998479 0.0490773 0.0238159 -0.049677 0.998481 ,-0.144135 -0.759803 -2.95122 
E 438 437 :0.997988 -0.00542702 0.0631719 0.00500612 0.999964 0.00681913 -0.0632067 -0.00648916 0.997979 ,-0.0242695 -0.0587004 -0.450453 
E 438 436 :0.99953 0.00176347 0.0306017 -0.00210758 0.999935 0.0112162 -0.0305799 -0.0112755 0.999469 ,-0.0608594 -0.180223 -0.820093 
E 438 435 :0.999637 -0.0269146 -0.0007282 0.0269195 0.998574 0.0460987 -0.000513564 -0.0461016 0.998937 ,-0.0796185 -0.317696 -1.45405 
E 438 434 :0.999761 -0.0149951 0.0159117 0.0140789 0.99832 0.0562077 -0.0167278 -0.0559702 0.998292 ,-0.1212 -0.466435 -2.08299 
E 438 433 :0.998991 -0.0253642 -0.0370657 0.0264241 0.999248 0.0283917 0.0363177 -0.0293425 0.998909 ,-0.105471 -0.616312 -2.71454 
E 438 431 :0.996513 -0.00650423 -0.0831807 0.00493359 0.999806 -0.019074 0.0832886 0.0185971 0.996352 ,-0.0935259 -0.844935 -3.77716 
E 443 442 :0.997136 0.0197401 0.0730063 -0.0190073 0.999762 -0.0107188 -0.0732005 0.00930043 0.997274 ,0.000335215 -0.00988616 -0.188178 
E 443 441 :0.990305 0.0329319 0.134947 -0.0315737 0.999427 -0.0121928 -0.135271 0.00781379 0.990778 ,-0.0236341 -0.072179 -0.449125 
E 443 440 :0.990042 0.0317656 0.137141 -0.0336014 0.999374 0.0110916 -0.136703 -0.0155893 0.990489 ,-0.0727813 -0.168034 -0.761682 
E 443 439 :0.991967 0.0280544 0.12335 -0.0251585 0.999372 -0.0249724 -0.123973 0.0216685 0.992049 ,-0.112401 -0.204586 -1.01304 
E 443 438 :0.990362 0.0272706 0.135795 -0.0268893 0.999628 -0.00464125 -0.135871 0.000945083 0.990726 ,-0.150847 -0.285938 -1.26378 
E 443 437 :0.979922 0.0210137 0.19827 -0.0215376 0.999768 0.000486063 -0.198213 -0.00474656 0.980147 ,-0.237653 -0.341873 -1.70681 
E 443 436 :0.985686 0.0274841 0.166335 -0.0288416 0.999567 0.00575042 -0.166105 -0.0104655 0.986052 ,-0.327399 -0.460651 -2.06817 
E 445 443 :0.999218 -0.00627451 0.0390274 0.00476041 0.999237 0.0387685 -0.0392409 -0.0385525 0.998486 ,-0.0111087 -0.10654 -0.314791 
E 445 442 :0.993619 0.0138146 0.111938 -0.0170839 0.999453 0.0282998 -0.111485 -0.0300315 0.993312 ,-0.0180559 -0.123712 -0.502317 
E 445 441 :0.98445 0.0269402 0.173586 -0.0320796 0.999124 0.0268699 -0.17271 -0.0320207 0.984452 ,-0.0517996 -0.196188 -0.759526 
E 445 440 :0.984144 0.0248618 0.17562 -0.0341626 0.998158 0.0501358 -0.17405 -0.0553405 0.983181 ,-0.112505 -0.304322 -1.06599 
E 445 439 :0.986511 0.0226076 0.162128 -0.0252234 0.999582 0.0140941 -0.161741 -0.0179934 0.986669 ,-0.161675 -0.350779 -1.314 
E 445 438 :0.984454 0.021014 0.174383 -0.0274218 0.999031 0.0344177 -0.173491 -0.0386646 0.984076 ,-0.209366 -0.441973 -1.55971 
E 445 437 :0.971556 0.014539 0.236364 -0.0245408 0.998921 0.0394284 -0.235536 -0.0441075 0.970864 ,-0.313043 -0.515454 -1.99651 
E 445 436 :0.978614 0.0207824 0.204652 -0.0305669 0.99853 0.0447657 -0.203421 -0.0500639 0.977811 ,-0.416077 -0.648578 -2.34922 
E 461 460 :0.999147 0.0171221 0.037573 -0.0172901 0.999842 0.00415314 -0.037496 -0.00479924 0.999285 ,-0.00581079 -0.045746 -0.175396 
E 461 459 :0.995683 0.0210011 0.0904172 -0.0205734 0.999772 -0.00565927 -0.0905155 0.00377465 0.995888 ,-0.03086 -0.0756601 -0.477936 
E 461 457 :0.937743 0.0693995 0.340326 -0.0725458 0.997359 -0.00348765 -0.33967 -0.0214187 0.940301 ,-0.107812 -0.167032 -0.93397 
E 461 458 :0.974399 0.0368546 0.221784 -0.0466746 0.998141 0.0391984 -0.219927 -0.0485466 0.974308 ,-0.0694703 -0.149974 -0.767924 
E 461 456 :0.855191 0.0918454 0.51011 -0.11142 0.993742 0.00786971 -0.506195 -0.0635664 0.860073 ,-0.252701 -0.261711 -1.26248 
E 461 454 :0.725021 0.170802 0.667212 -0.176674 0.982468 -0.0595245 -0.665681 -0.0747227 0.742486 ,-0.468063 -0.316594 -1.60962 
E 461 453 :0.682897 0.171248 0.710159 -0.184988 0.980988 -0.0586695 -0.706704 -0.0913057 0.701592 ,-0.547707 -0.345713 -1.70335 
E 461 452 :0.630099 0.16589 0.758588 -0.195961 0.979265 -0.051379 -0.751382 -0.11628 0.649542 ,-0.632329 -0.374668 -1.78978 
E 440 439 :0.999881 -0.00876745 -0.0126545 0.00830035 0.999299 -0.0365038 0.0129657 0.0363945 0.999253 ,-0.00363538 -0.0338687 -0.254811 
E 440 438 :0.999977 -0.00671911 -0.000836297 0.00670509 0.999853 -0.0157695 0.000942131 0.0157635 0.999875 ,-0.00468897 -0.112483 -0.509333 
E 440 437 :0.997984 -0.0121403 0.0622901 0.0126937 0.999883 -0.00849592 -0.0621797 0.00926948 0.998022 ,-0.0281868 -0.164234 -0.960678 
E 440 436 :0.999547 -0.00494582 0.0296897 0.0050769 0.999978 -0.00434132 -0.0296676 0.00449009 0.99955 ,-0.0636502 -0.280155 -1.33222 
E 440 435 :0.999434 -0.0335849 -0.00187333 0.0336263 0.998974 0.0303343 0.000852635 -0.0303802 0.999538 ,-0.080955 -0.407736 -1.96828 
E 440 434 :0.999657 -0.0216557 0.0146988 0.0210441 0.998955 0.0405636 -0.0155619 -0.0402403 0.999069 ,-0.12101 -0.546815 -2.59953 
E 441 440 :0.999997 0.00201251 0.00147634 -0.00204643 0.999725 0.0233411 -0.00142896 -0.023344 0.999726 ,-0.00336423 -0.0998609 -0.315138 
E 441 439 :0.999914 -0.00670259 -0.0112527 0.00655452 0.999892 -0.0131443 0.0113396 0.0130694 0.99985 ,-0.00744394 -0.13966 -0.569083 
E 441 438 :0.999989 -0.0046836 0.000608124 0.00467886 0.99996 0.00757471 -0.000643577 -0.00757178 0.999971 ,-0.0090315 -0.224192 -0.821699 
E 441 437 :0.997915 -0.0101143 0.0637462 0.0091966 0.99985 0.0146738 -0.063885 -0.014057 0.997858 ,-0.0332997 -0.286415 -1.27168 
E 441 436 :0.99951 -0.0029267 0.0311566 0.00233753 0.999818 0.0189297 -0.0312063 -0.0188476 0.999335 ,-0.0695449 -0.410904 -1.64036 
E 441 435 :0.9995 -0.0316192 -0.000336622 0.0315917 0.998059 0.0536601 -0.00136072 -0.0536439 0.998559 ,-0.0880454 -0.553261 -2.27325 
E 462 461 :0.999362 0.0208221 0.0290217 -0.0213687 0.999598 0.0186535 -0.0286216 -0.0192618 0.999405 ,-0.00230012 -0.0622324 -0.185597 
E 462 460 :0.997061 0.0377907 0.0666365 -0.0393331 0.998984 0.0219887 -0.0657379 -0.0245452 0.997535 ,-0.01415 -0.111108 -0.359842 
E 462 459 :0.991992 0.0419146 0.119144 -0.04353 0.998992 0.0109877 -0.118563 -0.0160861 0.992816 ,-0.0485863 -0.146118 -0.660908 
E 462 457 :0.925776 0.0895007 0.367326 -0.098891 0.995075 0.00678132 -0.36491 -0.0426032 0.930068 ,-0.140627 -0.244315 -1.11271 
E 462 458 :0.966423 0.0562056 0.250734 -0.0715799 0.996046 0.0526177 -0.246786 -0.0687984 0.966625 ,-0.0971354 -0.224986 -0.948188 
E 462 456 :0.837635 0.110634 0.534909 -0.139091 0.990194 0.0130095 -0.528225 -0.0852985 0.844809 ,-0.296929 -0.341988 -1.43505 
E 462 454 :0.70156 0.188982 0.687095 -0.204513 0.977029 -0.059908 -0.682633 -0.0984909 0.724094 ,-0.52337 -0.398722 -1.77476 
E 462 453 :0.6581 0.188915 0.728846 -0.212689 0.975231 -0.0607339 -0.722266 -0.115048 0.681979 ,-0.60629 -0.427876 -1.8656 
E 462 452 :0.60381 0.1828 0.775885 -0.223363 0.973157 -0.0554521 -0.765194 -0.139821 0.628433 ,-0.69397 -0.456623 -1.949 
E 454 453 :0.998237 0.0116236 0.0582086 -0.0122974 0.999861 0.0112311 -0.05807 -0.0119272 0.998241 ,0.00979826 -0.0352075 -0.121003 
E 454 452 :0.991637 0.0246684 0.126682 -0.028758 0.999119 0.030555 -0.125816 -0.0339425 0.991473 ,0.0110952 -0.0716502 -0.239913 
E 454 450 :0.949622 0.0451271 0.310133 -0.0527418 0.998477 0.016207 -0.308929 -0.0317475 0.950555 ,-0.0289525 -0.111024 -0.532807 
E 454 449 :0.931215 0.0360716 0.362681 -0.0518455 0.998081 0.0338505 -0.360764 -0.0503254 0.931298 ,-0.0681431 -0.144577 -0.651887 
E 454 448 :0.90679 0.021026 0.421058 -0.0482596 0.997367 0.054127 -0.418812 -0.0694019 0.905417 ,-0.165371 -0.234539 -0.872098 
E 454 447 :0.901964 0.0499757 0.428909 -0.0770679 0.995963 0.0460204 -0.424878 -0.0745639 0.902175 ,-0.218614 -0.254374 -0.978206 
E 454 445 :0.896457 0.0929318 0.433276 -0.0918334 0.995497 -0.0235152 -0.43351 -0.0187088 0.900954 ,-0.332702 -0.29875 -1.19602 
E 454 443 :0.879197 0.0705322 0.471209 -0.0860999 0.99622 0.0115303 -0.468615 -0.0507085 0.881946 ,-0.488953 -0.396388 -1.47282 
E 454 442 :0.840846 0.0922532 0.533355 -0.105633 0.99439 -0.00546519 -0.530868 -0.0517444 0.845874 ,-0.578027 -0.408435 -1.63844 
E 454 441 :0.804705 0.103127 0.584649 -0.118279 0.992904 -0.0123416 -0.581772 -0.0592204 0.811193 ,-0.726455 -0.471437 -1.85419 
E 450 449 :0.998487 -0.00283927 0.0549195 0.00170995 0.999786 0.0205993 -0.0549662 -0.0204742 0.998278 ,0.00134066 -0.0314901 -0.12589 
E 450 448 :0.993036 -0.0111959 0.117282 0.00603097 0.999 0.044301 -0.117661 -0.0432851 0.99211 ,-0.0182146 -0.118711 -0.366825 
E 450 447 :0.991846 0.017964 0.126167 -0.0227586 0.999068 0.036664 -0.12539 -0.0392364 0.991331 ,-0.0349499 -0.13755 -0.48452 
E 450 445 :0.990062 0.0415255 0.134358 -0.0374761 0.998768 -0.0325299 -0.135543 0.0271714 0.990399 ,-0.0736607 -0.180092 -0.727665 
E 450 443 :0.984214 0.0301018 0.174404 -0.0314157 0.999495 0.00477752 -0.174172 -0.0101811 0.984663 ,-0.131378 -0.275844 -1.04082 
E 450 442 :0.968057 0.0511451 0.245459 -0.0506732 0.998681 -0.00824242 -0.245557 -0.00445907 0.969372 ,-0.164164 -0.286635 -1.22607 
E 450 441 :0.95013 0.0638593 0.305245 -0.0633152 0.997925 -0.0116926 -0.305358 -0.00821714 0.952202 ,-0.235141 -0.34939 -1.47821 
E 450 440 :0.94956 0.0586283 0.308055 -0.0653405 0.997797 0.0115097 -0.306701 -0.0310576 0.951299 ,-0.340908 -0.445146 -1.77644 
E 450 439 :0.953929 0.0614735 0.293669 -0.0569014 0.998089 -0.0240954 -0.294589 0.00627514 0.955604 ,-0.424842 -0.481635 -2.01667 
E 450 438 :0.950222 0.0570955 0.306298 -0.0586378 0.998271 -0.00417179 -0.306006 -0.0139965 0.951927 ,-0.508858 -0.562936 -2.25603 
E 448 447 :0.999555 0.0284809 0.00886815 -0.0284129 0.999567 -0.00769514 -0.00908347 0.00743975 0.999931 ,-0.00288433 -0.0135381 -0.119564 
E 448 445 :0.998889 0.0440628 0.0166947 -0.0426562 0.996128 -0.0768712 -0.0200173 0.0760737 0.996901 ,-0.0129734 -0.0450796 -0.367215 
E 448 443 :0.997663 0.037118 0.0573617 -0.0348644 0.998599 -0.0398011 -0.0587587 0.0377082 0.99756 ,-0.0340196 -0.126535 -0.688913 
E 448 442 :0.989902 0.0573366 0.129643 -0.0508317 0.997303 -0.0529417 -0.132329 0.0458171 0.990146 ,-0.0448464 -0.128929 -0.877025 
E 448 441 :0.97906 0.0703998 0.191012 -0.0606719 0.996568 -0.0563146 -0.194321 0.0435463 0.979971 ,-0.0860402 -0.179913 -1.13828 
E 448 440 :0.97864 0.0678919 0.194048 -0.0626307 0.997487 -0.0331278 -0.19581 0.0202668 0.980432 ,-0.156559 -0.26148 -1.4508 
E 448 439 :0.981603 0.0663264 0.179041 -0.0547733 0.996131 -0.0687226 -0.182906 0.0576517 0.981439 ,-0.211862 -0.286595 -1.7006 
E 448 438 :0.979255 0.0643652 0.192135 -0.0559722 0.997239 -0.0488012 -0.194746 0.0370346 0.980154 ,-0.26762 -0.356513 -1.95152 
E 448 437 :0.965463 0.0578017 0.254047 -0.0477827 0.997824 -0.0454381 -0.256121 0.0317298 0.966124 ,-0.381712 -0.391711 -2.39049 
E 447 445 :0.999839 0.0150493 0.00981612 -0.0143374 0.997517 -0.0689457 -0.0108293 0.0687938 0.997572 ,-0.00693889 -0.0336576 -0.247481 
E 447 443 :0.998744 0.00838584 0.0494058 -0.00687214 0.999504 -0.0307286 -0.049639 0.0303504 0.998306 ,-0.0227392 -0.11807 -0.568717 
E 447 442 :0.992107 0.0285586 0.122096 -0.023601 0.998845 -0.04186 -0.12315 0.038648 0.991635 ,-0.0317844 -0.122171 -0.756893 
E 447 441 :0.982113 0.0416576 0.183625 -0.0342069 0.998465 -0.0435593 -0.185158 0.0364989 0.982031 ,-0.0691383 -0.17625 -1.0181 
E 447 440 :0.981763 0.0393361 0.185997 -0.0361878 0.999139 -0.0202926 -0.186636 0.0131917 0.982341 ,-0.13447 -0.262115 -1.3306 
E 447 439 :0.984384 0.0374703 0.171999 -0.0281534 0.998017 -0.056292 -0.173767 0.0505705 0.983487 ,-0.186765 -0.290653 -1.58067 
E 447 438 :0.982179 0.0356657 0.184533 -0.0295068 0.998916 -0.0360157 -0.185617 0.0299289 0.982166 ,-0.238232 -0.363996 -1.83154 
E 447 437 :0.968718 0.0291367 0.246449 -0.0221703 0.999274 -0.0309952 -0.247174 0.0245618 0.96866 ,-0.347286 -0.405693 -2.27121 
E 453 452 :0.997548 0.0143094 0.0685076 -0.015727 0.999672 0.0201978 -0.0681961 -0.0212257 0.997446 ,0.00864783 -0.0350042 -0.119034 
E 453 450 :0.966535 0.0346125 0.254188 -0.0380118 0.999241 0.00847222 -0.253702 -0.0178508 0.967118 ,-0.0138367 -0.071345 -0.414186 
E 453 449 :0.95116 0.0266566 0.307545 -0.0367113 0.998962 0.0269537 -0.306507 -0.0369277 0.951152 ,-0.0456306 -0.103929 -0.535715 
E 453 448 :0.930105 0.0127541 0.367073 -0.0327175 0.998301 0.0482147 -0.365834 -0.0568544 0.928942 ,-0.128793 -0.192381 -0.762209 
E 453 447 :0.925994 0.0419697 0.375198 -0.0615056 0.997295 0.0402391 -0.372494 -0.0603379 0.926071 ,-0.175537 -0.211567 -0.871452 
E 453 445 :0.92118 0.0816123 0.380483 -0.0762301 0.996662 -0.0292215 -0.381598 -0.00208593 0.924326 ,-0.276229 -0.254665 -1.09602 
E 453 443 :0.905918 0.0611015 0.419022 -0.0702793 0.997506 0.00648677 -0.417581 -0.035325 0.907953 ,-0.41493 -0.350804 -1.38253 
E 453 442 :0.871489 0.082867 0.483362 -0.0895127 0.995942 -0.0093538 -0.482176 -0.0351153 0.87537 ,-0.494081 -0.36191 -1.55318 
E 453 441 :0.838525 0.0941743 0.536664 -0.10197 0.994671 -0.0152194 -0.535237 -0.041962 0.843659 ,-0.628944 -0.424055 -1.7779 
E 459 458 :0.991059 0.0205546 0.13183 -0.0270307 0.998504 0.0475248 -0.130656 -0.0506634 0.990132 ,-0.0106663 -0.0762022 -0.291867 
E 459 457 :0.965932 0.0505195 0.253817 -0.0541178 0.998509 0.00720967 -0.253074 -0.0207001 0.967225 ,-0.0334621 -0.0946883 -0.4606 
E 459 456 :0.89961 0.076758 0.429896 -0.095345 0.995205 0.0218272 -0.426159 -0.0606244 0.902615 ,-0.146042 -0.193629 -0.800325 
E 459 454 :0.78578 0.156616 0.598349 -0.163921 0.985549 -0.0426961 -0.596389 -0.064532 0.800097 ,-0.327923 -0.254333 -1.1652 
E 459 453 :0.747722 0.158591 0.644795 -0.173272 0.984016 -0.0410938 -0.641006 -0.0809981 0.76325 ,-0.398141 -0.285471 -1.26558 
E 459 452 :0.699422 0.155552 0.697576 -0.18552 0.982087 -0.0329843 -0.690211 -0.106344 0.715751 ,-0.473978 -0.316523 -1.35914 
E 459 450 :0.553086 0.172841 0.814998 -0.194452 0.978006 -0.0754493 -0.810114 -0.116748 0.574531 ,-0.686866 -0.336258 -1.56706 
E 452 450 :0.982065 0.0200299 0.187477 -0.0187838 0.999788 -0.00842099 -0.187606 0.00474841 0.982233 ,-0.0017296 -0.0303858 -0.296673 
E 452 449 :0.970308 0.0133988 0.241502 -0.0165829 0.9998 0.0111568 -0.241304 -0.0148304 0.970336 ,-0.0246453 -0.0608343 -0.420727 
E 452 448 :0.953287 0.000899833 0.302064 -0.0116325 0.999363 0.0337341 -0.301841 -0.035672 0.952691 ,-0.0907668 -0.145641 -0.654127 
E 452 447 :0.950094 0.0302972 0.31049 -0.0403286 0.99885 0.0259383 -0.309347 -0.0371655 0.950223 ,-0.129644 -0.16317 -0.76668 
E 452 445 :0.946143 0.06588 0.316974 -0.0549239 0.997547 -0.0433869 -0.319055 0.0236408 0.947441 ,-0.214097 -0.202928 -0.998445 
E 452 443 :0.933279 0.047673 0.355974 -0.0484297 0.998804 -0.00679129 -0.355871 -0.0109015 0.934471 ,-0.331407 -0.294939 -1.29567 
E 452 442 :0.903643 0.0693953 0.422627 -0.0667784 0.997547 -0.0210144 -0.423049 -0.00923285 0.90606 ,-0.398552 -0.303551 -1.47152 
E 452 441 :0.874573 0.0811618 0.478053 -0.0785774 0.996583 -0.0254423 -0.478484 -0.015313 0.877963 ,-0.516782 -0.362837 -1.70616 
E 452 440 :0.873721 0.0717399 0.481108 -0.0805803 0.996745 -0.00229003 -0.479706 -0.0367669 0.876659 ,-0.678482 -0.454074 -1.9797 
E 452 439 :0.880451 0.081539 0.467073 -0.0723271 0.99667 -0.0376536 -0.468588 -0.000629832 0.883417 ,-0.806679 -0.486956 -2.2001 
E 468 467 :0.999887 -0.000741202 0.0149897 0.000531302 0.999902 0.014002 -0.0149987 -0.0139925 0.99979 ,-0.000235969 -0.0307515 -0.131375 
E 468 466 :0.99991 -0.00866873 0.0102163 0.0082982 0.999326 0.0357687 -0.0105195 -0.0356807 0.999308 ,-0.004311 -0.0992604 -0.317898 
E 468 465 :0.999882 0.0153539 -0.000876746 -0.0153606 0.999848 -0.00828479 0.000749409 0.00829728 0.999965 ,-0.00962828 -0.161554 -0.679973 
E 468 464 :0.999132 0.0318898 0.0267908 -0.0320476 0.999471 0.00548051 -0.0266018 -0.00633433 0.999626 ,-0.00376578 -0.215722 -0.871342 
E 468 463 :0.993192 0.031605 0.112117 -0.0333227 0.999354 0.0134795 -0.111619 -0.0171238 0.993604 ,-0.00346999 -0.27336 -1.11501 
E 468 462 :0.982358 0.054143 0.179002 -0.0554205 0.998461 0.00213997 -0.178611 -0.0120226 0.983846 ,-0.0336431 -0.309041 -1.36621 
E 468 461 :0.975451 0.0711281 0.208416 -0.0767822 0.996864 0.0191551 -0.206399 -0.0346874 0.977853 ,-0.0724945 -0.371448 -1.54765 
E 468 460 :0.965574 0.0868183 0.245213 -0.0946709 0.9953 0.0203966 -0.242289 -0.0429089 0.969255 ,-0.117972 -0.419964 -1.71637 
E 468 459 :0.950911 0.0923841 0.295353 -0.0986934 0.995097 0.00649237 -0.293305 -0.0353231 0.955366 ,-0.207588 -0.453656 -2.00601 
E 468 457 :0.838769 0.134172 0.527697 -0.150827 0.988492 -0.0115962 -0.52318 -0.0698642 0.849354 ,-0.384195 -0.547568 -2.43289 
E 468 458 :0.901322 0.0968278 0.422188 -0.125557 0.991251 0.0407094 -0.414552 -0.0897011 0.905594 ,-0.310974 -0.530327 -2.27903 
E 482 481 :0.992591 -0.0135133 -0.120752 0.0127629 0.999894 -0.00698537 0.120833 0.00539247 0.992658 ,-0.00129451 -0.0516576 -0.376951 
E 482 480 :0.998706 -0.0130668 -0.0491413 0.0119043 0.999644 -0.0238757 0.0494358 0.0232598 0.998506 ,0.0539273 -0.182958 -0.850295 
E 482 479 :0.998086 0.00156123 -0.0618278 -0.0027447 0.999815 -0.0190611 0.0617866 0.0191944 0.997905 ,0.0690397 -0.349399 -1.45199 
E 482 478 :0.992465 -0.0151252 -0.121592 0.00914661 0.998728 -0.0495777 0.122188 0.048092 0.991341 ,0.103158 -0.407424 -1.7629 
E 482 477 :0.99937 -0.00412055 -0.035259 0.00222171 0.998553 -0.0537247 0.0354294 0.0536126 0.997933 ,0.180912 -0.531119 -2.32983 
E 482 476 :0.991903 -0.0391678 -0.120809 0.0302136 0.99672 -0.0750806 0.123354 0.0708225 0.989832 ,0.195929 -0.701508 -2.97131 
E 482 475 :0.994379 -0.0207663 -0.103822 0.0177722 0.999401 -0.0296809 0.104377 0.0276689 0.994153 ,0.24495 -0.817624 -3.36268 
E 480 479 :0.999816 0.0144102 -0.0126425 -0.0143484 0.999885 0.00496462 0.0127126 -0.00478231 0.999908 ,-0.0166339 -0.180575 -0.597567 
E 480 478 :0.99733 -0.000838988 -0.0730174 -0.000982965 0.999689 -0.0249128 0.0730156 0.0249181 0.997019 ,0.00138024 -0.246257 -0.908298 
E 480 477 :0.999855 0.0104222 0.0134807 -0.0100136 0.999499 -0.0300332 -0.0137869 0.0298938 0.999458 ,0.049534 -0.384111 -1.47525 
E 480 476 :0.997077 -0.0237507 -0.0726136 0.020111 0.998524 -0.0504519 0.0737047 0.0488441 0.996083 ,0.0307914 -0.569555 -2.11244 
E 480 475 :0.998464 -0.00747438 -0.0548946 0.00720024 0.999961 -0.00518984 0.0549313 0.00478661 0.998479 ,0.0590186 -0.695374 -2.50287 
E 480 474 :0.999619 -0.0135952 -0.0240389 0.0141457 0.999638 0.0228806 0.0237192 -0.0232119 0.999449 ,0.0412094 -0.872087 -3.16077 
E 460 459 :0.998583 0.00355543 0.0530961 -0.00308763 0.999956 -0.00888975 -0.0531254 0.00871322 0.99855 ,-0.0131666 -0.0288863 -0.303388 
E 460 457 :0.950934 0.0528989 0.304839 -0.0548481 0.998492 -0.00217274 -0.304494 -0.0146537 0.952401 ,-0.071374 -0.119372 -0.762368 
E 460 458 :0.982622 0.0213855 0.184384 -0.028928 0.998847 0.0383137 -0.183352 -0.0429817 0.982107 ,-0.0395857 -0.102458 -0.594929 
E 460 456 :0.875369 0.0769686 0.47729 -0.09433 0.995463 0.0124749 -0.474164 -0.0559429 0.878658 ,-0.202184 -0.214941 -1.09648 
E 460 454 :0.752417 0.156472 0.639832 -0.161038 0.985596 -0.0516544 -0.638698 -0.0641714 0.766777 ,-0.403397 -0.271837 -1.45169 
E 460 453 :0.712012 0.157564 0.684261 -0.169874 0.984203 -0.0498679 -0.681309 -0.0807319 0.72753 ,-0.478956 -0.301865 -1.54847 
E 460 452 :0.661124 0.153177 0.734474 -0.181536 0.982508 -0.0414996 -0.727984 -0.105897 0.677367 ,-0.559764 -0.331849 -1.63814 
E 456 454 :0.976681 0.0744268 0.201383 -0.0666639 0.996757 -0.0450688 -0.204085 0.0305928 0.978475 ,-0.00234174 -0.0522535 -0.408853 
E 456 453 :0.962349 0.0833671 0.258716 -0.0761868 0.996382 -0.0376752 -0.260921 0.0165459 0.965218 ,-0.0197604 -0.0825466 -0.530328 
E 456 452 :0.941035 0.091619 0.325668 -0.0891007 0.995765 -0.0226737 -0.326365 -0.00768051 0.945212 ,-0.0451524 -0.113598 -0.648058 
E 456 450 :0.861339 0.111995 0.495533 -0.101953 0.993661 -0.0473605 -0.497696 -0.00972771 0.867297 ,-0.146181 -0.136975 -0.927678 
E 456 449 :0.832989 0.0993797 0.544291 -0.0974966 0.994708 -0.0324095 -0.544631 -0.0260697 0.83827 ,-0.210935 -0.16244 -1.03722 
E 456 448 :0.797711 0.0807902 0.597604 -0.089678 0.995859 -0.0149239 -0.596335 -0.0416869 0.801653 ,-0.356938 -0.235703 -1.2356 
E 456 447 :0.789632 0.107921 0.604015 -0.117798 0.992762 -0.0233815 -0.602167 -0.0526889 0.79663 ,-0.431785 -0.247142 -1.32917 
E 456 445 :0.781416 0.161089 0.602859 -0.131759 0.986916 -0.0929277 -0.609941 -0.00681704 0.792417 ,-0.590379 -0.273952 -1.52037 
E 456 443 :0.757915 0.132821 0.638688 -0.123312 0.990573 -0.0596679 -0.640592 -0.0335344 0.767149 ,-0.805996 -0.348382 -1.76231 
E 458 457 :0.991824 0.025782 0.124979 -0.0213609 0.999102 -0.0365869 -0.12581 0.0336181 0.991485 ,-4.63335e-05 -0.0103783 -0.170952 
E 458 456 :0.949824 0.0570915 0.30753 -0.0551207 0.998366 -0.0150986 -0.30789 -0.00261027 0.951418 ,-0.0645582 -0.0942734 -0.526868 
E 458 454 :0.861107 0.137007 0.489616 -0.117309 0.990564 -0.0708691 -0.494706 0.00358948 0.869053 ,-0.1955 -0.140139 -0.915001 
E 458 453 :0.829472 0.141157 0.540418 -0.125168 0.989908 -0.0664477 -0.544343 -0.0125266 0.838769 ,-0.251132 -0.167589 -1.02513 
E 458 452 :0.788363 0.14151 0.598714 -0.135898 0.989203 -0.054859 -0.600013 -0.0381151 0.799082 ,-0.313228 -0.195412 -1.12924 
E 458 450 :0.659243 0.160114 0.734685 -0.14175 0.986011 -0.0876922 -0.738448 -0.0463309 0.672717 ,-0.496513 -0.20896 -1.36411 
E 458 449 :0.618136 0.143165 0.772924 -0.135029 0.987998 -0.0750149 -0.774387 -0.0579977 0.630049 ,-0.593161 -0.22916 -1.44833 
E 458 448 :0.569174 0.120772 0.813299 -0.124498 0.990407 -0.0599437 -0.812737 -0.0671356 0.57875 ,-0.797029 -0.291261 -1.59193 
E 458 447 :0.558102 0.142981 0.817361 -0.152038 0.985987 -0.068665 -0.815725 -0.0859482 0.572019 ,-0.897547 -0.297143 -1.65788 
E 457 456 :0.981972 0.0356272 0.18564 -0.0409335 0.998853 0.0248286 -0.184543 -0.0319799 0.982304 ,-0.0174143 -0.0974482 -0.357879 
E 457 454 :0.918812 0.114276 0.377791 -0.111634 0.993327 -0.0289662 -0.378581 -0.0155597 0.925438 ,-0.097475 -0.159697 -0.757393 
E 457 453 :0.893848 0.120434 0.431893 -0.12197 0.992237 -0.0242571 -0.431462 -0.0309959 0.901599 ,-0.13821 -0.192259 -0.872536 
E 457 452 :0.860309 0.124018 0.494458 -0.135622 0.990682 -0.01251 -0.491402 -0.0562967 0.869112 ,-0.186105 -0.225158 -0.982503 
E 457 450 :0.749786 0.143571 0.645917 -0.149451 0.987696 -0.0460563 -0.644582 -0.0620006 0.762017 ,-0.338054 -0.251315 -1.23778 
E 457 449 :0.713393 0.128187 0.68894 -0.145004 0.988852 -0.0338389 -0.685598 -0.0757589 0.724028 ,-0.422884 -0.27682 -1.33263 
E 457 448 :0.669431 0.107075 0.735117 -0.137034 0.990375 -0.0194649 -0.730126 -0.087706 0.67766 ,-0.605693 -0.348949 -1.49821 
E 457 447 :0.659413 0.131563 0.740179 -0.164936 0.985898 -0.0282999 -0.733465 -0.103421 0.671814 ,-0.696967 -0.359634 -1.57594 
E 465 464 :0.999486 0.0165288 0.0274525 -0.0169229 0.999756 0.0141852 -0.0272114 -0.0146425 0.999522 ,0.00655046 -0.0556579 -0.190919 
E 465 463 :0.993503 0.0162377 0.112642 -0.0189944 0.999545 0.0234431 -0.11221 -0.0254304 0.993359 ,0.00754895 -0.115304 -0.4341 
E 465 462 :0.982959 0.0387906 0.179686 -0.041811 0.99904 0.0130513 -0.179007 -0.0203417 0.983637 ,-0.0222608 -0.153528 -0.684969 
E 465 461 :0.97636 0.0557812 0.208829 -0.0635061 0.997516 0.0304657 -0.206611 -0.0430074 0.977477 ,-0.0602849 -0.218026 -0.865852 
E 465 460 :0.966733 0.0714875 0.245597 -0.0818415 0.996125 0.0322006 -0.242343 -0.0512294 0.968837 ,-0.105138 -0.268633 -1.03413 
E 465 459 :0.952095 0.0770614 0.295935 -0.0865119 0.996071 0.0189531 -0.293311 -0.043647 0.95502 ,-0.194443 -0.306099 -1.32339 
E 465 458 :0.902834 0.081523 0.422191 -0.115139 0.991842 0.0546994 -0.414288 -0.0979952 0.904855 ,-0.296844 -0.386611 -1.59568 
E 465 457 :0.840595 0.11892 0.528449 -0.142266 0.989822 0.00355512 -0.522648 -0.0781689 0.848958 ,-0.369906 -0.406251 -1.74933 
E 465 456 :0.723051 0.131832 0.678098 -0.180874 0.983505 0.00165778 -0.666695 -0.123849 0.734969 ,-0.585254 -0.501502 -2.03643 
E 467 466 :0.99996 -0.00760164 -0.00475407 0.00770344 0.999733 0.0217748 0.00458728 -0.0218106 0.999752 ,-0.00131338 -0.0658892 -0.187504 
E 467 465 :0.99975 0.0157589 -0.0158792 -0.0161107 0.999622 -0.0222753 0.0155221 0.0225256 0.999626 ,-0.00123252 -0.123106 -0.550455 
E 467 464 :0.999402 0.0325123 0.0117976 -0.0324128 0.999438 -0.00852713 -0.0120682 0.00813964 0.999894 ,0.00747082 -0.174596 -0.742454 
E 467 463 :0.994737 0.0323892 0.0972091 -0.0324938 0.999472 -0.000507868 -0.0971742 -0.0026535 0.995264 ,0.0113906 -0.228818 -0.986873 
E 467 462 :0.984897 0.0548477 0.164227 -0.0536439 0.998491 -0.0117594 -0.164624 0.00277197 0.986352 ,-0.0150304 -0.260959 -1.23897 
E 467 461 :0.978396 0.07217 0.193736 -0.0746096 0.997199 0.00531615 -0.192809 -0.0196558 0.981039 ,-0.0511892 -0.320792 -1.42183 
E 467 460 :0.969049 0.0879809 0.230658 -0.091987 0.995738 0.00665054 -0.22909 -0.0276623 0.973012 ,-0.0941565 -0.366909 -1.59188 
E 467 459 :0.955151 0.0934322 0.280994 -0.0952845 0.995425 -0.00709512 -0.280372 -0.0199975 0.959683 ,-0.179436 -0.396478 -1.88327 
E 467 457 :0.846442 0.13573 0.514892 -0.144113 0.989273 -0.0238707 -0.512609 -0.0539974 0.856923 ,-0.34967 -0.484277 -2.31402 
E 467 458 :0.907372 0.098689 0.408579 -0.120413 0.992337 0.027721 -0.402713 -0.0743513 0.912302 ,-0.278757 -0.469245 -2.15885 
E 463 462 :0.997453 0.0218449 0.0678967 -0.0212787 0.999733 -0.00905125 -0.0680763 0.00758344 0.997651 ,-0.000740086 -0.0323109 -0.253457 
E 463 461 :0.994407 0.0412974 0.0972116 -0.0423691 0.999062 0.00898511 -0.0967493 -0.0130536 0.995223 ,-0.0169953 -0.0927978 -0.438934 
E 463 460 :0.989199 0.0578506 0.134677 -0.0599438 0.998135 0.011536 -0.133758 -0.0194844 0.990822 ,-0.0417133 -0.139831 -0.612333 
E 463 459 :0.980464 0.0625386 0.18649 -0.0635536 0.997978 -0.000536696 -0.186146 -0.0113259 0.982457 ,-0.0972681 -0.171374 -0.910613 
E 463 458 :0.945642 0.0731498 0.316876 -0.0898913 0.995206 0.0385191 -0.312539 -0.0649097 0.947685 ,-0.166922 -0.246587 -1.19451 
E 463 457 :0.896482 0.108118 0.429687 -0.115261 0.99329 -0.00945499 -0.427826 -0.0410499 0.902928 ,-0.221895 -0.263497 -1.35583 
E 463 456 :0.796599 0.126191 0.591191 -0.152097 0.988347 -0.00602272 -0.585062 -0.0851206 0.806509 ,-0.401819 -0.3549 -1.66752 
E 463 454 :0.648957 0.203157 0.7332 -0.213208 0.973638 -0.0810664 -0.73034 -0.103716 0.675164 ,-0.651988 -0.403726 -1.99145 
E 463 453 :0.602738 0.201927 0.771967 -0.220098 0.971991 -0.0823994 -0.766984 -0.120243 0.6303 ,-0.741502 -0.430285 -2.07665 
E 464 463 :0.996368 6.18076e-06 0.0851564 -0.000925313 0.999942 0.010754 -0.0851513 -0.0107937 0.99631 ,0.00862466 -0.0560541 -0.243884 
E 464 462 :0.988033 0.0224175 0.152606 -0.0229325 0.999736 0.00161519 -0.15253 -0.00509551 0.988286 ,-0.0136964 -0.0910881 -0.495993 
E 464 461 :0.982555 0.040042 0.181608 -0.0443272 0.998825 0.0195973 -0.18061 -0.0273056 0.983176 ,-0.0456874 -0.153551 -0.678749 
E 464 460 :0.974216 0.0559874 0.218562 -0.0622941 0.997814 0.022066 -0.216849 -0.0351122 0.975573 ,-0.085082 -0.202423 -0.848896 
E 464 459 :0.961051 0.0613531 0.269475 -0.0664589 0.99774 0.00985611 -0.268261 -0.0273812 0.962957 ,-0.165836 -0.237121 -1.141 
E 464 458 :0.915592 0.0673628 0.396427 -0.0941221 0.994383 0.0484151 -0.390938 -0.0816409 0.916789 ,-0.259412 -0.315318 -1.41711 
E 464 457 :0.856793 0.104235 0.505016 -0.120685 0.992691 -0.000141948 -0.50134 -0.0608261 0.86311 ,-0.327924 -0.333911 -1.57297 
E 464 456 :0.743882 0.11849 0.657723 -0.159117 0.987257 0.00210379 -0.649092 -0.10622 0.753257 ,-0.533737 -0.428494 -1.8672 
E 466 465 :0.999657 0.0235621 -0.0114646 -0.0240447 0.998744 -0.0439511 0.0104146 0.0442117 0.998968 ,-0.00202487 -0.0492862 -0.364107 
E 466 464 :0.999056 0.0402474 0.0163182 -0.039738 0.998747 -0.0304228 -0.0175222 0.0297456 0.999404 ,0.00540072 -0.0966406 -0.557221 
E 466 463 :0.994001 0.0400751 0.101767 -0.0379273 0.999017 -0.022954 -0.102587 0.0189565 0.994543 ,0.00778145 -0.145548 -0.802778 
E 466 462 :0.983689 0.06255 0.168654 -0.0575259 0.997747 -0.0345175 -0.170434 0.0242525 0.985071 ,-0.0200425 -0.171981 -1.05539 
E 466 461 :0.976897 0.0797587 0.198269 -0.0778218 0.996813 -0.017555 -0.199037 0.00171976 0.97999 ,-0.0574996 -0.227534 -1.23933 
E 466 460 :0.967251 0.0955211 0.235164 -0.0943323 0.995407 -0.0163266 -0.235643 -0.00639165 0.971819 ,-0.101601 -0.269603 -1.41014 
E 466 459 :0.953092 0.101005 0.285331 -0.0964047 0.994885 -0.0301605 -0.286918 0.00123848 0.957954 ,-0.188441 -0.292161 -1.70169 
E 466 457 :0.842946 0.143098 0.518618 -0.139329 0.989155 -0.0464683 -0.519644 -0.033088 0.853742 ,-0.361321 -0.369248 -2.13344 
E 466 458 :0.90456 0.105988 0.412961 -0.118495 0.992944 0.00470988 -0.409548 -0.053194 0.910736 ,-0.289582 -0.358143 -1.97832 
E 466 456 :0.726184 0.15638 0.669479 -0.168731 0.984543 -0.0469517 -0.666473 -0.0788661 0.741346 ,-0.575547 -0.446583 -2.42671 
E 485 484 :0.997699 -0.00745969 -0.0673906 0.00633509 0.999837 -0.0168861 0.0675056 0.0164204 0.997584 ,0.0285545 -0.114547 -0.576369 
E 485 483 :0.999786 -0.00651677 0.0196266 0.00706529 0.999583 -0.0280094 -0.0194359 0.0281421 0.999415 ,0.0565116 -0.154541 -0.883788 
E 485 482 :0.999642 -0.0123063 0.0237413 0.0128605 0.999645 -0.0233313 -0.0234457 0.0236283 0.999446 ,0.0463125 -0.27455 -1.26516 
E 485 481 :0.994947 -0.0256855 -0.0970555 0.0227044 0.99924 -0.0316958 0.0977958 0.0293321 0.994774 ,0.0367049 -0.317411 -1.64309 
E 485 480 :0.999376 -0.0248119 -0.0251241 0.0235905 0.998579 -0.0477957 0.0262743 0.0471732 0.998541 ,0.082285 -0.436911 -2.12057 
E 485 479 :0.999229 -0.0102877 -0.0378796 0.00865059 0.999032 -0.043132 0.0382866 0.042771 0.998351 ,0.0851552 -0.58906 -2.72622 
E 485 478 :0.994898 -0.0262687 -0.097403 0.0190562 0.997057 -0.0742531 0.0990669 0.0720182 0.992471 ,0.112595 -0.639372 -3.03913 
E 485 477 :0.999826 -0.0151348 -0.010893 0.0142467 0.996895 -0.0774422 0.0120313 0.0772736 0.996937 ,0.178383 -0.748796 -3.61049 
E 475 474 :0.999488 -0.00765178 0.0310637 0.0067872 0.999589 0.0278433 -0.031264 -0.0276182 0.99913 ,-0.0551934 -0.179721 -0.655003 
E 475 473 :0.998706 -0.0108677 -0.0496759 0.0114644 0.999865 0.0117416 0.0495416 -0.0122959 0.998696 ,-0.0796359 -0.304716 -1.18401 
E 475 472 :0.998632 -0.00166317 0.0522673 0.0014251 0.999988 0.00459187 -0.0522743 -0.0045111 0.998623 ,-0.0650734 -0.407037 -1.6303 
E 475 470 :0.999876 -0.00942193 0.0126182 0.00916164 0.999747 0.0205291 -0.0128085 -0.020411 0.99971 ,-0.0878159 -0.579217 -2.26401 
E 475 471 :0.998524 -0.00825874 0.0536802 0.006204 0.999246 0.038332 -0.0539563 -0.0379424 0.997822 ,-0.0803329 -0.557682 -2.0699 
E 475 469 :0.999112 0.00408603 0.0419422 -0.00672524 0.997992 0.0629782 -0.0416007 -0.0632043 0.997133 ,-0.076592 -0.697255 -2.65352 
E 475 468 :0.994868 0.0200617 0.0991684 -0.0240638 0.998937 0.0393265 -0.098274 -0.0415111 0.994293 ,-0.0834409 -0.745386 -2.97558 
E 475 467 :0.99328 0.0179347 0.114341 -0.0241202 0.998306 0.0529447 -0.113198 -0.0553468 0.99203 ,-0.0973208 -0.781265 -3.10491 
E 475 466 :0.993902 0.00788553 0.109981 -0.016186 0.997068 0.0747841 -0.109069 -0.0761083 0.991116 ,-0.121247 -0.856939 -3.28712 
E 475 465 :0.994517 0.0361565 0.0981265 -0.0393758 0.998741 0.0310703 -0.0968796 -0.0347637 0.994689 ,-0.163693 -0.933277 -3.64402 
E 474 473 :0.996724 -0.00369148 -0.080794 0.00244955 0.999877 -0.0154653 0.0808412 0.0152168 0.996611 ,-0.00873946 -0.110146 -0.532787 
E 474 472 :0.999765 0.00526583 0.0210507 -0.00477307 0.999715 -0.0233901 -0.0211679 0.0232842 0.999505 ,0.0190741 -0.20021 -0.981087 
E 474 470 :0.999827 -0.00199349 -0.0185038 0.00186079 0.999972 -0.00718606 0.0185176 0.00715038 0.999803 ,0.0149868 -0.354644 -1.61974 
E 474 471 :0.999742 -0.000286205 0.022717 5.11408e-05 0.999946 0.0103474 -0.0227187 -0.0103436 0.999688 ,0.0165434 -0.338536 -1.42497 
E 474 469 :0.999855 0.0128335 0.0111738 -0.0132185 0.999297 0.0350923 -0.0107156 -0.035235 0.999322 ,0.0375814 -0.461961 -2.01185 
E 474 467 :0.996147 0.0264316 0.0836273 -0.0285843 0.999287 0.0246499 -0.0829161 -0.0269453 0.996192 ,0.0304052 -0.533312 -2.46583 
E 474 468 :0.997268 0.0281292 0.068299 -0.0289523 0.999519 0.0110909 -0.0679541 -0.013038 0.997603 ,0.0404783 -0.501125 -2.33519 
E 474 466 :0.996694 0.0170282 0.0794463 -0.0207721 0.9987 0.046539 -0.0785506 -0.0480354 0.995752 ,0.0116749 -0.603739 -2.65073 
E 474 465 :0.996769 0.0440035 0.0671892 -0.0442938 0.999015 0.0028351 -0.0669982 -0.00580201 0.997736 ,-0.0201095 -0.669864 -3.01077 
E 474 464 :0.993685 0.0594844 0.0951452 -0.0612544 0.997997 0.015789 -0.0940154 -0.0215173 0.995338 ,-0.0288571 -0.726299 -3.20137 
E 474 463 :0.981918 0.0584602 0.180052 -0.0632998 0.997768 0.021247 -0.178408 -0.0322601 0.983428 ,-0.0468256 -0.78662 -3.44372 
E 471 470 :0.999148 -0.00210429 -0.0412137 0.001383 0.999846 -0.0175219 0.0412442 0.01745 0.998997 ,0.00286806 -0.0140924 -0.194919 
E 471 469 :0.99984 0.0136818 -0.0115306 -0.0133931 0.999604 0.0247507 0.0118647 -0.0245923 0.999627 ,0.0343595 -0.117355 -0.587499 
E 471 468 :0.998553 0.0284693 0.0456176 -0.0285333 0.999593 0.00075197 -0.0455776 -0.0020525 0.998959 ,0.0445994 -0.153173 -0.911074 
E 471 467 :0.997772 0.027088 0.0609747 -0.0280102 0.999505 0.0143204 -0.0605566 -0.0159964 0.998037 ,0.0374953 -0.184004 -1.04224 
E 471 466 :0.99822 0.0181662 0.0568059 -0.0202438 0.999139 0.0362141 -0.0560992 -0.0372996 0.997728 ,0.0229671 -0.252509 -1.22824 
E 471 465 :0.998032 0.0441751 0.0445047 -0.0438837 0.999008 -0.00750446 -0.0447921 0.00553666 0.998981 ,-0.000632988 -0.314897 -1.58957 
E 471 464 :0.995561 0.060009 0.0725086 -0.0605631 0.998149 0.00546554 -0.0720464 -0.00983262 0.997353 ,-0.00505091 -0.369355 -1.78089 
E 471 463 :0.985715 0.059229 0.157665 -0.0617321 0.998032 0.0110221 -0.156702 -0.0205976 0.987431 ,-0.017512 -0.42716 -2.0242 
E 471 462 :0.971211 0.0819417 0.223685 -0.0835621 0.9965 -0.0022286 -0.223085 -0.0165271 0.974659 ,-0.0601164 -0.462156 -2.27369 
E 471 461 :0.962438 0.0978228 0.253267 -0.104739 0.994402 0.0139358 -0.250486 -0.0399392 0.967296 ,-0.108965 -0.523564 -2.45305 
E 471 460 :0.950429 0.113071 0.289654 -0.122365 0.992385 0.0141204 -0.285851 -0.048864 0.957027 ,-0.163455 -0.57089 -2.61942 
E 471 459 :0.933345 0.118969 0.338693 -0.126006 0.992029 -0.00121926 -0.336138 -0.0415394 0.940896 ,-0.267112 -0.602229 -2.9046 
E 469 468 :0.998235 0.0150527 0.0574526 -0.0137391 0.999637 -0.0231909 -0.0577808 0.0223606 0.998079 ,0.00687895 -0.0277066 -0.32446 
E 469 467 :0.997269 0.0135074 0.0726145 -0.0128586 0.999873 -0.00939502 -0.0727322 0.00843564 0.997316 ,-0.00136733 -0.055397 -0.456256 
E 469 466 :0.997666 0.00433915 0.0681495 -0.00519871 0.999909 0.0124405 -0.0680894 -0.0127658 0.997598 ,-0.0171826 -0.119499 -0.643717 
E 469 465 :0.997929 0.0308538 0.0564507 -0.0291099 0.999081 -0.0314598 -0.0573695 0.0297514 0.99791 ,-0.0442303 -0.1733 -1.00618 
E 469 464 :0.995358 0.0465143 0.0842571 -0.0451462 0.998817 -0.0180718 -0.084998 0.014184 0.99628 ,-0.0501882 -0.223091 -1.19873 
E 469 463 :0.984525 0.0456083 0.169207 -0.0443676 0.998954 -0.0111083 -0.169537 0.00342907 0.985518 ,-0.0647599 -0.275061 -1.44324 
E 469 462 :0.969528 0.0683862 0.235243 -0.0647549 0.997633 -0.0231364 -0.236269 0.00719824 0.971661 ,-0.109849 -0.30449 -1.69301 
E 469 461 :0.960715 0.0840151 0.264516 -0.0853695 0.996329 -0.00639258 -0.264082 -0.0164402 0.96436 ,-0.159995 -0.362132 -1.87325 
E 469 460 :0.948524 0.0991817 0.300773 -0.102284 0.99474 -0.00545771 -0.299732 -0.0255874 0.95368 ,-0.215816 -0.406093 -2.04011 
E 469 459 :0.930896 0.10517 0.349818 -0.10492 0.994285 -0.0197237 -0.349893 -0.0183423 0.93661 ,-0.322421 -0.431825 -2.32476 
E 469 457 :0.80496 0.144801 0.575388 -0.150163 0.98791 -0.0385393 -0.574012 -0.0553793 0.816972 ,-0.524655 -0.513376 -2.74272 
E 469 458 :0.874024 0.106424 0.474084 -0.128281 0.991641 0.0138926 -0.468643 -0.0729586 0.88037 ,-0.442465 -0.500715 -2.593 
E 470 469 :0.999459 0.0140383 0.0297422 -0.015288 0.998992 0.0422146 -0.0291196 -0.0426465 0.998666 ,0.0151301 -0.110163 -0.391674 
E 470 468 :0.995783 0.0297428 0.086781 -0.0314254 0.999342 0.0180877 -0.086186 -0.0207386 0.996063 ,0.0119663 -0.151644 -0.71472 
E 470 467 :0.994385 0.0277875 0.102106 -0.0311622 0.999015 0.0316057 -0.101127 -0.03461 0.994271 ,-0.000584217 -0.184744 -0.84492 
E 470 466 :0.995028 0.0179942 0.0979581 -0.0233201 0.998296 0.0534993 -0.0968285 -0.0555177 0.993751 ,-0.0228664 -0.256453 -1.02894 
E 470 465 :0.995274 0.0457474 0.0856586 -0.0467587 0.998858 0.00983528 -0.0851108 -0.0137941 0.996276 ,-0.0614352 -0.325088 -1.38784 
E 470 464 :0.991658 0.0609328 0.113589 -0.0639059 0.997697 0.0227159 -0.111944 -0.0297855 0.993268 ,-0.0738158 -0.382866 -1.57783 
E 470 463 :0.978327 0.0597093 0.198271 -0.0665312 0.997394 0.0279193 -0.196088 -0.0405055 0.979749 ,-0.0963812 -0.444882 -1.81937 
E 470 462 :0.961067 0.0825684 0.26369 -0.0894857 0.995885 0.0143089 -0.261424 -0.0373483 0.964501 ,-0.149288 -0.484136 -2.06624 
E 470 461 :0.951142 0.0974675 0.292966 -0.111119 0.993346 0.0302801 -0.288065 -0.0613547 0.955643 ,-0.205577 -0.548562 -2.24232 
E 470 460 :0.937661 0.112332 0.328898 -0.129335 0.991141 0.0302088 -0.322591 -0.0708636 0.943882 ,-0.266948 -0.598669 -2.40546 
E 470 459 :0.918512 0.118526 0.377209 -0.133817 0.9909 0.0144869 -0.372059 -0.0637831 0.926015 ,-0.382322 -0.634762 -2.68553 
E 470 457 :0.785344 0.156944 0.598835 -0.186549 0.982362 -0.0128088 -0.590283 -0.101653 0.80077 ,-0.598023 -0.730783 -3.09356 
E 470 458 :0.857812 0.118118 0.500207 -0.161298 0.985934 0.0437953 -0.487998 -0.11825 0.864798 ,-0.511246 -0.713072 -2.94697 
E 478 477 :0.996189 0.0115947 0.0864502 -0.0111929 0.999924 -0.00513058 -0.0865032 0.00414339 0.996243 ,0.00676449 -0.151978 -0.565342 
E 478 476 :0.999777 -0.0211025 0.000359492 0.0211048 0.999451 -0.0255549 0.000179976 0.0255567 0.999673 ,-0.0582708 -0.353228 -1.19465 
E 478 475 :0.999802 -0.00808785 0.0181616 0.00772909 0.999775 0.019738 -0.0183171 -0.0195937 0.99964 ,-0.0585026 -0.48876 -1.58284 
E 478 474 :0.998668 -0.0162364 0.0489781 0.0138937 0.99876 0.047798 -0.0496935 -0.0470538 0.997656 ,-0.124127 -0.681796 -2.23307 
E 478 473 :0.999316 -0.0191757 -0.0316231 0.0201588 0.999314 0.0310673 0.0310057 -0.0316835 0.999017 ,-0.157162 -0.817393 -2.75899 
E 478 472 :0.997473 -0.00983253 0.0703564 0.0081115 0.999662 0.0247056 -0.0705755 -0.0240725 0.997216 ,-0.14988 -0.928387 -3.20339 
E 478 471 :0.997297 -0.017028 0.0714816 0.0128553 0.998209 0.0584333 -0.0723485 -0.0573564 0.995729 ,-0.171902 -1.08779 -3.63959 
E 472 471 :0.999987 -0.00484 0.00150091 0.00478661 0.999419 0.033741 -0.00166335 -0.0337334 0.999429 ,0.00752613 -0.148635 -0.440477 
E 472 470 :0.999191 -0.00691733 -0.0396289 0.00755635 0.999843 0.0159981 0.039512 -0.0162846 0.999086 ,0.0101698 -0.169282 -0.634814 
E 472 469 :0.99991 0.00880664 -0.0101499 -0.0081992 0.998259 0.0584095 0.0106466 -0.0583211 0.998241 ,0.0415714 -0.285579 -1.02374 
E 472 468 :0.99861 0.0236278 0.0471128 -0.0252748 0.999079 0.0346758 -0.0462501 -0.0358183 0.998288 ,0.0514989 -0.332246 -1.34594 
E 472 467 :0.997804 0.0222261 0.0624026 -0.0252613 0.998514 0.0482787 -0.0612368 -0.049749 0.996883 ,0.0443472 -0.367518 -1.47598 
E 472 466 :0.998221 0.0132742 0.0581274 -0.0173468 0.997387 0.0701293 -0.0570446 -0.0710129 0.995843 ,0.0298716 -0.442329 -1.65954 
E 472 465 :0.998164 0.0393476 0.0460398 -0.0405923 0.998826 0.0264195 -0.0449463 -0.0282399 0.99859 ,0.00603145 -0.516986 -2.01851 
E 472 464 :0.995733 0.0551624 0.0739782 -0.0581935 0.997525 0.0394611 -0.0716183 -0.0435978 0.996479 ,0.00159 -0.577888 -2.20789 
E 472 463 :0.985766 0.0543668 0.159091 -0.0622653 0.997041 0.0450873 -0.156169 -0.0543514 0.986234 ,-0.0109563 -0.64393 -2.44909 
E 472 462 :0.971268 0.0770928 0.225156 -0.0863918 0.995756 0.0317294 -0.221754 -0.0502693 0.973806 ,-0.0537653 -0.687526 -2.69718 
E 472 461 :0.962557 0.0929487 0.254648 -0.108523 0.992945 0.0477776 -0.24841 -0.0736237 0.965853 ,-0.102585 -0.755185 -2.87428 
E 472 460 :0.95058 0.108193 0.291018 -0.12739 0.990701 0.0477897 -0.283141 -0.0825007 0.955523 ,-0.157095 -0.808358 -3.03888 
E 473 472 :0.994766 0.00957975 0.101726 -0.00878521 0.999927 -0.00825575 -0.101797 0.00731886 0.994778 ,-0.00873935 -0.0969776 -0.447635 
E 473 471 :0.99463 0.00132796 0.103484 -0.0039851 0.999668 0.0254743 -0.103416 -0.0257499 0.994305 ,-0.0474843 -0.242031 -0.887666 
E 473 470 :0.998053 0.00104056 0.0623645 -0.0015485 0.999966 0.00809689 -0.0623539 -0.0081777 0.998021 ,-0.0648213 -0.261096 -1.08141 
E 473 469 :0.995681 0.0123909 0.0920095 -0.0170709 0.998591 0.0502532 -0.0912571 -0.0516069 0.994489 ,-0.0742618 -0.37445 -1.47235 
E 473 468 :0.988437 0.0294314 0.14875 -0.0336642 0.999094 0.0260177 -0.147849 -0.0307244 0.988533 ,-0.0976092 -0.41854 -1.79422 
E 473 467 :0.98611 0.0266145 0.163947 -0.0335198 0.998657 0.039497 -0.162676 -0.0444438 0.985678 ,-0.11829 -0.452674 -1.92311 
E 473 466 :0.987028 0.0155356 0.159798 -0.0256442 0.997784 0.0613921 -0.15849 -0.0646936 0.985239 ,-0.152079 -0.525836 -2.10479 
E 473 465 :0.987979 0.0458375 0.147634 -0.0489874 0.998641 0.017769 -0.146619 -0.0247877 0.988882 ,-0.213027 -0.597315 -2.46001 
E 473 463 :0.964124 0.0581048 0.259016 -0.0696316 0.996939 0.0355443 -0.256158 -0.0523048 0.965219 ,-0.274942 -0.720545 -2.88753 
E 473 464 :0.982679 0.0599947 0.175336 -0.0663457 0.997328 0.0305817 -0.173033 -0.0416848 0.984033 ,-0.237292 -0.65661 -2.64839 
E 473 462 :0.942799 0.0811147 0.323343 -0.0930876 0.995421 0.0217095 -0.320101 -0.0505669 0.946033 ,-0.343182 -0.761714 -3.13029 
E 477 476 :0.995715 -0.0344195 -0.0858308 0.032696 0.999236 -0.0214067 0.086502 0.0185087 0.99608 ,-0.00809798 -0.204595 -0.63153 
E 477 475 :0.99749 -0.0175525 -0.0686006 0.019245 0.999525 0.024089 0.0681452 -0.0253487 0.997353 ,0.0267678 -0.341728 -1.01759 
E 477 474 :0.999005 -0.0232832 -0.0380439 0.025266 0.998301 0.0524959 0.036757 -0.0534049 0.997896 ,0.0198011 -0.538205 -1.67006 
E 477 473 :0.992599 -0.0275471 -0.118268 0.0318724 0.998885 0.0348376 0.117177 -0.0383492 0.99237 ,0.0339042 -0.676354 -2.19617 
E 477 472 :0.999686 -0.0189018 -0.0164507 0.0193838 0.999372 0.0296513 0.0158799 -0.0299609 0.999425 ,0.0808421 -0.789096 -2.63769 
E 477 471 :0.99961 -0.0231744 -0.0155786 0.0241179 0.997698 0.0633833 0.0140739 -0.0637344 0.997868 ,0.0984215 -0.950553 -3.07334 
E 477 470 :0.998084 -0.0255461 -0.0563545 0.0280913 0.998599 0.0448442 0.05513 -0.0463413 0.997403 ,0.104652 -0.976898 -3.26691 
E 477 469 :0.999576 -0.00910562 -0.0276725 0.0115037 0.996074 0.0877753 0.0267646 -0.0880564 0.995756 ,0.14464 -1.10405 -3.65163 
E 476 475 :0.999739 0.0130104 0.018754 -0.0138416 0.998896 0.0448914 -0.0181492 -0.0451393 0.998816 ,-0.00316205 -0.145374 -0.384601 
E 476 474 :0.99873 0.00483736 0.0501556 -0.00845828 0.997352 0.072235 -0.0496733 -0.0725674 0.996126 ,-0.0729633 -0.353537 -1.02971 
E 476 473 :0.999524 0.00191318 -0.0307806 -0.000147953 0.99836 0.0572491 0.0308397 -0.0572174 0.997885 ,-0.108947 -0.501803 -1.55201 
E 476 472 :0.99741 0.011263 0.0710416 -0.0147458 0.998705 0.0486929 -0.0704011 -0.0496144 0.996284 ,-0.104089 -0.624247 -1.99342 
E 476 470 :0.999494 0.0032049 0.0316306 -0.00526333 0.997858 0.0652102 -0.0313538 -0.0653437 0.99737 ,-0.14095 -0.824371 -2.61819 
E 476 471 :0.997333 0.00403247 0.0728781 -0.0100462 0.996554 0.0823403 -0.0722949 -0.0828528 0.993936 ,-0.129548 -0.794248 -2.42541 
E 476 469 :0.997984 0.015884 0.0614509 -0.0224146 0.993997 0.107091 -0.0593809 -0.108252 0.992348 ,-0.13857 -0.959918 -3.00211 
E 476 468 :0.992453 0.0322746 0.118301 -0.0422194 0.995693 0.0825457 -0.115127 -0.0869173 0.989541 ,-0.152083 -1.02236 -3.3215 
E 476 467 :0.990584 0.0298805 0.133605 -0.0429238 0.994471 0.0958372 -0.130002 -0.10067 0.98639 ,-0.168852 -1.06381 -3.4488 
E 476 466 :0.991387 0.0194285 0.129513 -0.0348215 0.992442 0.117672 -0.126248 -0.121168 0.984571 ,-0.197173 -1.14725 -3.62695 
E 486 485 :0.999492 0.0169126 0.027024 -0.0175151 0.9996 0.0222159 -0.0266374 -0.0226779 0.999388 ,-0.0276656 -0.15581 -0.64534 
E 486 484 :0.999123 0.00989771 -0.0406833 -0.00964255 0.999933 0.00646319 0.0407445 -0.00606523 0.999151 ,-0.0166386 -0.283615 -1.21952 
E 486 483 :0.998872 0.0111526 0.046151 -0.0108807 0.999922 -0.00613902 -0.0462159 0.00562994 0.998916 ,0.00232013 -0.330913 -1.52659 
E 486 482 :0.998718 0.00524505 0.0503436 -0.00517436 0.999985 -0.00153422 -0.0503509 0.00127176 0.998731 ,-0.0202096 -0.459167 -1.90473 
E 486 481 :0.997469 -0.00798001 -0.0706595 0.00744134 0.999941 -0.00788341 0.0707182 0.00733765 0.997469 ,-0.0407505 -0.510239 -2.28121 
E 486 480 :0.999977 -0.00663593 0.00106485 0.00666062 0.999661 -0.025153 -0.000897576 0.0251595 0.999683 ,-0.010118 -0.641097 -2.7569 
E 486 479 :0.999902 0.00776961 -0.0116104 -0.00800391 0.999762 -0.020272 0.0114501 0.0203629 0.999727 ,-0.0261895 -0.806691 -3.3588 
E 486 478 :0.997392 -0.0074463 -0.0717888 0.00382364 0.998718 -0.0504687 0.0720726 0.0500626 0.996142 ,-0.00807083 -0.864415 -3.6711 
E 486 477 :0.999884 0.00382123 0.0147439 -0.00300378 0.998478 -0.0550726 -0.0149319 0.0550219 0.998373 ,0.0403929 -0.987641 -4.24139 
E 487 486 :0.998168 0.00310466 -0.0604307 -0.00331266 0.999989 -0.00334213 0.0604196 0.0035362 0.998167 ,0.0637854 -0.153589 -0.637875 
E 487 485 :0.999216 0.0213555 -0.0333503 -0.0207369 0.999608 0.018786 0.0337384 -0.0180797 0.999267 ,0.0746851 -0.307149 -1.28425 
E 487 484 :0.9948 0.0133505 -0.100968 -0.0130884 0.999909 0.00325859 0.101002 -0.00192014 0.994884 ,0.119993 -0.43307 -1.85717 
E 487 483 :0.999801 0.0138964 -0.0143177 -0.014035 0.999855 -0.00963035 0.0141818 0.00982938 0.999851 ,0.157327 -0.479404 -2.16269 
E 487 482 :0.999915 0.00826319 -0.0101074 -0.00831444 0.999953 -0.00503887 0.0100652 0.00512248 0.999936 ,0.157292 -0.606319 -2.54196 
E 487 481 :0.99139 -0.00530433 -0.130832 0.00390064 0.999932 -0.0109829 0.130882 0.010378 0.991344 ,0.15938 -0.656064 -2.91917 
E 487 480 :0.99822 -0.00504057 -0.0594267 0.00335096 0.999588 -0.0284973 0.0595459 0.0282475 0.997826 ,0.218297 -0.785432 -3.3926 
E 483 482 :0.999975 -0.00570017 0.00414627 0.00568087 0.999973 0.00465016 -0.00417266 -0.00462649 0.999981 ,-0.00363242 -0.130625 -0.377989 
E 483 481 :0.992994 -0.0191902 -0.116593 0.0189633 0.999816 -0.00305514 0.11663 0.000822748 0.993175 ,-0.00619539 -0.184041 -0.754689 
E 483 480 :0.998819 -0.0186682 -0.0448639 0.0178074 0.999651 -0.019511 0.0452125 0.0186891 0.998803 ,0.0478108 -0.317225 -1.22765 
E 483 479 :0.998333 -0.00405833 -0.05758 0.00321269 0.999886 -0.0147715 0.0576334 0.0145618 0.998232 ,0.0613769 -0.486374 -1.82862 
E 483 478 :0.992895 -0.0206183 -0.117196 0.0153526 0.998839 -0.0456572 0.118002 0.0435335 0.992059 ,0.0945364 -0.54565 -2.1394 
E 483 477 :0.999479 -0.00959008 -0.0308142 0.0080637 0.998752 -0.0492831 0.0312484 0.0490089 0.998309 ,0.170642 -0.671536 -2.70607 
E 483 475 :0.994686 -0.0263478 -0.0995286 0.023906 0.999385 -0.0256469 0.100143 0.0231313 0.994704 ,0.23203 -0.962472 -3.73784 
E 479 478 :0.998089 -0.014866 -0.0599719 0.0130397 0.999443 -0.0307302 0.0603953 0.0298894 0.997727 ,0.015003 -0.063929 -0.311256 
E 479 477 :0.999639 -0.00354086 0.0266148 0.00446159 0.999391 -0.0346152 -0.026476 0.0347214 0.999046 ,0.0579186 -0.198362 -0.879447 
E 479 476 :0.997543 -0.0374527 -0.0592136 0.0341243 0.997833 -0.0562561 0.0611922 0.0540972 0.996659 ,0.0337399 -0.381008 -1.51726 
E 479 475 :0.998876 -0.02176 -0.0421169 0.0213248 0.999715 -0.0107553 0.0423389 0.0098451 0.999055 ,0.0588038 -0.504538 -1.90864 
E 479 474 :0.999533 -0.028231 -0.0116573 0.0284354 0.999438 0.0177518 0.0111496 -0.018075 0.999774 ,0.0351699 -0.678341 -2.56713 
E 479 473 :0.995247 -0.0320947 -0.0919375 0.0322255 0.999481 -6.23754e-05 0.0918917 -0.00290065 0.995765 ,0.0357548 -0.798131 -3.0979 
E 479 472 :0.99968 -0.0232311 0.0100498 0.0232825 0.999716 -0.00503536 -0.00992993 0.00526773 0.999937 ,0.071324 -0.895312 -3.54416 
E 479 471 :0.999539 -0.028395 0.0107606 0.0280759 0.999193 0.0287339 -0.0115678 -0.0284185 0.999529 ,0.0778739 -1.04151 -3.98547 
E 484 483 :0.996218 0.00173041 0.0868701 -0.000713092 0.999931 -0.0117405 -0.0868844 0.0116341 0.99615 ,0.00688683 -0.0452444 -0.307885 
E 484 482 :0.995841 -0.00435015 0.091007 0.00501639 0.999962 -0.00709336 -0.0909727 0.00752039 0.995825 ,-0.0297938 -0.17142 -0.685623 
E 484 481 :0.999403 -0.017316 -0.0298801 0.0168846 0.99975 -0.0146321 0.030126 0.0141189 0.999446 ,-0.0651635 -0.220408 -1.06127 
E 484 480 :0.999 -0.0152443 0.042038 0.0165631 0.999376 -0.0312041 -0.0415361 0.0318692 0.998629 ,-0.0526778 -0.348069 -1.53865 
E 484 479 :0.999569 -0.00104779 0.0293287 0.00182392 0.999648 -0.0264491 -0.0292906 0.0264912 0.99922 ,-0.0916628 -0.51016 -2.14046 
E 484 478 :0.999417 -0.0150302 -0.0306519 0.0132581 0.998274 -0.0572177 0.0314589 0.056778 0.997891 ,-0.085728 -0.565806 -2.45361 
E 484 477 :0.998428 -0.00356815 0.0559403 0.00698355 0.998115 -0.0609783 -0.0556172 0.0612731 0.99657 ,-0.0593544 -0.685085 -3.02617 
E 481 480 :0.997432 0.00259893 0.0715708 -0.00132619 0.99984 -0.0178247 -0.0716057 0.017684 0.997276 ,-0.00405878 -0.134585 -0.475619 
E 481 479 :0.998121 0.0166295 0.0589671 -0.0158987 0.999791 -0.0128425 -0.0591683 0.0118808 0.998177 ,-0.0638876 -0.304457 -1.07356 
E 481 478 :0.999993 0.0035447 -0.00153718 -0.00360694 0.999086 -0.0425836 0.00138483 0.0425888 0.999092 ,-0.0683297 -0.364614 -1.3859 
E 481 477 :0.996275 0.0151326 0.0849 -0.0110923 0.998792 -0.0478613 -0.0855218 0.0467412 0.995239 ,-0.0612349 -0.492404 -1.95719 
E 481 476 :0.999844 -0.0175988 -0.00126777 0.0174717 0.997525 -0.0681024 0.00246316 0.0680697 0.997678 ,-0.126016 -0.666437 -2.59458 
E 481 475 :0.99985 -0.00451377 0.0166948 0.0048958 0.999725 -0.0229138 -0.0165868 0.0229921 0.999598 ,-0.126131 -0.785314 -2.98819 
E 491 490 :0.999901 -0.0108993 -0.00885996 0.0106624 0.999596 -0.0263625 0.00914371 0.0262654 0.999613 ,0.00780732 -0.061378 -0.19663 
E 491 489 :0.996684 -0.0330389 -0.0743597 0.0303417 0.99885 -0.0371145 0.0755004 0.0347352 0.996541 ,0.0246682 -0.19349 -0.70259 
E 491 488 :0.999348 -0.0308103 -0.0188225 0.0304398 0.999343 -0.0196645 0.019416 0.0190787 0.999629 ,0.107939 -0.320806 -1.22301 
E 491 487 :0.999213 -0.0337952 -0.0207895 0.0339039 0.999413 0.00489927 0.0206117 -0.00560025 0.999772 ,0.150286 -0.495671 -1.87286 
E 491 486 :0.996237 -0.0307661 -0.0810215 0.0308271 0.999525 -0.000498721 0.0809983 -0.00200081 0.996712 ,0.232473 -0.650132 -2.50842 
E 491 485 :0.998428 -0.0120674 -0.0547331 0.0133179 0.999657 0.02254 0.0544424 -0.0232335 0.998247 ,0.261992 -0.806399 -3.15357 
E 491 484 :0.992359 -0.0204122 -0.121682 0.0211417 0.999765 0.00470767 0.121557 -0.00724427 0.992558 ,0.32343 -0.933517 -3.72471 
E 490 489 :0.9976 -0.0220679 -0.065636 0.0214493 0.999719 -0.0101144 0.0658408 0.00868229 0.997792 ,0.0108243 -0.145532 -0.502431 
E 490 488 :0.999752 -0.0199775 -0.00988997 0.0200452 0.999776 0.0068043 0.00975182 -0.00700086 0.999928 ,0.0879705 -0.287373 -1.02003 
E 490 487 :0.999664 -0.0231869 -0.0115936 0.0235408 0.99923 0.0313833 0.010857 -0.0316457 0.99944 ,0.122507 -0.479697 -1.6654 
E 490 486 :0.997208 -0.0201241 -0.0719052 0.0220838 0.999403 0.0265636 0.0713277 -0.0280774 0.997058 ,0.197228 -0.651685 -2.29736 
E 490 485 :0.998969 -0.00161994 -0.0453597 0.00386029 0.998774 0.0493468 0.0452242 -0.0494711 0.997751 ,0.219178 -0.825155 -2.9384 
E 490 484 :0.993598 -0.0098165 -0.112544 0.0135099 0.999393 0.032102 0.112161 -0.0334169 0.993128 ,0.274033 -0.967893 -3.50652 
E 490 483 :0.999626 -0.00940584 -0.0256815 0.009957 0.999721 0.0214187 0.0254728 -0.0216664 0.999441 ,0.31597 -1.0229 -3.81 
E 490 482 :0.999655 -0.0149848 -0.02158 0.0155467 0.999538 0.0261084 0.0211788 -0.0264349 0.999426 ,0.323275 -1.16162 -4.18504 
E 489 488 :0.998424 0.00105405 0.0561158 -0.00193812 0.999875 0.0157023 -0.0560922 -0.0157863 0.998301 ,0.0398392 -0.147998 -0.52009 
E 489 487 :0.998484 -0.00378207 0.0549113 0.00156801 0.999186 0.0403078 -0.0550191 -0.0401606 0.997677 ,0.0276767 -0.346633 -1.16435 
E 489 486 :0.999985 -0.000487896 -0.00551576 0.000690554 0.999322 0.0367997 0.00549407 -0.036803 0.999307 ,0.0569197 -0.525708 -1.79809 
E 489 485 :0.999632 0.0165497 0.0215003 -0.0177933 0.9981 0.0589967 -0.0204831 -0.0593575 0.998027 ,0.0328901 -0.70518 -2.4374 
E 489 484 :0.998888 0.00944315 -0.0461969 -0.00744668 0.999039 0.0431992 0.0465604 -0.0428071 0.997998 ,0.0471463 -0.854021 -3.00641 
E 489 483 :0.999117 0.0106335 0.0406436 -0.0118843 0.999459 0.0306568 -0.0402956 -0.0311128 0.998703 ,0.0678215 -0.912573 -3.31142 
E 489 482 :0.998983 0.00475006 0.0448348 -0.00633409 0.999358 0.0352546 -0.0446386 -0.0355027 0.998372 ,0.0474405 -1.05467 -3.68471 
E 489 481 :0.99706 -0.00850823 -0.0761563 0.0107275 0.999528 0.0287797 0.0758756 -0.0295121 0.99668 ,0.0290014 -1.11958 -4.05916 
E 488 487 :0.999993 -0.00345995 -0.00121526 0.00348881 0.999691 0.024611 0.00112973 -0.024615 0.999696 ,0.0243796 -0.188453 -0.646968 
E 488 486 :0.998099 -0.000359573 -0.0616317 0.00165777 0.999778 0.0210139 0.0616105 -0.0210761 0.997878 ,0.0894712 -0.35747 -1.2808 
E 488 485 :0.99924 0.0179187 -0.0346294 -0.016414 0.998929 0.0432568 0.0353674 -0.0426555 0.998464 ,0.101688 -0.526852 -1.92319 
E 488 484 :0.994716 0.00989315 -0.102188 -0.00712789 0.999599 0.0273904 0.102418 -0.0265173 0.994388 ,0.148127 -0.666677 -2.49277 
E 488 483 :0.999826 0.0104249 -0.0154994 -0.0101935 0.999837 0.01493 0.0156525 -0.0147694 0.999768 ,0.185992 -0.720385 -2.79703 
E 488 482 :0.999925 0.00479713 -0.011305 -0.00457564 0.999799 0.0195368 0.0113965 -0.0194836 0.999745 ,0.186857 -0.856595 -3.17306 
E 488 481 :0.991211 -0.00877663 -0.131998 0.0105793 0.99986 0.0129619 0.131866 -0.0142445 0.991165 ,0.189576 -0.915601 -3.54892 
E 488 480 :0.998129 -0.00853339 -0.0605403 0.00829801 0.999957 -0.00413841 0.060573 0.0036283 0.998157 ,0.249515 -1.05637 -4.01896 
E 492 491 :0.997602 -0.0190924 0.0665294 0.0188035 0.999811 0.00496521 -0.0666116 -0.00370231 0.997772 ,0.0322902 -0.121837 -0.513014 
E 492 490 :0.997908 -0.0282104 0.0581683 0.0295075 0.999332 -0.0215608 -0.0575212 0.0232321 0.998074 ,0.028169 -0.184033 -0.709499 
E 492 489 :0.998737 -0.0497192 -0.00717355 0.049452 0.998213 -0.0335576 0.00882919 0.0331605 0.999411 ,0.0138506 -0.318316 -1.21497 
E 492 488 :0.997662 -0.048547 0.0481028 0.0493217 0.99867 -0.0150513 -0.0473081 0.0173887 0.998729 ,0.0647287 -0.446626 -1.73931 
E 492 487 :0.99754 -0.0531679 0.045681 0.0527886 0.998561 0.0094715 -0.0461189 -0.00703676 0.998911 ,0.0670791 -0.623888 -2.38988 
E 492 486 :0.998648 -0.0499087 -0.014507 0.0499562 0.998747 0.00292676 0.0143428 -0.00364752 0.99989 ,0.109735 -0.77993 -3.02892 
E 492 485 :0.999401 -0.03267 0.0113805 0.0323597 0.999126 0.0264631 -0.0122351 -0.0260789 0.999585 ,0.0992449 -0.938816 -3.67402 
E 492 484 :0.997663 -0.0399331 -0.0554456 0.0404012 0.999157 0.00734699 0.0551054 -0.00956988 0.998435 ,0.124965 -1.06759 -4.24751 
E 497 496 :0.999413 0.0234281 0.0250151 -0.0240125 0.999439 0.0233256 -0.0244546 -0.0239126 0.999415 ,0.015485 -0.101705 -0.39954 
E 497 495 :0.999826 0.0146057 -0.0116356 -0.0142385 0.999417 0.0310402 0.0120822 -0.0308691 0.99945 ,0.0418564 -0.28435 -1.03619 
E 497 494 :0.99847 0.0313666 0.0455445 -0.0328093 0.998972 0.0312822 -0.0445165 -0.0327286 0.998472 ,0.0530178 -0.37375 -1.51612 
E 497 493 :0.99895 0.0437015 0.0137344 -0.0445446 0.996645 0.068664 -0.0106876 -0.0692037 0.997545 ,0.0415063 -0.534905 -2.04284 
E 497 492 :0.998387 0.0515632 -0.0237427 -0.0508646 0.99828 0.029142 0.0252045 -0.0278873 0.999293 ,0.052051 -0.597989 -2.29966 
E 497 491 :0.998544 0.0325797 0.0429883 -0.0339126 0.998955 0.0306497 -0.0419448 -0.032063 0.998605 ,0.0901872 -0.73621 -2.8081 
E 497 490 :0.999186 0.0228122 0.0332658 -0.0229778 0.999725 0.00460341 -0.0331516 -0.00536404 0.999436 ,0.0875306 -0.803815 -3.00281 
E 497 489 :0.999467 0.00104469 -0.032621 -0.00117612 0.999991 -0.00401022 0.0326166 0.00404645 0.99946 ,0.0783124 -0.951869 -3.50454 
E 497 488 :0.99972 0.00261301 0.0235367 -0.00288743 0.999928 0.0116328 -0.0235046 -0.0116975 0.999655 ,0.134942 -1.09783 -4.02365 
E 493 492 :0.999336 0.00733904 -0.0356959 -0.00880721 0.999114 -0.0411482 0.0353623 0.0414352 0.998515 ,0.0160885 -0.0446394 -0.260371 
E 493 491 :0.999455 -0.0116099 0.0309052 0.0127417 0.999246 -0.0366817 -0.0304561 0.0370554 0.998849 ,0.0657755 -0.145544 -0.77653 
E 493 490 :0.999515 -0.0216868 0.0223442 0.0230594 0.997739 -0.063123 -0.0209248 0.0636076 0.997756 ,0.0682143 -0.199563 -0.975446 
E 493 489 :0.998122 -0.0435439 -0.04309 0.0402488 0.996402 -0.0745887 0.0461828 0.0727143 0.996283 ,0.070963 -0.312802 -1.48623 
E 493 488 :0.99905 -0.0418062 0.0123099 0.0424381 0.997497 -0.0565576 -0.00991462 0.0570262 0.998323 ,0.139582 -0.419871 -2.01331 
E 493 487 :0.998911 -0.0455529 0.0100631 0.045854 0.998434 -0.0320426 -0.00858776 0.0324692 0.999436 ,0.163853 -0.570226 -2.67018 
E 493 486 :0.99784 -0.0424156 -0.0501679 0.0405265 0.998452 -0.0380918 0.0517059 0.0359763 0.998014 ,0.228147 -0.700211 -3.31323 
E 501 500 :0.998535 0.00298329 0.0540302 0.000808128 0.997546 -0.0700148 -0.0541065 0.0699559 0.996082 ,-0.0266783 -0.125977 -0.498961 
E 501 499 :0.998892 0.00352312 0.0469196 -0.00314465 0.999962 -0.00813788 -0.0469464 0.00798132 0.998866 ,-0.0527446 -0.226183 -0.755407 
E 501 497 :0.997763 0.0291417 0.0601684 -0.0281452 0.999453 -0.0173444 -0.0606409 0.0156122 0.998038 ,-0.0492573 -0.442849 -1.67284 
E 501 498 :0.99992 0.0126221 -0.000519895 -0.0126326 0.998801 -0.0472992 -7.77459e-05 0.047302 0.998881 ,-0.0689452 -0.338287 -1.2795 
E 501 496 :0.995005 0.0510623 0.0857721 -0.0517039 0.998649 0.00527454 -0.0853868 -0.00968294 0.996301 ,-0.0608105 -0.538004 -2.07413 
E 501 495 :0.997901 0.0418404 0.0494303 -0.0425805 0.998995 0.0140158 -0.0487942 -0.0160912 0.998679 ,-0.0781271 -0.710249 -2.71398 
E 501 494 :0.992601 0.058439 0.106431 -0.0601214 0.998111 0.0126653 -0.105489 -0.0189704 0.994239 ,-0.0984721 -0.791591 -3.19504 
E 501 493 :0.994774 0.0684838 0.0757253 -0.0724506 0.99607 0.0509381 -0.0719393 -0.0561582 0.995827 ,-0.146346 -0.943197 -3.72255 
E 501 492 :0.996188 0.0788615 0.0372855 -0.0793737 0.996767 0.0124621 -0.0361822 -0.0153741 0.999227 ,-0.153116 -1.00209 -3.98048 
E 494 493 :0.999359 0.0140161 -0.0329467 -0.0128154 0.999256 0.0363759 0.033432 -0.0359304 0.998795 ,0.0172414 -0.144111 -0.531487 
E 494 492 :0.997406 0.0199728 -0.0691475 -0.0203212 0.999784 -0.00433819 0.0690459 0.0057321 0.997597 ,0.0412723 -0.198394 -0.789403 
E 494 491 :0.999996 0.00118218 -0.00253746 -0.001184 0.999999 -0.000716347 0.00253661 0.000719349 0.999997 ,0.106519 -0.318636 -1.29965 
E 494 490 :0.999887 -0.00978421 -0.0114276 0.00947193 0.999589 -0.0270681 0.0116877 0.0269568 0.999568 ,0.114753 -0.379882 -1.49631 
E 494 489 :0.996524 -0.0319461 -0.076932 0.0291075 0.998864 -0.0377403 0.0780502 0.0353698 0.996322 ,0.132741 -0.511652 -2.00232 
E 494 488 :0.999331 -0.0296772 -0.0213822 0.0292426 0.999365 -0.0203583 0.0219728 0.0197194 0.999564 ,0.217181 -0.638694 -2.52262 
E 494 487 :0.999196 -0.0325993 -0.0233205 0.032706 0.999456 0.00420769 0.0231707 -0.00496703 0.999719 ,0.260971 -0.813143 -3.17249 
E 494 486 :0.996064 -0.0295793 -0.0835509 0.0295895 0.999562 -0.00111678 0.0835473 -0.00135984 0.996503 ,0.344588 -0.967246 -3.80794 
E 498 497 :0.998043 0.0165125 0.0603051 -0.018386 0.999361 0.030645 -0.0597605 -0.0316938 0.997709 ,0.0210378 -0.122794 -0.387973 
E 498 496 :0.995586 0.0384434 0.0856211 -0.0431218 0.997638 0.0534779 -0.083363 -0.056934 0.994892 ,0.0107188 -0.236962 -0.7843 
E 498 495 :0.998363 0.0292184 0.0491716 -0.0322419 0.997564 0.0618625 -0.0472443 -0.0633466 0.996873 ,-0.00437085 -0.439485 -1.41528 
E 498 494 :0.99329 0.045827 0.106185 -0.0525104 0.996754 0.0610231 -0.103044 -0.0661894 0.992472 ,-0.0236492 -0.543742 -1.89194 
E 498 493 :0.995616 0.0558997 0.0749983 -0.0632104 0.993084 0.0989375 -0.0689491 -0.103244 0.992263 ,-0.0695636 -0.720723 -2.41166 
E 498 492 :0.997114 0.0662646 0.0370474 -0.068416 0.99584 0.0601833 -0.0329053 -0.0625443 0.9975 ,-0.0755684 -0.791831 -2.66652 
E 498 491 :0.993501 0.0470776 0.103631 -0.0535355 0.996735 0.0604421 -0.100447 -0.0655972 0.992778 ,-0.0704507 -0.946246 -3.1717 
E 498 489 :0.999459 0.017799 0.0276491 -0.018552 0.999457 0.0272206 -0.0271496 -0.0277188 0.999247 ,-0.127862 -1.18289 -3.859 
E 498 490 :0.994853 0.038952 0.0935477 -0.04235 0.998503 0.0346166 -0.0920593 -0.0384002 0.995013 ,-0.0859607 -1.01973 -3.36366 
E 499 498 :0.998856 0.00724661 -0.0472645 -0.00910989 0.999185 -0.0393269 0.046941 0.0397125 0.998108 ,0.00877399 -0.11634 -0.523341 
E 499 497 :0.999593 0.0252336 0.0133019 -0.0251129 0.999643 -0.00916612 -0.0135285 0.00882834 0.99987 ,0.0472352 -0.223967 -0.914469 
E 499 496 :0.998075 0.0483199 0.0388877 -0.0488779 0.998713 0.0135283 -0.038184 -0.015403 0.999152 ,0.0548329 -0.322363 -1.31506 
E 499 495 :0.99922 0.039408 0.00244701 -0.0394526 0.998976 0.0221602 -0.00157122 -0.0222395 0.999751 ,0.068116 -0.499769 -1.9536 
E 499 494 :0.996643 0.0561261 0.059597 -0.057464 0.998127 0.0209752 -0.0583081 -0.0243294 0.998002 ,0.0706331 -0.585019 -2.43441 
E 499 493 :0.997278 0.067912 0.0287307 -0.0695173 0.995826 0.059151 -0.0245937 -0.0609872 0.997836 ,0.0480532 -0.740998 -2.96233 
E 499 492 :0.997033 0.0763614 -0.00970514 -0.0761498 0.996884 0.0205682 0.0112455 -0.0197681 0.999741 ,0.0535857 -0.801971 -3.21981 
E 495 494 :0.998225 0.0167419 0.0571549 -0.0168327 0.999858 0.00110723 -0.0571282 -0.00206733 0.998365 ,0.00663393 -0.0743709 -0.482564 
E 495 493 :0.999281 0.028667 0.0248068 -0.0295984 0.998838 0.0380312 -0.0236878 -0.0387382 0.998969 ,-0.00894501 -0.21934 -1.01387 
E 495 492 :0.999242 0.0370033 -0.0120799 -0.0370309 0.999312 -0.00206907 0.011995 0.00251483 0.999925 ,-0.000606774 -0.274306 -1.27262 
E 495 491 :0.998346 0.0179631 0.0546098 -0.0180136 0.999838 0.000433693 -0.0545931 -0.0014167 0.998508 ,0.0333477 -0.396194 -1.78552 
E 495 489 :0.999704 -0.0131449 -0.0204826 0.0124156 0.999298 -0.0353368 0.0209327 0.035072 0.999166 ,0.0161312 -0.590402 -2.48813 
E 495 490 :0.998939 0.00850887 0.0452698 -0.00734724 0.999641 -0.0257651 -0.0454728 0.0254051 0.998642 ,0.0293017 -0.457788 -1.98219 
E 495 488 :0.999302 -0.0117662 0.0354449 0.0124414 0.999744 -0.0188887 -0.0352136 0.0193165 0.999193 ,0.0685568 -0.719423 -3.01215 
E 495 487 :0.999295 -0.0160926 0.0339302 0.0159079 0.999857 0.00570656 -0.0340172 -0.00516278 0.999408 ,0.0722051 -0.895303 -3.66309 
E 500 499 :0.999966 0.00389422 -0.00720084 -0.00344112 0.998077 0.0618986 0.00742803 -0.0618718 0.998056 ,-0.0122337 -0.117978 -0.249834 
E 500 498 :0.998449 0.0108514 -0.0546033 -0.00962397 0.999696 0.0226929 0.0548329 -0.0221322 0.99825 ,-0.000144577 -0.266519 -0.764895 
E 500 497 :0.999559 0.029062 0.0060659 -0.0293417 0.998179 0.0526963 -0.0045234 -0.052851 0.998592 ,0.0407126 -0.398282 -1.14832 
E 500 496 :0.998126 0.0523184 0.0317443 -0.0545819 0.995672 0.0752146 -0.0276719 -0.0768063 0.996662 ,0.0508115 -0.52131 -1.54199 
E 500 495 :0.999044 0.043457 -0.00466582 -0.0429124 0.995542 0.0839924 0.00829508 -0.0837119 0.996455 ,0.0680013 -0.737945 -2.16821 
E 500 494 :0.996806 0.0601864 0.0524902 -0.0643922 0.994508 0.0825047 -0.0472363 -0.0856212 0.995207 ,0.0736485 -0.852801 -2.64279 
E 500 493 :0.997151 0.0722269 0.0217748 -0.0743376 0.989901 0.120703 -0.0128369 -0.121978 0.99245 ,0.0542636 -1.04108 -3.1602 
E 496 495 :0.999285 -0.00864656 -0.0368153 0.0089046 0.999937 0.00685075 0.0367538 -0.00717367 0.999299 ,0.0463108 -0.1667 -0.639882 
E 496 494 :0.99976 0.00816069 0.0203493 -0.00833418 0.99993 0.00845565 -0.0202789 -0.00862321 0.999757 ,0.0713487 -0.244313 -1.12133 
E 496 493 :0.999694 0.0214362 -0.0123171 -0.0208606 0.998765 0.0450934 0.0132685 -0.0448227 0.998907 ,0.0765946 -0.393052 -1.6518 
E 496 492 :0.998406 0.0282436 -0.0488659 -0.0280485 0.999596 0.00467373 0.0489781 -0.00329567 0.998794 ,0.0949283 -0.449713 -1.90967 
E 496 491 :0.999798 0.00935722 0.0178066 -0.00949662 0.999925 0.00776047 -0.0177326 -0.007928 0.999811 ,0.148795 -0.574804 -2.42008 
E 496 490 :0.999962 -0.00107597 0.00869482 0.00123685 0.999828 -0.0185189 -0.0086734 0.018529 0.999791 ,0.152525 -0.637778 -2.61633 
E 496 489 :0.998111 -0.0230672 -0.056947 0.0214602 0.999358 -0.0286719 0.0575718 0.0273956 0.997965 ,0.159137 -0.773967 -3.12144 
E 496 488 :0.999776 -0.0211133 -0.00120271 0.0210977 0.999709 -0.0117267 0.00144995 0.0116987 0.999931 ,0.231932 -0.906103 -3.64223 
E 506 505 :0.999811 -0.0170485 -0.00929975 0.0170251 0.999852 -0.00259361 0.00934259 0.00243479 0.999953 ,-0.00459427 -0.0527144 -0.193001 
E 506 504 :0.997559 0.0292219 0.0634188 -0.0307481 0.999257 0.0232238 -0.062693 -0.0251171 0.997717 ,0.00643643 -0.140177 -0.650158 
E 506 503 :0.997226 0.0180265 0.0722171 -0.0209544 0.99898 0.039993 -0.0714225 -0.0413953 0.996587 ,-0.0145495 -0.234505 -0.97363 
E 506 502 :0.999112 0.0258479 0.0332708 -0.026225 0.999596 0.0109481 -0.0329744 -0.0118109 0.999386 ,-0.0328894 -0.30055 -1.22111 
E 506 501 :0.999425 -0.000644334 -0.0339006 0.00058487 0.999998 -0.00176394 0.0339017 0.0017431 0.999424 ,-0.0384577 -0.37209 -1.6143 
E 506 499 :0.999912 0.00260622 0.0130357 -0.00247761 0.999948 -0.00987236 -0.0130607 0.00983919 0.999866 ,-0.0654175 -0.596971 -2.37145 
E 506 500 :0.999794 -3.27232e-05 0.0202765 0.00148758 0.997422 -0.0717402 -0.0202218 0.0717556 0.997217 ,-0.0481244 -0.497202 -2.1141 
E 506 497 :0.999263 0.0279517 0.0263108 -0.0274546 0.999441 -0.0190697 -0.0268292 0.0183333 0.999472 ,-0.0306909 -0.812016 -3.28862 
E 511 510 :0.999121 -0.00385558 -0.0417451 0.00335592 0.999922 -0.0120329 0.0417882 0.0118822 0.999056 ,-0.0153683 -0.0791405 -0.331888 
E 511 509 :0.999203 0.00595477 0.0394581 -0.00304083 0.99729 -0.0735016 -0.0397889 0.0733231 0.996514 ,-0.0203396 -0.146179 -0.647766 
E 511 508 :0.999144 0.0185868 0.0369586 -0.0150094 0.995381 -0.0948182 -0.0385503 0.0941823 0.994808 ,-0.0490037 -0.202037 -0.916416 
E 511 506 :0.999908 -0.0102956 -0.00887814 0.00974114 0.998128 -0.0603869 0.00948324 0.0602949 0.998136 ,-0.101885 -0.296489 -1.37123 
E 511 505 :0.999461 -0.0273627 -0.0181499 0.0261684 0.997666 -0.0630635 0.0198331 0.0625545 0.997844 ,-0.104223 -0.337494 -1.56709 
E 511 504 :0.99834 0.0191542 0.0543159 -0.0171873 0.999188 -0.0364509 -0.05497 0.0354569 0.997858 ,-0.0882339 -0.397079 -2.02857 
E 511 503 :0.997984 0.00810721 0.0629508 -0.00688809 0.999785 -0.0195592 -0.0630959 0.0190862 0.997825 ,-0.105375 -0.471901 -2.35732 
E 511 502 :0.999582 0.0156589 0.0242823 -0.0144522 0.998689 -0.0490981 -0.0250193 0.0487267 0.998499 ,-0.120836 -0.523057 -2.6085 
E 504 503 :0.999914 -0.010139 0.00833208 0.00999591 0.999805 0.0170422 -0.00850325 -0.0169574 0.99982 ,0.00224517 -0.0867467 -0.326255 
E 504 502 :0.999547 -0.00421042 -0.0298016 0.00381869 0.999906 -0.0131895 0.0298543 0.0130697 0.999469 ,0.00149624 -0.147062 -0.57587 
E 504 501 :0.994842 -0.0315001 -0.0964205 0.028938 0.999193 -0.0278559 0.0972202 0.024922 0.994951 ,0.0227912 -0.208836 -0.970172 
E 504 500 :0.998576 -0.0352 -0.0400857 0.0312103 0.994878 -0.0961416 0.0432646 0.0947536 0.99456 ,0.0483289 -0.321585 -1.47235 
E 504 499 :0.998366 -0.0287635 -0.0493772 0.0270716 0.999035 -0.0345979 0.0503247 0.0332046 0.998181 ,0.0502802 -0.415321 -1.73253 
E 504 497 :0.99935 -0.00399678 -0.0358269 0.00244004 0.999055 -0.0433905 0.0359665 0.0432749 0.998416 ,0.149034 -0.606154 -2.6504 
E 504 498 :0.995168 -0.0234662 -0.0953399 0.0163155 0.997042 -0.0751009 0.0968202 0.0731825 0.992608 ,0.0882273 -0.513204 -2.25834 
E 504 496 :0.999735 0.020275 -0.0109003 -0.0204901 0.99959 -0.0200005 0.0104904 0.0202186 0.999741 ,0.17923 -0.690389 -3.05315 
E 505 504 :0.996262 0.0459942 0.0731235 -0.0479031 0.99855 0.0245684 -0.0718874 -0.0279794 0.99702 ,0.00526853 -0.0887504 -0.457012 
E 505 503 :0.996014 0.0346441 0.0821951 -0.0381265 0.998424 0.0411823 -0.0806388 -0.044152 0.995765 ,-0.0203415 -0.183494 -0.780029 
E 505 502 :0.998169 0.0427509 0.0427878 -0.0433348 0.998978 0.0128126 -0.0421963 -0.0146433 0.999002 ,-0.0421145 -0.249819 -1.02716 
E 505 501 :0.999563 0.0163971 -0.0245871 -0.0163714 0.999865 0.00124767 0.0246042 -0.000844601 0.999697 ,-0.052573 -0.322211 -1.42009 
E 505 499 :0.999559 0.0197219 0.0222065 -0.0195561 0.999779 -0.00765867 -0.0223526 0.00722102 0.999724 ,-0.0904302 -0.548443 -2.17637 
E 505 500 :0.999442 0.0176189 0.0283678 -0.0156069 0.99745 -0.0696472 -0.0295226 0.0691656 0.997168 ,-0.0690374 -0.448357 -1.91945 
E 505 497 :0.998356 0.0451333 0.0353189 -0.0445518 0.998861 -0.0170819 -0.0360496 0.0154803 0.99923 ,-0.06794 -0.766281 -3.09326 
E 505 498 :0.999278 0.0278311 -0.0258548 -0.0290011 0.998519 -0.0460381 0.0245352 0.0467547 0.998605 ,-0.095576 -0.660921 -2.70061 
E 505 496 :0.995822 0.067653 0.061325 -0.0680931 0.997666 0.00511267 -0.060836 -0.00926712 0.998105 ,-0.071182 -0.861735 -3.49463 
E 505 495 :0.997966 0.0585984 0.0250839 -0.0589727 0.998155 0.0144507 -0.0241909 -0.0159006 0.999581 ,-0.0755833 -1.03447 -4.13457 
E 502 501 :0.997404 -0.0269262 -0.0667796 0.0260172 0.999557 -0.0144436 0.067139 0.0126687 0.997663 ,0.00927782 -0.0670114 -0.393912 
E 502 500 :0.999534 -0.0285562 -0.0107428 0.0275684 0.996171 -0.0829651 0.0130708 0.0826304 0.996495 ,0.0193813 -0.18642 -0.895094 
E 502 499 :0.999519 -0.0239442 -0.019687 0.0235232 0.999495 -0.0213408 0.020188 0.0208674 0.999578 ,0.0132062 -0.283556 -1.15396 
E 502 498 :0.99767 -0.0174633 -0.0659498 0.0133893 0.998004 -0.0617193 0.066896 0.0606925 0.995912 ,0.0350646 -0.388462 -1.67933 
E 502 497 :0.99998 0.00111206 -0.00616938 -0.00129781 0.999543 -0.0301866 0.00613299 0.030194 0.999525 ,0.0837845 -0.486783 -2.07176 
E 502 496 :0.999517 0.0246866 0.0188748 -0.0245604 0.999675 -0.00688644 -0.0190387 0.00641954 0.999798 ,0.101621 -0.576401 -2.47409 
E 502 495 :0.999716 0.0159072 -0.0177668 -0.0158943 0.999873 0.000871113 0.0177785 -0.000588475 0.999842 ,0.131716 -0.739778 -3.1158 
E 503 502 :0.999245 0.00567377 -0.0384296 -0.00682274 0.999532 -0.0298332 0.0382423 0.0300729 0.998816 ,0.000770765 -0.0560634 -0.250604 
E 503 501 :0.994219 -0.0217214 -0.105151 0.017197 0.998895 -0.0437447 0.105985 0.0416835 0.993494 ,0.0247993 -0.111355 -0.64571 
E 503 500 :0.998434 -0.026058 -0.0495003 0.020346 0.993434 -0.112582 0.0521089 0.111398 0.992409 ,0.0534778 -0.215824 -1.1495 
E 503 499 :0.998123 -0.0190571 -0.0582066 0.0160905 0.998568 -0.0510171 0.0590955 0.0499847 0.997 ,0.0567044 -0.30515 -1.41122 
E 503 497 :0.998983 0.00562205 -0.0447474 -0.00830277 0.998167 -0.0599494 0.0443283 0.0602599 0.997198 ,0.161347 -0.481383 -2.33135 
E 503 498 :0.994422 -0.0141201 -0.104523 0.00458044 0.995845 -0.0909516 0.105373 0.0899656 0.990355 ,0.0981409 -0.394483 -1.93829 
E 503 496 :0.999355 0.0300932 -0.0196004 -0.0308004 0.998846 -0.0368392 0.0184691 0.0374191 0.999129 ,0.194123 -0.559078 -2.73521 
E 503 495 :0.998188 0.0215909 -0.056172 -0.023238 0.999314 -0.0288365 0.0555109 0.0300896 0.998005 ,0.247929 -0.70344 -3.37992 
E 512 511 :0.999589 -0.00311947 -0.0284907 0.00358832 0.999859 0.0164199 0.0284354 -0.0165154 0.999459 ,-0.0123077 -0.00303267 -0.134398 
E 512 510 :0.997509 -0.00731176 -0.0701542 0.00762677 0.999962 0.00422344 0.0701206 -0.00474797 0.997527 ,-0.0179671 -0.0876667 -0.465236 
E 512 509 :0.999936 0.000752285 0.0112798 -0.000108268 0.998375 -0.0569869 -0.0113043 0.0569821 0.998311 ,-0.0137277 -0.1599 -0.779978 
E 512 508 :0.999879 0.0127908 0.00889647 -0.0120551 0.996854 -0.0783375 -0.00987048 0.0782207 0.996887 ,-0.0345517 -0.220264 -1.04837 
E 512 505 :0.998404 -0.0322459 -0.046375 0.0300767 0.998454 -0.0467351 0.0478103 0.0452657 0.99783 ,-0.0707873 -0.366585 -1.69803 
E 512 506 :0.999196 -0.0151229 -0.0371237 0.0134835 0.99894 -0.0440209 0.03775 0.043485 0.998341 ,-0.0741588 -0.32236 -1.50289 
E 512 504 :0.99955 0.0150192 0.0259777 -0.0145051 0.999697 -0.0198661 -0.0262682 0.0194804 0.999465 ,-0.0414714 -0.433681 -2.15782 
E 512 503 :0.999393 0.0044413 0.0345573 -0.00434206 0.999986 -0.00294637 -0.0345699 0.00279453 0.999398 ,-0.0490055 -0.513953 -2.48565 
E 512 502 :0.99993 0.0111488 -0.00402242 -0.0112741 0.999405 -0.0326088 0.00365648 0.0326519 0.99946 ,-0.0571444 -0.56928 -2.73628 
E 510 509 :0.996652 0.0123604 0.0808193 -0.00736588 0.998061 -0.0618072 -0.0814266 0.061005 0.994811 ,-0.0183919 -0.0707672 -0.314566 
E 510 508 :0.996604 0.0258466 0.0781792 -0.0193186 0.996351 -0.0831327 -0.0800427 0.0813401 0.993467 ,-0.0584446 -0.129702 -0.581093 
E 510 505 :0.999499 -0.0213765 0.0233526 0.0225485 0.998437 -0.051132 -0.022223 0.0516329 0.998419 ,-0.14126 -0.272668 -1.22722 
E 510 506 :0.999457 -0.00441734 0.0326373 0.00599784 0.998806 -0.0484879 -0.0323842 0.0486574 0.99829 ,-0.130602 -0.229347 -1.03213 
E 510 504 :0.995108 0.0239722 0.0958446 -0.0216883 0.999457 -0.0248008 -0.0963871 0.0226007 0.995087 ,-0.14477 -0.337793 -1.68821 
E 510 501 :0.999987 -0.00500443 -0.00125592 0.00493474 0.998716 -0.0504251 0.00150666 0.0504183 0.998727 ,-0.220082 -0.522949 -2.66053 
E 510 502 :0.99761 0.0210328 0.0658217 -0.0186023 0.99913 -0.0373236 -0.0665494 0.0360099 0.997133 ,-0.202 -0.470526 -2.26472 
E 510 503 :0.994447 0.0122529 0.104527 -0.0114851 0.999902 -0.00794405 -0.104614 0.00669943 0.99449 ,-0.175885 -0.41645 -2.01504 
E 519 517 :0.999792 -0.019963 -0.004271 0.0201414 0.998697 0.0468876 0.00332942 -0.0469638 0.998891 ,-0.017016 -0.15414 -0.505564 
E 519 516 :0.999891 -0.00326212 -0.0144288 0.00374585 0.999427 0.0336267 0.0143109 -0.0336771 0.99933 ,-0.0176287 -0.171696 -0.634803 
E 519 515 :0.999821 0.0143767 0.0123342 -0.0147482 0.999423 0.0305814 -0.0118875 -0.0307578 0.999456 ,-0.0120782 -0.291115 -0.948206 
E 519 514 :0.99934 0.0119953 0.0342971 -0.0130181 0.999472 0.0297564 -0.0339221 -0.0301832 0.998969 ,-0.0110436 -0.316183 -1.07184 
E 519 513 :0.997475 0.0223616 0.0674047 -0.0240363 0.99942 0.0241379 -0.0668258 -0.0256972 0.997434 ,-0.0429189 -0.404169 -1.46667 
E 519 512 :0.999575 0.00540709 0.0286403 -0.00717786 0.998045 0.0620906 -0.0282486 -0.0622698 0.99766 ,-0.0798209 -0.482515 -1.72209 
E 519 511 :0.999998 0.00181517 0.00023505 -0.00182804 0.996901 0.0786493 -9.15595e-05 -0.0786496 0.996902 ,-0.095989 -0.493798 -1.85564 
E 519 510 :0.999135 -0.00203775 -0.041532 0.0048057 0.997764 0.0666558 0.0413034 -0.0667977 0.996911 ,-0.111579 -0.598768 -2.18028 
E 519 509 :0.999187 0.00778225 0.0395588 -0.00798735 0.999955 0.00502926 -0.0395179 -0.00534114 0.999205 ,-0.116746 -0.690433 -2.4899 
E 519 508 :0.999106 0.0204157 0.0370203 -0.0198214 0.99967 -0.0163509 -0.0373419 0.0156024 0.999181 ,-0.145575 -0.767194 -2.75332 
E 529 528 :0.99966 0.0103614 0.0239091 -0.0101655 0.999914 -0.00830063 -0.023993 0.00805477 0.99968 ,0.003278 -0.0170099 -0.200806 
E 529 527 :0.999597 -0.0218053 -0.0181895 0.0217751 0.999761 -0.00185427 0.0182256 0.00145745 0.999833 ,-0.00709922 -0.149151 -0.605197 
E 529 526 :0.992616 -0.0604073 -0.105188 0.0550919 0.997088 -0.0527277 0.108067 0.0465434 0.993054 ,0.00430566 -0.21547 -0.997854 
E 529 525 :0.997637 -0.0651904 -0.0216902 0.0643263 0.99719 -0.0383989 0.0241324 0.0369129 0.999027 ,0.0811137 -0.321619 -1.4444 
E 529 522 :0.989894 -0.0369306 -0.136914 0.0302188 0.998253 -0.0507813 0.13855 0.0461308 0.989281 ,0.118357 -0.523397 -2.42218 
E 529 523 :0.997778 -0.0297825 -0.0595989 0.0252474 0.99683 -0.0754497 0.0616571 0.0737773 0.995367 ,0.103116 -0.483282 -2.08393 
E 529 521 :0.995801 -0.0279177 -0.0871802 0.0263727 0.999475 -0.0188241 0.0876599 0.0164459 0.996015 ,0.150032 -0.601846 -2.67304 
E 529 520 :0.998794 -0.0101108 -0.0480483 0.00805109 0.999048 -0.0428703 0.048436 0.0424318 0.997925 ,0.165728 -0.613841 -2.79396 
E 509 508 :0.999928 0.0117978 -0.00236477 -0.0118457 0.999701 -0.0213988 0.0021116 0.0214253 0.999768 ,-0.0177821 -0.0755755 -0.264739 
E 509 506 :0.998704 -0.0157216 -0.0484021 0.0163643 0.999783 0.0129102 0.0481887 -0.0136855 0.998744 ,-0.0522377 -0.203435 -0.713111 
E 509 505 :0.997796 -0.0328636 -0.0576468 0.0335032 0.999387 0.0101644 0.0572774 -0.0120733 0.998285 ,-0.0466556 -0.258705 -0.905369 
E 509 504 :0.999784 0.0146898 0.0146799 -0.0152264 0.999194 0.0371373 -0.0141225 -0.0373528 0.999202 ,-0.0121368 -0.351869 -1.36022 
E 509 503 :0.99972 0.00430116 0.0232578 -0.00555304 0.998524 0.0540322 -0.0229911 -0.0541462 0.998268 ,-0.0159558 -0.450696 -1.68301 
E 509 501 :0.99648 -0.0164495 -0.0822032 0.0173773 0.999793 0.0105844 0.0820121 -0.0119756 0.996559 ,-0.00666021 -0.596914 -2.32214 
E 509 502 :0.999826 0.0106708 -0.0153169 -0.0102952 0.999649 0.0243925 0.0155718 -0.0242305 0.999585 ,-0.0212549 -0.520222 -1.93016 
E 509 500 :0.999454 -0.0191869 -0.0268894 0.0175871 0.998131 -0.0585185 0.0279619 0.0580137 0.997924 ,0.00984383 -0.728609 -2.82007 
E 508 506 :0.99854 -0.0275926 -0.0464426 0.0291744 0.999005 0.0337336 0.0454656 -0.0350393 0.998351 ,-0.0338853 -0.137834 -0.44545 
E 508 505 :0.997448 -0.0447252 -0.055655 0.0464922 0.998442 0.0308697 0.0541877 -0.0333785 0.997973 ,-0.0280549 -0.197141 -0.636495 
E 508 504 :0.999863 0.00277369 0.0163488 -0.00372919 0.998268 0.0587075 -0.0161576 -0.0587604 0.998141 ,0.00660459 -0.299616 -1.08933 
E 508 503 :0.999665 -0.00764172 0.0247241 0.00575052 0.997116 0.0756786 -0.0252311 -0.0755111 0.996826 ,0.00327496 -0.405374 -1.40992 
E 508 502 :0.999908 -0.00122275 -0.013494 0.00183725 0.998957 0.0456208 0.0134241 -0.0456414 0.998868 ,-0.00172206 -0.480237 -1.65551 
E 508 501 :0.996375 -0.0283169 -0.0802183 0.0308855 0.999043 0.030963 0.0792648 -0.0333283 0.996296 ,0.0129523 -0.565132 -2.0458 
E 508 500 :0.999233 -0.0308866 -0.024087 0.0299723 0.998849 -0.0374374 0.0252156 0.0366868 0.999009 ,0.0299637 -0.707261 -2.54083 
E 508 499 :0.999127 -0.0254457 -0.0331474 0.0262561 0.999361 0.0242469 0.0325092 -0.025096 0.999156 ,0.0274011 -0.816117 -2.79505 
E 515 514 :0.999756 -0.00238847 0.0219769 0.0023999 0.999997 -0.000493756 -0.0219757 0.000546378 0.999758 ,0.00287384 -0.0212353 -0.124325 
E 515 513 :0.998445 0.00792338 0.0551796 -0.00762667 0.999955 -0.00558579 -0.0552214 0.00515627 0.998461 ,-0.0230046 -0.0974846 -0.522024 
E 515 512 :0.999837 -0.00857302 0.0158598 0.00806569 0.999462 0.0317807 -0.0161238 -0.0316476 0.999369 ,-0.0557083 -0.16846 -0.780156 
E 515 511 :0.999847 -0.0119527 -0.0127756 0.0125525 0.998771 0.0479448 0.0121868 -0.0480979 0.998768 ,-0.0701195 -0.175861 -0.914175 
E 515 510 :0.998394 -0.0159586 -0.0543584 0.0178967 0.999214 0.0353575 0.0537514 -0.0362735 0.997895 ,-0.0802994 -0.27101 -1.24203 
E 515 509 :0.999595 -0.0069032 0.0275996 0.0075977 0.999655 -0.0251383 -0.0274165 0.0253378 0.999303 ,-0.0804332 -0.353173 -1.55436 
E 515 508 :0.999663 0.00548321 0.0253771 -0.00429757 0.998907 -0.0465418 -0.0256046 0.0464171 0.998594 ,-0.104993 -0.422202 -1.82034 
E 515 506 :0.999517 -0.0229947 -0.0209067 0.0227351 0.999663 -0.0125687 0.0211887 0.0120873 0.999702 ,-0.150927 -0.539008 -2.2707 
E 515 505 :0.998742 -0.0400825 -0.0301414 0.0396328 0.999096 -0.0153723 0.0307303 0.0141584 0.999427 ,-0.150272 -0.589383 -2.46437 
E 514 513 :0.999396 0.0102079 0.0332109 -0.0100416 0.999936 -0.00517203 -0.0332616 0.00483542 0.999435 ,-0.0173154 -0.0764045 -0.398134 
E 514 512 :0.999967 -0.00547684 -0.00602957 0.00566877 0.999463 0.0322888 0.00584949 -0.0323219 0.99946 ,-0.0445088 -0.147443 -0.656888 
E 514 511 :0.999365 -0.00849585 -0.034606 0.010171 0.99877 0.0485209 0.0341512 -0.0488421 0.998222 ,-0.0559891 -0.154883 -0.791187 
E 514 510 :0.997012 -0.0127595 -0.0761897 0.0155414 0.99923 0.0360324 0.0756712 -0.0371088 0.996442 ,-0.05919 -0.250186 -1.11914 
E 514 509 :0.999972 -0.00505925 0.00557215 0.00519519 0.999682 -0.0246581 -0.00544563 0.0246864 0.99968 ,-0.0526573 -0.332519 -1.43136 
E 514 508 :0.999971 0.0068591 0.00331441 -0.00669921 0.998916 -0.0460567 -0.00362673 0.0460331 0.998933 ,-0.0715317 -0.401635 -1.69778 
E 514 505 :0.997917 -0.0379861 -0.052134 0.037264 0.999197 -0.0147542 0.0526526 0.0127807 0.998531 ,-0.103048 -0.569059 -2.34257 
E 514 506 :0.998862 -0.0208556 -0.0429009 0.0203593 0.999721 -0.0119725 0.0431387 0.0110855 0.999008 ,-0.107838 -0.518577 -2.14898 
E 514 504 :0.999754 0.00942607 0.0200593 -0.00967928 0.999874 0.0125633 -0.0199383 -0.0127544 0.99972 ,-0.0705929 -0.650799 -2.79977 
E 513 512 :0.999112 -0.0144346 -0.0395938 0.0159043 0.999187 0.037058 0.0390267 -0.0376548 0.998528 ,-0.017857 -0.0725623 -0.259143 
E 513 511 :0.997523 -0.0168954 -0.0682748 0.0205369 0.998384 0.0529914 0.0672691 -0.0542623 0.996258 ,-0.0247887 -0.0807687 -0.393709 
E 513 510 :0.993737 -0.0215514 -0.109649 0.0260838 0.998856 0.0400706 0.10866 -0.0426797 0.993162 ,-0.0161223 -0.177684 -0.721095 
E 513 509 :0.999497 -0.0159157 -0.0274345 0.0153762 0.999686 -0.0197658 0.0277405 0.019334 0.999428 ,0.00161788 -0.261455 -1.03249 
E 513 508 :0.999555 -0.00470687 -0.0294512 0.00349131 0.999145 -0.0411896 0.0296199 0.0410685 0.998717 ,-0.00768944 -0.332047 -1.29903 
E 513 506 :0.996619 -0.0312505 -0.0759834 0.0307629 0.999498 -0.00757907 0.0761821 0.00521597 0.99708 ,-0.0277918 -0.451534 -1.75057 
E 513 505 :0.995189 -0.0484218 -0.0851671 0.0477029 0.998807 -0.0104571 0.0855718 0.00634409 0.996312 ,-0.0160584 -0.5029 -1.94364 
E 513 504 :0.999911 -0.0001957 -0.0133313 0.000430356 0.999845 0.0176013 0.0133257 -0.0176055 0.999756 ,0.0324046 -0.586515 -2.39907 
E 521 520 :0.999058 0.0199988 0.0385009 -0.0190406 0.999504 -0.0250947 -0.0389836 0.0243379 0.998943 ,0.00471361 -0.0144152 -0.121577 
E 521 519 :0.997473 0.0259668 0.0661325 -0.0234403 0.998976 -0.0386972 -0.0670696 0.0370493 0.99706 ,-0.00187026 -0.0464413 -0.316828 
E 521 517 :0.998008 0.0029146 0.0630164 -0.00344345 0.99996 0.00828539 -0.0629898 -0.00848588 0.997978 ,-0.0562799 -0.18046 -0.825475 
E 521 516 :0.998407 0.0204709 0.052569 -0.0202495 0.999784 -0.00474082 -0.0526547 0.00366877 0.998606 ,-0.0658939 -0.192983 -0.954943 
E 521 515 :0.996125 0.0382581 0.0791937 -0.0377092 0.999253 -0.00841521 -0.0794565 0.00539627 0.996824 ,-0.0841844 -0.300282 -1.27222 
E 521 514 :0.994233 0.035922 0.101047 -0.0351169 0.999336 -0.0097353 -0.10133 0.00613068 0.994834 ,-0.0919799 -0.320564 -1.39649 
E 521 513 :0.989911 0.0465574 0.133824 -0.0448068 0.998866 -0.0160647 -0.13442 0.00990636 0.990875 ,-0.15217 -0.392434 -1.79129 
E 521 511 :0.997418 0.0224956 0.0682043 -0.0252629 0.998881 0.0399859 -0.0672285 -0.0416057 0.99687 ,-0.233157 -0.465675 -2.17887 
E 521 512 :0.994995 0.0271914 0.0961579 -0.0295077 0.999306 0.022749 -0.0954726 -0.0254726 0.995106 ,-0.207905 -0.459951 -2.04638 
E 516 515 :0.999486 0.0176786 0.0267505 -0.017601 0.99984 -0.00313511 -0.0268017 0.00266266 0.999637 ,0.000617555 -0.108815 -0.317289 
E 516 514 :0.998696 0.0153059 0.0487009 -0.0151282 0.999878 -0.00401484 -0.0487564 0.00327285 0.998805 ,-0.000211242 -0.129707 -0.441703 
E 516 513 :0.99632 0.0257351 0.0817618 -0.0250259 0.99964 -0.00968639 -0.0819817 0.00760458 0.996605 ,-0.038063 -0.204242 -0.838767 
E 516 512 :0.999035 0.00825389 0.0431472 -0.00948315 0.999553 0.0283634 -0.0428937 -0.0287452 0.998666 ,-0.0789098 -0.273821 -1.09612 
E 516 511 :0.999881 0.00442368 0.0147962 -0.00508602 0.998973 0.0450308 -0.0145818 -0.0451007 0.998876 ,-0.0970295 -0.280548 -1.22972 
E 516 510 :0.999635 0.000744019 -0.0270111 0.000152678 0.999449 0.0331801 0.027021 -0.0331721 0.999084 ,-0.117657 -0.374474 -1.55744 
E 516 509 :0.998482 0.0114507 0.0538728 -0.0099114 0.999537 -0.0287529 -0.0541772 0.0281753 0.998134 ,-0.127598 -0.455642 -1.86987 
E 516 508 :0.998388 0.0243813 0.0512541 -0.0218116 0.998505 -0.0501117 -0.0523993 0.048913 0.997428 ,-0.160481 -0.523395 -2.13528 
E 516 506 :0.999972 -0.00498689 0.00562436 0.00507262 0.99987 -0.0153329 -0.00554717 0.015361 0.999867 ,-0.220503 -0.637961 -2.58455 
E 517 516 :0.999805 0.0167563 -0.0104213 -0.0168919 0.999772 -0.0130615 0.0102001 0.013235 0.99986 ,-0.00139654 -0.0114516 -0.129916 
E 517 515 :0.999276 0.0344011 0.0162752 -0.0341301 0.999279 -0.016643 -0.016836 0.0160755 0.999729 ,0.000704139 -0.116108 -0.448595 
E 517 514 :0.998756 0.0320231 0.0382153 -0.0313579 0.999348 -0.0178824 -0.038763 0.0166618 0.99911 ,0.00082197 -0.135357 -0.573276 
E 517 513 :0.996561 0.0424011 0.0711977 -0.0407792 0.998878 -0.0240824 -0.0721389 0.0210962 0.997171 ,-0.0341335 -0.204049 -0.971657 
E 517 512 :0.999128 0.0253007 0.0332066 -0.0257964 0.999561 0.014584 -0.032823 -0.0154279 0.999342 ,-0.0734562 -0.269561 -1.23031 
E 517 511 :0.999753 0.021632 0.00513822 -0.0217843 0.999259 0.0317238 -0.00444817 -0.0318279 0.999483 ,-0.0902927 -0.274235 -1.36417 
E 517 510 :0.999161 0.0178367 -0.0368617 -0.0170861 0.999642 0.0205793 0.0372156 -0.0199322 0.999108 ,-0.109075 -0.36351 -1.6933 
E 517 509 :0.998686 0.0279034 0.0429787 -0.0260678 0.998748 -0.0426935 -0.0441162 0.041517 0.998163 ,-0.117118 -0.440411 -2.00686 
E 517 508 :0.998374 0.0405982 0.04001 -0.037987 0.997227 -0.063994 -0.042497 0.0623701 0.997148 ,-0.148364 -0.504126 -2.27346 
E 525 523 :0.998532 0.0361907 -0.0402909 -0.0375931 0.998694 -0.0346106 0.0389856 0.0360744 0.998588 ,-0.00388197 -0.186249 -0.63317 
E 525 522 :0.992843 0.0284838 -0.115983 -0.0292834 0.999558 -0.00519596 0.115784 0.00855515 0.993238 ,0.000579135 -0.239732 -0.969881 
E 525 521 :0.99726 0.0368377 -0.0641488 -0.0353823 0.999093 0.0236779 0.0649629 -0.0213433 0.997659 ,0.0210797 -0.329284 -1.21818 
E 525 520 :0.998121 0.0552021 -0.0266101 -0.0552954 0.998466 -0.00278131 0.0264157 0.00424749 0.999642 ,0.0330484 -0.346732 -1.33885 
E 525 519 :0.998179 0.0603189 0.000565547 -0.0603 0.998029 -0.0173938 -0.00161361 0.017328 0.999849 ,0.0378278 -0.383119 -1.53339 
E 525 517 :0.999188 0.0402872 -0.000870097 -0.0402436 0.998749 0.0296782 0.00206466 -0.0296191 0.999559 ,0.0112594 -0.527135 -2.04152 
E 525 516 :0.998304 0.0570092 -0.011809 -0.0568039 0.99824 0.0170483 0.0127602 -0.0163486 0.999785 ,0.00951569 -0.542372 -2.17105 
E 525 513 :0.994171 0.0825903 0.069302 -0.0829743 0.996548 0.00267671 -0.0688417 -0.00841139 0.997592 ,-0.0302214 -0.758392 -3.00678 
E 525 514 :0.996715 0.0722435 0.0365945 -0.0726626 0.997304 0.0102538 -0.0357551 -0.0128792 0.999278 ,0.00712638 -0.679369 -2.61054 
E 525 515 :0.997104 0.0746173 0.0147216 -0.0748016 0.997121 0.012393 -0.0137545 -0.0134583 0.999815 ,0.00767565 -0.656439 -2.48648 
E 520 519 :0.999595 0.00547693 0.027938 -0.00511278 0.999901 -0.013089 -0.0280069 0.0129409 0.999524 ,0.00164368 -0.0368939 -0.194494 
E 520 517 :0.99959 -0.0157972 0.0238946 0.0149842 0.999315 0.0338303 -0.0244126 -0.0334583 0.999142 ,-0.030334 -0.184314 -0.701335 
E 520 516 :0.999906 0.00127213 0.0136805 -0.00155406 0.999786 0.0206169 -0.0136514 -0.0206362 0.999694 ,-0.0346534 -0.200174 -0.830722 
E 520 515 :0.999002 0.0189853 0.0404195 -0.019703 0.999654 0.0174334 -0.0400746 -0.0182124 0.999031 ,-0.038515 -0.315508 -1.14568 
E 520 514 :0.997916 0.0166212 0.0623554 -0.0176822 0.999707 0.0165026 -0.0620629 -0.0175708 0.997918 ,-0.0410723 -0.33896 -1.26961 
E 520 513 :0.995072 0.0271083 0.0953759 -0.0282591 0.999543 0.0107355 -0.0950413 -0.0133778 0.995383 ,-0.0844474 -0.421606 -1.6645 
E 520 512 :0.998341 0.00913143 0.0568414 -0.011918 0.998734 0.0488796 -0.0563231 -0.049476 0.997186 ,-0.1289 -0.496412 -1.91978 
E 520 511 :0.99958 0.00507708 0.0285172 -0.00693944 0.997822 0.0655919 -0.0281221 -0.0657622 0.997439 ,-0.148854 -0.505864 -2.05295 
E 520 510 :0.99991 0.00156157 -0.0132984 -0.000843757 0.998551 0.0538129 0.0133632 -0.0537969 0.998462 ,-0.174082 -0.606494 -2.37835 
E 520 509 :0.997634 0.0131066 0.0674862 -0.0125779 0.999887 -0.00825212 -0.0675867 0.00738376 0.997686 ,-0.1884 -0.694071 -2.68888 
E 523 522 :0.997 -0.00880097 -0.0768954 0.0108634 0.999591 0.0264438 0.0766312 -0.0271998 0.996688 ,-0.00666179 -0.0653976 -0.334565 
E 523 521 :0.999659 -0.0016075 -0.0260504 0.003099 0.998351 0.0573153 0.0259153 -0.0573765 0.998016 ,0.0074953 -0.163049 -0.580236 
E 523 520 :0.999764 0.0177512 0.0125052 -0.0181475 0.999313 0.0323208 -0.0119229 -0.0325401 0.999399 ,0.0153976 -0.184394 -0.700623 
E 523 519 :0.998918 0.023387 0.0401983 -0.0241546 0.999533 0.0187184 -0.0397418 -0.0196691 0.999016 ,0.0139538 -0.227578 -0.893818 
E 523 517 :0.999315 0.00152723 0.0369839 -0.00395523 0.997834 0.0656665 -0.0368035 -0.0657677 0.997156 ,-0.0269714 -0.390698 -1.39518 
E 523 516 :0.999472 0.0187612 0.0265446 -0.02014 0.998409 0.0526653 -0.0255143 -0.0531721 0.998259 ,-0.0331893 -0.410651 -1.52392 
E 523 514 :0.99659 0.0341436 0.0751128 -0.0377857 0.998151 0.0476131 -0.0733482 -0.050289 0.996038 ,-0.0475587 -0.56341 -1.95795 
E 523 515 :0.997916 0.0364982 0.0532126 -0.0391141 0.998034 0.0489774 -0.0513203 -0.0509566 0.997381 ,-0.0430359 -0.536015 -1.83489 
E 523 513 :0.993147 0.0446778 0.107991 -0.0493696 0.997932 0.0411689 -0.105929 -0.0462182 0.993299 ,-0.0973288 -0.657975 -2.34939 
E 523 512 :0.99719 0.0262393 0.0701657 -0.0318476 0.996282 0.0800443 -0.0678046 -0.082054 0.994319 ,-0.146291 -0.740174 -2.60156 
E 522 521 :0.99868 0.00484594 0.0511296 -0.00640514 0.999518 0.0303753 -0.0509577 -0.0306627 0.99823 ,-0.00577224 -0.0910536 -0.248528 
E 522 520 :0.995654 0.0260603 0.089404 -0.0266147 0.999633 0.00501405 -0.0892405 -0.00737172 0.995983 ,-0.00735091 -0.109185 -0.369688 
E 522 519 :0.992614 0.0326678 0.116837 -0.0318552 0.999454 -0.00881613 -0.117061 0.00502915 0.993112 ,-0.0240643 -0.147084 -0.563275 
E 522 517 :0.993454 0.00732262 0.114 -0.0117475 0.999201 0.0381917 -0.113629 -0.0392809 0.992746 ,-0.105059 -0.29614 -1.06414 
E 522 516 :0.994299 0.0254764 0.103535 -0.0282341 0.999282 0.0252577 -0.102817 -0.028037 0.994305 ,-0.12134 -0.312528 -1.19251 
E 522 513 :0.981515 0.0518429 0.184232 -0.0552088 0.998388 0.0131841 -0.183252 -0.0231116 0.982794 ,-0.251231 -0.536734 -2.01686 
E 522 515 :0.990565 0.0433258 0.130016 -0.0464849 0.998691 0.0213604 -0.12892 -0.0272026 0.991282 ,-0.156349 -0.429296 -1.505 
E 522 514 :0.98757 0.0410308 0.151732 -0.0445461 0.99881 0.0198406 -0.150738 -0.026353 0.988222 ,-0.170586 -0.453293 -1.62803 
E 522 512 :0.988657 0.0306957 0.147021 -0.0387666 0.997876 0.0523488 -0.145102 -0.0574545 0.987747 ,-0.320263 -0.61161 -2.26659 
E 522 511 :0.992542 0.0251792 0.119278 -0.0336814 0.996992 0.06981 -0.117161 -0.0733068 0.990404 ,-0.352283 -0.621195 -2.39738 
E 522 510 :0.996738 0.0227677 0.0774283 -0.0273887 0.997873 0.0591535 -0.0759168 -0.0610812 0.995242 ,-0.409116 -0.722749 -2.71848 
E 532 531 :0.996085 0.0111337 -0.0876925 -0.00895594 0.999643 0.0251889 0.0879416 -0.0243049 0.995829 ,0.00810666 -0.1136 -0.44164 
E 532 530 :0.98956 -0.00388961 -0.144072 0.00320165 0.999982 -0.00500666 0.144089 0.00449312 0.989555 ,0.0259011 -0.143691 -0.636663 
E 532 529 :0.992181 -0.0280245 -0.121619 0.029149 0.999547 0.00747609 0.121354 -0.0109627 0.992549 ,0.0922066 -0.252996 -1.01412 
E 532 528 :0.995047 -0.0187214 -0.0976248 0.0187988 0.999823 -0.00012625 0.0976099 -0.00170961 0.995223 ,0.120357 -0.271404 -1.21284 
E 532 527 :0.988954 -0.0498299 -0.139594 0.0510387 0.998684 0.0050912 0.139156 -0.0121596 0.990196 ,0.162946 -0.40681 -1.61403 
E 532 525 :0.985099 -0.0971158 -0.141945 0.0935577 0.995114 -0.0315449 0.144315 0.0177948 0.989372 ,0.357366 -0.582903 -2.43439 
E 532 526 :0.970168 -0.0935385 -0.223662 0.0848086 0.995224 -0.0483458 0.227116 0.0279351 0.973467 ,0.223875 -0.475703 -2.00165 
E 526 525 :0.996422 -0.00578285 0.0843162 0.0049976 0.999942 0.0095213 -0.0843664 -0.00906586 0.996394 ,0.0221358 -0.131264 -0.44593 
E 526 523 :0.998464 0.0333276 0.0442507 -0.0322295 0.99916 -0.025302 -0.0450568 0.023837 0.9987 ,-0.0340418 -0.32355 -1.0748 
E 526 522 :0.999222 0.0233229 -0.0317919 -0.0232175 0.999724 0.00368162 0.0318689 -0.00294063 0.999488 ,-0.0576776 -0.380213 -1.41019 
E 526 521 :0.999374 0.0291287 0.0200627 -0.0297778 0.999016 0.0328549 -0.0190859 -0.0334318 0.999259 ,-0.0576678 -0.472022 -1.65851 
E 526 520 :0.997097 0.0495888 0.0577873 -0.0500525 0.998725 0.00660376 -0.0573861 -0.00947698 0.998307 ,-0.0558162 -0.490558 -1.7796 
E 526 519 :0.99482 0.0557927 0.0849676 -0.0553234 0.998437 -0.0078701 -0.0852739 0.00312864 0.996353 ,-0.0672461 -0.528772 -1.97351 
E 526 516 :0.996137 0.0496541 0.0724327 -0.05169 0.998311 0.0265076 -0.0709942 -0.0301492 0.997021 ,-0.148301 -0.694228 -2.60503 
E 526 517 :0.99602 0.03187 0.0832405 -0.0352281 0.998611 0.0391892 -0.0818759 -0.0419657 0.995759 ,-0.13573 -0.67775 -2.47626 
E 526 513 :0.98529 0.0758227 0.153152 -0.0786565 0.996823 0.0125213 -0.151716 -0.0243835 0.988123 ,-0.257112 -0.918391 -3.43244 
E 527 526 :0.995385 -0.037823 -0.0881947 0.033592 0.998235 -0.0489742 0.0898914 0.0457855 0.994899 ,0.00279974 -0.0671247 -0.392676 
E 527 525 :0.999075 -0.0427774 -0.00430965 0.0425924 0.998427 -0.0364607 0.00586257 0.0362434 0.999326 ,0.0691268 -0.175574 -0.840351 
E 527 523 :0.999049 -0.00671973 -0.0430766 0.00357445 0.997349 -0.0726814 0.0434508 0.0724583 0.996425 ,0.0759444 -0.33861 -1.47987 
E 527 522 :0.992678 -0.0143379 -0.119934 0.00882863 0.998887 -0.0463419 0.120465 0.0449438 0.9917 ,0.0841403 -0.379541 -1.81826 
E 527 521 :0.997572 -0.00584304 -0.0694019 0.00478045 0.999869 -0.015467 0.0694832 0.0150977 0.997469 ,0.109523 -0.459027 -2.06952 
E 527 520 :0.999449 0.012421 -0.0307746 -0.0136592 0.999092 -0.040358 0.0302454 0.0407561 0.998711 ,0.122747 -0.471538 -2.19068 
E 528 527 :0.998599 -0.0319959 -0.0421535 0.0322773 0.999461 0.00601084 0.0419385 -0.00736301 0.999093 ,0.000672133 -0.135494 -0.403412 
E 528 526 :0.989126 -0.0716394 -0.128443 0.0662425 0.996751 -0.0458143 0.131307 0.0368077 0.990658 ,0.0221684 -0.204853 -0.795121 
E 528 525 :0.996065 -0.0761908 -0.0452621 0.0748521 0.996726 -0.0305734 0.0474434 0.0270651 0.998507 ,0.110743 -0.313794 -1.23881 
E 528 522 :0.985927 -0.0481726 -0.160087 0.0415889 0.998155 -0.0442271 0.161922 0.0369469 0.986112 ,0.173485 -0.523044 -2.2137 
E 528 523 :0.995703 -0.0416758 -0.0826936 0.0360803 0.99703 -0.0680433 0.0852837 0.0647673 0.994249 ,0.149726 -0.480365 -1.87626 
E 528 520 :0.997211 -0.0212813 -0.0715394 0.0187894 0.999199 -0.0353264 0.0722339 0.0338837 0.996812 ,0.230679 -0.615983 -2.58348 
E 528 521 :0.993092 -0.038463 -0.110857 0.0373944 0.999232 -0.0117031 0.111222 0.00747687 0.993767 ,0.211966 -0.603178 -2.46308 
E 531 530 :0.998329 -0.012435 -0.0564403 0.0107159 0.999472 -0.03066 0.0567917 0.0300039 0.997935 ,0.000843628 -0.0251423 -0.196528 
E 531 529 :0.998708 -0.0378308 -0.0339231 0.0372358 0.999144 -0.0180045 0.0345751 0.0167181 0.999262 ,0.0346746 -0.124495 -0.580975 
E 531 528 :0.999568 -0.0277528 -0.00971996 0.0274983 0.999299 -0.025402 0.0104181 0.0251237 0.99963 ,0.0454038 -0.137753 -0.781804 
E 531 527 :0.996863 -0.0596483 -0.0520133 0.0586491 0.998068 -0.0205315 0.0531374 0.0174165 0.998435 ,0.0537571 -0.262886 -1.18846 
E 531 526 :0.985584 -0.0996288 -0.136745 0.0900599 0.993148 -0.0744788 0.143228 0.0610899 0.987802 ,0.0809764 -0.321655 -1.58155 
E 531 525 :0.993096 -0.104083 -0.0540995 0.100985 0.993245 -0.0571606 0.0596835 0.0513028 0.996898 ,0.176849 -0.416813 -2.02689 
E 535 533 :0.998666 -0.0227146 0.0463686 0.0200199 0.998129 0.0577751 -0.0475941 -0.0567697 0.997252 ,0.0140918 -0.107024 -0.314635 
E 535 532 :0.991499 -0.0167185 0.129035 0.0132097 0.999521 0.0280013 -0.129441 -0.0260588 0.991245 ,0.0066736 -0.174062 -0.689001 
E 535 531 :0.999115 -0.00880964 0.0411285 0.00666878 0.99863 0.051903 -0.0415294 -0.0515828 0.997805 ,-0.0403764 -0.299868 -1.12486 
E 535 530 :0.999686 -0.019995 -0.0150766 0.0203065 0.999577 0.0208014 0.0146544 -0.021101 0.99967 ,-0.047395 -0.33517 -1.3197 
E 535 529 :0.998918 -0.0459118 0.00736373 0.0456395 0.998391 0.0336586 -0.00889721 -0.0332862 0.999406 ,-0.0285304 -0.454115 -1.69958 
E 535 528 :0.998869 -0.0354984 0.0316257 0.0346673 0.999049 0.0264518 -0.0325346 -0.0253255 0.99915 ,-0.0259537 -0.477707 -1.89973 
E 535 527 :0.99765 -0.0676718 -0.0107222 0.0679746 0.997206 0.0309716 0.00859638 -0.0316276 0.999463 ,-0.0332307 -0.62372 -2.29939 
E 535 526 :0.989809 -0.105777 -0.0953408 0.103943 0.994293 -0.0240188 0.0973374 0.013864 0.995155 ,-0.0216847 -0.702629 -2.68971 
E 535 525 :0.993782 -0.110631 -0.0125472 0.110567 0.993852 -0.0057011 0.0131008 0.00427835 0.999905 ,0.0566255 -0.820132 -3.13314 
E 530 529 :0.999401 -0.0261114 0.0226906 0.0258345 0.999589 0.0124087 -0.0230052 -0.011815 0.999666 ,0.0108763 -0.111256 -0.382517 
E 530 528 :0.998783 -0.0155711 0.0467948 0.0153667 0.999871 0.00472513 -0.0468623 -0.0040003 0.998893 ,0.0100401 -0.130666 -0.583131 
E 530 527 :0.998843 -0.0478643 0.00455652 0.0478164 0.998805 0.0100831 -0.0050337 -0.00985361 0.999939 ,-0.0060564 -0.268039 -0.985586 
E 530 526 :0.993035 -0.0853504 -0.0812153 0.082054 0.995695 -0.0431011 0.0845444 0.0361369 0.995764 ,-0.00183626 -0.338909 -1.37759 
E 530 525 :0.995908 -0.0903518 0.00199395 0.0903728 0.995554 -0.0265469 0.00041347 0.0266184 0.999646 ,0.0675651 -0.448571 -1.8245 
E 530 522 :0.991657 -0.0619275 -0.113058 0.0574991 0.997461 -0.0420219 0.115374 0.0351705 0.992699 ,0.0878681 -0.661437 -2.80042 
E 530 521 :0.996506 -0.0536255 -0.0640364 0.0531757 0.998547 -0.00870944 0.0644104 0.00527383 0.99791 ,0.115881 -0.742148 -3.051 
E 530 523 :0.997921 -0.0541192 -0.0350077 0.0517793 0.996567 -0.0646073 0.038384 0.0626602 0.997297 ,0.0792644 -0.617534 -2.46241 
E 539 538 :0.999723 -0.016715 0.0165756 0.0167044 0.99986 0.000779228 -0.0165863 -0.000502127 0.999862 ,0.0177806 -0.0561553 -0.187185 
E 539 537 :0.9986 0.00075946 0.0528972 -0.00139505 0.999927 0.0119797 -0.0528843 -0.0120368 0.998528 ,0.0322685 -0.13593 -0.579341 
E 539 535 :0.998078 0.0273949 -0.0555835 -0.0261406 0.99939 0.0231679 0.0561843 -0.0216704 0.998185 ,0.0321627 -0.281964 -1.15798 
E 539 533 :0.999941 0.00782812 -0.00756862 -0.00720078 0.996798 0.079632 0.00816775 -0.0795728 0.996796 ,0.0607841 -0.39658 -1.46893 
E 539 532 :0.99715 0.0121438 0.0744571 -0.0157157 0.998744 0.0475762 -0.0737858 -0.0486108 0.996089 ,0.0723522 -0.472057 -1.84158 
E 539 531 :0.999686 0.0214318 -0.0129902 -0.0204149 0.997056 0.0739132 0.014536 -0.0736248 0.99718 ,0.046173 -0.606654 -2.27657 
E 539 530 :0.997507 0.00859958 -0.070043 -0.00549878 0.999001 0.0443431 0.0703544 -0.0438474 0.996558 ,0.0490304 -0.646265 -2.47068 
E 539 529 :0.998743 -0.0166226 -0.0472789 0.0192931 0.998211 0.0565998 0.0462534 -0.0574408 0.997277 ,0.0857155 -0.774432 -2.84624 
E 539 528 :0.999708 -0.00665366 -0.0232467 0.00778126 0.99878 0.0487571 0.022894 -0.0489238 0.99854 ,0.098766 -0.802714 -3.04537 
E 533 532 :0.996602 0.00455428 0.0822459 -0.00198823 0.999509 -0.0312548 -0.0823479 0.030985 0.996122 ,0.00906721 -0.045492 -0.377554 
E 533 531 :0.999892 0.0136496 -0.00537695 -0.0136806 0.99989 -0.00577348 0.00529755 0.00584642 0.999969 ,-0.0196942 -0.145249 -0.821669 
E 533 530 :0.998062 0.00104735 -0.0622185 -0.00327086 0.999359 -0.035646 0.0621413 0.0357805 0.997426 ,-0.0181371 -0.169266 -1.01833 
E 533 528 :0.999779 -0.0142449 -0.0154406 0.0137605 0.999423 -0.0310376 0.0158738 0.0308182 0.999399 ,0.0280282 -0.279095 -1.60401 
E 533 529 :0.998923 -0.0242787 -0.0395381 0.0233691 0.999455 -0.0233076 0.0400825 0.0223586 0.998946 ,0.0164013 -0.266851 -1.40317 
E 533 527 :0.997271 -0.0461123 -0.0576565 0.0446981 0.998673 -0.0255821 0.0587596 0.0229351 0.998009 ,0.0368592 -0.40198 -2.01135 
E 533 526 :0.985937 -0.0863906 -0.143058 0.0757397 0.994048 -0.0783029 0.148971 0.0663665 0.986612 ,0.0653869 -0.458845 -2.40462 
E 533 525 :0.994047 -0.0907901 -0.0602342 0.0870427 0.994263 -0.0621698 0.065533 0.0565567 0.996246 ,0.162345 -0.552734 -2.84999 
E 548 547 :0.999034 -0.0105939 -0.0426426 0.0109435 0.999908 0.00797353 0.0425542 -0.00843249 0.999059 ,0.0617484 -0.11772 -0.516489 
E 548 546 :0.999302 -0.0128757 0.0350763 0.0138025 0.999559 -0.0263098 -0.0347221 0.0267755 0.999038 ,0.113064 -0.190276 -0.89691 
E 548 545 :0.999638 0.0130403 0.0235236 -0.0123041 0.999438 -0.0311769 -0.023917 0.0308762 0.999237 ,0.136622 -0.349942 -1.33132 
E 548 544 :0.999632 -0.021507 0.0165491 0.0221688 0.998917 -0.0409047 -0.0156515 0.0412565 0.999026 ,0.147944 -0.375727 -1.5186 
E 548 543 :0.998373 -0.0254289 0.0510318 0.0267252 0.999333 -0.0248817 -0.0503651 0.0262051 0.998387 ,0.213942 -0.500607 -1.95895 
E 548 542 :0.996413 0.000383086 0.08462 0.00330886 0.999049 -0.0434852 -0.0845562 0.0436092 0.995464 ,0.241992 -0.518093 -2.14841 
E 548 541 :0.997415 -0.00807038 0.0713986 0.0109604 0.999132 -0.0401781 -0.0710124 0.0408568 0.996638 ,0.252283 -0.602248 -2.40448 
E 548 540 :0.999566 0.0011872 0.0294447 0.000267644 0.998781 -0.0493562 -0.0294674 0.0493427 0.998347 ,0.265098 -0.690185 -2.76909 
E 548 539 :0.999825 -0.00285005 -0.0184804 0.00247256 0.999788 -0.0204171 0.0185346 0.0203678 0.999621 ,0.301268 -0.768553 -3.08547 
E 548 538 :0.999807 -0.0195525 -0.00190738 0.0195114 0.999618 -0.0195943 0.00228976 0.0195533 0.999806 ,0.322665 -0.820831 -3.2734 
E 548 537 :0.999406 -0.00186807 0.0344007 0.00215409 0.999963 -0.00827906 -0.0343839 0.00834825 0.999374 ,0.344625 -0.892546 -3.66676 
E 544 543 :0.999386 -0.00367566 0.0348352 0.00314634 0.999879 0.0152377 -0.034887 -0.0151187 0.999277 ,0.070097 -0.144331 -0.433714 
E 544 542 :0.997443 0.0218481 0.0680443 -0.021613 0.999758 -0.00418864 -0.0681194 0.00270728 0.997674 ,0.100714 -0.170218 -0.621817 
E 544 541 :0.998402 0.0134427 0.0548828 -0.0134326 0.99991 -0.000552333 -0.0548852 -0.000185768 0.998493 ,0.113144 -0.265068 -0.874021 
E 544 540 :0.999665 0.0225562 0.0127141 -0.022446 0.99971 -0.00874769 -0.0129077 0.00845938 0.999881 ,0.129711 -0.368228 -1.23447 
E 544 539 :0.999222 0.0189963 -0.0345717 -0.0182687 0.999607 0.0212433 0.0349617 -0.0205952 0.999176 ,0.169083 -0.460342 -1.54674 
E 544 538 :0.999836 0.00230898 -0.0179895 -0.00191807 0.999762 0.0217165 0.0180354 -0.0216784 0.999602 ,0.192254 -0.520776 -1.73199 
E 544 537 :0.999624 0.0201699 0.0185628 -0.020761 0.999265 0.0322207 -0.0178992 -0.032594 0.999308 ,0.218773 -0.609115 -2.12167 
E 544 535 :0.994862 0.0471075 -0.0896091 -0.0431704 0.998037 0.045379 0.0915709 -0.0412774 0.994943 ,0.235897 -0.767382 -2.69683 
E 544 533 :0.998743 0.0295085 -0.0405109 -0.025292 0.994574 0.100914 0.0432689 -0.0997628 0.99407 ,0.273069 -0.889082 -3.00417 
E 544 532 :0.998627 0.0327873 0.0408664 -0.0354936 0.997097 0.0673576 -0.0385393 -0.0687156 0.996892 ,0.296078 -0.972657 -3.37455 
E 543 542 :0.999139 0.0248858 0.0331836 -0.0242468 0.999515 -0.0195218 -0.0336533 0.0187004 0.999259 ,0.0370795 -0.0231531 -0.187295 
E 543 541 :0.999662 0.016587 0.0200129 -0.016271 0.999742 -0.0158499 -0.0202707 0.0155189 0.999674 ,0.0580016 -0.114224 -0.440328 
E 543 540 :0.999431 0.0253927 -0.0222041 -0.0259226 0.999378 -0.0239103 0.0215831 0.0244723 0.999467 ,0.0868093 -0.211982 -0.801512 
E 543 539 :0.997331 0.0228483 -0.0693419 -0.0224678 0.999728 0.00626156 0.0694661 -0.00468689 0.997573 ,0.136761 -0.299509 -1.11359 
E 543 538 :0.998587 0.00620945 -0.0527832 -0.00586557 0.999961 0.0066673 0.0528226 -0.00634828 0.998584 ,0.166191 -0.357221 -1.29882 
E 543 537 :0.99957 0.0244387 -0.0162101 -0.0241622 0.999563 0.0170403 0.0166194 -0.0166413 0.999723 ,0.20601 -0.439755 -1.68864 
E 543 535 :0.990921 0.0516588 -0.124122 -0.0482064 0.998367 0.0306607 0.125503 -0.0243988 0.991793 ,0.242692 -0.58937 -2.2652 
E 543 533 :0.996541 0.0361001 -0.0748487 -0.0296142 0.995853 0.0860219 0.0776437 -0.0835078 0.993478 ,0.29018 -0.706545 -2.57287 
E 543 532 :0.999247 0.0383017 0.00627472 -0.0385772 0.997895 0.0521275 -0.00426494 -0.0523303 0.998621 ,0.325833 -0.784595 -2.94346 
E 537 535 :0.993746 0.0271083 -0.108326 -0.026057 0.999599 0.0111091 0.108584 -0.00821697 0.994053 ,0.030699 -0.139059 -0.579541 
E 537 533 :0.998119 0.0106347 -0.0603839 -0.00653916 0.99769 0.0676223 0.0609635 -0.0671002 0.995882 ,0.0758847 -0.249902 -0.889896 
E 537 532 :0.999678 0.0133042 0.021609 -0.0140691 0.999266 0.0356397 -0.021119 -0.0359322 0.999131 ,0.107249 -0.320879 -1.26229 
E 537 531 :0.997546 0.0239044 -0.0658103 -0.0198292 0.997886 0.0618952 0.0671507 -0.0604383 0.995911 ,0.104298 -0.45025 -1.69964 
E 537 530 :0.992397 0.00951272 -0.122709 -0.00558765 0.999463 0.0322914 0.12295 -0.0313602 0.991917 ,0.117473 -0.48752 -1.89378 
E 537 528 :0.997086 -0.0054504 -0.0760892 0.00826437 0.999292 0.0367168 0.0758352 -0.0372386 0.996425 ,0.197749 -0.637002 -2.46687 
E 537 529 :0.994872 -0.0149542 -0.100032 0.0194935 0.998817 0.0445558 0.0992472 -0.0462772 0.993986 ,0.174146 -0.611129 -2.26838 
E 538 537 :0.999177 0.0176621 0.0365208 -0.0180599 0.999781 0.0105925 -0.0363257 -0.0112433 0.999277 ,0.0196556 -0.0798086 -0.391925 
E 538 535 :0.996433 0.0444409 -0.0717373 -0.0428481 0.998803 0.0235925 0.0726999 -0.0204346 0.997144 ,0.026708 -0.22553 -0.970598 
E 538 533 :0.999408 0.0257967 -0.0227694 -0.0239179 0.996568 0.0792469 0.0247356 -0.0786553 0.996595 ,0.0585643 -0.340453 -1.28112 
E 538 532 :0.997835 0.0296301 0.0587098 -0.0323439 0.998426 0.0458249 -0.0572596 -0.0476246 0.997223 ,0.0750493 -0.415925 -1.65359 
E 538 531 :0.998827 0.0393022 -0.0282914 -0.0371292 0.996595 0.0736193 0.0310885 -0.0724825 0.996885 ,0.0538438 -0.549847 -2.08906 
E 538 530 :0.995972 0.0260122 -0.085812 -0.0222067 0.99874 0.0450073 0.0868746 -0.0429204 0.995294 ,0.0592584 -0.589403 -2.28312 
E 538 529 :0.998022 0.00100922 -0.0628614 0.00257315 0.998378 0.0568814 0.0628168 -0.0569306 0.9964 ,0.100021 -0.717977 -2.65812 
E 541 540 :0.999078 0.0086272 -0.0420674 -0.00900341 0.999921 -0.00876173 0.0419885 0.0091324 0.999076 ,0.0377101 -0.102861 -0.35894 
E 541 539 :0.995952 0.006669 -0.0896419 -0.00484129 0.999776 0.0205911 0.0897591 -0.0200737 0.995761 ,0.0953946 -0.194379 -0.668525 
E 541 538 :0.997274 -0.0099343 -0.0731159 0.0115192 0.999707 0.021287 0.072883 -0.0220712 0.997096 ,0.129508 -0.254462 -0.852193 
E 541 537 :0.999288 0.0085039 -0.036747 -0.00731819 0.999452 0.0322817 0.0370013 -0.0319898 0.998803 ,0.178559 -0.342364 -1.23979 
E 541 535 :0.988827 0.0358915 -0.144683 -0.0298099 0.998587 0.0439855 0.146058 -0.0391811 0.9885 ,0.22935 -0.50028 -1.81305 
E 541 533 :0.995112 0.0215771 -0.0963615 -0.011872 0.994899 0.100176 0.0980315 -0.0985423 0.990293 ,0.284966 -0.621412 -2.11781 
E 541 532 :0.999623 0.0231128 -0.0148183 -0.022059 0.997461 0.0677157 0.0163458 -0.0673633 0.997595 ,0.329389 -0.704602 -2.48633 
E 541 531 :0.9942 0.0345943 -0.101834 -0.0249508 0.995213 0.0944926 0.104615 -0.0914037 0.990304 ,0.341411 -0.847998 -2.91912 
E 540 539 :0.998845 -0.00318141 -0.047934 0.00457109 0.999572 0.0289098 0.0478215 -0.0290955 0.998432 ,0.0454563 -0.093841 -0.310923 
E 540 538 :0.999311 -0.0198526 -0.0313735 0.0207876 0.999341 0.0297605 0.030762 -0.0303921 0.999065 ,0.0723676 -0.155302 -0.49533 
E 540 537 :0.999986 -0.00184563 0.00493454 0.00164136 0.999154 0.0410836 -0.00500619 -0.041075 0.999144 ,0.10589 -0.246314 -0.883858 
E 540 535 :0.994316 0.0252225 -0.10344 -0.0199429 0.99846 0.0517612 0.104586 -0.0494041 0.993288 ,0.133986 -0.409014 -1.45734 
E 540 533 :0.998418 0.0084621 -0.0555937 -0.00239075 0.994107 0.10838 0.0561831 -0.108076 0.992554 ,0.177844 -0.53244 -1.76311 
E 540 532 :0.999586 0.0112825 0.0264732 -0.013284 0.996966 0.0766929 -0.0255276 -0.0770128 0.996703 ,0.207501 -0.618605 -2.13242 
E 540 531 :0.9979 0.0217641 -0.0610092 -0.0154163 0.994598 0.10265 0.0629137 -0.101494 0.992845 ,0.202631 -0.765839 -2.56407 
E 540 530 :0.993 0.0075132 -0.117872 0.0010972 0.997345 0.0728142 0.118106 -0.0724339 0.990356 ,0.214916 -0.811032 -2.75658 
E 552 551 :0.998532 0.0167566 -0.0514985 -0.0167957 0.999859 -0.000327582 0.0514857 0.00119206 0.998673 ,0.00648048 -0.00215634 -0.256053 
E 552 550 :0.999643 -0.00369856 -0.0264448 0.00394246 0.99995 0.0091771 0.0264095 -0.00927808 0.999608 ,0.0591339 -0.119503 -0.693635 
E 552 549 :0.999448 0.0157831 0.0292498 -0.0141028 0.998287 -0.0567859 -0.0300959 0.056342 0.997958 ,0.105668 -0.198859 -1.13624 
E 552 548 :0.999617 0.0113715 0.0252429 -0.00997403 0.998447 -0.0548108 -0.025827 0.054538 0.998178 ,0.109852 -0.273102 -1.38464 
E 552 547 :0.99985 0.000567688 -0.0173164 -0.00137029 0.998923 -0.0463727 0.0172714 0.0463895 0.998774 ,0.157201 -0.362946 -1.90821 
E 552 546 :0.998199 -0.000828415 0.0599823 0.00571712 0.996667 -0.0813768 -0.059715 0.0815732 0.994877 ,0.198069 -0.41505 -2.29322 
E 552 544 :0.999106 -0.00909816 0.041296 0.0130219 0.995319 -0.0957636 -0.0402314 0.0962157 0.994547 ,0.215134 -0.566486 -2.92479 
E 552 545 :0.998511 0.0251798 0.0483837 -0.0209445 0.996064 -0.0861321 -0.0503621 0.0849905 0.995108 ,0.208836 -0.550893 -2.73615 
E 552 543 :0.997023 -0.0133938 0.0759315 0.0194864 0.996598 -0.0800744 -0.0746007 0.0813157 0.993893 ,0.26857 -0.667694 -3.37285 
E 552 542 :0.993934 0.0128444 0.109221 -0.00199995 0.995103 -0.0988238 -0.109956 0.0980059 0.989093 ,0.291628 -0.675048 -3.56365 
E 552 541 :0.995365 0.00432564 0.0960724 0.00488734 0.995422 -0.0954543 -0.0960455 0.0954814 0.990787 ,0.294494 -0.74514 -3.8241 
E 552 540 :0.998442 0.0137899 0.0540734 -0.00808734 0.994514 -0.104293 -0.0552149 0.103694 0.993076 ,0.2971 -0.813083 -4.19318 
E 550 549 :0.998241 0.0212011 0.055371 -0.0175194 0.997656 -0.0661504 -0.0566437 0.0650639 0.996272 ,0.0345153 -0.0754179 -0.444389 
E 550 548 :0.998539 0.0167441 0.0513792 -0.013431 0.997849 -0.0641626 -0.052343 0.0633787 0.996616 ,0.0318457 -0.147368 -0.693489 
E 550 547 :0.999944 0.00573083 0.00888409 -0.00522847 0.998441 -0.055573 -0.00918872 0.0555235 0.998415 ,0.064996 -0.232525 -1.21892 
E 550 546 :0.996289 0.00525551 0.0859143 0.00257898 0.995864 -0.0908252 -0.0860363 0.0907096 0.992154 ,0.0954763 -0.281205 -1.60534 
E 550 544 :0.997738 -0.0026299 0.0671692 0.00969924 0.99441 -0.105139 -0.0665172 0.105553 0.992187 ,0.095258 -0.426837 -2.23851 
E 550 545 :0.996743 0.0313423 0.0743072 -0.0241692 0.995132 -0.0955394 -0.0769399 0.0934323 0.992648 ,0.0940064 -0.412971 -2.04963 
E 550 543 :0.994774 -0.00731244 0.101837 0.01649 0.995844 -0.0895727 -0.100759 0.0907839 0.99076 ,0.136444 -0.524081 -2.68873 
E 550 542 :0.990668 0.0193513 0.134914 -0.00465579 0.994096 -0.1084 -0.136216 0.10676 0.98491 ,0.154425 -0.529749 -2.88013 
E 550 541 :0.992493 0.0107701 0.121828 0.00209681 0.99447 -0.104998 -0.122285 0.104465 0.986982 ,0.150136 -0.597432 -3.14121 
E 550 540 :0.996596 0.0204443 0.0798695 -0.0112674 0.993451 -0.113702 -0.081671 0.112415 0.990299 ,0.142726 -0.661957 -3.51083 
E 550 539 :0.999358 0.0149411 0.0325645 -0.0121507 0.996369 -0.0842632 -0.0337053 0.0838134 0.995911 ,0.161276 -0.720343 -3.833 
E 550 538 :0.99879 -0.00178164 0.0491366 0.00589407 0.996476 -0.0836766 -0.0488143 0.083865 0.995281 ,0.17211 -0.760738 -4.02472 
E 546 545 :0.999601 0.0257539 -0.0116187 -0.02581 0.999656 -0.0047109 0.0114934 0.0050089 0.999921 ,0.0364208 -0.17153 -0.428962 
E 546 544 :0.999783 -0.00913693 -0.0187152 0.00886899 0.999858 -0.0143503 0.0188437 0.0141812 0.999722 ,0.0538824 -0.202465 -0.614992 
E 546 543 :0.999794 -0.0125277 0.0159867 0.0125101 0.999921 0.00120457 -0.0160005 -0.00100433 0.999871 ,0.1334 -0.339929 -1.04931 
E 546 542 :0.998699 0.012658 0.0493961 -0.0117861 0.99977 -0.0179014 -0.0496114 0.017296 0.998619 ,0.167768 -0.362842 -1.23715 
E 546 541 :0.999336 0.00430712 0.0361889 -0.00378826 0.999889 -0.0143941 -0.0362469 0.0142475 0.999241 ,0.185781 -0.453949 -1.4904 
E 546 540 :0.999895 0.0132587 -0.00592176 -0.0133916 0.999646 -0.0229822 0.00561495 0.0230591 0.999718 ,0.210034 -0.551774 -1.8519 
E 546 538 :0.999299 -0.00642057 -0.0368918 0.00669092 0.999952 0.00720932 0.0368438 -0.0074511 0.999293 ,0.283268 -0.696607 -2.35026 
E 546 539 :0.998518 0.0102443 -0.0534581 -0.00990568 0.999929 0.00659524 0.0535219 -0.00605593 0.998548 ,0.256082 -0.639045 -2.16464 
E 546 537 :0.999932 0.0116453 -0.000437957 -0.0116355 0.99977 0.0180404 0.000647944 -0.0180341 0.999837 ,0.317881 -0.779106 -2.74059 
E 546 535 :0.993327 0.0387508 -0.108625 -0.0356549 0.998905 0.0303001 0.10968 -0.026225 0.993621 ,0.347212 -0.928945 -3.31751 
E 542 541 :0.999879 -0.00819014 -0.0132623 0.00823525 0.99996 0.00335008 0.0132344 -0.0034589 0.999906 ,0.0316277 -0.0952379 -0.250374 
E 542 540 :0.998473 0.000315546 -0.0552406 -0.000634741 0.999983 -0.00576083 0.0552379 0.0057871 0.998456 ,0.074936 -0.198986 -0.608426 
E 542 539 :0.99468 -0.00125389 -0.103006 0.00366151 0.999724 0.0231879 0.102948 -0.0234417 0.99441 ,0.137469 -0.291064 -0.916901 
E 542 538 :0.996092 -0.0178281 -0.0865051 0.0199757 0.999512 0.0240244 0.0860346 -0.0256585 0.995962 ,0.174506 -0.351479 -1.09989 
E 542 537 :0.998736 0.000741476 -0.0502533 0.00103544 0.999375 0.0353239 0.0502481 -0.0353313 0.998112 ,0.229412 -0.440271 -1.4865 
E 542 535 :0.987014 0.0282282 -0.158136 -0.0211762 0.998712 0.0461038 0.159233 -0.0421564 0.98634 ,0.289093 -0.599683 -2.05849 
E 542 533 :0.993789 0.0147331 -0.110304 -0.00334811 0.994707 0.102696 0.111233 -0.101689 0.988578 ,0.349735 -0.721374 -2.36207 
E 542 532 :0.999465 0.0158341 -0.0286015 -0.0137712 0.997386 0.070933 0.0296499 -0.0705012 0.997071 ,0.399722 -0.805428 -2.72968 
E 542 531 :0.992896 0.0276513 -0.115729 -0.0164119 0.995152 0.0969678 0.117849 -0.0943796 0.988536 ,0.418657 -0.95017 -3.16177 
E 567 566 :0.997775 -0.00834555 -0.0661442 0.0106692 0.999335 0.0348557 0.0658094 -0.0354839 0.997201 ,0.0135073 -0.0400865 -0.395387 
E 567 565 :0.999825 -0.0139446 0.0124937 0.0139559 0.999902 -0.000817195 -0.0124811 0.000991413 0.999922 ,0.0459341 -0.112031 -0.888162 
E 567 563 :0.99853 -0.0292591 -0.0456238 0.0303034 0.99929 0.0223699 0.0449369 -0.0237195 0.998708 ,0.0259134 -0.248393 -1.58865 
E 567 562 :0.998154 -0.0127222 -0.0593825 0.0153152 0.99894 0.0434173 0.0587672 -0.0442466 0.997291 ,0.0334408 -0.303629 -1.7827 
E 567 561 :0.99824 0.0119426 0.0580928 -0.00994687 0.999354 -0.0345236 -0.0584676 0.033885 0.997714 ,0.0440027 -0.379252 -2.22881 
E 567 560 :0.998333 -0.0217561 0.053462 0.022879 0.999528 -0.0204825 -0.0529911 0.0216716 0.99836 ,0.0345815 -0.441188 -2.42646 
E 567 558 :0.999238 -0.0314706 -0.0230872 0.0321989 0.998973 0.0318828 0.0220601 -0.0326019 0.999225 ,0.0392307 -0.541769 -3.12455 
E 567 559 :0.999153 -0.0139975 -0.0386867 0.0119733 0.998572 -0.0520688 0.0393603 0.0515615 0.997894 ,0.0207898 -0.499208 -2.8649 
E 567 557 :0.998518 -0.0189609 0.0510197 0.0166491 0.998832 0.0453621 -0.0518202 -0.0444454 0.997667 ,0.0639499 -0.572245 -3.37453 
E 567 556 :0.995732 -0.0302835 0.0871812 0.0296192 0.999522 0.00890375 -0.0874092 -0.00628351 0.996153 ,0.0708959 -0.595535 -3.56709 
E 567 555 :0.998617 -0.040096 0.0340124 0.0397362 0.999148 0.0111892 -0.034432 -0.00982223 0.999359 ,0.0604053 -0.722694 -3.94289 
E 567 553 :0.998973 -0.0414958 0.0181787 0.0418767 0.9989 -0.0211 -0.0172831 0.0218396 0.999612 ,0.0985593 -0.846736 -4.69847 
E 551 550 :0.99947 -0.0209657 0.0249055 0.020724 0.999736 0.00992427 -0.025107 -0.00940287 0.999641 ,0.0320178 -0.116969 -0.439675 
E 551 549 :0.996668 0.00189377 0.0815412 0.00261058 0.998478 -0.0550981 -0.0815214 0.0551274 0.995146 ,0.0570283 -0.196062 -0.884061 
E 551 548 :0.996988 -0.00260695 0.0775184 0.00674673 0.998562 -0.0531902 -0.0772682 0.0535529 0.995571 ,0.0496647 -0.270521 -1.13233 
E 551 547 :0.999295 -0.0138224 0.0349105 0.0154045 0.998847 -0.0454657 -0.0342418 0.0459714 0.998356 ,0.0714965 -0.360183 -1.6576 
E 551 546 :0.993564 -0.0133671 0.112483 0.0223715 0.99661 -0.0791743 -0.111043 0.0811811 0.990494 ,0.0933574 -0.412054 -2.04419 
E 551 544 :0.995349 -0.0208482 0.0940488 0.0297137 0.995141 -0.0938726 -0.0916347 0.0962305 0.991132 ,0.0804232 -0.563935 -2.67576 
E 551 545 :0.994805 0.012789 0.100993 -0.00426993 0.996446 -0.0841229 -0.10171 0.0832547 0.991324 ,0.0835856 -0.548224 -2.48705 
E 551 543 :0.991392 -0.0259261 0.128336 0.0361014 0.99633 -0.077606 -0.125853 0.0815711 0.98869 ,0.112413 -0.664768 -3.12594 
E 551 542 :0.986848 0.00115798 0.161645 0.0145242 0.995295 -0.0958006 -0.160996 0.0968884 0.982188 ,0.125737 -0.671962 -3.31767 
E 551 541 :0.988877 -0.0074836 0.148546 0.0214511 0.995468 -0.09265 -0.147179 0.0948059 0.984556 ,0.116366 -0.742306 -3.5779 
E 551 540 :0.99427 0.00240482 0.106875 0.00857844 0.994728 -0.102189 -0.106557 0.10252 0.989007 ,0.101108 -0.810636 -3.9466 
E 545 544 :0.999372 -0.0347767 -0.00684722 0.0347086 0.999349 -0.00981981 0.00718427 0.00957598 0.999928 ,0.0161149 -0.0314062 -0.186072 
E 545 543 :0.998888 -0.0383423 0.0274411 0.0381742 0.999249 0.00662413 -0.0276745 -0.00556922 0.999601 ,0.0941569 -0.168951 -0.620633 
E 545 542 :0.998034 -0.0129524 0.061316 0.0136898 0.999839 -0.0116212 -0.0611556 0.0124377 0.998051 ,0.126943 -0.191912 -0.808751 
E 545 541 :0.998618 -0.021338 0.0480306 0.0217683 0.999727 -0.00845208 -0.0478371 0.00948594 0.99881 ,0.144391 -0.283792 -1.06176 
E 545 540 :0.999906 -0.0122824 0.00616391 0.0123923 0.999759 -0.0181194 -0.00593987 0.018194 0.999817 ,0.167003 -0.38277 -1.42305 
E 545 539 :0.99899 -0.0156376 -0.0421303 0.0160815 0.999818 0.0102178 0.0419629 -0.010885 0.99906 ,0.211691 -0.470391 -1.73589 
E 545 538 :0.99915 -0.0323124 -0.0255779 0.032609 0.999405 0.0112621 0.0251988 -0.0120866 0.999609 ,0.238218 -0.528163 -1.92154 
E 545 537 :0.999841 -0.0143707 0.0105881 0.0141238 0.999635 0.023031 -0.0109152 -0.0228778 0.999679 ,0.270461 -0.611697 -2.31185 
E 545 535 :0.995112 0.0126521 -0.0979436 -0.0095112 0.999427 0.0324692 0.0982983 -0.0313789 0.994662 ,0.297017 -0.763619 -2.88836 
E 545 533 :0.998699 -0.00441491 -0.0508016 0.00896454 0.99593 0.0896809 0.0501989 -0.0900197 0.994674 ,0.340502 -0.880931 -3.19658 
E 547 546 :0.99701 -0.000785128 0.0772678 0.00350748 0.999378 -0.0351033 -0.0771921 0.0352694 0.996392 ,0.0342838 -0.069885 -0.38283 
E 547 545 :0.99752 0.025279 0.0656814 -0.0226914 0.998948 -0.0398493 -0.0666197 0.0382601 0.997045 ,0.0375854 -0.226122 -0.819106 
E 547 544 :0.998243 -0.00879888 0.0585982 0.0117087 0.998705 -0.0495006 -0.0580868 0.0500997 0.997054 ,0.040645 -0.250446 -1.0069 
E 547 543 :0.995558 -0.013353 0.0931958 0.0165707 0.99929 -0.0338389 -0.0926777 0.035233 0.995073 ,0.0864739 -0.3723 -1.45064 
E 547 542 :0.991889 0.0131716 0.126424 -0.00653434 0.998585 -0.0527719 -0.12694 0.0515178 0.990572 ,0.106243 -0.388485 -1.64127 
E 547 541 :0.99355 0.00461008 0.113301 0.000991641 0.998782 -0.049335 -0.113391 0.0491291 0.992335 ,0.104706 -0.470582 -1.8982 
E 547 540 :0.997349 0.014216 0.07136 -0.0100732 0.998261 -0.0580822 -0.0720616 0.0572094 0.995758 ,0.101031 -0.555571 -2.26372 
E 547 538 :0.999152 -0.00776219 0.040426 0.00889844 0.999568 -0.0280031 -0.0401911 0.0283391 0.99879 ,0.135652 -0.682563 -2.77105 
E 547 539 :0.999675 0.00896066 0.0238521 -0.00827603 0.999555 -0.0286488 -0.0240982 0.0284421 0.999305 ,0.122845 -0.631648 -2.58197 
E 547 537 :0.997002 0.00943212 0.0768044 -0.0081438 0.999821 -0.01707 -0.0769516 0.0163933 0.9969 ,0.140066 -0.751187 -3.16555 
E 549 548 :0.999982 -0.00435714 -0.00403912 0.00436493 0.999989 0.00192091 0.00403071 -0.0019385 0.99999 ,0.0127056 -0.0880455 -0.24356 
E 549 547 :0.998797 -0.0149164 -0.0467119 0.0153859 0.999835 0.00970641 0.0465594 -0.0104134 0.998861 ,0.077052 -0.206487 -0.759566 
E 549 546 :0.999364 -0.0173388 0.0311551 0.0180975 0.999542 -0.0242373 -0.0307206 0.0247857 0.999221 ,0.13022 -0.279549 -1.13964 
E 549 545 :0.999771 0.00856071 0.019623 -0.00798653 0.999543 -0.0291544 -0.0198636 0.028991 0.999382 ,0.156227 -0.439944 -1.57363 
E 549 544 :0.999581 -0.0260257 0.0126919 0.0265018 0.998891 -0.038913 -0.0116651 0.039233 0.999162 ,0.168418 -0.46604 -1.76082 
E 549 543 :0.998443 -0.0298885 0.0471067 0.0309859 0.999261 -0.0227409 -0.0463922 0.0241651 0.998631 ,0.236737 -0.591476 -2.20065 
E 549 542 :0.996723 -0.00414606 0.0807872 0.00749567 0.999123 -0.0412031 -0.0805455 0.0416737 0.995879 ,0.265628 -0.609203 -2.38997 
E 549 541 :0.997637 -0.0125886 0.0675469 0.0151775 0.999164 -0.0379516 -0.0670127 0.0388871 0.996994 ,0.27732 -0.693805 -2.64583 
E 549 540 :0.999666 -0.00336395 0.0256268 0.00457407 0.99887 -0.0473094 -0.0254387 0.0474108 0.998551 ,0.291991 -0.782385 -3.01022 
E 549 539 :0.999722 -0.00728848 -0.0224287 0.0068723 0.999804 -0.0185774 0.0225597 0.0184181 0.999576 ,0.32978 -0.861202 -3.3263 
E 549 538 :0.999695 -0.0239866 -0.00586031 0.0238797 0.999558 -0.0176818 0.00628185 0.0175365 0.999826 ,0.352163 -0.913747 -3.51403 
E 549 537 :0.999518 -0.00625874 0.0303995 0.00645035 0.99996 -0.00620911 -0.0303594 0.00640221 0.999519 ,0.376024 -0.986121 -3.90717 
E 555 553 :0.999851 -0.00249784 -0.0171036 0.00195591 0.999498 -0.0316293 0.017174 0.0315911 0.999353 ,0.0591882 -0.118044 -0.755179 
E 555 552 :0.999937 0.00276607 -0.0108502 -0.00302698 0.999705 -0.0241046 0.0107804 0.024136 0.999651 ,0.0812489 -0.227233 -1.27217 
E 555 551 :0.997865 0.0195083 -0.062332 -0.0210543 0.999484 -0.0242442 0.0618269 0.0255048 0.997761 ,0.0905013 -0.223236 -1.52812 
E 555 549 :0.999672 0.0179321 0.0182628 -0.0163985 0.996586 -0.0809131 -0.0196514 0.0805871 0.996554 ,0.198688 -0.398965 -2.41168 
E 555 550 :0.999305 -0.000831726 -0.0372637 0.000278807 0.99989 -0.0148407 0.037272 0.01482 0.999195 ,0.147575 -0.33016 -1.96781 
E 555 548 :0.999807 0.0135408 0.0142592 -0.0123744 0.996803 -0.0789317 -0.0152825 0.07874 0.996778 ,0.205363 -0.467211 -2.66174 
E 555 547 :0.999596 0.0028274 -0.0282805 -0.00481273 0.997509 -0.0703817 0.0280111 0.0704893 0.997119 ,0.25814 -0.544552 -3.18678 
E 555 546 :0.9988 0.00104339 0.0489588 0.00413331 0.994409 -0.105516 -0.0487952 0.105591 0.993212 ,0.303039 -0.587483 -3.57247 
E 555 545 :0.998937 0.0270112 0.0373453 -0.0227468 0.993645 -0.11024 -0.0400856 0.109273 0.993203 ,0.318236 -0.712642 -4.01841 
E 555 543 :0.997824 -0.0115186 0.0649213 0.0182609 0.994385 -0.104238 -0.063356 0.105197 0.992431 ,0.384552 -0.814242 -4.65706 
E 555 544 :0.999515 -0.00738843 0.0302374 0.0109635 0.992733 -0.119834 -0.0291323 0.120107 0.992333 ,0.326537 -0.723702 -4.2073 
E 555 542 :0.99506 0.0145327 0.0982094 -0.00235753 0.992408 -0.122967 -0.0992508 0.122128 0.987539 ,0.409658 -0.817065 -4.84773 
E 563 562 :0.999792 0.0155795 -0.0131643 -0.0152947 0.999653 0.0214687 0.0134942 -0.0212629 0.999683 ,-0.00287706 -0.0508142 -0.195369 
E 563 561 :0.993844 0.0437317 0.101795 -0.0377605 0.997492 -0.0598642 -0.104158 0.0556518 0.993002 ,-0.0146692 -0.116111 -0.643078 
E 563 560 :0.995177 0.00953886 0.0976259 -0.00509055 0.998942 -0.0457129 -0.0979587 0.0449955 0.994173 ,-0.0348353 -0.173039 -0.84143 
E 563 559 :0.999816 0.0186002 0.00463456 -0.0182031 0.99705 -0.0745695 -0.00600789 0.0744714 0.997205 ,-0.0700672 -0.220215 -1.27997 
E 563 558 :0.999736 -0.00261707 0.022815 0.00241604 0.999958 0.00883456 -0.0228372 -0.00877711 0.999701 ,-0.0646109 -0.257126 -1.54108 
E 563 557 :0.995226 0.00933775 0.0971514 -0.0113493 0.999732 0.0201729 -0.096937 -0.0211792 0.995065 ,-0.0520851 -0.282374 -1.79255 
E 563 556 :0.991238 -0.000232423 0.132087 0.0025373 0.999847 -0.0172817 -0.132063 0.0174654 0.991087 ,-0.0545078 -0.301284 -1.98569 
E 563 555 :0.996806 -0.0102009 0.0792096 0.0113062 0.999845 -0.0135182 -0.0790594 0.0143706 0.996766 ,-0.0857241 -0.419132 -2.36338 
E 563 553 :0.997997 -0.0101833 0.0624321 0.0130279 0.998887 -0.0453272 -0.061901 0.0460498 0.997019 ,-0.0853382 -0.526281 -3.12249 
E 563 552 :0.997628 -0.00552883 0.0686122 0.00813322 0.999255 -0.037737 -0.0683524 0.0382056 0.996929 ,-0.103185 -0.628214 -3.64113 
E 563 551 :0.999789 0.0112706 0.0171466 -0.0106048 0.999205 -0.0384331 -0.0175661 0.0382432 0.999114 ,-0.114276 -0.620653 -3.89692 
E 563 550 :0.999063 -0.00985492 0.0421525 0.0110732 0.999525 -0.0287671 -0.041849 0.0292069 0.998697 ,-0.0911226 -0.720971 -4.34124 
E 563 549 :0.99509 0.014092 0.0979664 -0.00482787 0.995545 -0.0941657 -0.098857 0.0932303 0.990725 ,-0.0746286 -0.783187 -4.7887 
E 553 552 :0.999967 0.00513549 0.0062722 -0.00518258 0.999958 0.00751468 -0.00623335 -0.00754694 0.999952 ,0.012965 -0.125521 -0.513585 
E 553 551 :0.998736 0.0218983 -0.0452346 -0.0215831 0.999739 0.00744404 0.0453858 -0.00645833 0.998949 ,0.0178282 -0.129635 -0.76965 
E 553 550 :0.999796 0.00137861 -0.020127 -0.00103998 0.999858 0.0168255 0.0201474 -0.0168012 0.999656 ,0.0671326 -0.250538 -1.20665 
E 553 549 :0.999153 0.0212626 0.0352166 -0.0195081 0.998587 -0.0494358 -0.0362179 0.0487069 0.998156 ,0.110481 -0.333458 -1.64893 
E 553 548 :0.999371 0.0168407 0.0312214 -0.0153483 0.998756 -0.0474383 -0.0319814 0.0469293 0.998386 ,0.112727 -0.409587 -1.89679 
E 553 547 :0.999918 0.0059886 -0.0112895 -0.00642225 0.999227 -0.0387755 0.0110485 0.0388449 0.999184 ,0.156328 -0.503607 -2.41994 
E 553 546 :0.997821 0.00480163 0.0658025 9.4893e-05 0.997243 -0.0742081 -0.0659774 0.0740527 0.995069 ,0.194513 -0.558814 -2.80479 
E 553 545 :0.998055 0.0308273 0.0541813 -0.0264969 0.99653 -0.0789013 -0.0564256 0.0773122 0.995409 ,0.201804 -0.698035 -3.24675 
E 553 544 :0.998887 -0.00338292 0.0470408 0.00754105 0.996048 -0.0884999 -0.0465555 0.0887562 0.994965 ,0.206837 -0.715078 -3.4353 
E 553 542 :0.993202 0.018569 0.114914 -0.00797729 0.995731 -0.091953 -0.116131 0.0904112 0.98911 ,0.278765 -0.828833 -4.07378 
E 553 543 :0.996622 -0.00776528 0.0817517 0.0137578 0.997237 -0.0729958 -0.080959 0.073874 0.993976 ,0.256942 -0.819926 -3.88291 
E 553 541 :0.994755 0.0100364 0.101793 -0.000993171 0.996075 -0.0885028 -0.102282 0.0879375 0.990861 ,0.279637 -0.900894 -4.33372 
E 553 540 :0.998021 0.0195471 0.0597647 -0.0136764 0.99518 -0.0971066 -0.0613748 0.0960971 0.993478 ,0.27958 -0.971621 -4.70228 
E 560 559 :0.995676 0.00613985 -0.0926931 -0.00891703 0.999523 -0.0295767 0.0924672 0.0302753 0.995255 ,0.00813738 -0.0671941 -0.437272 
E 560 558 :0.99714 -0.006835 -0.0752693 0.0109223 0.99848 0.0540248 0.0747856 -0.0546924 0.995699 ,0.0393328 -0.115763 -0.694636 
E 560 557 :0.99998 0.00627822 -0.000895049 -0.00620565 0.99781 0.0658517 0.00130652 -0.0658448 0.997829 ,0.0765606 -0.15218 -0.942265 
E 560 556 :0.999382 -0.00703197 0.0344523 0.00604768 0.999573 0.028591 -0.0346386 -0.028365 0.998997 ,0.0931657 -0.179783 -1.13365 
E 560 555 :0.999686 -0.0166492 -0.0187455 0.0172453 0.999336 0.0321016 0.0181986 -0.0324148 0.999309 ,0.0996978 -0.314799 -1.5068 
E 560 553 :0.999182 -0.01973 -0.035305 0.0197486 0.999805 0.000177603 0.0352946 -0.000874682 0.999377 ,0.174989 -0.455987 -2.25655 
E 560 551 :0.996743 0.00238345 -0.0806123 -0.00184716 0.999976 0.00672668 0.0806264 -0.00655587 0.996723 ,0.222533 -0.585382 -3.02498 
E 560 552 :0.999471 -0.0143315 -0.0291845 0.0145653 0.999863 0.00781468 0.0290685 -0.00823563 0.999543 ,0.208552 -0.581319 -2.76925 
E 560 550 :0.998288 -0.0177566 -0.0557353 0.0187084 0.999687 0.0166023 0.0554231 -0.0176166 0.998308 ,0.289611 -0.705365 -3.45987 
E 560 549 :1 -0.000176529 0.000923281 0.000221149 0.998821 -0.0485534 -0.000913621 0.0485536 0.99882 ,0.350174 -0.787491 -3.90026 
E 560 548 :0.999985 -0.00453545 -0.00311619 0.00438522 0.998902 -0.0466352 0.00332428 0.0466208 0.998907 ,0.36267 -0.863604 -4.14782 
E 560 547 :0.998837 -0.0151025 -0.0457913 0.013328 0.999158 -0.0388135 0.0463389 0.038158 0.998197 ,0.426561 -0.956838 -4.66903 
E 559 558 :0.999646 -0.0207662 0.0166439 0.0193035 0.996306 0.083682 -0.0183202 -0.0833311 0.996354 ,0.0076959 -0.0561463 -0.257598 
E 559 557 :0.995832 -0.00873492 0.0907881 -2.34145e-05 0.995379 0.0960244 -0.0912073 -0.0956263 0.99123 ,0.0221898 -0.0998139 -0.506426 
E 559 556 :0.991803 -0.0185376 0.126423 0.0111321 0.998194 0.0590338 -0.127289 -0.0571426 0.990218 ,0.0212721 -0.133097 -0.697629 
E 559 555 :0.996892 -0.0284856 0.0734526 0.0239259 0.997775 0.0622256 -0.0750618 -0.0602748 0.995356 ,-0.00552409 -0.279305 -1.06562 
E 559 553 :0.997949 -0.0286409 0.0572557 0.0269426 0.99918 0.0302172 -0.0580742 -0.0286126 0.997902 ,0.00137284 -0.442662 -1.81462 
E 559 552 :0.997707 -0.0239469 0.0632971 0.021575 0.999049 0.0378933 -0.0641443 -0.0364408 0.997275 ,-0.0114994 -0.58325 -2.32429 
E 559 551 :0.999904 -0.00714987 0.0118405 0.00671456 0.999315 0.0364046 -0.0120927 -0.0363216 0.999267 ,-0.0211895 -0.594968 -2.57998 
E 559 550 :0.998929 -0.028223 0.0366684 0.0265068 0.998568 0.0464762 -0.0379276 -0.0454545 0.998246 ,0.00645556 -0.727648 -3.01547 
E 559 549 :0.995589 -0.00459266 0.0937104 0.00633323 0.999813 -0.018285 -0.0936089 0.0187978 0.995432 ,0.0267674 -0.822696 -3.45696 
E 559 548 :0.995929 -0.00911218 0.0896793 0.0106235 0.999809 -0.0163898 -0.0895129 0.0172758 0.995836 ,0.0169972 -0.906192 -3.70225 
E 559 547 :0.998684 -0.0204184 0.0470533 0.0208573 0.999743 -0.00885538 -0.0468604 0.00982512 0.998853 ,0.0332486 -1.01477 -4.22415 
E 559 546 :0.991994 -0.0195302 0.124766 0.024985 0.998792 -0.0423062 -0.123789 0.0450848 0.991284 ,0.0509008 -1.08053 -4.60884 
E 565 563 :0.998217 -0.0150119 -0.0577686 0.0164209 0.999577 0.023994 0.057384 -0.0248998 0.998042 ,-0.0131774 -0.136765 -0.700577 
E 565 562 :0.99746 0.00177341 -0.0712134 0.00145307 0.998976 0.0452298 0.0712207 -0.0452184 0.996435 ,-0.00400033 -0.192292 -0.894463 
E 565 561 :0.998656 0.0254645 0.0451483 -0.023924 0.999124 -0.0343412 -0.0459832 0.0332149 0.99839 ,0.0110723 -0.268497 -1.34035 
E 565 560 :0.999139 -0.00807344 0.0407062 0.00890288 0.999756 -0.0202363 -0.0405329 0.0205812 0.998966 ,0.00325521 -0.330492 -1.53805 
E 565 558 :0.999237 -0.0171166 -0.0351096 0.0182836 0.999282 0.0331923 0.0345162 -0.0338089 0.998832 ,0.0152128 -0.43182 -2.23594 
E 565 559 :0.998654 -0.000702642 -0.0518614 -0.00192165 0.99872 -0.0505349 0.0518305 0.0505666 0.997375 ,-0.00587158 -0.388749 -1.97658 
E 565 557 :0.999222 -0.00446325 0.0391919 0.00267213 0.998955 0.0456353 -0.0393546 -0.0454951 0.998189 ,0.0426225 -0.462885 -2.48558 
E 565 556 :0.997062 -0.0162505 0.0748572 0.0156445 0.99984 0.00867477 -0.0749862 -0.00747818 0.997157 ,0.0516454 -0.486461 -2.67801 
E 565 555 :0.999426 -0.0260224 0.0216895 0.0257729 0.999599 0.0117046 -0.0219854 -0.0111389 0.999696 ,0.0440725 -0.613834 -3.05381 
E 565 553 :0.999598 -0.0278205 0.00540483 0.0279252 0.999403 -0.0203604 -0.00483516 0.0205032 0.999778 ,0.0899191 -0.739145 -3.80875 
E 565 552 :0.999676 -0.0227267 0.0114652 0.0228717 0.999658 -0.0126741 -0.0111732 0.0129322 0.999854 ,0.103595 -0.853773 -4.32486 
E 565 551 :0.999181 -0.00595871 -0.0400244 0.0053956 0.999885 -0.0141626 0.0401042 0.013935 0.999098 ,0.107187 -0.852535 -4.58097 
E 556 555 :0.998541 -0.0094724 -0.0531545 0.00969196 0.999946 0.00387438 0.0531149 -0.0043839 0.998579 ,0.0186369 -0.12442 -0.376409 
E 556 553 :0.997461 -0.013641 -0.0698991 0.0117128 0.999541 -0.0279215 0.0702479 0.0270319 0.997163 ,0.118998 -0.24481 -1.12685 
E 556 552 :0.997934 -0.0079905 -0.063742 0.0067063 0.999771 -0.0203354 0.0638899 0.019866 0.997759 ,0.169541 -0.355782 -1.64146 
E 556 551 :0.993322 0.0086566 -0.115047 -0.0111424 0.999718 -0.0209813 0.114833 0.0221231 0.993138 ,0.192347 -0.352687 -1.89657 
E 556 550 :0.995864 -0.0110896 -0.0901805 0.0101084 0.999885 -0.0113298 0.0902957 0.0103714 0.995861 ,0.273722 -0.460755 -2.33214 
E 556 549 :0.999414 0.0041823 -0.0339687 -0.00678499 0.997018 -0.0768706 0.0335459 0.0770561 0.996462 ,0.349006 -0.530781 -2.77236 
E 556 548 :0.999278 -0.00010649 -0.0379971 -0.00274281 0.997185 -0.0749273 0.0378981 0.0749774 0.996465 ,0.369609 -0.599927 -3.02141 
E 556 547 :0.996695 -0.0103723 -0.0805739 0.0049841 0.997755 -0.0667887 0.0810858 0.0661664 0.994508 ,0.450951 -0.678787 -3.54256 
E 556 546 :0.999898 -0.0139902 -0.00290678 0.0136244 0.994774 -0.101187 0.00430722 0.101137 0.994863 ,0.516692 -0.722775 -3.92513 
E 556 545 :0.999826 0.0117513 -0.0144581 -0.0132192 0.994276 -0.106024 0.0131295 0.106197 0.994258 ,0.556756 -0.849507 -4.36908 
E 558 557 :0.99715 0.0122344 0.07445 -0.0131025 0.999852 0.011184 -0.0743022 -0.0121277 0.997162 ,0.0182044 -0.0230721 -0.251334 
E 558 556 :0.993999 0.00178445 0.109377 0.00110218 0.999653 -0.0263255 -0.109386 0.0262881 0.993652 ,0.0201474 -0.0402796 -0.44464 
E 558 555 :0.998376 -0.0081107 0.0563927 0.00939089 0.999703 -0.0224737 -0.0561937 0.0229667 0.998156 ,-0.00271996 -0.154726 -0.823969 
E 558 553 :0.999179 -0.0088189 0.039537 0.0109589 0.998468 -0.0542397 -0.0389981 0.0546284 0.997745 ,0.014743 -0.255208 -1.58379 
E 558 552 :0.998946 -0.00398564 0.0457359 0.00612195 0.998892 -0.0466652 -0.0454992 0.046896 0.997863 ,0.00849868 -0.352539 -2.10358 
E 558 551 :0.999901 0.0128083 -0.00576772 -0.0130667 0.998798 -0.0472457 0.00515564 0.0473164 0.998867 ,0.0032701 -0.342704 -2.35948 
E 558 550 :0.999782 -0.00810444 0.0192645 0.00882546 0.999252 -0.0376418 -0.018945 0.0378036 0.999106 ,0.0363225 -0.439179 -2.80403 
E 558 549 :0.997073 0.0143645 0.0750877 -0.00656422 0.994648 -0.103114 -0.076167 0.102319 0.991831 ,0.0628805 -0.497508 -3.25153 
E 558 548 :0.997421 0.00987436 0.0710873 -0.00263816 0.994865 -0.101176 -0.0717213 0.100727 0.992326 ,0.0559959 -0.560051 -3.50307 
E 558 547 :0.999591 -0.00129259 0.0285665 0.00394628 0.995655 -0.0930353 -0.0283221 0.09311 0.995253 ,0.0797068 -0.625074 -4.03188 
E 558 546 :0.994393 -0.00106907 0.105745 0.0146083 0.991751 -0.127346 -0.104737 0.128176 0.986205 ,0.103131 -0.658903 -4.42037 
E 557 556 :0.999279 -0.0132719 0.0355794 0.0145895 0.999207 -0.0370341 -0.0350597 0.0375265 0.99868 ,0.016526 -0.0148368 -0.192805 
E 557 555 :0.999582 -0.0228927 -0.0176387 0.0222855 0.999177 -0.0338857 0.0183999 0.0334784 0.99927 ,0.0234083 -0.124946 -0.57404 
E 557 553 :0.999085 -0.0259352 -0.0339996 0.0236545 0.997549 -0.0658482 0.0356241 0.0649837 0.99725 ,0.0985945 -0.215984 -1.33153 
E 557 552 :0.999399 -0.0205468 -0.0279264 0.0188943 0.998126 -0.0582004 0.0290699 0.0576378 0.997914 ,0.132265 -0.307073 -1.8514 
E 557 551 :0.996839 -0.00383066 -0.0793502 -0.000894176 0.998232 -0.0594232 0.0794376 0.0593063 0.995074 ,0.145936 -0.2942 -2.10685 
E 557 550 :0.998224 -0.023983 -0.0545329 0.0212856 0.998546 -0.0495174 0.0556412 0.0482687 0.997283 ,0.213189 -0.384865 -2.54876 
E 557 549 :0.999977 -0.00631142 0.00252955 0.00655904 0.993435 -0.114208 -0.00179212 0.114222 0.993454 ,0.273686 -0.437433 -2.99366 
E 557 548 :0.999942 -0.0106733 -0.00152163 0.0104349 0.993617 -0.112325 0.0027108 0.112303 0.99367 ,0.286331 -0.497001 -3.2457 
E 557 547 :0.998795 -0.0212528 -0.0442454 0.0165185 0.994362 -0.104742 0.046222 0.103885 0.993515 ,0.350118 -0.555311 -3.77197 
E 557 546 :0.999149 -0.0235843 0.0338349 0.0280421 0.990036 -0.137993 -0.0302433 0.138825 0.989855 ,0.402784 -0.584137 -4.158 
E 562 561 :0.992809 0.0292172 0.11609 -0.0200491 0.996643 -0.0793715 -0.118019 0.0764733 0.990062 ,-0.0168325 -0.0559382 -0.448813 
E 562 560 :0.993726 -0.00513441 0.11172 0.0124985 0.997786 -0.065315 -0.111138 0.0663016 0.991591 ,-0.0388003 -0.108943 -0.648059 
E 562 559 :0.999806 0.00435173 0.0192306 -0.00249236 0.99541 -0.0956748 -0.0195587 0.0956083 0.995227 ,-0.0792212 -0.147327 -1.08701 
E 562 558 :0.999183 -0.018029 0.0361653 0.0184762 0.999756 -0.0120696 -0.0359389 0.0127279 0.999273 ,-0.0767249 -0.178589 -1.3489 
E 562 557 :0.993884 -0.00624055 0.11025 0.00622097 0.999981 0.000521569 -0.110251 0.000167485 0.993904 ,-0.0672089 -0.198285 -1.601 
E 562 556 :0.989211 -0.015289 0.145698 0.0207875 0.999125 -0.0362912 -0.145015 0.0389283 0.988663 ,-0.0719482 -0.21312 -1.79445 
E 562 555 :0.995359 -0.0252971 0.0928505 0.028513 0.999033 -0.0334736 -0.0919139 0.0359656 0.995117 ,-0.106452 -0.323383 -2.17414 
E 562 553 :0.996755 -0.0248374 0.0765664 0.0298879 0.997402 -0.0655383 -0.0747397 0.0676141 0.994908 ,-0.114671 -0.414347 -2.93532 
E 562 552 :0.996374 -0.0202954 0.0826279 0.0251263 0.998009 -0.0578525 -0.0812892 0.0597189 0.9949 ,-0.137954 -0.505495 -3.45574 
E 562 551 :0.999507 -0.00349821 0.0312131 0.00534858 0.99822 -0.0593967 -0.0309498 0.0595343 0.997746 ,-0.15261 -0.492671 -3.71115 
E 562 550 :0.998121 -0.0247461 0.0560604 0.0275241 0.998403 -0.0493355 -0.05475 0.0507858 0.997208 ,-0.133923 -0.583146 -4.15779 
E 562 549 :0.993623 0.000120646 0.112755 0.0127788 0.993436 -0.113672 -0.112029 0.114388 0.987099 ,-0.122519 -0.635569 -4.60665 
E 562 548 :0.99406 -0.00442728 0.108741 0.0166567 0.993589 -0.111814 -0.107549 0.112962 0.987762 ,-0.137367 -0.695188 -4.85857 
E 581 580 :0.9994 0.0323697 0.0122977 -0.0322491 0.999431 -0.0098781 -0.0126105 0.00947558 0.999876 ,0.011155 -0.0662664 -0.460573 
E 581 579 :0.999038 0.0370562 -0.0234589 -0.0374125 0.999188 -0.014935 0.0228864 0.0157983 0.999613 ,0.00198743 -0.124366 -0.715513 
E 581 577 :0.997424 0.0226185 0.0680738 -0.0224853 0.999743 -0.00272191 -0.0681179 0.00118423 0.997677 ,0.0435202 -0.213587 -1.56847 
E 581 575 :0.999193 0.0344209 0.0206849 -0.0342676 0.999383 -0.00772259 -0.0209379 0.00700754 0.999756 ,0.0289479 -0.333632 -2.14831 
E 581 576 :0.996959 0.0300328 0.0719144 -0.0293094 0.999509 -0.011094 -0.0722123 0.00895249 0.997349 ,0.0368026 -0.279602 -1.83359 
E 581 574 :0.998982 0.0346629 -0.0288771 -0.0349118 0.999357 -0.00815855 0.0285757 0.00915839 0.99955 ,0.0374245 -0.369696 -2.47566 
E 581 573 :0.999649 0.00510675 0.0259976 -0.00515189 0.999985 0.00166996 -0.0259887 -0.00180331 0.999661 ,0.0504625 -0.446306 -3.05815 
E 581 572 :0.999915 0.0031896 -0.012612 -0.00288104 0.999698 0.0244088 0.012686 -0.0243704 0.999623 ,0.0537165 -0.544332 -3.49723 
E 561 560 :0.999446 -0.0329271 -0.00480011 0.0329914 0.999358 0.0139986 0.0043361 -0.0141492 0.99989 ,0.00276767 -0.068706 -0.195609 
E 561 559 :0.994974 -0.0269202 -0.0964452 0.0252319 0.999507 -0.0186836 0.0969006 0.0161562 0.995163 ,0.015212 -0.14171 -0.631847 
E 561 558 :0.995869 -0.0394457 -0.081786 0.0448592 0.996847 0.0654453 0.0789466 -0.0688438 0.994499 ,0.0492248 -0.192821 -0.88836 
E 561 557 :0.999624 -0.0262642 -0.00785255 0.0268074 0.996455 0.0797481 0.00573019 -0.0799286 0.996784 ,0.0888197 -0.231453 -1.13529 
E 561 556 :0.998795 -0.0398049 0.0286965 0.0385299 0.998302 0.0436938 -0.030387 -0.0425355 0.998633 ,0.107243 -0.26117 -1.32619 
E 561 555 :0.998477 -0.0493896 -0.0245889 0.05047 0.997691 0.0454515 0.0222873 -0.0466233 0.998664 ,0.120008 -0.401107 -1.69736 
E 561 553 :0.997809 -0.0526356 -0.0400884 0.0531944 0.9985 0.0130026 0.0393438 -0.0151066 0.999112 ,0.203506 -0.550215 -2.44471 
E 561 552 :0.998299 -0.0472066 -0.0342235 0.0479368 0.998633 0.020839 0.033193 -0.0224442 0.999197 ,0.243638 -0.681537 -2.95543 
E 561 551 :0.995865 -0.0305127 -0.0855735 0.0321666 0.99932 0.0180156 0.0849657 -0.0206937 0.996169 ,0.258972 -0.688715 -3.21101 
E 561 549 :0.999443 -0.0332977 -0.00227296 0.0331996 0.998853 -0.0345097 0.00341944 0.034415 0.999402 ,0.397399 -0.898737 -4.08278 
E 561 550 :0.996853 -0.050579 -0.0610431 0.0524071 0.998213 0.0287277 0.059481 -0.0318364 0.997722 ,0.332051 -0.812496 -3.64386 
E 561 548 :0.999271 -0.0376477 -0.00637377 0.0374198 0.998764 -0.0327247 0.0075979 0.0324623 0.999444 ,0.413583 -0.977854 -4.32918 
E 561 547 :0.997622 -0.0481767 -0.0492794 0.0469211 0.998552 -0.0263259 0.0504763 0.0239511 0.998438 ,0.48301 -1.07622 -4.84874 
E 568 567 :0.999097 0.035715 -0.0229929 -0.0352074 0.999135 0.0221182 0.023763 -0.0212887 0.999491 ,0.00823448 -0.124529 -0.45698 
E 568 566 :0.995743 0.0281692 -0.0877682 -0.0230134 0.99798 0.0592106 0.0892589 -0.0569386 0.99438 ,0.0293891 -0.173802 -0.850991 
E 568 565 :0.999708 0.0217567 -0.0105379 -0.0215334 0.99955 0.0208601 0.010987 -0.0206271 0.999727 ,0.0705474 -0.257725 -1.34121 
E 568 563 :0.997678 0.00700241 -0.067747 -0.00388444 0.998932 0.0460464 0.067997 -0.0456763 0.996639 ,0.061781 -0.408758 -2.03892 
E 568 562 :0.996449 0.0239838 -0.0807089 -0.0185406 0.997545 0.0675287 0.0821304 -0.0657925 0.994448 ,0.0717904 -0.468503 -2.23151 
E 568 561 :0.998328 0.0468447 0.033867 -0.0463768 0.998819 -0.0144715 -0.0345049 0.0128766 0.999322 ,0.0898993 -0.5543 -2.67553 
E 568 560 :0.999467 0.0134634 0.029727 -0.0134615 0.999909 -0.000265184 -0.0297278 -0.000135126 0.999558 ,0.0828191 -0.620222 -2.87199 
E 568 557 :0.999403 0.0177514 0.0296544 -0.0196666 0.997653 0.0655932 -0.0284205 -0.0661372 0.997406 ,0.129279 -0.773169 -3.81609 
E 568 558 :0.998979 0.00498574 -0.0449028 -0.00252153 0.998496 0.0547691 0.0451083 -0.0546 0.997489 ,0.099923 -0.73632 -3.56747 
E 568 559 :0.997774 0.0204935 -0.063456 -0.022344 0.999341 -0.0285901 0.0628283 0.0299444 0.997575 ,0.0770488 -0.687404 -3.3093 
E 568 556 :0.997901 0.00558623 0.064516 -0.00739683 0.999584 0.0278597 -0.0643336 -0.0282784 0.997528 ,0.139815 -0.800943 -4.00789 
E 566 565 :0.996928 -0.00318017 0.0782614 0.00604544 0.999319 -0.036402 -0.0780923 0.0367633 0.996268 ,-0.000842134 -0.0546814 -0.496048 
E 566 563 :0.999589 -0.0200933 0.0204407 0.0203555 0.999712 -0.0127023 -0.0201796 0.0131131 0.99971 ,-0.0683722 -0.16593 -1.19801 
E 566 562 :0.999964 -0.0049478 0.00684391 0.00488959 0.999952 0.00849628 -0.00688561 -0.00846251 0.99994 ,-0.0742205 -0.214307 -1.39393 
E 566 561 :0.992065 0.0248084 0.123254 -0.0161965 0.997388 -0.0703882 -0.124678 0.0678334 0.989876 ,-0.0938473 -0.274138 -1.84213 
E 566 560 :0.992869 -0.00961732 0.118826 0.0164125 0.998277 -0.0563407 -0.118079 0.0578892 0.991315 ,-0.116916 -0.328941 -2.04076 
E 566 558 :0.99881 -0.0228878 0.0430627 0.0230555 0.999728 -0.00340205 -0.0429731 0.00439083 0.999067 ,-0.159291 -0.404723 -2.74071 
E 566 559 :0.999648 8.0827e-05 0.0265146 0.00223023 0.996195 -0.0871205 -0.0264207 0.087149 0.995845 ,-0.160149 -0.371249 -2.47909 
E 566 556 :0.98808 -0.0199655 0.152638 0.0243912 0.999333 -0.0271771 -0.151994 0.0305762 0.987908 ,-0.157393 -0.443014 -3.18598 
E 566 557 :0.993063 -0.0111869 0.117046 0.0101436 0.999903 0.0095051 -0.117141 -0.0082519 0.993081 ,-0.151403 -0.426514 -2.99269 
E 566 555 :0.994553 -0.0299931 0.0998233 0.0325976 0.999167 -0.0245632 -0.0990033 0.0276834 0.994702 ,-0.193948 -0.556666 -3.56447 
E 566 553 :0.99606 -0.0293087 0.083697 0.0341252 0.997807 -0.0567078 -0.0818514 0.0593405 0.994876 ,-0.206927 -0.654134 -4.32478 
E 566 552 :0.995658 -0.0248239 0.0897202 0.0293063 0.998369 -0.0489928 -0.0883577 0.0514094 0.994761 ,-0.233319 -0.749813 -4.84424 
E 576 575 :0.998671 0.00451895 -0.0513464 -0.00442966 0.999988 0.00185274 0.0513542 -0.00162283 0.998679 ,0.0164792 -0.057056 -0.313847 
E 576 574 :0.994903 0.00460564 -0.10073 -0.00463661 0.999989 -7.3336e-05 0.100728 0.000540007 0.994914 ,0.0496258 -0.0957786 -0.639322 
E 576 573 :0.998636 -0.0240875 -0.0463182 0.0246402 0.999631 0.0113994 0.0460266 -0.0125251 0.998862 ,0.106933 -0.177174 -1.21848 
E 576 572 :0.996043 -0.0243608 -0.0854741 0.0272642 0.999084 0.0329672 0.0845927 -0.0351671 0.995795 ,0.144757 -0.278986 -1.65508 
E 576 570 :0.998547 -0.0350615 -0.0409302 0.0366777 0.998549 0.0394253 0.0394885 -0.0408693 0.998384 ,0.333324 -0.477539 -2.74506 
E 576 569 :0.990956 -0.0210192 -0.132531 0.0193707 0.999718 -0.0137159 0.132782 0.0110246 0.991084 ,0.382217 -0.538752 -3.1784 
E 576 568 :0.998671 -0.0256379 -0.0447043 0.0243249 0.999264 -0.0296707 0.0454321 0.0285439 0.99856 ,0.505862 -0.659398 -3.81357 
E 576 567 :0.99761 0.0110035 -0.068211 -0.0115835 0.9999 -0.00811305 0.0681149 0.00888378 0.997638 ,0.537707 -0.770077 -4.27308 
E 574 573 :0.998068 -0.0298613 0.0544788 0.0292642 0.999503 0.0117253 -0.0548019 -0.0101084 0.998446 ,-0.000945857 -0.0814434 -0.58198 
E 574 572 :0.99936 -0.0324113 0.0151136 0.031897 0.998943 0.0331109 -0.0161708 -0.0326077 0.999337 ,-0.00682008 -0.183316 -1.02016 
E 574 570 :0.997265 -0.0436294 0.0596613 0.0412975 0.998355 0.0397755 -0.0612985 -0.0372029 0.997426 ,0.0719139 -0.381587 -2.12358 
E 574 569 :0.99919 -0.0244369 -0.0319616 0.0240061 0.999617 -0.0137909 0.0322864 0.0130125 0.999394 ,0.0771929 -0.442808 -2.55963 
E 574 568 :0.998045 -0.0272652 0.0562445 0.0289487 0.99915 -0.0293371 -0.0553968 0.0309079 0.997986 ,0.136786 -0.563227 -3.20402 
E 574 567 :0.99944 0.00720615 0.0326648 -0.00695197 0.999945 -0.00788838 -0.0327199 0.00765688 0.999435 ,0.122698 -0.674005 -3.66439 
E 574 566 :0.999443 -0.00229859 -0.0332826 0.00321302 0.999618 0.0274473 0.0332068 -0.027539 0.999069 ,0.122993 -0.711064 -4.0603 
E 574 565 :0.998958 -0.006699 0.045143 0.00710286 0.999936 -0.00879177 -0.0450813 0.00910325 0.998942 ,0.138787 -0.779343 -4.55441 
E 573 572 :0.99925 -0.0013285 -0.0387122 0.00220244 0.999743 0.0225415 0.0386723 -0.0226098 0.998996 ,0.0151691 -0.0972168 -0.439016 
E 573 570 :0.999906 -0.0122903 0.00604922 0.012117 0.999538 0.0278918 -0.00638922 -0.0278159 0.999593 ,0.148418 -0.286587 -1.53875 
E 573 569 :0.996193 0.00415019 -0.0870721 -0.00616923 0.999718 -0.0229319 0.0869524 0.0233818 0.995938 ,0.175792 -0.343527 -1.97456 
E 573 568 :1 0.000332908 0.000585838 -0.000308554 0.999155 -0.0410901 -0.000599022 0.0410899 0.999155 ,0.26706 -0.459152 -2.61611 
E 573 567 :0.999099 0.0360352 -0.0224 -0.0364623 0.999155 -0.0189626 0.0216978 0.0197622 0.999569 ,0.274985 -0.564801 -3.07783 
E 573 566 :0.995787 0.028468 -0.087166 -0.0269689 0.999468 0.0183285 0.0876414 -0.0159005 0.996025 ,0.295893 -0.597849 -3.47354 
E 573 565 :0.999707 0.0220774 -0.00994531 -0.0222751 0.999547 -0.0202331 0.00949412 0.0204487 0.999746 ,0.336736 -0.66157 -3.96683 
E 573 562 :0.996491 0.0242773 -0.0801038 -0.0222071 0.999399 0.0266346 0.0807023 -0.0247623 0.996431 ,0.337387 -0.835589 -4.86503 
E 572 570 :0.998935 -0.0111554 0.0447626 0.01093 0.999926 0.00527606 -0.0448182 -0.00478118 0.998984 ,0.0902025 -0.164633 -1.10806 
E 572 569 :0.998795 0.00725312 -0.048542 -0.00945707 0.998927 -0.0453283 0.0481612 0.0457328 0.997792 ,0.100577 -0.211742 -1.54577 
E 572 568 :0.999225 0.00412228 0.0391345 -0.00162343 0.99797 -0.063671 -0.0393175 0.0635582 0.997203 ,0.166711 -0.312953 -2.19282 
E 572 567 :0.999108 0.0389729 0.0162306 -0.0382708 0.998404 -0.041528 -0.0178232 0.0408698 0.999006 ,0.156542 -0.408147 -2.65676 
E 572 566 :0.99837 0.030033 -0.0485416 -0.0302664 0.999534 -0.0040803 0.0483964 0.00554283 0.998813 ,0.162058 -0.432266 -3.05364 
E 572 565 :0.999275 0.025053 0.0286801 -0.0238122 0.998799 -0.0428188 -0.0297183 0.0421048 0.998671 ,0.183654 -0.484873 -3.54944 
E 572 563 :0.99955 0.00932733 -0.0285017 -0.00982565 0.9998 -0.0173941 0.0283337 0.0176664 0.999442 ,0.146967 -0.591162 -4.25445 
E 572 562 :0.998815 0.0255026 -0.0414508 -0.0253499 0.99967 0.00420512 0.0415443 -0.00314936 0.999132 ,0.149186 -0.638539 -4.45069 
E 569 568 :0.996143 -0.00225952 0.087716 0.00382771 0.999836 -0.017714 -0.0876616 0.0179814 0.995988 ,0.0358494 -0.130214 -0.644246 
E 569 567 :0.997408 0.0314523 0.0647171 -0.0317982 0.999485 0.00432157 -0.0645479 -0.00636826 0.997894 ,0.00424908 -0.246596 -1.10235 
E 569 566 :0.999783 0.0208111 -0.00034048 -0.0207794 0.998933 0.0412505 0.00119859 -0.0412345 0.999149 ,-0.00912775 -0.2888 -1.49752 
E 569 565 :0.996864 0.0176049 0.0771476 -0.0178979 0.999835 0.00310718 -0.0770802 -0.00447822 0.997015 ,-0.0109388 -0.363868 -1.9909 
E 569 563 :0.999803 0.000711745 0.0198315 -0.00126948 0.999604 0.0281251 -0.0198037 -0.0281447 0.999408 ,-0.0805304 -0.502551 -2.68775 
E 569 562 :0.999852 0.0158663 0.00667878 -0.0161783 0.998638 0.049593 -0.00588283 -0.0496937 0.998747 ,-0.0873176 -0.558836 -2.88152 
E 569 561 :0.991555 0.0455367 0.121426 -0.0419367 0.998606 -0.0320414 -0.122715 0.0266786 0.992083 ,-0.108033 -0.636684 -3.32689 
E 569 559 :0.999487 0.0207831 0.0243567 -0.0196341 0.998725 -0.0464993 -0.025292 0.0459973 0.998621 ,-0.176124 -0.758589 -3.95938 
E 569 560 :0.993035 0.0111403 0.11729 -0.00910699 0.999799 -0.0178575 -0.117466 0.016665 0.992937 ,-0.132169 -0.699143 -3.52312 
E 569 558 :0.999088 -0.00207891 0.0426424 0.000503643 0.999318 0.0369188 -0.0426901 -0.0368636 0.998408 ,-0.175874 -0.802837 -4.2194 
E 569 557 :0.993099 0.00962745 0.11688 -0.0153345 0.998728 0.0480279 -0.116269 -0.0494888 0.991984 ,-0.168355 -0.835163 -4.47026 
E 569 556 :0.988426 0.000825625 0.151703 -0.00243633 0.999943 0.0104319 -0.151686 -0.0106808 0.988371 ,-0.174621 -0.859494 -4.66271 
E 577 576 :0.999968 0.00687135 0.00404129 -0.00683769 0.999942 -0.00828347 -0.00409798 0.00825557 0.999958 ,0.0128434 -0.0664645 -0.264781 
E 577 575 :0.998816 0.0113835 -0.0472961 -0.0116834 0.999913 -0.0060688 0.0472229 0.0066142 0.998862 ,0.0276616 -0.12103 -0.579153 
E 577 574 :0.995247 0.0114789 -0.0967065 -0.0122736 0.999896 -0.00762591 0.0966088 0.00877659 0.995284 ,0.0592258 -0.157281 -0.905069 
E 577 573 :0.99896 -0.0172685 -0.0422017 0.0174292 0.999842 0.00344139 0.0421356 -0.00417335 0.999103 ,0.113631 -0.234266 -1.48511 
E 577 572 :0.99654 -0.017637 -0.0812205 0.0197513 0.999485 0.0253011 0.0807324 -0.0268178 0.996375 ,0.14899 -0.332714 -1.92269 
E 577 570 :0.998927 -0.0283642 -0.0366233 0.0295207 0.99907 0.0314329 0.0356976 -0.0324803 0.998835 ,0.331782 -0.523516 -3.01503 
E 577 569 :0.991594 -0.0141045 -0.128616 0.0114938 0.999713 -0.0210185 0.128875 0.0193635 0.991472 ,0.378502 -0.581471 -3.44906 
E 577 568 :0.99899 -0.0186555 -0.0408713 0.0171186 0.999145 -0.0376349 0.0415384 0.0368972 0.998455 ,0.498747 -0.697694 -4.08571 
E 570 569 :0.99547 0.016114 -0.0937051 -0.0208286 0.998554 -0.0495541 0.0927711 0.0512814 0.994366 ,0.0294656 -0.0451284 -0.437049 
E 570 568 :0.999906 0.0121772 -0.00629593 -0.0125821 0.997546 -0.0688707 0.00544183 0.0689434 0.997606 ,0.123423 -0.143976 -1.08102 
E 570 567 :0.998425 0.0480123 -0.0290142 -0.0493282 0.9977 -0.0464824 0.0267157 0.0478404 0.998498 ,0.133018 -0.236831 -1.54544 
E 570 566 :0.994807 0.0406775 -0.0932995 -0.0416328 0.999098 -0.00831401 0.0928772 0.0121551 0.995603 ,0.156051 -0.259113 -1.94179 
E 570 565 :0.999282 0.0340562 -0.0165771 -0.0348156 0.998245 -0.0479104 0.0149164 0.0484532 0.998714 ,0.19927 -0.309586 -2.4364 
E 570 563 :0.997109 0.0194535 -0.0734547 -0.0211108 0.999538 -0.0218534 0.0729956 0.0233409 0.997059 ,0.193058 -0.412087 -3.1429 
E 570 561 :0.997887 0.058922 0.0273959 -0.0564477 0.994892 -0.083686 -0.0321869 0.0819627 0.996116 ,0.223409 -0.513781 -3.78787 
E 570 562 :0.995613 0.036543 -0.08614 -0.0366889 0.999327 -0.000109826 0.086078 0.00326972 0.996283 ,0.203551 -0.458547 -3.33909 
E 570 559 :0.997013 0.0324722 -0.0700788 -0.0391703 0.994569 -0.0964252 0.0665671 0.0988822 0.99287 ,0.212929 -0.602749 -4.42937 
E 596 595 :0.997456 -0.0379106 -0.0603641 0.0387006 0.999179 0.0119717 0.0598607 -0.0142774 0.998105 ,0.0536869 -0.11667 -0.523529 
E 596 594 :0.996943 -0.0437652 -0.0647184 0.0442634 0.999 0.00628379 0.0643787 -0.00912924 0.997884 ,0.0760834 -0.157917 -0.93077 
E 596 593 :0.992608 -0.0617434 -0.104489 0.065794 0.997192 0.0357713 0.101987 -0.0423816 0.993883 ,0.0806636 -0.259774 -1.3156 
E 596 592 :0.989743 -0.0972137 -0.104684 0.0965921 0.995263 -0.0110036 0.105258 0.000779064 0.994445 ,0.126145 -0.320462 -1.64901 
E 596 591 :0.998059 -0.0612564 0.0111763 0.061187 0.998105 0.00644817 -0.0115501 -0.00575181 0.999917 ,0.204253 -0.382552 -1.96888 
E 596 590 :0.996291 -0.0678377 0.0529288 0.0671049 0.997625 0.015504 -0.0538549 -0.0118947 0.998478 ,0.223761 -0.427894 -2.30279 
E 596 589 :0.996855 -0.0740198 0.0283073 0.07316 0.99686 0.0302922 -0.0304606 -0.028126 0.99914 ,0.22007 -0.504703 -2.49677 
E 596 587 :0.996468 -0.083152 -0.0117211 0.0835973 0.995493 0.0447794 0.00794477 -0.045601 0.998928 ,0.227075 -0.558361 -2.96754 
E 596 586 :0.99829 -0.0312305 0.0494211 0.0286418 0.998223 0.05225 -0.0509651 -0.0507451 0.99741 ,0.258258 -0.645517 -3.29188 
E 596 585 :0.997866 -0.00249181 0.065253 0.00119261 0.9998 0.0199415 -0.0652897 -0.0198211 0.997669 ,0.259195 -0.686331 -3.62822 
E 595 594 :0.999974 -0.00553844 -0.00457655 0.00551318 0.99997 -0.005515 0.00460696 0.00548963 0.999974 ,-0.00363452 -0.0362478 -0.408315 
E 595 593 :0.998734 -0.0255314 -0.0433439 0.0266536 0.999319 0.0255131 0.042663 -0.0266361 0.998734 ,-0.0260444 -0.132701 -0.793916 
E 595 592 :0.997264 -0.0584026 -0.0453157 0.0574883 0.998121 -0.021224 0.0464701 0.0185608 0.998747 ,-0.00298602 -0.190304 -1.13017 
E 595 591 :0.997197 -0.0228176 0.0712531 0.0234646 0.999691 -0.008257 -0.0710427 0.00990579 0.997424 ,0.0533735 -0.250736 -1.45488 
E 595 590 :0.99313 -0.0297685 0.113164 0.0300487 0.999548 -0.000770895 -0.11309 0.00416603 0.993576 ,0.0510887 -0.292014 -1.78988 
E 595 589 :0.995327 -0.0369361 0.0892169 0.0357435 0.999249 0.0149291 -0.0897014 -0.0116704 0.9959 ,0.0328232 -0.36585 -1.98419 
E 595 587 :0.997644 -0.047144 0.0498383 0.0456386 0.998479 0.0309249 -0.0512204 -0.0285775 0.998278 ,0.00955267 -0.413008 -2.45513 
E 595 586 :0.993808 0.0044431 0.111023 -0.00849985 0.999312 0.0360931 -0.110787 -0.0368133 0.993162 ,0.0178679 -0.496644 -2.78179 
E 595 585 :0.991465 0.0350209 0.12558 -0.0357059 0.999357 0.00320727 -0.125387 -0.00766384 0.992078 ,-0.00291056 -0.532658 -3.11804 
E 595 584 :0.994802 0.0293016 0.0975179 -0.0321971 0.999082 0.0282516 -0.0966006 -0.0312445 0.994833 ,-0.0295728 -0.598717 -3.31563 
E 575 574 :0.998774 0.000197635 -0.0495027 -0.000304096 0.999998 -0.0021431 0.0495022 0.00215553 0.998772 ,0.0165597 -0.0380442 -0.326818 
E 575 573 :0.999563 -0.0291267 0.00498856 0.029078 0.999531 0.00956895 -0.00526493 -0.00941971 0.999942 ,0.0444085 -0.11824 -0.908306 
E 575 572 :0.998942 -0.03056 -0.0343683 0.0316277 0.99902 0.0309646 0.0333883 -0.0320188 0.998929 ,0.0602125 -0.219171 -1.34646 
E 575 570 :0.999085 -0.041537 0.0102207 0.0411255 0.998446 0.0376197 -0.0117674 -0.037165 0.99924 ,0.193433 -0.415101 -2.44505 
E 575 569 :0.996372 -0.0248535 -0.0813978 0.023633 0.999594 -0.015923 0.0817605 0.0139415 0.996554 ,0.220279 -0.475389 -2.88044 
E 575 568 :0.999569 -0.0285644 0.00676674 0.0287639 0.99909 -0.0314929 -0.00586101 0.031674 0.999481 ,0.311675 -0.594444 -3.52135 
E 575 567 :0.999833 0.0070159 -0.0168515 -0.00718576 0.999924 -0.0100402 0.0167798 0.0101596 0.999808 ,0.320371 -0.704232 -3.98208 
E 575 566 :0.996575 -0.000734962 -0.082693 0.00283792 0.999675 0.0253162 0.0826476 -0.0254642 0.996253 ,0.340257 -0.740443 -4.37757 
E 585 584 :0.999574 -0.0027039 -0.0290621 0.00340275 0.999706 0.0240243 0.0289886 -0.024113 0.999289 ,0.00069926 -0.0654363 -0.199585 
E 585 583 :0.993971 -0.0198443 -0.107831 0.0223204 0.999513 0.0218048 0.107345 -0.0240801 0.99393 ,-0.0137444 -0.101332 -0.461617 
E 585 582 :0.984435 -0.0388112 -0.171412 0.0430116 0.998857 0.0208579 0.170406 -0.0279059 0.984979 ,0.0301368 -0.171008 -0.857183 
E 585 581 :0.993693 -0.0569665 -0.0965894 0.0582936 0.998239 0.0109717 0.0957943 -0.016533 0.995264 ,0.0737456 -0.207631 -1.0392 
E 585 580 :0.996152 -0.0256838 -0.0837945 0.0259279 0.999662 0.0018265 0.0837193 -0.00399209 0.996481 ,0.133092 -0.278184 -1.49542 
E 585 579 :0.992657 -0.0216237 -0.119012 0.021142 0.999762 -0.00530879 0.119099 0.00275366 0.992879 ,0.151916 -0.339513 -1.74907 
E 585 577 :0.998993 -0.0345904 -0.0285655 0.0349503 0.999315 0.0121974 0.028124 -0.0131834 0.999518 ,0.280656 -0.435514 -2.59254 
E 585 576 :0.999315 -0.0279598 -0.0242405 0.0280662 0.999598 0.00406029 0.0241172 -0.00473785 0.999698 ,0.303349 -0.504714 -2.85595 
E 585 575 :0.996866 -0.0234043 -0.0755715 0.0238096 0.999707 0.00446582 0.0754448 -0.00625115 0.99713 ,0.32902 -0.562558 -3.16904 
E 579 577 :0.995746 -0.0147791 0.0909434 0.0134176 0.999789 0.0155645 -0.0911542 -0.014278 0.995734 ,0.0253097 -0.101085 -0.85227 
E 579 576 :0.995443 -0.00718535 0.095086 0.00651712 0.999952 0.00733632 -0.0951342 -0.00668321 0.995442 ,0.0150007 -0.171484 -1.11614 
E 579 575 :0.999035 -0.00284121 0.0438347 0.00245576 0.999958 0.00884465 -0.043858 -0.00872847 0.999 ,0.00197223 -0.230733 -1.42975 
E 579 574 :0.999981 -0.00254927 -0.00566795 0.00258649 0.999975 0.00656921 0.00565106 -0.00658374 0.999962 ,0.00429801 -0.271625 -1.75663 
E 579 573 :0.998285 -0.0323514 0.0487887 0.0314849 0.999334 0.0184249 -0.0493523 -0.0168572 0.998639 ,0.00685843 -0.356892 -2.33806 
E 579 572 :0.999351 -0.0347724 0.00936472 0.0343748 0.99862 0.039714 -0.0107327 -0.0393664 0.999167 ,0.00372761 -0.461655 -2.77559 
E 579 570 :0.997488 -0.0459628 0.0539054 0.0434732 0.997973 0.0464812 -0.0559325 -0.0440209 0.997464 ,0.0892196 -0.666967 -3.87721 
E 579 569 :0.998927 -0.0270584 -0.0375903 0.026802 0.999614 -0.00730804 0.0377736 0.0062927 0.999267 ,0.0971261 -0.731037 -4.31281 
E 593 592 :0.999516 -0.0309333 -0.00321444 0.0307498 0.998438 -0.0466553 0.00465262 0.0465339 0.998906 ,0.00714842 -0.0491959 -0.338293 
E 593 591 :0.993529 0.00427925 0.113496 -0.000118871 0.999329 -0.0366381 -0.113577 0.0363875 0.992863 ,0.0479724 -0.102377 -0.666585 
E 593 590 :0.987849 -0.00291152 0.155389 0.00768452 0.999517 -0.0301246 -0.155226 0.0309526 0.987394 ,0.0302983 -0.134645 -1.00211 
E 593 589 :0.991193 -0.0107537 0.13199 0.0126964 0.999823 -0.0138858 -0.131817 0.0154393 0.991154 ,0.00179793 -0.202789 -1.19727 
E 593 587 :0.995412 -0.0216905 0.093189 0.0215006 0.999764 0.00304115 -0.093233 -0.00102358 0.995644 ,-0.0427919 -0.236777 -1.66781 
E 593 586 :0.987597 0.0295022 0.154216 -0.0309164 0.999499 0.00677998 -0.153939 -0.0114637 0.988014 ,-0.0506523 -0.311868 -1.99654 
E 593 585 :0.983909 0.061286 0.167832 -0.0576552 0.997987 -0.0264262 -0.169113 0.0163246 0.985461 ,-0.0867098 -0.33837 -2.33239 
E 593 584 :0.988563 0.0545607 0.14059 -0.0550008 0.998486 -0.000755893 -0.140418 -0.00698532 0.990068 ,-0.123529 -0.39844 -2.53026 
E 593 583 :0.997361 0.0376898 0.0620537 -0.0378689 0.999281 0.00171203 -0.0619446 -0.00405742 0.998071 ,-0.183917 -0.426506 -2.78662 
E 593 581 :0.997353 0.00235355 0.0726739 -0.00164686 0.999951 -0.00978259 -0.0726934 0.00963701 0.997308 ,-0.201286 -0.522373 -3.37233 
E 583 582 :0.997752 -0.0192779 -0.0641797 0.0193518 0.999813 0.000530873 0.0641574 -0.00177167 0.997938 ,-0.000400789 -0.0609875 -0.399416 
E 583 581 :0.999286 -0.0361166 0.0110748 0.0362393 0.999282 -0.011083 -0.0106665 0.0114764 0.999877 ,0.0225895 -0.0940756 -0.585825 
E 583 580 :0.999712 -0.0036446 0.0237191 0.0041314 0.999781 -0.0205069 -0.0236392 0.020599 0.999508 ,0.0310292 -0.154786 -1.04722 
E 583 579 :0.999929 0.00111741 -0.0118323 -0.00143484 0.999638 -0.0268531 0.011798 0.0268682 0.999569 ,0.0211431 -0.21035 -1.3027 
E 583 577 :0.99677 -0.0134919 0.0791725 0.0144318 0.999832 -0.0113102 -0.0790066 0.0124163 0.996797 ,0.0564223 -0.288549 -2.15702 
E 583 576 :0.996506 -0.0059884 0.0833092 0.00764111 0.99978 -0.0195335 -0.0831739 0.0201018 0.996332 ,0.0491575 -0.351822 -2.42279 
E 583 575 :0.999486 -0.00162037 0.0320211 0.00219914 0.999835 -0.0180477 -0.0319866 0.0181089 0.999324 ,0.0397745 -0.402609 -2.738 
E 583 574 :0.999846 -0.00135381 -0.017492 0.000998995 0.999794 -0.0202772 0.0175159 0.0202566 0.999641 ,0.0459222 -0.434712 -3.06582 
E 580 579 :0.999357 0.00461185 -0.0355688 -0.00483584 0.999969 -0.00621398 0.035539 0.00638198 0.999348 ,-0.00407352 -0.0607788 -0.254447 
E 580 577 :0.99841 -0.00965087 0.0555396 0.00916832 0.999918 0.00893673 -0.0556213 -0.00841332 0.998416 ,0.0510679 -0.156687 -1.10591 
E 580 576 :0.998217 -0.00233138 0.059652 0.00229427 0.999997 0.000690621 -0.0596535 -0.000552531 0.998219 ,0.0498264 -0.225395 -1.37042 
E 580 575 :0.999963 0.00208273 0.00831412 -0.00210296 0.999995 0.00242464 -0.00830903 -0.00244203 0.999962 ,0.0476876 -0.282629 -1.68466 
E 580 574 :0.999148 0.00229828 -0.0412014 -0.00228445 0.999997 0.00038267 0.0412022 -0.000288222 0.999151 ,0.0614502 -0.321501 -2.01151 
E 580 573 :0.999543 -0.0271222 0.0133219 0.0269631 0.999565 0.0119829 -0.0136411 -0.0116182 0.999839 ,0.0842964 -0.403164 -2.59302 
E 580 572 :0.999249 -0.0287444 -0.0259973 0.0296077 0.999001 0.0334587 0.0250096 -0.0342033 0.999102 ,0.0962468 -0.50519 -3.03104 
E 580 570 :0.999036 -0.0397649 0.0186065 0.0389958 0.998438 0.0400208 -0.0201688 -0.0392567 0.999026 ,0.21992 -0.704063 -4.13022 
E 582 581 :0.997057 -0.0159612 0.0749849 0.0169873 0.99977 -0.0130659 -0.0747592 0.0143012 0.997099 ,0.0103388 -0.0331949 -0.187518 
E 582 580 :0.996028 0.0170328 0.0873948 -0.0150998 0.999628 -0.0227312 -0.0877494 0.0213212 0.995914 ,-0.0120173 -0.0932388 -0.648536 
E 582 579 :0.998411 0.0221835 0.0518045 -0.020732 0.999382 -0.0283909 -0.0524022 0.0272718 0.998254 ,-0.0393473 -0.14815 -0.902882 
E 582 577 :0.989739 0.00668355 0.142728 -0.00464657 0.999883 -0.0146004 -0.142808 0.0137874 0.989654 ,-0.0604716 -0.2255 -1.75775 
E 582 576 :0.989077 0.0146623 0.146666 -0.0114235 0.999672 -0.022901 -0.146954 0.0209755 0.988921 ,-0.0859957 -0.288151 -2.02254 
E 582 575 :0.99523 0.0188937 0.0957139 -0.0170126 0.999646 -0.0204321 -0.0960661 0.0187063 0.995199 ,-0.116564 -0.338189 -2.33653 
E 582 574 :0.998742 0.0192967 0.0462893 -0.0183071 0.999597 -0.0217072 -0.0466895 0.0208325 0.998692 ,-0.132083 -0.369824 -2.66408 
E 582 573 :0.99484 -0.0110045 0.100854 0.0121702 0.999866 -0.0109502 -0.10072 0.0121211 0.994841 ,-0.161539 -0.438584 -3.24695 
E 582 572 :0.99797 -0.0146036 0.0619921 0.0139397 0.999841 0.0111281 -0.0621448 -0.0102413 0.998015 ,-0.189654 -0.530795 -3.68641 
E 592 591 :0.992517 0.0351757 0.116934 -0.0361369 0.999328 0.00611014 -0.11664 -0.01029 0.993121 ,0.0376415 -0.0696379 -0.325583 
E 592 590 :0.986885 0.0279689 0.158981 -0.0301082 0.999485 0.0110631 -0.15859 -0.0157046 0.98722 ,0.0174227 -0.116922 -0.659179 
E 592 589 :0.99049 0.0200678 0.136111 -0.0241183 0.999312 0.0281752 -0.135452 -0.0311901 0.990293 ,-0.0140674 -0.193159 -0.850854 
E 592 587 :0.995158 0.00905787 0.0978698 -0.0136629 0.998826 0.0464849 -0.0973338 -0.047597 0.994113 ,-0.0618699 -0.247611 -1.31915 
E 592 586 :0.985452 0.060169 0.158947 -0.0685811 0.996491 0.0479751 -0.155502 -0.0581779 0.986121 ,-0.073565 -0.337638 -1.64399 
E 592 585 :0.980873 0.0920203 0.171523 -0.0958702 0.995291 0.0142808 -0.169401 -0.0304516 0.985077 ,-0.111983 -0.378612 -1.97812 
E 592 584 :0.985741 0.0852051 0.145105 -0.0920286 0.994913 0.0409681 -0.140876 -0.0537377 0.988568 ,-0.151552 -0.446657 -2.17285 
E 592 583 :0.995426 0.0683804 0.06672 -0.0715439 0.996365 0.046234 -0.063316 -0.0507959 0.9967 ,-0.213967 -0.484741 -2.42743 
E 592 581 :0.996482 0.0331456 0.0769781 -0.0358784 0.998764 0.0343932 -0.0757429 -0.0370341 0.996439 ,-0.237 -0.607176 -3.00798 
E 592 582 :0.998792 0.0490597 0.00273264 -0.0491353 0.997476 0.0512592 -0.000210977 -0.0513316 0.998682 ,-0.245185 -0.563945 -2.82241 
E 584 583 :0.996735 -0.0171328 -0.0788978 0.0170378 0.999853 -0.00187672 0.0789183 0.000526346 0.996881 ,-0.0221556 -0.0295276 -0.262288 
E 584 582 :0.989102 -0.0362047 -0.142714 0.0362281 0.999341 -0.00243554 0.142708 -0.00276128 0.989761 ,0.0100029 -0.0897634 -0.660522 
E 584 581 :0.996245 -0.0540247 -0.0676596 0.0532797 0.998498 -0.0127692 0.0682478 0.00911632 0.997627 ,0.0481922 -0.122105 -0.844553 
E 584 580 :0.998243 -0.022387 -0.054866 0.0212081 0.999534 -0.0219756 0.0553324 0.0207734 0.998252 ,0.0940476 -0.181797 -1.30388 
E 584 579 :0.995759 -0.0181327 -0.0901974 0.0155799 0.99946 -0.0289267 0.0906732 0.0273988 0.995504 ,0.105302 -0.237042 -1.55937 
E 584 577 :0.999502 -0.0315574 0.000462824 0.0315607 0.999432 -0.0118304 -8.92248e-05 0.0118391 0.99993 ,0.20921 -0.313024 -2.40828 
E 584 576 :0.999684 -0.0246839 0.00476349 0.0247744 0.999493 -0.0199811 -0.00426787 0.0200928 0.999789 ,0.224022 -0.375913 -2.67383 
E 584 575 :0.998709 -0.0201738 -0.0466187 0.0192879 0.999626 -0.019375 0.0469921 0.0184508 0.998725 ,0.240409 -0.426261 -2.98883 
E 586 585 :0.999521 0.0271587 0.0148662 -0.0266602 0.999108 -0.0327586 -0.0157426 0.0323466 0.999353 ,0.0169084 -0.0237026 -0.337558 
E 586 584 :0.999618 0.0240896 -0.0135401 -0.0241988 0.999675 -0.00795764 0.013344 0.00828225 0.999877 ,0.012863 -0.082561 -0.539142 
E 586 583 :0.995697 0.00695269 -0.0924107 -0.00771549 0.999939 -0.0078997 0.0923502 0.0085787 0.99569 ,-0.00644401 -0.109456 -0.801938 
E 586 581 :0.996224 -0.0300741 -0.0814493 0.0286114 0.999409 -0.0190665 0.0819746 0.0166641 0.996495 ,0.0695308 -0.199072 -1.38396 
E 586 582 :0.987664 -0.0120798 -0.15612 0.0111457 0.999914 -0.00685739 0.156189 0.00503274 0.987714 ,0.0296433 -0.167281 -1.20019 
E 586 580 :0.997623 0.00141868 -0.0688908 -0.00339538 0.999586 -0.0285845 0.0688217 0.0287505 0.997215 ,0.12015 -0.256199 -1.84311 
E 586 579 :0.994526 0.00557987 -0.104339 -0.0092429 0.999357 -0.0346565 0.104078 0.0354312 0.993938 ,0.133529 -0.309665 -2.09887 
E 586 577 :0.999882 -0.00762977 -0.0133615 0.00736445 0.999777 -0.0197948 0.0135095 0.0196941 0.999715 ,0.247061 -0.381382 -2.94692 
E 587 586 :0.996753 0.0519254 0.0615387 -0.052173 0.998635 0.00242206 -0.061329 -0.00562485 0.998102 ,0.0212098 -0.0745659 -0.32826 
E 587 585 :0.993922 0.0809402 0.0746158 -0.07881 0.996405 -0.031069 -0.0768624 0.0249997 0.996728 ,0.0160596 -0.0999359 -0.666081 
E 587 584 :0.995937 0.0764296 0.0476218 -0.0762865 0.997074 -0.00481859 -0.0478508 0.00116611 0.998854 ,-0.00343405 -0.158991 -0.866703 
E 587 583 :0.997746 0.0593803 -0.0312474 -0.0594298 0.998232 -0.000655956 0.0311532 0.0025115 0.999511 ,-0.0402471 -0.185478 -1.12767 
E 587 582 :0.994648 0.0401901 -0.0951865 -0.0400206 0.999192 0.00368951 0.0952578 0.000139656 0.995453 ,-0.0317877 -0.246072 -1.52705 
E 587 581 :0.999519 0.0229438 -0.0208518 -0.0232051 0.999654 -0.0123774 0.0205606 0.0128554 0.999706 ,-0.00498918 -0.280346 -1.71274 
E 587 580 :0.998443 0.0550873 -0.00878409 -0.055273 0.998217 -0.0225359 0.00752699 0.0229864 0.999707 ,0.0142439 -0.341147 -2.1738 
E 587 579 :0.997222 0.0596342 -0.0446341 -0.0608656 0.997787 -0.0267582 0.0429396 0.0294005 0.998645 ,0.00906364 -0.395859 -2.4296 
E 589 587 :0.999208 -0.00867111 -0.0388362 0.00935299 0.999805 0.0174105 0.0386776 -0.01776 0.999094 ,0.0173968 -0.0407674 -0.471792 
E 589 586 :0.998798 0.0434435 0.0227066 -0.043908 0.998828 0.0203746 -0.0217948 -0.0213471 0.999535 ,0.0519847 -0.120835 -0.79761 
E 589 585 :0.996803 0.0712652 0.036117 -0.0708366 0.997403 -0.0130115 -0.0369505 0.0104115 0.999263 ,0.0601783 -0.15213 -1.13487 
E 589 584 :0.997668 0.0676781 0.00883423 -0.0677897 0.997615 0.0130183 -0.0079321 -0.0135868 0.999876 ,0.0490035 -0.214849 -1.33502 
E 589 583 :0.996261 0.0505799 -0.0700341 -0.0495439 0.998636 0.0164539 0.0707709 -0.0129227 0.997409 ,0.0225841 -0.246219 -1.5967 
E 589 581 :0.99813 0.0137582 -0.0595527 -0.0134941 0.999897 0.00483536 0.0596131 -0.00402271 0.998213 ,0.0813586 -0.350925 -2.17819 
E 589 582 :0.990508 0.0314887 -0.133803 -0.0290514 0.999375 0.0201299 0.134353 -0.0160516 0.990804 ,0.0470728 -0.313676 -1.99432 
E 589 580 :0.997839 0.0454953 -0.0474065 -0.0457928 0.998937 -0.00520827 0.0471192 0.00736789 0.998862 ,0.119009 -0.419562 -2.63701 
E 597 596 :0.999513 -0.00110952 -0.0311748 0.00115296 0.999998 0.00137535 0.0311732 -0.00141063 0.999513 ,0.0301322 -0.0600102 -0.319744 
E 597 595 :0.995062 -0.0385557 -0.0914638 0.0399329 0.999114 0.0132748 0.0908709 -0.0168617 0.99572 ,0.100243 -0.177338 -0.84118 
E 597 594 :0.994402 -0.0445677 -0.0958027 0.0455013 0.998936 0.00758161 0.0953629 -0.0118983 0.995371 ,0.13537 -0.219119 -1.24747 
E 597 592 :0.985872 -0.098295 -0.135623 0.0978779 0.995151 -0.00975658 0.135924 -0.00365573 0.990713 ,0.207979 -0.382595 -1.96357 
E 597 593 :0.988872 -0.0614985 -0.135462 0.0670786 0.997061 0.0370177 0.132787 -0.0456923 0.990091 ,0.152058 -0.3215 -1.63183 
E 597 591 :0.997866 -0.0621547 -0.0200085 0.0623217 0.998025 0.00783628 0.019482 -0.00906652 0.999769 ,0.29609 -0.445034 -2.28076 
E 597 590 :0.997411 -0.0685408 0.0217585 0.0681794 0.997529 0.0169383 -0.0228657 -0.015411 0.99962 ,0.326048 -0.490813 -2.61383 
E 597 589 :0.997238 -0.074213 -0.0028881 0.0742673 0.996734 0.0316989 0.00052619 -0.0318259 0.999493 ,0.328492 -0.567893 -2.80773 
E 597 587 :0.995643 -0.0827944 -0.0429065 0.084757 0.995333 0.0461396 0.0388861 -0.0495752 0.998013 ,0.350229 -0.62219 -3.27797 
E 597 586 :0.999361 -0.0307409 0.018245 0.0297226 0.998116 0.0536787 -0.0198608 -0.0531021 0.998392 ,0.391604 -0.709756 -3.60106 
E 591 590 :0.999086 -0.00652699 0.0422422 0.00625832 0.999959 0.00648937 -0.0422829 -0.00621907 0.999086 ,0.020552 -0.044531 -0.333955 
E 591 589 :0.999749 -0.0125565 0.0185657 0.0121329 0.999667 0.0227539 -0.0188452 -0.022523 0.999569 ,0.0144096 -0.119852 -0.528459 
E 591 587 :0.999558 -0.0215527 -0.0204961 0.0223532 0.998963 0.0396669 0.01962 -0.0401075 0.999003 ,0.0235548 -0.17113 -0.999457 
E 591 586 :0.998694 0.0304945 0.0410021 -0.032271 0.998537 0.0433867 -0.039619 -0.0446532 0.998217 ,0.0530904 -0.258166 -1.32398 
E 591 585 :0.996756 0.0589167 0.0548234 -0.0595597 0.998173 0.0101682 -0.0541241 -0.0134004 0.998444 ,0.0554133 -0.297025 -1.66055 
E 591 584 :0.998121 0.0548823 0.0272319 -0.0558431 0.997795 0.0358723 -0.0252031 -0.0373256 0.998985 ,0.041313 -0.364413 -1.85899 
E 591 583 :0.997947 0.037788 -0.0517055 -0.0358295 0.998624 0.0382937 0.0530814 -0.0363625 0.997928 ,0.0104359 -0.402047 -2.11935 
E 591 581 :0.999156 0.00112492 -0.041066 -2.29624e-05 0.99964 0.0268245 0.0410814 -0.0268009 0.998796 ,0.0597145 -0.519236 -2.69934 
E 591 582 :0.993118 0.0186342 -0.115627 -0.013967 0.99906 0.0410444 0.116283 -0.039147 0.992444 ,0.0283834 -0.478231 -2.51574 
E 590 589 :0.999708 -0.00533643 -0.0235735 0.00572426 0.999849 0.0164154 0.0234823 -0.0165456 0.999587 ,0.00161603 -0.0740685 -0.195075 
E 590 587 :0.997954 -0.0135853 -0.0624699 0.0157062 0.999312 0.0335862 0.0619706 -0.0344986 0.997482 ,0.0303471 -0.122475 -0.665589 
E 590 586 :0.999254 0.0386038 -0.000971334 -0.0385417 0.998575 0.0369093 0.00239479 -0.0368444 0.999318 ,0.0730329 -0.207681 -0.989135 
E 590 585 :0.997761 0.0656764 0.0126198 -0.0657265 0.997831 0.00360052 -0.012356 -0.00442191 0.999914 ,0.0893415 -0.244461 -1.32555 
E 590 584 :0.997925 0.0626549 -0.0148084 -0.0621988 0.997628 0.0294803 0.0166204 -0.0284981 0.999456 ,0.0832229 -0.31052 -1.52484 
E 590 583 :0.994566 0.0455406 -0.0936139 -0.0426718 0.998563 0.0324235 0.094956 -0.0282526 0.99508 ,0.0631472 -0.346332 -1.78651 
E 590 581 :0.996505 0.00851318 -0.0830925 -0.00679993 0.999759 0.0208798 0.0832503 -0.0202419 0.996323 ,0.136171 -0.46023 -2.36465 
E 590 582 :0.987206 0.0265248 -0.157228 -0.0211716 0.999141 0.0356254 0.158038 -0.0318408 0.98692 ,0.0973621 -0.420165 -2.18228 
E 601 599 :0.996764 -0.0141727 -0.0791245 0.013365 0.999853 -0.0107282 0.079265 0.00963598 0.996807 ,0.0918704 -0.184545 -0.925727 
E 601 597 :0.999793 0.0140142 -0.0147529 -0.0143871 0.999572 -0.0254823 0.0143894 0.0256893 0.999566 ,0.182991 -0.261133 -1.45273 
E 601 596 :0.998863 0.0129257 -0.0458948 -0.014022 0.999622 -0.0236466 0.0455718 0.0242633 0.998666 ,0.216993 -0.313404 -1.77344 
E 601 595 :0.994075 -0.0242971 -0.105949 0.0232841 0.999671 -0.0107882 0.106176 0.00825737 0.994313 ,0.293138 -0.418402 -2.29666 
E 601 594 :0.993427 -0.0303836 -0.110361 0.0287451 0.999452 -0.0164077 0.110799 0.0131275 0.993756 ,0.333666 -0.450318 -2.70334 
E 594 593 :0.999052 -0.020144 -0.038601 0.0213556 0.999284 0.0312351 0.0379442 -0.0320298 0.998766 ,-0.0247175 -0.0984427 -0.384956 
E 594 592 :0.997769 -0.0528127 -0.0408304 0.0522184 0.998516 -0.0154896 0.0415878 0.013323 0.999046 ,-0.00352639 -0.158017 -0.720986 
E 594 591 :0.996974 -0.0172599 0.0758009 0.017551 0.999841 -0.00317589 -0.075734 0.00449666 0.997118 ,0.0510026 -0.220543 -1.04562 
E 594 590 :0.992749 -0.0242379 0.117734 0.0239266 0.999705 0.00405674 -0.117798 -0.00121036 0.993037 ,0.0469469 -0.263646 -1.38037 
E 594 589 :0.995085 -0.0314799 0.093885 0.0297374 0.99936 0.0199016 -0.0944513 -0.0170119 0.995384 ,0.0273796 -0.338445 -1.57419 
E 594 587 :0.997634 -0.0417696 0.0546065 0.0398306 0.998553 0.0361281 -0.0560366 -0.0338676 0.997854 ,0.00168009 -0.388058 -2.04475 
E 594 586 :0.993225 0.00978277 0.115795 -0.0146119 0.999055 0.0409292 -0.115285 -0.0423439 0.99243 ,0.00802915 -0.473531 -2.37097 
E 594 585 :0.990665 0.0404943 0.130165 -0.0418843 0.999091 0.0079578 -0.129724 -0.0133354 0.99146 ,-0.0144964 -0.511274 -2.70692 
E 594 584 :0.994154 0.034665 0.102254 -0.0382361 0.998718 0.0331719 -0.100973 -0.0368878 0.994205 ,-0.0424325 -0.578269 -2.90402 
E 594 583 :0.999569 0.0176811 0.0234338 -0.0184774 0.999244 0.0342108 -0.0228112 -0.0346291 0.99914 ,-0.0923022 -0.615612 -3.16146 
E 617 616 :0.998399 -0.00199889 0.0565198 0.000641384 0.999711 0.0240262 -0.0565515 -0.0239515 0.998112 ,0.00487136 -0.0771432 -0.328935 
E 617 615 :0.999754 0.000869775 0.0221683 -0.00142374 0.999687 0.0249856 -0.0221396 -0.025011 0.999442 ,-0.0111791 -0.140818 -0.577069 
E 617 613 :0.999827 -0.000373952 -0.0186065 0.000783931 0.999757 0.0220318 0.0185938 -0.0220425 0.999584 ,0.00814561 -0.231117 -1.09572 
E 617 612 :0.998999 -0.00303255 0.0446265 0.00302479 0.999995 0.000241523 -0.044627 -0.000106295 0.999004 ,0.0223306 -0.254147 -1.28309 
E 617 611 :0.996464 -0.00105079 0.0840182 0.00145539 0.999988 -0.00475444 -0.0840122 0.00485991 0.996453 ,0.015386 -0.264691 -1.48598 
E 617 610 :0.99795 0.00236098 0.063962 -0.00307399 0.999934 0.0110513 -0.0639317 -0.0112253 0.997891 ,-0.00713374 -0.329118 -1.69236 
E 617 609 :0.999952 0.00167463 0.0096959 -0.00168224 0.999998 0.000776445 -0.00969459 -0.000792718 0.999953 ,-0.0421293 -0.393983 -1.95047 
E 605 604 :0.999029 -0.010849 0.0427057 0.0100947 0.99979 0.0178388 -0.0428903 -0.0173904 0.998928 ,-0.00187327 -0.0951087 -0.331518 
E 605 602 :0.999791 0.00620323 0.0194601 -0.00583818 0.999807 -0.0187603 -0.0195727 0.0186427 0.999635 ,0.0541257 -0.208841 -1.11697 
E 605 601 :0.999082 0.00522687 0.0425237 -0.00451585 0.999849 -0.0167994 -0.042605 0.016592 0.998954 ,0.0738096 -0.26156 -1.53176 
E 605 599 :0.999289 -0.00852378 -0.0367201 0.00753009 0.999604 -0.0271151 0.0369366 0.0268193 0.998958 ,0.125266 -0.43094 -2.4635 
E 604 602 :0.999601 0.0154903 -0.0236228 -0.0163433 0.999205 -0.0363515 0.0230409 0.0367231 0.99906 ,0.0884847 -0.100657 -0.784248 
E 604 601 :0.999893 0.0146033 -0.000532611 -0.014613 0.999293 -0.0346295 2.65306e-05 0.0346336 0.9994 ,0.125408 -0.146365 -1.19869 
E 604 599 :0.996811 0.000424871 -0.0798037 -0.00395508 0.99902 -0.0440833 0.0797067 0.0442583 0.995835 ,0.215066 -0.300064 -2.13025 
E 604 597 :0.999468 0.0285961 -0.0156558 -0.0294852 0.997771 -0.0598632 0.0139091 0.060293 0.998084 ,0.305339 -0.35968 -2.65959 
E 638 637 :0.996264 0.00654287 0.0861092 -0.00470907 0.999758 -0.0214822 -0.0862289 0.0209964 0.996054 ,0.0673044 -0.0977095 -0.586839 
E 638 636 :0.996345 0.016608 0.0837869 -0.0185852 0.999566 0.0228741 -0.0833707 -0.0243477 0.996221 ,0.0377733 -0.204928 -1.1755 
E 638 635 :0.996797 0.0106733 0.0792588 -0.010514 0.999942 -0.00242775 -0.0792801 0.00158665 0.996851 ,0.0454523 -0.294436 -1.74264 
E 638 634 :0.993282 0.0276026 0.112376 -0.0248497 0.999358 -0.0258244 -0.113017 0.0228584 0.99333 ,-0.00879033 -0.414551 -2.29427 
E 638 633 :0.999243 6.37646e-05 0.0389068 0.000539579 0.99988 -0.0154967 -0.0389032 0.015506 0.999123 ,-0.040516 -0.491378 -2.805 
E 638 632 :0.982572 0.0384266 0.181868 -0.0361143 0.999219 -0.0160096 -0.182341 0.00916252 0.983193 ,-0.01576 -0.584591 -3.35803 
E 638 631 :0.997729 0.0161316 0.0653957 -0.0139503 0.999335 -0.0336764 -0.0658955 0.0326876 0.997291 ,-0.0428306 -0.670887 -3.89444 
E 599 597 :0.997506 0.0293644 0.0641849 -0.0284161 0.999474 -0.0156377 -0.0646103 0.0137748 0.997815 ,0.0480292 -0.0829466 -0.531707 
E 599 596 :0.999055 0.028167 0.033097 -0.0277374 0.999526 -0.0133696 -0.0334579 0.0124389 0.999363 ,0.0558013 -0.138781 -0.853526 
E 599 595 :0.999585 -0.0102034 -0.0269357 0.0102151 0.999948 0.000296132 0.0269312 -0.00057116 0.999637 ,0.0888241 -0.249885 -1.37997 
E 599 594 :0.999379 -0.0158871 -0.0314534 0.0157291 0.999862 -0.00526534 0.0315327 0.00476734 0.999491 ,0.0965591 -0.286289 -1.78821 
E 599 593 :0.996898 -0.0349998 -0.0704879 0.036867 0.998998 0.0253648 0.0695295 -0.0278848 0.99719 ,0.0855291 -0.38308 -2.17422 
E 599 592 :0.995012 -0.0690625 -0.0719823 0.0676862 0.997477 -0.02139 0.0732779 0.0164111 0.997177 ,0.118223 -0.440544 -2.5097 
E 599 591 :0.998458 -0.0332752 0.0444415 0.0336288 0.999408 -0.00723334 -0.0441746 0.0087167 0.998986 ,0.183922 -0.500494 -2.83274 
E 599 590 :0.995458 -0.0400672 0.0863621 0.0401586 0.999193 0.000679355 -0.0863196 0.00279191 0.996264 ,0.191083 -0.541892 -3.16766 
E 599 589 :0.996966 -0.0468022 0.0622023 0.0458824 0.998817 0.0161346 -0.0628838 -0.0132316 0.997933 ,0.178812 -0.615969 -3.36235 
E 611 610 :0.999787 0.00475098 -0.0200832 -0.0044333 0.999865 0.0158336 0.0201557 -0.0157412 0.999673 ,-0.00519585 -0.0654053 -0.207229 
E 611 609 :0.997227 0.00319069 -0.0743455 -0.00278008 0.99998 0.00562593 0.074362 -0.00540364 0.997217 ,-0.0184775 -0.131487 -0.467056 
E 611 607 :0.993472 -0.0380842 -0.10753 0.0420635 0.998502 0.0349834 0.106036 -0.0392781 0.993586 ,0.0276574 -0.222532 -0.991323 
E 611 606 :0.99708 -0.0385577 -0.0659104 0.0409574 0.998532 0.0354529 0.0644466 -0.0380489 0.997196 ,0.0548347 -0.243273 -1.17561 
E 611 605 :0.999168 -0.0035288 -0.0406252 0.00492597 0.999398 0.034343 0.0404795 -0.0345146 0.998584 ,0.0684828 -0.254343 -1.37589 
E 611 604 :0.999905 -0.0136615 0.00202558 0.0135368 0.998537 0.0523447 -0.00273772 -0.0523123 0.998627 ,0.0804147 -0.360789 -1.70373 
E 611 602 :0.999776 0.00191259 -0.0211002 -0.00158191 0.999876 0.0156774 0.0211276 -0.0156405 0.999654 ,0.168678 -0.501152 -2.48188 
E 612 611 :0.99922 0.00175813 0.039451 -0.00155752 0.999986 -0.00511513 -0.0394595 0.0050497 0.999208 ,0.002085 -0.0105021 -0.203004 
E 612 610 :0.999795 0.00588416 0.0193985 -0.00609352 0.999924 0.0107512 -0.0193337 -0.0108672 0.999754 ,-0.0113972 -0.0748383 -0.410194 
E 612 609 :0.999378 0.00473312 -0.0349364 -0.00471361 0.999989 0.000640748 0.034939 -0.000475673 0.999389 ,-0.0350352 -0.13957 -0.669625 
E 612 607 :0.996954 -0.0378486 -0.0681864 0.0399731 0.998748 0.030068 0.066963 -0.0327021 0.997219 ,-0.0097792 -0.228003 -1.19576 
E 612 606 :0.998917 -0.0382731 -0.0264562 0.0390741 0.998772 0.0304543 0.0252582 -0.0314551 0.999186 ,0.0100701 -0.247844 -1.38108 
E 612 605 :0.999994 -0.00313062 -0.00113793 0.00316261 0.999566 0.0292979 0.00104571 -0.0293013 0.99957 ,0.0157871 -0.25791 -1.58179 
E 612 604 :0.99904 -0.0139591 0.0415129 0.0119932 0.998812 0.0472327 -0.0421229 -0.0466895 0.998021 ,0.0145888 -0.362696 -1.91038 
E 612 602 :0.999826 0.00305197 0.0183812 -0.00324713 0.999939 0.0105966 -0.0183477 -0.0106545 0.999775 ,0.0718373 -0.499215 -2.6921 
E 602 601 :0.999734 -0.000936266 0.0230606 0.000888285 0.999997 0.00209083 -0.0230625 -0.00206979 0.999732 ,0.0281062 -0.0603191 -0.413266 
E 602 599 :0.998314 -0.0148828 -0.0561064 0.0144161 0.999858 -0.0087143 0.0562282 0.00789077 0.998387 ,0.098777 -0.246718 -1.34048 
E 602 597 :0.999872 0.013667 0.00832555 -0.0134689 0.999635 -0.0234054 -0.00864239 0.0232903 0.999691 ,0.177792 -0.324327 -1.86929 
E 602 596 :0.999661 0.0125459 -0.0228305 -0.0130394 0.999682 -0.0215993 0.0225523 0.0218897 0.999506 ,0.204438 -0.377237 -2.19059 
E 602 595 :0.996237 -0.0250362 -0.0829807 0.024389 0.999664 -0.00880335 0.0831732 0.0067464 0.996512 ,0.268595 -0.483262 -2.7152 
E 606 605 :0.999061 0.0351898 0.0252554 -0.0351471 0.99938 -0.00213605 -0.0253149 0.0012464 0.999679 ,0.000247828 -0.00395937 -0.201006 
E 606 604 :0.997363 0.0239045 0.0685217 -0.0249329 0.999588 0.014193 -0.0681542 -0.0158641 0.997549 ,-0.0133432 -0.0982351 -0.532489 
E 606 602 :0.998153 0.0418513 0.0440278 -0.0409325 0.998929 -0.0215679 -0.0448833 0.0197259 0.998797 ,0.018764 -0.212188 -1.31925 
E 606 601 :0.996909 0.0408255 0.0671216 -0.0395368 0.999009 -0.0204174 -0.0678887 0.0177005 0.997536 ,0.0260986 -0.264679 -1.73447 
E 607 606 :0.999128 -0.000338814 0.0417502 0.000391675 0.999999 -0.00125795 -0.0417497 0.00127321 0.999127 ,0.00658629 -0.0145069 -0.186753 
E 607 605 :0.997145 0.0348726 0.0669709 -0.0347239 0.999391 -0.00338371 -0.0670481 0.00104856 0.997749 ,-0.00155679 -0.0182133 -0.387599 
E 607 604 :0.993657 0.0228826 0.110105 -0.0244565 0.999617 0.012965 -0.109766 -0.0155755 0.993835 ,-0.0289435 -0.112077 -0.718345 
E 607 602 :0.995423 0.0422999 0.0856967 -0.040485 0.99892 -0.022807 -0.0865689 0.0192332 0.99606 ,-0.029673 -0.225028 -1.5059 
E 607 601 :0.993219 0.0411904 0.108717 -0.0390609 0.999002 -0.021646 -0.1095 0.0172526 0.993837 ,-0.0396625 -0.276994 -1.92114 
E 609 607 :0.998486 -0.0436753 -0.0334439 0.0446595 0.998573 0.0292706 0.0321178 -0.0307199 0.999012 ,0.00727458 -0.0880628 -0.52675 
E 609 606 :0.998994 -0.0440562 0.00832722 0.0437897 0.998595 0.0298534 -0.00963074 -0.0294588 0.99952 ,0.0207302 -0.107721 -0.712661 
E 609 605 :0.999394 -0.00886399 0.0336487 0.00789517 0.999554 0.0288167 -0.0338891 -0.0285336 0.999018 ,0.0194784 -0.117665 -0.913456 
E 609 604 :0.996891 -0.0202897 0.0761343 0.0167417 0.998757 0.0469539 -0.0769923 -0.0455333 0.995991 ,0.00729419 -0.222299 -1.24187 
E 609 602 :0.998579 -0.0020355 0.053251 0.00149393 0.999947 0.0102079 -0.0532689 -0.0101139 0.998529 ,0.0378379 -0.358173 -2.02521 
E 620 619 :0.999923 -0.0042043 -0.0116499 0.00412486 0.999968 -0.00683503 0.0116782 0.00678645 0.999909 ,0.00258527 -0.0131903 -0.253207 
E 620 618 :0.996939 -0.000381072 0.0781817 -0.00215468 0.999474 0.0323472 -0.078153 -0.0324166 0.996414 ,0.0190597 -0.104653 -0.567636 
E 620 617 :0.986191 0.014887 0.164943 -0.0165869 0.999823 0.00893347 -0.164781 -0.011546 0.986263 ,0.0218132 -0.110623 -0.755998 
E 620 616 :0.975294 0.00896075 0.220729 -0.0164243 0.999353 0.032001 -0.220299 -0.0348357 0.97481 ,-0.0287867 -0.190772 -1.08033 
E 620 615 :0.982275 0.0116147 0.187085 -0.0182041 0.999272 0.0335419 -0.186559 -0.0363531 0.981771 ,-0.0864914 -0.256386 -1.32167 
E 620 613 :0.989099 0.0108788 0.146853 -0.0156341 0.999389 0.0312662 -0.146423 -0.0332213 0.988664 ,-0.154326 -0.351623 -1.83534 
E 620 612 :0.977888 0.0118787 0.208792 -0.0139447 0.999867 0.00842584 -0.208665 -0.0111511 0.977924 ,-0.171585 -0.376558 -2.02221 
E 620 610 :0.973578 0.0153628 0.227838 -0.0201974 0.999617 0.0189031 -0.227461 -0.0230054 0.973515 ,-0.269264 -0.454683 -2.42013 
E 620 611 :0.968868 0.0146521 0.247145 -0.0158236 0.999871 0.00275458 -0.247073 -0.00657956 0.968975 ,-0.212056 -0.388798 -2.22105 
E 618 617 :0.996086 0.0135894 0.0873395 -0.0116123 0.999666 -0.0231054 -0.0876242 0.0220007 0.995911 ,0.0174789 0.000138166 -0.187664 
E 618 616 :0.989561 0.00950254 0.1438 -0.00964594 0.999953 0.000300025 -0.14379 -0.00168398 0.989607 ,-0.00744618 -0.0694356 -0.517378 
E 618 615 :0.993888 0.0122671 0.109712 -0.0125212 0.99992 0.00162732 -0.109683 -0.00299109 0.993962 ,-0.045971 -0.12717 -0.764492 
E 618 613 :0.997548 0.0112885 0.0690689 -0.0112563 0.999936 -0.00085532 -0.0690741 7.57649e-05 0.997612 ,-0.0732481 -0.205679 -1.28471 
E 618 612 :0.991232 0.0105594 0.131708 -0.00754581 0.999699 -0.0233591 -0.131915 0.0221605 0.991013 ,-0.0757959 -0.224536 -1.47305 
E 618 611 :0.985246 0.0129671 0.170654 -0.00817524 0.999553 -0.0287519 -0.170951 0.0269326 0.984911 ,-0.100577 -0.230309 -1.67474 
E 618 610 :0.988418 0.0149599 0.151017 -0.0131843 0.999832 -0.0127518 -0.151182 0.010613 0.988449 ,-0.141909 -0.289684 -1.87972 
E 618 609 :0.995168 0.0151883 0.0970038 -0.0130695 0.999663 -0.0224407 -0.097312 0.0210645 0.995031 ,-0.200192 -0.348158 -2.13513 
E 610 609 :0.998526 -0.00135211 -0.054255 0.000787562 0.999945 -0.0104255 0.0542661 0.0103674 0.998473 ,-0.0182229 -0.0620462 -0.260522 
E 610 607 :0.995211 -0.0432944 -0.0876355 0.0451086 0.998805 0.0188275 0.0867157 -0.0226905 0.995975 ,0.0177388 -0.144607 -0.786985 
E 610 606 :0.997985 -0.0437431 -0.0459544 0.0446745 0.998812 0.0194379 0.0450495 -0.0214517 0.998754 ,0.0412879 -0.162315 -0.972086 
E 610 605 :0.999749 -0.00865434 -0.0206416 0.00903514 0.999789 0.0184264 0.0204778 -0.0186083 0.999617 ,0.0509455 -0.170166 -1.17275 
E 610 604 :0.999576 -0.0191398 0.0219211 0.0183286 0.999161 0.0366276 -0.0226038 -0.0362103 0.999089 ,0.0567389 -0.27138 -1.50241 
E 610 602 :0.999995 -0.00283581 -0.0010165 0.00283565 0.999996 -0.000160804 0.00101695 0.000157921 0.999999 ,0.129921 -0.399056 -2.28429 
E 613 612 :0.997999 -0.00225008 0.0631942 0.00363417 0.999756 -0.0217958 -0.0631297 0.0219818 0.997763 ,0.0106807 -0.0188995 -0.188058 
E 613 611 :0.99473 -0.000176325 0.102528 0.00293425 0.999638 -0.0267491 -0.102486 0.0269089 0.99437 ,-4.34964e-05 -0.0249668 -0.39097 
E 613 610 :0.996586 0.00293573 0.0825141 -0.00203722 0.999938 -0.0109713 -0.0825412 0.0107658 0.99653 ,-0.0264472 -0.0848205 -0.59826 
E 613 609 :0.999597 0.00244353 0.0282877 -0.00184207 0.999772 -0.0212689 -0.0283332 0.0212082 0.999374 ,-0.0662867 -0.143967 -0.857042 
E 613 607 :0.999101 -0.0420866 -0.00509911 0.042127 0.99908 0.00807769 0.00475445 -0.00828523 0.999954 ,-0.0741308 -0.22082 -1.38554 
E 613 606 :0.998426 -0.0424316 0.0366709 0.0421443 0.999075 0.00857265 -0.0370007 -0.00701369 0.999291 ,-0.0659876 -0.236545 -1.57213 
E 613 605 :0.998052 -0.00722513 0.0619654 0.0067732 0.999949 0.00750019 -0.0620165 -0.00706588 0.99805 ,-0.0729433 -0.242213 -1.77297 
E 613 604 :0.994352 -0.019129 0.104393 0.0165391 0.999535 0.0256193 -0.104834 -0.0237481 0.994206 ,-0.0946684 -0.339816 -2.10306 
E 615 613 :0.999168 -0.00130924 -0.0407637 0.00118826 0.999995 -0.00299192 0.0407674 0.002941 0.999164 ,0.0309314 -0.0772814 -0.520194 
E 615 612 :0.999737 -0.00445319 0.0224976 0.00500891 0.999682 -0.0247058 -0.0223804 0.024812 0.999442 ,0.0492939 -0.0956055 -0.707715 
E 615 611 :0.998076 -0.00258185 0.0619432 0.00442286 0.999552 -0.0296022 -0.061839 0.0298192 0.997641 ,0.046858 -0.101078 -0.910913 
E 615 610 :0.999124 0.00118528 0.0418375 -0.000606044 0.999904 -0.0138548 -0.0418499 0.0138173 0.999028 ,0.0290046 -0.160343 -1.11928 
E 615 609 :0.999923 0.000268033 -0.0124462 -0.00056951 0.999706 -0.0242252 0.012436 0.0242304 0.999629 ,-0.000175485 -0.218763 -1.37965 
E 615 607 :0.998021 -0.0430219 -0.0458673 0.0432997 0.999049 0.0050798 0.0456052 -0.00705579 0.998935 ,0.0136309 -0.294043 -1.90824 
E 615 606 :0.999049 -0.0434184 -0.00410563 0.0434412 0.99904 0.00562638 0.0038574 -0.00579938 0.999976 ,0.0293942 -0.3092 -2.09439 
E 621 620 :0.999694 0.0244574 0.00364735 -0.024425 0.999664 -0.00869078 -0.00385868 0.00859904 0.999956 ,-0.000501094 -0.00897197 -0.117786 
E 621 619 :0.999761 0.0202784 -0.00816647 -0.0204011 0.999676 -0.0152382 0.00785482 0.0154011 0.999851 ,0.000837249 -0.0200204 -0.371106 
E 621 618 :0.996296 0.0239454 0.0825832 -0.025825 0.999429 0.0217671 -0.0820149 -0.0238192 0.996346 ,0.0139229 -0.109122 -0.686371 
E 621 617 :0.984883 0.0392934 0.168708 -0.0392369 0.999223 -0.00366965 -0.168721 -0.00300542 0.985659 ,0.0158425 -0.113521 -0.874786 
E 621 616 :0.973791 0.0332726 0.224999 -0.0383257 0.999101 0.0181271 -0.224194 -0.0262753 0.97419 ,-0.0378851 -0.189588 -1.19959 
E 621 615 :0.980849 0.0359181 0.191429 -0.0405687 0.998968 0.0204288 -0.190498 -0.0278036 0.981294 ,-0.0980572 -0.251673 -1.44127 
E 621 613 :0.98788 0.0351968 0.151179 -0.038515 0.999076 0.0190766 -0.150367 -0.024668 0.988322 ,-0.170074 -0.340757 -1.95548 
E 621 612 :0.976487 0.0362886 0.212502 -0.0360114 0.999338 -0.00517567 -0.212549 -0.00259852 0.977147 ,-0.188618 -0.363637 -2.14248 
E 621 611 :0.967283 0.0390779 0.250671 -0.0373356 0.999234 -0.011704 -0.250937 0.00196213 0.968002 ,-0.230102 -0.373157 -2.34126 
E 625 624 :0.981278 0.0619969 0.182345 -0.0595152 0.998045 -0.0190558 -0.18317 0.00784677 0.98305 ,0.0186109 -0.0917687 -0.500942 
E 625 623 :0.904734 0.0647785 0.421023 -0.066117 0.997746 -0.0114346 -0.420815 -0.0174915 0.906978 ,-0.0387432 -0.178747 -0.896266 
E 625 622 :0.80971 0.083907 0.580801 -0.0805917 0.996247 -0.0315707 -0.581271 -0.0212447 0.813433 ,-0.155509 -0.22004 -1.17161 
E 625 619 :0.786514 0.0932934 0.610485 -0.0959209 0.994982 -0.0284726 -0.610078 -0.0361642 0.791516 ,-0.528065 -0.31881 -1.65936 
E 625 620 :0.778949 0.092362 0.620248 -0.099765 0.994749 -0.0228377 -0.6191 -0.0440896 0.784074 ,-0.371809 -0.311214 -1.45981 
E 625 621 :0.783232 0.0679147 0.618009 -0.0754888 0.99705 -0.0138979 -0.617129 -0.0357675 0.786049 ,-0.298014 -0.303943 -1.36786 
E 616 615 :0.999405 0.00292398 -0.0343711 -0.00289145 0.999995 0.000995973 0.0343738 -0.000895998 0.999409 ,-0.00203332 -0.0576814 -0.250102 
E 616 613 :0.997176 0.00151441 -0.0750906 -0.00166019 0.999997 -0.0018789 0.0750875 0.00199826 0.997175 ,0.0465333 -0.13557 -0.768856 
E 616 612 :0.999926 -0.00238031 -0.0119399 0.00209591 0.999715 -0.0237753 0.0119931 0.0237486 0.999646 ,0.0712766 -0.154134 -0.955619 
E 616 611 :0.999621 -0.000682569 0.0275298 0.00147536 0.999584 -0.0287875 -0.0274988 0.0288172 0.999206 ,0.0758103 -0.159802 -1.15878 
E 616 610 :0.999966 0.00363335 0.00743446 -0.00353664 0.999909 -0.0129807 -0.00748095 0.0129539 0.999888 ,0.0649561 -0.219222 -1.36758 
E 616 609 :0.998898 0.00235817 -0.0468679 -0.00344835 0.999725 -0.0231935 0.0468003 0.0233295 0.998632 ,0.0445715 -0.277817 -1.62874 
E 616 607 :0.995986 -0.0398326 -0.0801596 0.0404592 0.999162 0.00620731 0.0798452 -0.00942559 0.996763 ,0.0763181 -0.353663 -2.15648 
E 616 606 :0.998448 -0.0402721 -0.038457 0.0405561 0.999155 0.00663417 0.0381573 -0.00818355 0.999238 ,0.0984258 -0.369051 -2.34197 
E 623 622 :0.982507 0.0189847 0.185253 -0.017791 0.999809 -0.00810426 -0.185372 0.00466666 0.982657 ,0.0129568 -0.0439471 -0.298419 
E 623 621 :0.973305 0.0105742 0.229271 -0.0137875 0.999828 0.0124179 -0.229101 -0.0152475 0.973283 ,-0.0278419 -0.13346 -0.535449 
E 623 620 :0.971865 0.0363467 0.232719 -0.038252 0.999261 0.0036778 -0.232414 -0.0124763 0.972537 ,-0.0554295 -0.143886 -0.649837 
E 623 619 :0.974658 0.0338389 0.221128 -0.0340843 0.999415 -0.00270689 -0.22109 -0.00489869 0.975241 ,-0.112323 -0.158097 -0.896527 
E 623 618 :0.950624 0.0284133 0.309043 -0.0405754 0.998631 0.0329973 -0.307682 -0.0439076 0.950476 ,-0.17281 -0.251279 -1.20501 
E 623 617 :0.919493 0.0481214 0.390149 -0.0549044 0.998472 0.00624476 -0.389253 -0.0271629 0.92073 ,-0.214186 -0.258042 -1.38876 
E 623 616 :0.895989 0.0369249 0.442539 -0.0545293 0.998144 0.0271192 -0.440716 -0.0484298 0.896339 ,-0.341753 -0.337389 -1.69142 
E 623 615 :0.910561 0.039148 0.411518 -0.0564507 0.997955 0.0299716 -0.409503 -0.0505214 0.910909 ,-0.456385 -0.401635 -1.91191 
E 623 613 :0.926626 0.039166 0.373939 -0.0539961 0.998112 0.0292618 -0.372087 -0.047306 0.926992 ,-0.645314 -0.496096 -2.39452 
E 619 618 :0.995941 0.00336308 0.0899455 -0.00687643 0.999224 0.0387796 -0.0897453 -0.0392407 0.995191 ,0.012424 -0.0936632 -0.313967 
E 619 617 :0.984122 0.0188751 0.176485 -0.0218509 0.99965 0.0149329 -0.176141 -0.0185522 0.98419 ,0.0129528 -0.100923 -0.502303 
E 619 616 :0.972579 0.0126754 0.232228 -0.0220192 0.999047 0.0376875 -0.231529 -0.0417675 0.971931 ,-0.0417614 -0.183057 -0.825465 
E 619 615 :0.979946 0.0153111 0.198674 -0.0235993 0.998944 0.0394171 -0.197861 -0.0433152 0.979273 ,-0.102551 -0.250065 -1.06567 
E 619 613 :0.987248 0.0146123 0.158516 -0.0207858 0.999086 0.0373574 -0.157826 -0.0401759 0.986649 ,-0.176772 -0.348499 -1.57785 
E 619 612 :0.975318 0.0158719 0.220232 -0.0194717 0.99971 0.0141844 -0.219943 -0.0181226 0.975344 ,-0.196314 -0.374629 -1.76432 
E 619 611 :0.965843 0.0186985 0.258453 -0.0215733 0.999733 0.00829133 -0.258229 -0.0135838 0.965988 ,-0.239155 -0.388048 -1.96259 
E 619 610 :0.970763 0.0192163 0.239268 -0.0258337 0.999365 0.0245513 -0.238644 -0.0300147 0.970643 ,-0.298956 -0.455042 -2.16054 
E 619 609 :0.982332 0.0203832 0.186033 -0.0236762 0.9996 0.0154965 -0.185643 -0.0196273 0.982421 ,-0.380172 -0.522974 -2.40721 
E 626 625 :0.957667 0.0411787 0.284916 -0.0429641 0.999077 1.64633e-05 -0.284653 -0.012257 0.958552 ,0.0273725 -0.0350396 -0.359608 
E 626 624 :0.885099 0.102706 0.453928 -0.101623 0.99446 -0.0268564 -0.454172 -0.022359 0.890633 ,-0.10131 -0.127531 -0.84396 
E 626 622 :0.6065 0.115326 0.786675 -0.115315 0.991722 -0.0564817 -0.786676 -0.0564595 0.614778 ,-0.464425 -0.248214 -1.43569 
E 626 623 :0.743815 0.0981385 0.661142 -0.104934 0.994042 -0.029498 -0.660097 -0.0474353 0.749681 ,-0.272452 -0.211972 -1.20551 
E 626 621 :0.571137 0.0959061 0.815233 -0.10908 0.993211 -0.0404243 -0.813575 -0.0658379 0.577721 ,-0.660267 -0.325921 -1.58221 
E 632 631 :0.99286 -0.0262002 -0.116375 0.0237961 0.999475 -0.0219994 0.11689 0.0190731 0.992962 ,0.0743281 -0.0921841 -0.53094 
E 632 630 :0.999538 -0.0200634 0.0228354 0.0202164 0.999775 -0.00649074 -0.0227 0.00694939 0.999718 ,0.191559 -0.171077 -1.10458 
E 632 628 :0.99931 -0.0223171 0.0296887 0.0223719 0.999749 -0.00151513 -0.0296475 0.00217828 0.999558 ,0.35039 -0.362906 -2.30899 
E 632 627 :0.99878 0.0104986 0.0482431 -0.011309 0.999799 0.0165558 -0.0480596 -0.0170812 0.998698 ,0.34989 -0.4779 -2.95222 
E 628 627 :0.999263 0.0333651 0.0189713 -0.0337007 0.999276 0.0176504 -0.0183687 -0.0182767 0.999664 ,0.015997 -0.116355 -0.64278 
E 628 626 :0.970687 0.0864425 0.224262 -0.0947121 0.995156 0.0263625 -0.220897 -0.0468301 0.974172 ,0.0306201 -0.196274 -0.983948 
E 628 625 :0.862045 0.123586 0.491533 -0.140963 0.990013 -0.00169883 -0.486834 -0.0678234 0.870857 ,-0.0264851 -0.243217 -1.33867 
E 622 621 :0.998994 -0.00457221 0.0446206 0.00362391 0.999766 0.0213102 -0.0447076 -0.021127 0.998777 ,0.00544622 -0.0913765 -0.239752 
E 622 620 :0.998628 0.0202458 0.048302 -0.0208787 0.999702 0.0126337 -0.0480319 -0.0136249 0.998753 ,-0.000269043 -0.102858 -0.357183 
E 622 619 :0.999199 0.0163745 0.0365254 -0.0166059 0.999844 0.0060428 -0.0364207 -0.00664449 0.999314 ,-0.0101848 -0.119297 -0.610018 
E 622 618 :0.991752 0.0182889 0.126858 -0.0239562 0.998775 0.0432936 -0.125911 -0.0459756 0.990976 ,-0.0107722 -0.21505 -0.9236 
E 622 617 :0.976542 0.0345511 0.212536 -0.0392541 0.999068 0.0179472 -0.211718 -0.0258691 0.976988 ,-0.0172417 -0.223455 -1.11178 
E 622 616 :0.962982 0.0274986 0.268159 -0.0395654 0.998428 0.0396984 -0.266646 -0.0488387 0.962556 ,-0.0850606 -0.306621 -1.43218 
E 622 615 :0.971547 0.0300739 0.234929 -0.0410642 0.998272 0.0420293 -0.233259 -0.0504806 0.971103 ,-0.155672 -0.37406 -1.66956 
E 622 613 :0.980352 0.0294927 0.195039 -0.0381304 0.998444 0.0406813 -0.193536 -0.0473189 0.979951 ,-0.250153 -0.474341 -2.17803 
E 622 612 :0.966184 0.0315669 0.255912 -0.0369938 0.999181 0.0164188 -0.255184 -0.0253308 0.966561 ,-0.276918 -0.501269 -2.36349 
E 624 623 :0.968811 0.00738862 0.24769 -0.0131992 0.999675 0.0218067 -0.247448 -0.0243959 0.968594 ,0.0213079 -0.0934664 -0.397425 
E 624 622 :0.905818 0.0269357 0.42281 -0.0347958 0.999335 0.0108817 -0.422236 -0.0245689 0.906153 ,-0.0403793 -0.144078 -0.688605 
E 624 621 :0.886101 0.0138551 0.463285 -0.0316258 0.999031 0.0306118 -0.462412 -0.0417769 0.885681 ,-0.139277 -0.238192 -0.905912 
E 624 620 :0.883704 0.039506 0.466376 -0.0561355 0.998185 0.0218127 -0.464667 -0.0454563 0.884318 ,-0.194414 -0.250745 -1.00963 
E 624 619 :0.889246 0.0389544 0.455768 -0.0517591 0.998537 0.0156421 -0.454492 -0.0374998 0.889961 ,-0.31074 -0.26958 -1.23414 
E 624 618 :0.844465 0.0240302 0.535071 -0.0598192 0.996974 0.0496342 -0.532259 -0.0739219 0.843348 ,-0.446437 -0.36866 -1.5157 
E 624 617 :0.793996 0.0472699 0.606083 -0.0755114 0.99692 0.0211712 -0.603215 -0.062576 0.79512 ,-0.532087 -0.378882 -1.68328 
E 630 628 :0.999974 -0.00214489 0.0069544 0.00211128 0.999986 0.00483588 -0.00696467 -0.00482106 0.999964 ,0.18222 -0.203342 -1.1992 
E 630 627 :0.999181 0.0310938 0.025885 -0.0316793 0.999244 0.0225245 -0.0251651 -0.023326 0.999411 ,0.193996 -0.322771 -1.84151 
E 630 626 :0.969329 0.08398 0.230974 -0.0937296 0.995098 0.0315466 -0.227193 -0.0522281 0.972448 ,0.206417 -0.404307 -2.18238 
E 627 626 :0.977222 0.0537016 0.205314 -0.0582191 0.998175 0.0160212 -0.204079 -0.0276095 0.978565 ,0.0235724 -0.0731375 -0.342186 
E 627 625 :0.875103 0.0913762 0.475232 -0.103201 0.99466 -0.00121397 -0.472805 -0.0479819 0.87986 ,-0.0253929 -0.115468 -0.698705 
E 627 624 :0.766233 0.14918 0.625006 -0.160244 0.986308 -0.0389656 -0.622262 -0.0702965 0.779647 ,-0.255555 -0.208059 -1.14386 
E 633 632 :0.988902 0.0385802 0.143472 -0.0388747 0.999244 -0.000750704 -0.143393 -0.00483507 0.989654 ,0.0462013 -0.101775 -0.550131 
E 633 631 :0.99953 0.015387 0.0265303 -0.0149068 0.999723 -0.0182042 -0.026803 0.0178001 0.999482 ,0.0399729 -0.19638 -1.08579 
E 633 630 :0.985968 0.0197278 0.165763 -0.0186386 0.999793 -0.00812405 -0.165889 0.00492046 0.986132 ,0.0705578 -0.27934 -1.66993 
E 633 628 :0.984829 0.0168136 0.17271 -0.0164707 0.999859 -0.0034185 -0.172743 0.000521997 0.984967 ,0.0474258 -0.476294 -2.88372 
E 633 627 :0.980365 0.0465038 0.191632 -0.0500916 0.998648 0.0139181 -0.190725 -0.023244 0.981368 ,-0.0497904 -0.590699 -3.51967 
E 635 634 :0.999322 0.0151947 0.0335366 -0.014426 0.99963 -0.0230474 -0.0338744 0.022548 0.999172 ,-0.00907256 -0.121563 -0.553903 
E 635 633 :0.999121 -0.0116785 -0.0402654 0.0111431 0.999847 -0.0134953 0.0404168 0.0130347 0.999098 ,0.000602105 -0.199534 -1.06536 
E 635 632 :0.99426 0.0270713 0.103506 -0.0259142 0.999586 -0.0125075 -0.103802 0.00975345 0.99455 ,0.0701026 -0.293355 -1.61445 
E 635 631 :0.999904 0.00298149 -0.013525 -0.00340494 0.999501 -0.0313941 0.0134246 0.0314371 0.999416 ,0.086553 -0.380786 -2.15111 
E 635 630 :0.991999 0.00783631 0.126005 -0.00541031 0.999794 -0.0195838 -0.126133 0.0187454 0.991836 ,0.1416 -0.455509 -2.73457 
E 635 628 :0.991111 0.00510099 0.132938 -0.00316293 0.999886 -0.0147859 -0.132998 0.014234 0.991014 ,0.169663 -0.636311 -3.95077 
E 637 636 :0.9999 0.0139384 -0.00253685 -0.0138123 0.998921 0.0443338 0.00315206 -0.0442944 0.999014 ,0.0218436 -0.119745 -0.586575 
E 637 635 :0.999959 0.00578785 -0.00698329 -0.00565411 0.999803 0.0190217 0.00709201 -0.0189815 0.999795 ,0.0788192 -0.221089 -1.14889 
E 637 634 :0.999434 0.0208224 0.0264243 -0.0207178 0.999776 -0.00422653 -0.0265064 0.00367668 0.999642 ,0.0729115 -0.353113 -1.70044 
E 637 633 :0.998862 -0.00598204 -0.0473188 0.00626054 0.999964 0.00573964 0.0472828 -0.00602935 0.998863 ,0.0857061 -0.440853 -2.21024 
E 637 632 :0.994794 0.0327875 0.0964841 -0.0335053 0.999422 0.00582779 -0.0962372 -0.00903018 0.995317 ,0.158495 -0.545492 -2.75695 
E 637 631 :0.99975 0.0085468 -0.0206853 -0.00880247 0.999886 -0.0123008 0.0205778 0.0124798 0.99971 ,0.178187 -0.643207 -3.29172 
E 631 630 :0.990229 0.00468297 0.139375 -0.00641523 0.999908 0.0119821 -0.139306 -0.0127591 0.990167 ,0.0474638 -0.092864 -0.581512 
E 631 628 :0.989242 0.00188704 0.146279 -0.00438742 0.99985 0.0167725 -0.146226 -0.0172338 0.989101 ,0.0598121 -0.311726 -1.79171 
E 631 627 :0.985762 0.0322183 0.165031 -0.0383879 0.998673 0.0343314 -0.163705 -0.0401777 0.985691 ,-0.0186078 -0.438915 -2.42782 
E 631 626 :0.927753 0.0805401 0.3644 -0.102662 0.993841 0.0417139 -0.358796 -0.0761101 0.930308 ,-0.0541986 -0.524608 -2.76603 
E 649 648 :0.999348 -0.0153382 0.0326914 0.0141556 0.999248 0.0361032 -0.0332205 -0.0356168 0.998813 ,0.0122289 -0.0738814 -0.24815 
E 649 647 :0.997596 -0.00574729 0.069064 0.00517834 0.999951 0.00841422 -0.069109 -0.00803635 0.997577 ,0.0150569 -0.0909436 -0.431374 
E 649 646 :0.989318 0.00897337 0.145498 -0.0125925 0.999633 0.0239719 -0.14523 -0.025548 0.989068 ,0.0133143 -0.159509 -0.747687 
E 649 645 :0.988569 0.0369412 0.146176 -0.0436111 0.998136 0.0426901 -0.144327 -0.048577 0.988337 ,0.008251 -0.214133 -0.99703 
E 649 644 :0.989107 0.025981 0.144887 -0.0268366 0.999632 0.00395331 -0.144731 -0.0077985 0.98944 ,0.00651192 -0.249705 -1.30042 
E 649 643 :0.989382 0.00682606 0.14518 -0.0104633 0.99965 0.0243045 -0.144964 -0.0255655 0.989107 ,-0.0137307 -0.326981 -1.5877 
E 649 642 :0.981401 0.022312 0.190666 -0.0266161 0.999445 0.0200426 -0.190113 -0.0247446 0.98145 ,-0.0322799 -0.371792 -1.94991 
E 644 643 :0.999866 -0.0163754 -0.000207156 0.0163762 0.999659 0.0203539 -0.000126217 -0.0203546 0.999793 ,0.0236299 -0.0755325 -0.287485 
E 644 642 :0.99894 -0.0011714 0.0460058 0.000374108 0.99985 0.0173351 -0.0460192 -0.0172995 0.998791 ,0.0589079 -0.117985 -0.648733 
E 644 641 :0.999546 -0.00624098 -0.0294718 0.00680689 0.999794 0.0191405 0.0293463 -0.0193324 0.999382 ,0.0718978 -0.210509 -1.0611 
E 644 640 :0.997496 -0.0127773 -0.0695541 0.0155717 0.999087 0.0397832 0.0689822 -0.0407667 0.996785 ,0.142248 -0.309222 -1.49774 
E 644 639 :0.999136 0.00817378 0.0407431 -0.00849743 0.999934 0.00777681 -0.0406768 -0.00811631 0.999139 ,0.206451 -0.340847 -1.8686 
E 644 638 :0.999994 0.00349902 0.000395464 -0.00350972 0.9995 0.0314192 -0.00028533 -0.0314204 0.999506 ,0.23812 -0.460179 -2.41612 
E 634 633 :0.996914 -0.0265358 -0.0738872 0.0272317 0.999594 0.00842557 0.0736336 -0.0104116 0.997231 ,0.0281181 -0.0893281 -0.508908 
E 634 632 :0.997476 0.0123026 0.0699265 -0.0131376 0.999848 0.011495 -0.0697744 -0.0123846 0.997486 ,0.117525 -0.194439 -1.05305 
E 634 631 :0.998821 -0.0125042 -0.0469175 0.0120923 0.999886 -0.00905312 0.0470253 0.0084751 0.998858 ,0.153405 -0.293688 -1.5867 
E 634 630 :0.995677 -0.00722699 0.0926047 0.00682081 0.999966 0.00470199 -0.0926355 -0.00405002 0.995692 ,0.229257 -0.380703 -2.16611 
E 634 628 :0.99499 -0.00980896 0.0994907 0.00889909 0.999914 0.00958496 -0.0995762 -0.00865156 0.994992 ,0.301107 -0.588435 -3.3762 
E 634 627 :0.99276 0.0215778 0.11816 -0.0249813 0.999312 0.0273995 -0.117488 -0.0301529 0.992616 ,0.254214 -0.710799 -4.01634 
E 636 635 :0.999959 -0.0080821 -0.00409391 0.00797566 0.999646 -0.0253814 0.0042976 0.0253477 0.999669 ,0.0565973 -0.0755329 -0.566401 
E 636 634 :0.999536 0.0070227 0.029631 -0.00559084 0.998825 -0.0481321 -0.0299342 0.0479442 0.998401 ,0.0507752 -0.183066 -1.12324 
E 636 633 :0.998824 -0.0198122 -0.0442448 0.0180819 0.999069 -0.0391701 0.0449797 0.038324 0.998253 ,0.0631735 -0.247952 -1.63646 
E 636 632 :0.994854 0.0189515 0.0995312 -0.0153406 0.9992 -0.0369206 -0.100151 0.0352037 0.994349 ,0.135677 -0.327248 -2.18745 
E 636 631 :0.999836 -0.0052254 -0.0173622 0.00423042 0.998373 -0.0568573 0.0176311 0.0567745 0.998231 ,0.155031 -0.400896 -2.72608 
E 636 630 :0.992518 -0.000321188 0.122098 0.00570487 0.999026 -0.0437461 -0.121965 0.0441153 0.991554 ,0.213068 -0.460345 -3.311 
E 639 638 :0.999171 -0.0037191 -0.0405286 0.00466656 0.999717 0.0233081 0.0404305 -0.0234779 0.998906 ,0.0549274 -0.114621 -0.546686 
E 639 637 :0.998951 0.00196829 0.0457491 -0.00206844 0.999996 0.0021418 -0.0457446 -0.00223418 0.998951 ,0.146323 -0.225667 -1.12787 
E 639 636 :0.998968 0.0138635 0.043257 -0.0158737 0.998793 0.0464786 -0.0425604 -0.0471173 0.997982 ,0.141073 -0.346713 -1.71456 
E 639 635 :0.999223 0.0068813 0.0388012 -0.00770725 0.999746 0.0211775 -0.0386456 -0.0214601 0.999023 ,0.172064 -0.449379 -2.27867 
E 639 634 :0.997132 0.0229366 0.072121 -0.0228417 0.999737 -0.00214014 -0.0721511 0.000486632 0.997394 ,0.14067 -0.582571 -2.82907 
E 639 633 :0.99999 -0.00428338 -0.0015608 0.0042957 0.999959 0.00797685 0.00152656 -0.00798347 0.999967 ,0.129955 -0.671429 -3.33872 
E 640 639 :0.993696 0.0231641 0.109685 -0.0195976 0.999247 -0.0334825 -0.110378 0.0311219 0.993402 ,0.0379676 -0.0172987 -0.375387 
E 640 638 :0.997416 0.0168867 0.0698319 -0.0162721 0.999824 -0.0093611 -0.0699777 0.0082006 0.997515 ,0.0299303 -0.114606 -0.928097 
E 640 637 :0.987589 0.0248748 0.15508 -0.0201123 0.999279 -0.0322037 -0.15577 0.028685 0.987377 ,0.0544307 -0.2079 -1.51899 
E 640 636 :0.987635 0.0317442 0.153525 -0.0340141 0.999347 0.0121809 -0.153038 -0.0172523 0.98807 ,-0.0179418 -0.309108 -2.105 
E 640 635 :0.988507 0.0276423 0.148625 -0.0259899 0.999577 -0.0130486 -0.148923 0.00903593 0.988808 ,-0.0513985 -0.393416 -2.672 
E 642 641 :0.997139 -0.00497068 -0.0754242 0.00512732 0.999985 0.00188334 0.0754137 -0.00226467 0.99715 ,0.0319183 -0.0853918 -0.412874 
E 642 640 :0.993271 -0.0105139 -0.115337 0.0132075 0.999657 0.0226149 0.115059 -0.023986 0.993069 ,0.122251 -0.176618 -0.847462 
E 642 639 :0.999946 0.00891271 -0.00527672 -0.00896285 0.999914 -0.00955669 0.00519109 0.00960348 0.99994 ,0.20344 -0.201899 -1.21546 
E 642 638 :0.998946 0.00531518 -0.0455896 -0.00467565 0.999889 0.0141231 0.0456597 -0.013895 0.99886 ,0.260228 -0.311778 -1.76293 
E 642 637 :0.99912 0.0108926 0.0404945 -0.0105845 0.999913 -0.0078151 -0.0405761 0.00737961 0.999149 ,0.353696 -0.418079 -2.34467 
E 642 636 :0.998997 0.0230133 0.0384029 -0.0244192 0.999033 0.0365495 -0.0375246 -0.0374506 0.998594 ,0.350463 -0.533461 -2.93252 
E 641 640 :0.999174 -0.00716715 -0.0399998 0.00800951 0.999749 0.0209388 0.0398397 -0.0212419 0.99898 ,0.0568321 -0.0906899 -0.440335 
E 641 639 :0.997431 0.0147383 0.0700986 -0.0139449 0.999833 -0.0117949 -0.0702607 0.010787 0.99747 ,0.109908 -0.11554 -0.813459 
E 641 638 :0.999508 0.00937885 0.0299409 -0.00974442 0.999879 0.0120874 -0.029824 -0.0123732 0.999479 ,0.124683 -0.22446 -1.36386 
E 641 637 :0.993148 0.0165449 0.115688 -0.0154588 0.999828 -0.010279 -0.115838 0.00842018 0.993232 ,0.173467 -0.329907 -1.95119 
E 641 636 :0.993184 0.0252456 0.113788 -0.0292995 0.998989 0.0340966 -0.112812 -0.0371981 0.99292 ,0.12532 -0.44394 -2.53733 
E 641 635 :0.993834 0.0200939 0.109044 -0.0211842 0.999736 0.00884952 -0.108837 -0.011105 0.993998 ,0.115175 -0.540367 -3.1033 
E 643 642 :0.998818 0.0152047 0.0461574 -0.0150473 0.99988 -0.00375415 -0.0462089 0.00305517 0.998927 ,0.0346237 -0.0356625 -0.362045 
E 643 641 :0.99952 0.0101351 -0.0292806 -0.0101607 0.999948 -0.000725413 0.0292717 0.00102257 0.999571 ,0.0461487 -0.119974 -0.776211 
E 643 640 :0.997609 0.00359081 -0.0690191 -0.00217209 0.999785 0.0206195 0.0690783 -0.0204203 0.997402 ,0.114928 -0.210918 -1.21479 
E 643 639 :0.998868 0.0245488 0.0407389 -0.0240278 0.999624 -0.0132301 -0.0410483 0.0122362 0.999082 ,0.178651 -0.236035 -1.58622 
E 643 638 :0.999802 0.0198705 0.000783782 -0.019878 0.999741 0.0110575 -0.000563861 -0.0110709 0.999939 ,0.208431 -0.3447 -2.13606 
E 643 637 :0.995906 0.0264237 0.086446 -0.025465 0.999602 -0.0121745 -0.0867332 0.00992326 0.996182 ,0.273321 -0.450211 -2.72182 
E 646 645 :0.999518 0.0310324 0.000541551 -0.0310371 0.999343 0.0187361 4.02322e-05 -0.0187439 0.999824 ,0.0318905 -0.0482792 -0.248662 
E 646 644 :0.999898 0.0142482 -0.00040686 -0.0142535 0.999698 -0.0200262 0.000121399 0.02003 0.999799 ,0.0746798 -0.076103 -0.549846 
E 646 643 :0.999998 -0.00212204 -0.000323904 0.00212215 0.999998 0.00032861 0.000323205 -0.000329297 1 ,0.0973481 -0.146192 -0.838783 
E 646 642 :0.998863 0.0130818 0.0458417 -0.0129428 0.999911 -0.00332794 -0.0458812 0.00273083 0.998943 ,0.132165 -0.1819 -1.2008 
E 646 641 :0.99953 0.0080128 -0.0296027 -0.00802991 0.999968 -0.000459079 0.0295981 0.00069657 0.999562 ,0.144003 -0.266323 -1.61494 
E 647 646 :0.996911 0.0158938 0.0769188 -0.0171106 0.999738 0.015186 -0.0766573 -0.0164552 0.996922 ,0.0197666 -0.0660101 -0.316244 
E 647 645 :0.99594 0.0453782 0.077743 -0.0481307 0.998265 0.0339053 -0.0760695 -0.0375095 0.996397 ,0.0316644 -0.118599 -0.565791 
E 647 644 :0.996592 0.0316339 0.0761795 -0.0313568 0.999497 -0.00483108 -0.0762939 0.00242587 0.997082 ,0.0507126 -0.151721 -0.86887 
E 647 643 :0.996967 0.013753 0.0766011 -0.0149841 0.999767 0.0155201 -0.0763698 -0.0166208 0.996941 ,0.0499721 -0.226567 -1.1575 
E 647 642 :0.992042 0.0291439 0.122485 -0.0307274 0.999467 0.0110585 -0.122097 -0.0147342 0.992409 ,0.0562673 -0.268359 -1.52049 
E 647 641 :0.998591 0.0239349 0.0473665 -0.0246809 0.999579 0.0152269 -0.0469821 -0.0163745 0.998762 ,0.0348722 -0.359252 -1.93287 
E 651 650 :0.992937 0.0178847 0.117286 -0.0214806 0.999335 0.0294665 -0.116681 -0.0317778 0.992661 ,0.000214284 -0.126025 -0.610578 
E 651 649 :0.996392 0.0250724 0.0810819 -0.0248758 0.999685 -0.00343467 -0.0811425 0.0014053 0.996702 ,-0.0116977 -0.16348 -0.861937 
E 651 648 :0.993404 0.00688281 0.114464 -0.0105943 0.999437 0.031848 -0.114181 -0.0328505 0.992917 ,-0.0214858 -0.23679 -1.11036 
E 651 647 :0.988523 0.018693 0.149911 -0.0194019 0.999806 0.00326719 -0.149821 -0.00613826 0.988694 ,-0.0339519 -0.253288 -1.29324 
E 651 646 :0.973657 0.0319327 0.22577 -0.0366997 0.999183 0.0169478 -0.225044 -0.0247871 0.974033 ,-0.0630547 -0.320702 -1.60846 
E 651 645 :0.972206 0.0578949 0.226856 -0.0676931 0.997069 0.0356458 -0.224127 -0.0500116 0.973276 ,-0.0896864 -0.374326 -1.85665 
E 651 644 :0.973131 0.0503181 0.224689 -0.0509358 0.998697 -0.00305051 -0.224549 -0.00847615 0.974426 ,-0.116911 -0.408802 -2.15895 
E 651 643 :0.973796 0.0297922 0.225465 -0.0345737 0.999253 0.0172881 -0.224781 -0.0246302 0.974098 ,-0.162311 -0.484563 -2.44375 
E 651 642 :0.961778 0.0452836 0.270059 -0.0503678 0.99866 0.0119223 -0.269157 -0.0250689 0.96277 ,-0.211286 -0.527655 -2.80332 
E 645 644 :0.999859 -0.0167856 0.000255117 0.0167828 0.999107 -0.0387659 0.000395817 0.0387647 0.999248 ,0.0436202 -0.0208322 -0.301629 
E 645 643 :0.99945 -0.0331581 -0.000293714 0.033147 0.999281 -0.0184256 0.000904459 0.0184057 0.99983 ,0.0684412 -0.0847562 -0.591816 
E 645 642 :0.998782 -0.0179587 0.0459631 0.0189228 0.999608 -0.0206273 -0.0455747 0.0214719 0.99873 ,0.104335 -0.112574 -0.954424 
E 645 641 :0.999299 -0.0230271 -0.029534 0.0224384 0.999546 -0.0201131 0.0299837 0.0194363 0.999361 ,0.118771 -0.188812 -1.37006 
E 645 640 :0.997112 -0.0295561 -0.0699578 0.0296244 0.999561 -6.07987e-05 0.0699288 -0.00201184 0.99755 ,0.190656 -0.269329 -1.81017 
E 654 652 :0.811527 0.109238 0.574013 -0.106086 0.993588 -0.0391028 -0.574604 -0.0291621 0.817912 ,-0.104983 -0.159621 -1.13811 
E 654 651 :0.657934 0.140987 0.73976 -0.100248 0.989973 -0.0995148 -0.746373 -0.00868542 0.665471 ,-0.415932 -0.212493 -1.64481 
E 654 650 :0.563942 0.129153 0.815652 -0.109194 0.990684 -0.0813711 -0.818563 -0.0431755 0.572792 ,-0.88524 -0.276515 -2.05019 
E 652 651 :0.973435 0.014383 0.228511 -0.00596812 0.99928 -0.0374733 -0.228885 0.035114 0.97282 ,0.0444149 -0.0717239 -0.590855 
E 652 650 :0.939588 0.0245215 0.341428 -0.0230186 0.999699 -0.00845291 -0.341533 8.30485e-05 0.93987 ,-0.0967126 -0.174779 -1.18931 
E 652 649 :0.951023 0.0391059 0.306636 -0.0277638 0.998762 -0.0412658 -0.30787 0.0307313 0.950932 ,-0.166285 -0.202717 -1.43243 
E 652 648 :0.94077 0.0135681 0.338774 -0.0122367 0.999907 -0.00606594 -0.338824 0.0015612 0.940848 ,-0.233636 -0.266606 -1.67444 
E 652 647 :0.927748 0.031174 0.371903 -0.0196732 0.999205 -0.0346794 -0.372688 0.0248572 0.927624 ,-0.287797 -0.276165 -1.85007 
E 652 646 :0.895839 0.0397916 0.442593 -0.0340511 0.999201 -0.020912 -0.443071 0.00366303 0.896479 ,-0.389128 -0.331544 -2.15243 
E 648 647 :0.999314 0.00867838 0.035998 -0.00766543 0.999573 -0.028182 -0.0362273 0.0278867 0.998954 ,0.0086715 -0.0105668 -0.183531 
E 648 646 :0.993319 0.0239667 0.112885 -0.0225847 0.999654 -0.0135053 -0.11317 0.0108656 0.993516 ,0.0164675 -0.0677879 -0.502001 
E 648 645 :0.992101 0.0526601 0.113852 -0.0536007 0.998549 0.00521448 -0.113412 -0.0112759 0.993484 ,0.0189175 -0.113412 -0.753185 
E 648 644 :0.99289 0.0403736 0.111978 -0.0368327 0.998759 -0.0335127 -0.113192 0.02915 0.993145 ,0.026755 -0.138125 -1.05756 
E 648 643 :0.993404 0.0218216 0.112571 -0.0204676 0.999704 -0.0131695 -0.112825 0.0107786 0.993556 ,0.0149753 -0.2048 -1.34795 
E 648 642 :0.9867 0.0372673 0.158221 -0.0348778 0.999232 -0.0178531 -0.158765 0.0120973 0.987242 ,0.00783661 -0.236393 -1.71195 
E 658 657 :0.994453 0.0332912 0.0997748 -0.0287521 0.9985 -0.0465916 -0.101176 0.0434644 0.993919 ,-0.0313424 -0.048128 -0.42082 
E 658 656 :0.996847 0.0368075 0.0702978 -0.0376366 0.999236 0.0105059 -0.0698574 -0.0131186 0.997471 ,-0.0989747 -0.139087 -1.01762 
E 658 655 :0.960895 0.0381258 0.274277 -0.0540715 0.997243 0.0508113 -0.271584 -0.0636549 0.960307 ,-0.131719 -0.22024 -1.61469 
E 658 654 :0.918428 0.0469564 0.39279 -0.0699816 0.996555 0.0444982 -0.389348 -0.0683565 0.918551 ,-0.263722 -0.334953 -2.17725 
E 650 649 :0.999357 0.00325756 -0.0357134 -0.00446049 0.999424 -0.0336552 0.0355832 0.0337929 0.998795 ,0.0183056 -0.0296552 -0.252015 
E 650 648 :0.999938 -0.0108012 -0.00288305 0.0108079 0.999939 0.00232125 0.0028578 -0.00235226 0.999993 ,0.0391482 -0.095197 -0.501927 
E 650 647 :0.999439 -0.00219919 0.0334202 0.00305147 0.999671 -0.0254724 -0.0333531 0.02556 0.999117 ,0.0484624 -0.106095 -0.685407 
E 650 646 :0.993827 0.0131364 0.11016 -0.0121103 0.999877 -0.00997822 -0.110277 0.00858256 0.993864 ,0.0577941 -0.163968 -1.00372 
E 650 645 :0.992945 0.0419038 0.110925 -0.0431382 0.999031 0.00875079 -0.11045 -0.0134741 0.99379 ,0.061461 -0.210146 -1.25479 
E 650 644 :0.993552 0.0294992 0.10947 -0.0263621 0.999202 -0.0299951 -0.110268 0.0269158 0.993537 ,0.0704424 -0.23548 -1.55908 
E 650 643 :0.993888 0.0109911 0.109842 -0.00999162 0.999904 -0.00964572 -0.109937 0.00848927 0.993902 ,0.0602209 -0.302952 -1.84934 
E 650 642 :0.987473 0.0264371 0.155558 -0.02458 0.999602 -0.0138504 -0.155862 0.00985324 0.98773 ,0.0544733 -0.335464 -2.21329 
E 659 658 :0.996366 0.00638553 -0.0849316 -0.0107791 0.998621 -0.051373 0.0844864 0.0521019 0.995062 ,0.000903708 -0.0833538 -0.601323 
E 659 657 :0.999249 0.0358546 0.0146997 -0.034234 0.994532 -0.0986635 -0.0181569 0.0980861 0.995012 ,0.00510881 -0.109459 -1.02522 
E 659 656 :0.998917 0.0441685 -0.0146073 -0.044741 0.998136 -0.0415094 0.0127467 0.042118 0.999031 ,-0.0121711 -0.168904 -1.62953 
E 659 655 :0.980124 0.0497615 0.192045 -0.0504025 0.998728 -0.00154915 -0.191878 -0.00816117 0.981385 ,0.00539502 -0.218919 -2.23065 
E 659 654 :0.947712 0.0589549 0.313633 -0.059783 0.998187 -0.00698586 -0.313477 -0.0121293 0.949518 ,-0.0790813 -0.30315 -2.80755 
E 655 654 :0.992038 0.00979941 0.12556 -0.00998904 0.99995 0.000880698 -0.125545 -0.00212791 0.992086 ,0.0321434 -0.0836201 -0.582259 
E 655 652 :0.731878 0.114443 0.671757 -0.114694 0.992421 -0.0441143 -0.671714 -0.0447599 0.739457 ,-0.216469 -0.243187 -1.69784 
E 655 651 :0.557998 0.148475 0.816452 -0.107473 0.988508 -0.106313 -0.822853 -0.0284236 0.567542 ,-0.589081 -0.293396 -2.16138 
E 664 663 :0.993986 -0.0307666 -0.1051 0.0272224 0.999017 -0.034992 0.106073 0.0319205 0.993846 ,0.0813952 -0.119365 -0.660611 
E 664 662 :0.999567 -0.0292269 -0.00341548 0.0292 0.999544 -0.00768255 0.00363846 0.0075795 0.999965 ,0.18291 -0.193505 -1.2845 
E 664 661 :0.992074 -0.0289238 -0.122278 0.0293742 0.999567 0.00188166 0.12217 -0.00545855 0.992494 ,0.213139 -0.287302 -1.95916 
E 664 660 :0.999919 0.00214319 -0.0125121 -0.00238209 0.999815 -0.0191107 0.0124688 0.0191389 0.999739 ,0.270426 -0.356778 -2.44099 
E 664 659 :0.999476 -0.0269673 0.0178868 0.0265689 0.999402 0.0221498 -0.0184734 -0.0216629 0.999595 ,0.264149 -0.452915 -2.80529 
E 664 658 :0.997646 -0.0196161 -0.0657032 0.0175711 0.999347 -0.0315584 0.0662794 0.0303297 0.99734 ,0.256544 -0.549514 -3.40458 
E 664 657 :0.999324 0.0107704 0.0351503 -0.00806668 0.997062 -0.0761746 -0.0358675 0.0758395 0.996475 ,0.253869 -0.584881 -3.82781 
E 656 655 :0.978872 0.00491949 0.204416 -0.0150994 0.99872 0.04827 -0.203917 -0.0503367 0.977693 ,0.0121226 -0.0744632 -0.598714 
E 656 654 :0.945365 0.0140766 0.32571 -0.0310155 0.998419 0.0468717 -0.324535 -0.0544129 0.944307 ,-0.0758474 -0.186567 -1.17033 
E 656 652 :0.578542 0.107758 0.808503 -0.158021 0.987262 -0.0185073 -0.800199 -0.117054 0.588201 ,-0.548034 -0.396025 -2.2023 
E 660 659 :0.999102 -0.029616 0.0302964 0.0283525 0.998744 0.0413152 -0.0314819 -0.0404191 0.998687 ,-0.0105906 -0.103106 -0.362286 
E 660 658 :0.998351 -0.0216168 -0.0531871 0.0209745 0.999701 -0.0126054 0.0534436 0.011469 0.998505 ,-0.025437 -0.211173 -0.959479 
E 660 657 :0.998815 0.0093401 0.0477538 -0.00660991 0.998352 -0.0570136 -0.0482076 0.0566305 0.997231 ,-0.0333051 -0.254639 -1.3819 
E 660 656 :0.999732 0.0158442 0.0169021 -0.0158363 0.999874 -0.000596222 -0.0169095 0.000328394 0.999857 ,-0.0671173 -0.339467 -1.98247 
E 660 655 :0.974923 0.0198912 0.221651 -0.0304776 0.998547 0.0444439 -0.220445 -0.0500847 0.974113 ,-0.0662974 -0.413756 -2.58132 
E 660 654 :0.939135 0.0289723 0.342326 -0.0457892 0.998103 0.0411447 -0.340484 -0.0543153 0.93868 ,-0.165681 -0.524112 -3.15141 
E 666 665 :0.992793 -0.0235717 -0.117505 0.0223215 0.999679 -0.0119446 0.117749 0.0092356 0.993 ,0.0272853 -0.048643 -0.559256 
E 666 664 :0.999546 -0.0108627 0.0281128 0.0111459 0.999889 -0.00993668 -0.0280017 0.0102455 0.999555 ,0.128554 -0.120571 -1.16746 
E 666 663 :0.99622 -0.0407072 -0.0767326 0.0372442 0.998245 -0.0460351 0.0784719 0.0430032 0.995988 ,0.192638 -0.232451 -1.83128 
E 666 662 :0.998898 -0.0398582 0.0247813 0.0403016 0.999032 -0.0176561 -0.0240536 0.0186354 0.999537 ,0.277372 -0.299253 -2.4585 
E 666 661 :0.994739 -0.0399221 -0.0943406 0.0392145 0.999187 -0.00934353 0.094637 0.00559486 0.995496 ,0.289639 -0.385999 -3.13467 
E 666 659 :0.998214 -0.0384203 0.0457395 0.0378896 0.999205 0.012414 -0.04618 -0.0106588 0.998876 ,0.318639 -0.542617 -3.98354 
E 657 656 :0.999467 0.00920047 -0.0313146 -0.00743023 0.998393 0.056185 0.0317812 -0.0559224 0.997929 ,-0.00425951 -0.119014 -0.595684 
E 657 655 :0.984597 0.0156818 0.174135 -0.0338054 0.99425 0.101605 -0.17154 -0.105927 0.979466 ,0.02592 -0.227087 -1.18861 
E 657 654 :0.954739 0.024959 0.296397 -0.0562239 0.993653 0.0974322 -0.292083 -0.109687 0.950082 ,-0.0451345 -0.370473 -1.75557 
E 662 661 :0.992947 0.000256145 -0.118558 0.00129154 0.999915 0.0129772 0.118552 -0.0130388 0.992862 ,0.0250219 -0.0997516 -0.674021 
E 662 660 :0.999462 0.0314064 -0.00942721 -0.031511 0.999441 -0.0111588 0.00907148 0.0114498 0.999893 ,0.0785031 -0.174521 -1.15549 
E 662 659 :0.999752 0.00214799 0.0221628 -0.00279477 0.99957 0.0291933 -0.0220906 -0.029248 0.999328 ,0.0680954 -0.273193 -1.51902 
E 662 658 :0.997969 0.0096837 -0.0629675 -0.0110926 0.999695 -0.0220644 0.0627346 0.0227181 0.997772 ,0.0554929 -0.374068 -2.11752 
E 662 657 :0.998525 0.0401559 0.0365364 -0.037542 0.996867 -0.0696144 -0.0392174 0.0681401 0.996905 ,0.0502461 -0.412549 -2.54046 
E 662 656 :0.998856 0.047235 0.00744847 -0.0471414 0.998813 -0.0122857 -0.00801994 0.0119205 0.999897 ,0.0194496 -0.489562 -3.14224 
E 662 655 :0.97552 0.0517135 0.213744 -0.0587215 0.997921 0.0265647 -0.211926 -0.0384658 0.976528 ,0.0235815 -0.557153 -3.74188 
E 669 668 :0.999963 0.00500819 -0.00706131 -0.00487062 0.999801 0.0193656 0.00715689 -0.0193305 0.999788 ,-0.0319489 -0.0715106 -0.666238 
E 669 667 :0.999239 0.00130488 -0.0389819 -0.00177507 0.999926 -0.0120297 0.0389633 0.0120897 0.999168 ,-0.0231948 -0.135296 -1.31546 
E 669 666 :0.997988 0.0180198 0.0607942 -0.0166008 0.99958 -0.0237658 -0.0611969 0.0227087 0.997867 ,-0.0119614 -0.218615 -1.94215 
E 669 665 :0.998355 -0.00494882 -0.057115 0.00303259 0.999431 -0.0335883 0.0572487 0.0333599 0.997802 ,-0.0196071 -0.2544 -2.50299 
E 669 664 :0.996033 0.00779983 0.0886443 -0.00478659 0.999405 -0.0341544 -0.088858 0.0335946 0.995478 ,0.0431867 -0.313524 -3.11773 
E 663 662 :0.994736 -0.00103715 0.102466 -0.00146586 0.999702 0.0243494 -0.10246 -0.0243715 0.994438 ,0.0327076 -0.0971057 -0.628127 
E 663 661 :0.999866 -0.00211829 -0.0162136 0.00272231 0.9993 0.0373228 0.0161232 -0.0373619 0.999172 ,-0.0113627 -0.213276 -1.29853 
E 663 659 :0.992229 -0.00189693 0.124413 -0.00479733 0.998557 0.0534852 -0.124335 -0.0536664 0.990788 ,-0.0549188 -0.407304 -2.13901 
E 663 660 :0.995163 0.0313778 0.0930887 -0.0327458 0.999376 0.0132052 -0.0926163 -0.0161896 0.99557 ,-0.00741954 -0.299826 -1.78098 
E 663 658 :0.999155 0.0109237 0.0396241 -0.0110246 0.999937 0.00232961 -0.0395962 -0.00276449 0.999212 ,-0.128676 -0.522704 -2.73044 
E 663 657 :0.989289 0.0458926 0.138565 -0.0399494 0.998171 -0.0453732 -0.140394 0.0393516 0.989313 ,-0.177192 -0.571464 -3.14955 
E 663 656 :0.992825 0.0471719 0.109877 -0.0487868 0.998736 0.012054 -0.10917 -0.0173281 0.993872 ,-0.269409 -0.663062 -3.74295 
E 661 660 :0.993448 0.0338331 0.109164 -0.0313706 0.999215 -0.0241976 -0.109897 0.0206145 0.993729 ,-0.00407156 -0.0684719 -0.485344 
E 661 659 :0.990078 -4.35726e-05 0.140516 -0.00225042 0.999867 0.0161665 -0.140498 -0.0163223 0.989946 ,-0.0576297 -0.162398 -0.84632 
E 661 658 :0.998353 0.0135998 0.0557357 -0.011654 0.999316 -0.0350884 -0.0561747 0.0343811 0.997829 ,-0.141227 -0.255464 -1.44036 
E 661 657 :0.986785 0.0492383 0.154374 -0.0367717 0.995904 -0.0825976 -0.157808 0.0758294 0.984554 ,-0.196627 -0.288428 -1.86016 
E 661 656 :0.990799 0.0496051 0.12592 -0.0467769 0.998584 -0.0253202 -0.126997 0.0191971 0.991717 ,-0.298648 -0.357596 -2.455 
E 661 655 :0.94344 0.0480775 0.32804 -0.0557034 0.998351 0.0138844 -0.326831 -0.0313721 0.944562 ,-0.365721 -0.417361 -3.05172 
E 668 667 :0.999489 -0.00347891 -0.0317709 0.00247647 0.9995 -0.0315369 0.0318647 0.0314421 0.998998 ,0.004418 -0.0511787 -0.650378 
E 668 666 :0.997593 0.013313 0.0680493 -0.0104164 0.999032 -0.0427459 -0.0685525 0.0419342 0.996766 ,0.0115717 -0.122311 -1.27863 
E 668 665 :0.998713 -0.00957773 -0.0498081 0.00692529 0.998562 -0.0531557 0.0502456 0.0527424 0.997343 ,8.67125e-05 -0.147286 -1.83999 
E 668 664 :0.995383 0.00317225 0.0959319 0.00192036 0.998595 -0.0529468 -0.0959651 0.0528865 0.993979 ,0.0587665 -0.194201 -2.45619 
E 668 663 :0.999658 -0.0243932 -0.00938441 0.0234767 0.995864 -0.0877656 0.0114865 0.0875153 0.996097 ,0.0760336 -0.278264 -3.12694 
E 668 662 :0.995393 -0.025194 0.0925044 0.0308858 0.997683 -0.0606232 -0.0907627 0.063201 0.993865 ,0.116993 -0.319073 -3.76074 
E 668 661 :0.999307 -0.0261431 -0.0264951 0.0247696 0.998396 -0.0509052 0.0277835 0.0502136 0.998352 ,0.0820632 -0.376959 -4.4392 
E 665 664 :0.989293 0.012741 0.145385 -0.0126773 0.999919 -0.00136467 -0.14539 -0.000493034 0.989374 ,0.0273182 -0.0799095 -0.614989 
E 665 663 :0.999111 -0.0130679 0.0400693 0.0144743 0.999282 -0.035013 -0.039583 0.0355619 0.998583 ,0.0102783 -0.199395 -1.28036 
E 665 662 :0.989766 -0.0150768 0.141903 0.0165208 0.999823 -0.00900325 -0.141742 0.0112555 0.98984 ,0.0190573 -0.273965 -1.91234 
E 665 661 :0.999588 -0.0166722 0.0233492 0.0166282 0.99986 0.00207724 -0.0233806 -0.00168813 0.999725 ,-0.0503186 -0.367217 -2.58418 
E 665 659 :0.986428 -0.0170947 0.163303 0.0139213 0.999692 0.0205571 -0.163604 -0.0180047 0.986362 ,-0.124978 -0.532308 -3.42865 
E 665 660 :0.990996 0.0176414 0.132725 -0.0150752 0.99968 -0.0203148 -0.133041 0.018131 0.990945 ,-0.0645793 -0.436755 -3.06918 
E 665 658 :0.996825 -0.00226382 0.0795962 0.00483174 0.999473 -0.032084 -0.0794817 0.0323667 0.996311 ,-0.22086 -0.627985 -4.02042 
E 665 657 :0.983307 0.0343846 0.178676 -0.0206858 0.996741 -0.0779739 -0.180774 0.0729762 0.980813 ,-0.285489 -0.662738 -4.43875 
E 667 666 :0.994873 0.0171165 0.0996704 -0.0160372 0.999804 -0.0116208 -0.0998497 0.00996276 0.994953 ,-0.0130453 -0.0908754 -0.625608 
E 667 665 :0.999821 -0.0054193 -0.0181342 0.00502722 0.999754 -0.0215972 0.0182468 0.0215022 0.999602 ,-0.0424737 -0.133448 -1.18525 
E 667 664 :0.991821 0.00732884 0.127425 -0.0045608 0.999748 -0.0220012 -0.127554 0.0212401 0.991604 ,-0.00357504 -0.199918 -1.80121 
E 667 663 :0.999572 -0.0191259 0.0221434 0.0203484 0.998203 -0.0563696 -0.0210255 0.0567961 0.998164 ,-0.00789844 -0.30509 -2.4692 
E 667 662 :0.992069 -0.0206965 0.123976 0.0245537 0.999258 -0.0296654 -0.12327 0.0324743 0.991842 ,0.0127436 -0.365948 -3.10237 
E 667 661 :0.999743 -0.0220572 0.00520456 0.0221542 0.999566 -0.0193972 -0.00477446 0.0195075 0.999798 ,-0.0439311 -0.445016 -3.77722 
E 667 659 :0.989142 -0.0221827 0.145276 0.0224103 0.999749 7.0346e-05 -0.145241 0.00318609 0.989391 ,-0.102369 -0.592204 -4.62626 
E 673 672 :0.99797 -0.00329556 -0.0636048 0.0014932 0.999597 -0.0283635 0.0636726 0.028211 0.997572 ,0.00372182 -0.0509473 -0.569702 
E 673 670 :0.999708 0.012547 -0.020657 -0.0137322 0.998206 -0.0582713 0.0198888 0.058538 0.998087 ,0.0381606 -0.188472 -1.65355 
E 673 669 :0.998804 0.0096692 -0.0479315 -0.0106077 0.999756 -0.0193651 0.0477326 0.0198503 0.998663 ,0.0635815 -0.224713 -2.11467 
E 673 668 :0.998376 0.015596 -0.054787 -0.0156154 0.999878 7.48639e-05 0.0547814 0.000780776 0.998498 ,0.0629132 -0.282965 -2.78296 
E 677 676 :0.999498 -0.0276344 0.015524 0.0272807 0.999373 0.022551 -0.0161375 -0.0221161 0.999625 ,0.0577533 -0.0503454 -0.577811 
E 677 675 :0.99536 0.0192047 0.0942828 -0.0219831 0.999351 0.0285192 -0.093674 -0.0304595 0.995137 ,0.0765818 -0.132688 -1.15841 
E 677 674 :0.999939 0.0108671 0.00212817 -0.010954 0.998865 0.0463447 -0.00162213 -0.0463651 0.998923 ,0.071821 -0.205295 -1.81035 
E 677 673 :0.999339 0.00732288 0.0356016 -0.00837579 0.999529 0.0295162 -0.0353687 -0.0297949 0.99893 ,0.0604743 -0.279314 -2.46223 
E 677 672 :0.999588 0.0050309 -0.0282553 -0.00498691 0.999986 0.00162709 0.0282631 -0.00148551 0.999599 ,0.0435382 -0.347084 -3.02994 
E 677 670 :0.999655 0.0219325 0.0144634 -0.021512 0.999359 -0.0286111 -0.0150817 0.0282901 0.999486 ,0.0383605 -0.516823 -4.10975 
E 670 669 :0.999607 -0.00366765 -0.0277894 0.00473741 0.999246 0.038528 0.0276271 -0.0386445 0.998871 ,0.01674 -0.0628502 -0.458654 
E 670 668 :0.999389 0.00187649 -0.034913 0.000146023 0.998326 0.0578374 0.0349631 -0.0578071 0.997715 ,0.00358027 -0.160127 -1.12226 
E 670 667 :0.99777 -0.00269897 -0.0666887 0.00446125 0.999644 0.0262906 0.066594 -0.0265295 0.997427 ,0.0306062 -0.248836 -1.76804 
E 670 666 :0.999357 0.0137155 0.0331274 -0.0142182 0.999787 0.0149859 -0.0329148 -0.0154473 0.999339 ,0.0595563 -0.356184 -2.39049 
E 670 665 :0.996361 -0.00953948 -0.0846976 0.0099656 0.99994 0.0046097 0.0846486 -0.00543698 0.996396 ,0.0676301 -0.413586 -2.94953 
E 672 670 :0.998924 0.0177393 0.0428487 -0.0164601 0.999414 -0.0300227 -0.0433562 0.0292851 0.99863 ,-0.0348479 -0.168159 -1.07951 
E 672 669 :0.999799 0.0124063 0.0157243 -0.0125485 0.999881 0.00897397 -0.0156111 -0.00916949 0.999836 ,-0.0388935 -0.217478 -1.5401 
E 672 668 :0.999814 0.0171071 0.00890133 -0.0173538 0.999445 0.028424 -0.00841014 -0.0285732 0.999556 ,-0.0821993 -0.294558 -2.20507 
E 672 667 :0.999629 0.0139001 -0.0234121 -0.0139641 0.999899 -0.00257259 0.023374 0.00289857 0.999723 ,-0.0844469 -0.364271 -2.85374 
E 672 666 :0.996619 0.0307744 0.076178 -0.0296712 0.999438 -0.015571 -0.0766144 0.0132581 0.996973 ,-0.0841037 -0.453346 -3.47974 
E 675 674 :0.995692 -0.00679832 -0.0924736 0.00830599 0.999839 0.0159287 0.0923504 -0.0166282 0.995588 ,0.0579281 -0.0527926 -0.651297 
E 675 673 :0.9982 -0.0118929 -0.0587862 0.011899 0.999929 -0.000246173 0.0587849 -0.000453765 0.998271 ,0.109325 -0.107126 -1.30319 
E 675 672 :0.992412 -0.0168361 -0.121796 0.0133522 0.99948 -0.0293639 0.122227 0.0275149 0.992121 ,0.147137 -0.157885 -1.87166 
E 675 670 :0.996902 -0.00278838 -0.0786005 -0.00184061 0.998271 -0.0587587 0.0786284 0.0587213 0.995173 ,0.246865 -0.294723 -2.95155 
E 679 678 :0.992228 0.0410169 0.117477 -0.0399684 0.999137 -0.011268 -0.117838 0.00648505 0.993012 ,0.047591 -0.0471339 -0.561112 
E 679 676 :0.99804 -0.012226 0.0613811 0.0100241 0.9993 0.0360535 -0.0617789 -0.0353675 0.997463 ,0.05454 -0.17403 -1.55796 
E 679 677 :0.998829 0.0163931 0.0455227 -0.0170363 0.99976 0.0137776 -0.0452859 -0.014537 0.998868 ,0.0239831 -0.114752 -0.978919 
E 679 675 :0.98957 0.0341781 0.139941 -0.0402257 0.998365 0.0406167 -0.138324 -0.0458223 0.989326 ,0.0455663 -0.264673 -2.13755 
E 679 673 :0.996421 0.0223434 0.0815178 -0.0258861 0.998754 0.0426654 -0.0804629 -0.0446229 0.995758 ,-0.0322798 -0.428952 -3.43704 
E 679 674 :0.998514 0.0251182 0.0483591 -0.028009 0.997802 0.06006 -0.0467442 -0.0613253 0.997023 ,0.00994246 -0.346163 -2.78749 
E 679 672 :0.999622 0.0213503 0.0173089 -0.0216256 0.99964 0.0158801 -0.0169637 -0.0162484 0.999724 ,-0.0761504 -0.504239 -4.00236 
E 678 677 :0.997083 -0.0219801 -0.0730863 0.0236536 0.999476 0.0221106 0.072562 -0.0237749 0.99708 ,0.0285117 -0.0712372 -0.416899 
E 678 675 :0.999787 -0.000590996 0.0206501 -0.000498968 0.998608 0.0527375 -0.0206525 -0.0527365 0.998395 ,0.19245 -0.227657 -1.56321 
E 678 676 :0.997162 -0.0479038 -0.0580758 0.0505513 0.997707 0.0450087 0.0557866 -0.0478168 0.997297 ,0.129433 -0.132966 -0.987635 
E 678 674 :0.997382 -0.00773114 -0.0719043 0.0126679 0.997574 0.0684575 0.0712006 -0.0691891 0.995059 ,0.236948 -0.314753 -2.21187 
E 678 673 :0.999194 -0.0124906 -0.0381591 0.0144845 0.99852 0.0524298 0.0374477 -0.0529402 0.997895 ,0.274904 -0.403416 -2.86092 
E 678 672 :0.994717 -0.016855 -0.101266 0.0192844 0.999548 0.0230597 0.100831 -0.0248907 0.994592 ,0.300999 -0.484103 -3.42658 
E 674 673 :0.999427 -0.00357812 0.0336557 0.00413348 0.999856 -0.0164459 -0.033592 0.0165756 0.999298 ,-0.00947783 -0.0438342 -0.654633 
E 674 672 :0.999536 -0.00592089 -0.0298928 0.00457092 0.998975 -0.0450284 0.0301288 0.0448708 0.998538 ,-0.0247496 -0.0853895 -1.2249 
E 674 670 :0.999854 0.0109382 0.0131547 -0.00992502 0.997152 -0.0747628 -0.013935 0.0746213 0.997115 ,-0.0263161 -0.204927 -2.31143 
E 674 669 :0.999876 0.00675449 -0.0142241 -0.00726268 0.999326 -0.0359843 0.0139714 0.0360832 0.999251 ,-0.0162995 -0.233474 -2.77368 
E 683 682 :0.998701 -0.00283363 -0.0508704 0.000752448 0.999164 -0.0408841 0.0509437 0.0407927 0.997868 ,0.024478 -0.108543 -0.360322 
E 683 680 :0.998596 -0.031811 -0.0423641 0.0319969 0.999481 0.00371562 0.0422239 -0.00506592 0.999095 ,0.16761 -0.246782 -1.50069 
E 683 681 :0.996149 -0.0473888 -0.0737683 0.0483326 0.99877 0.0110606 0.0731534 -0.0145834 0.997214 ,0.109382 -0.178903 -0.995329 
E 683 678 :0.99994 0.00287972 -0.0105463 -0.002966 0.999962 -0.00817507 0.0105223 0.00820586 0.999911 ,0.371455 -0.371808 -2.64808 
E 683 679 :0.991048 -0.03697 -0.128285 0.037112 0.99931 -0.00128362 0.128244 -0.00348878 0.991737 ,0.250566 -0.327193 -2.09787 
E 683 677 :0.996327 -0.0188499 -0.0835337 0.0201021 0.999697 0.0141754 0.0832412 -0.0158025 0.996404 ,0.404157 -0.439719 -3.06523 
E 684 683 :0.989793 0.0140838 0.141814 -0.014066 0.9999 -0.0011282 -0.141816 -0.000878075 0.989893 ,0.0253581 -0.074785 -0.565006 
E 684 682 :0.995743 0.0170523 0.090585 -0.0133528 0.999058 -0.0412903 -0.0912038 0.0399049 0.995032 ,-0.00304125 -0.183255 -0.925062 
E 684 680 :0.994842 -0.0181282 0.0998067 0.0178998 0.999835 0.00318396 -0.0998479 -0.00138102 0.995002 ,-0.0250365 -0.322207 -2.07408 
E 684 681 :0.997036 -0.0349067 0.0685597 0.0342334 0.999354 0.010972 -0.0688984 -0.00859248 0.997587 ,-0.0100481 -0.254086 -1.56563 
E 684 679 :0.999642 -0.0230133 0.0136491 0.0230236 0.999735 -0.000597918 -0.0136317 0.000911953 0.999907 ,-0.0287499 -0.403103 -2.67692 
E 684 678 :0.991184 0.0180973 0.131248 -0.0170427 0.999813 -0.00915401 -0.131389 0.00683649 0.991307 ,0.0122501 -0.448793 -3.23867 
E 685 684 :0.992158 -0.0270362 -0.122027 0.0252036 0.999546 -0.016537 0.122419 0.0133318 0.992389 ,0.0158283 -0.0579651 -0.561992 
E 685 683 :0.999717 -0.012953 0.019939 0.013232 0.999816 -0.0139233 -0.019755 0.0141832 0.999704 ,0.111956 -0.122734 -1.12059 
E 685 682 :0.999425 -0.0149616 -0.0304299 0.0132578 0.998374 -0.0554433 0.0312099 0.055008 0.997998 ,0.130648 -0.225916 -1.48283 
E 685 680 :0.998741 -0.0448493 -0.0224792 0.0446165 0.998946 -0.0107563 0.022938 0.00973985 0.999689 ,0.252793 -0.346358 -2.62764 
E 685 681 :0.9967 -0.0606033 -0.0540072 0.0604861 0.998162 -0.00380209 0.0541383 0.000522857 0.998533 ,0.203778 -0.286298 -2.12032 
E 685 678 :0.999906 -0.00991001 0.00949986 0.0101192 0.999702 -0.0222352 -0.00927668 0.0223292 0.999708 ,0.435322 -0.452687 -3.7805 
E 685 679 :0.992844 -0.0499732 -0.108458 0.0484331 0.998685 -0.0167891 0.109154 0.011416 0.993959 ,0.324859 -0.417341 -3.22743 
E 676 675 :0.995772 0.0469496 0.0789545 -0.0474038 0.998868 0.00388733 -0.0786826 -0.00761364 0.996871 ,0.0259419 -0.0699711 -0.581941 
E 676 674 :0.999164 0.0388596 -0.0127287 -0.038544 0.998965 0.0241645 0.0136545 -0.0236537 0.999627 ,0.0297236 -0.127982 -1.23536 
E 676 673 :0.999179 0.0350679 0.0202687 -0.0352045 0.999359 0.00642141 -0.0200306 -0.00712969 0.999774 ,0.026883 -0.187224 -1.88884 
E 676 672 :0.998494 0.0323327 -0.0443277 -0.0332319 0.999253 -0.0197004 0.0436576 0.0211438 0.998823 ,0.017268 -0.241928 -2.45812 
E 676 670 :0.998809 0.0487282 -0.00245354 -0.0487899 0.997501 -0.0510976 -4.2489e-05 0.0511565 0.998691 ,0.0248876 -0.387537 -3.54143 
E 692 691 :0.998212 -0.0292338 -0.0521308 0.0301871 0.999389 0.0175929 0.0515847 -0.0191351 0.998485 ,0.0522725 -0.053823 -0.61287 
E 692 690 :0.99934 0.0267578 -0.0245812 -0.0264493 0.999568 0.0127921 0.0249129 -0.0121335 0.999616 ,0.108013 -0.170541 -1.23314 
E 692 688 :0.997726 -0.016865 -0.0652584 0.0188025 0.999397 0.0291904 0.0647268 -0.030351 0.997441 ,0.192316 -0.2282 -2.23973 
E 692 687 :0.993703 -0.059157 -0.0951519 0.0602233 0.99815 0.00837136 0.0944806 -0.014049 0.995428 ,0.205578 -0.335711 -2.72857 
E 692 686 :0.99807 -0.0390389 -0.0482924 0.0387274 0.999223 -0.00736947 0.0485426 0.00548501 0.998806 ,0.284441 -0.410886 -3.22201 
E 686 685 :0.997714 0.0552577 0.038895 -0.0555338 0.998438 0.00605396 -0.0384997 -0.00820011 0.999225 ,0.0140734 -0.0544185 -0.453325 
E 686 684 :0.996045 0.0287766 -0.084063 -0.0291929 0.999567 -0.00372666 0.0839194 0.00616597 0.996453 ,0.00480391 -0.116574 -1.01502 
E 686 682 :0.999087 0.0423799 0.00539312 -0.0420758 0.997979 -0.047625 -0.00740056 0.0473546 0.998851 ,0.0742647 -0.296214 -1.93818 
E 686 683 :0.997395 0.0428757 0.0580076 -0.0424263 0.999059 -0.00895668 -0.058337 0.0064723 0.998276 ,0.0754058 -0.189962 -1.57635 
E 686 681 :0.99987 -0.00528832 -0.0152559 0.00536894 0.999972 0.00524815 0.0152277 -0.00532938 0.99987 ,0.119095 -0.364422 -2.5775 
E 686 680 :0.999816 0.0108314 0.0158607 -0.0107782 0.999936 -0.0034391 -0.0158969 0.00326751 0.999868 ,0.144947 -0.430182 -3.08582 
E 686 679 :0.997497 0.00577009 -0.0704773 -0.00611806 0.99997 -0.00472243 0.070448 0.00514179 0.997502 ,0.189598 -0.508687 -3.68734 
E 686 678 :0.997819 0.0462223 0.0471331 -0.0454813 0.998826 -0.0166758 -0.0478486 0.0144958 0.998749 ,0.276343 -0.553461 -4.24394 
E 680 679 :0.996259 -0.00509056 -0.0862707 0.00491683 0.999985 -0.00222614 0.0862807 0.00179364 0.996269 ,0.0550505 -0.0799823 -0.600459 
E 680 678 :0.998885 0.0352178 0.0314271 -0.0348269 0.99931 -0.0129008 -0.0318598 0.0117919 0.999423 ,0.151111 -0.125632 -1.15546 
E 680 677 :0.999085 0.0124966 -0.0408908 -0.0120242 0.999858 0.0117776 0.0410322 -0.0112751 0.999094 ,0.16398 -0.192435 -1.57386 
E 680 675 :0.998006 0.0329211 0.0538611 -0.0350517 0.99862 0.0391018 -0.0524995 -0.0409118 0.997783 ,0.286202 -0.339669 -2.72658 
E 680 676 :0.999584 -0.0142161 -0.0250838 0.0150687 0.999304 0.0341343 0.0245811 -0.0344981 0.999102 ,0.244679 -0.250273 -2.14821 
E 680 674 :0.998954 0.0252354 -0.0381414 -0.0229951 0.998047 0.0580774 0.0395325 -0.0571396 0.997583 ,0.307197 -0.419886 -3.37731 
E 680 673 :0.999767 0.0210252 -0.00490913 -0.0208074 0.998949 0.0408489 0.00576283 -0.0407373 0.999153 ,0.321591 -0.501436 -4.02824 
E 680 672 :0.997456 0.0175834 -0.0690835 -0.0166726 0.999767 0.0137395 0.069309 -0.0125527 0.997516 ,0.327038 -0.575679 -4.59536 
E 681 680 :0.999385 0.0162484 0.0310659 -0.0159805 0.999833 -0.00885155 -0.0312045 0.00834966 0.999478 ,0.0177551 -0.0631854 -0.508995 
E 681 679 :0.998407 0.0112164 -0.0553038 -0.0117684 0.999884 -0.00966565 0.055189 0.0103011 0.998423 ,0.0528185 -0.138719 -1.11153 
E 681 678 :0.996716 0.0517996 0.0622461 -0.0505018 0.998476 -0.0222473 -0.0633037 0.0190307 0.997813 ,0.130837 -0.180984 -1.66961 
E 681 676 :0.999978 0.000958002 0.0065242 -0.00112529 0.999669 0.0256858 -0.00649744 -0.0256926 0.999649 ,0.191481 -0.298312 -2.66581 
E 681 675 :0.995192 0.0478559 0.0854603 -0.0505297 0.99829 0.0294027 -0.083907 -0.0335796 0.995908 ,0.213558 -0.383236 -3.24592 
E 681 677 :0.999551 0.0283847 -0.00963655 -0.0283513 0.999592 0.00358554 0.00973438 -0.00331072 0.999947 ,0.129614 -0.244278 -2.08876 
E 681 674 :0.999194 0.0396614 -0.00618348 -0.0393049 0.997983 0.0498471 0.00814801 -0.0495639 0.998738 ,0.213021 -0.458016 -3.89764 
E 681 673 :0.998993 0.035978 0.0267972 -0.0368317 0.998807 0.0320765 -0.0256111 -0.0330312 0.999126 ,0.205861 -0.534021 -4.54935 
E 682 681 :0.998618 -0.0473187 -0.0228624 0.0484535 0.997474 0.0519394 0.0203469 -0.0529754 0.998389 ,0.0523909 -0.0964453 -0.635095 
E 682 680 :0.999474 -0.0312757 0.00859133 0.0308629 0.998529 0.0445884 -0.00997322 -0.0442997 0.998969 ,0.0847482 -0.185048 -1.13956 
E 682 679 :0.996322 -0.0363478 -0.0775964 0.0395041 0.998437 0.0395366 0.076038 -0.0424565 0.996201 ,0.137113 -0.289987 -1.73641 
E 682 678 :0.999175 0.00404643 0.0404004 -0.00536775 0.999452 0.0326507 -0.0402462 -0.0328407 0.99865 ,0.229782 -0.357351 -2.28977 
E 682 677 :0.999288 -0.0188782 -0.0326541 0.0206577 0.99827 0.0550462 0.0315584 -0.0556816 0.99795 ,0.241139 -0.442315 -2.70491 
E 682 675 :0.998126 0.00131972 0.0611821 -0.00653962 0.996343 0.0851961 -0.0608459 -0.0854365 0.994484 ,0.357998 -0.636957 -3.85114 
E 682 676 :0.998798 -0.0457589 -0.0175546 0.0469926 0.995856 0.0778582 0.0139191 -0.0785896 0.99681 ,0.318669 -0.523186 -3.27691 
E 682 673 :0.999941 -0.0105787 0.00239992 0.0103359 0.996311 0.0851879 -0.00329225 -0.0851581 0.996362 ,0.387245 -0.855433 -5.14464 
E 682 674 :0.999487 -0.00648342 -0.0313672 0.00963206 0.99481 0.101295 0.0305476 -0.101546 0.994362 ,0.3759 -0.745424 -4.49786 
E 687 686 :0.998704 0.0219017 0.0459356 -0.0210691 0.999606 -0.0185312 -0.0463234 0.0175394 0.998773 ,0.027218 -0.0727692 -0.499325 
E 687 685 :0.993437 0.0766768 0.0848772 -0.0758194 0.997033 -0.0132848 -0.085644 0.00676225 0.996303 ,0.0192576 -0.119062 -0.9537 
E 687 682 :0.996531 0.0663576 0.0502259 -0.0629719 0.995815 -0.0662298 -0.0544106 0.0628372 0.996539 ,0.00586731 -0.334514 -2.44376 
E 687 683 :0.992494 0.0649985 0.103593 -0.0623428 0.997643 -0.0286746 -0.105212 0.0220011 0.994206 ,0.0259549 -0.235033 -2.08057 
E 687 684 :0.99797 0.0509148 -0.038263 -0.0517223 0.998453 -0.0204196 0.0371642 0.0223572 0.999059 ,-0.0171629 -0.170589 -1.51536 
E 687 680 :0.997554 0.0328678 0.0616944 -0.0315446 0.999254 -0.0223007 -0.0623813 0.0203 0.997846 ,0.0208067 -0.448651 -3.59562 
E 687 681 :0.999391 0.0163748 0.0308085 -0.0159817 0.999788 -0.0129613 -0.0310142 0.0124611 0.999441 ,0.0197784 -0.391793 -3.08557 
E 687 677 :0.998778 0.0446335 0.0212349 -0.044446 0.998969 -0.00922184 -0.0216246 0.00826676 0.999732 ,0.0809622 -0.611017 -5.18023 
E 690 688 :0.998182 -0.0440433 -0.0411382 0.0447059 0.998883 0.0153292 0.0404171 -0.0171404 0.999036 ,0.0606958 -0.0431656 -1.00902 
E 690 687 :0.993808 -0.0858683 -0.0705115 0.0856403 0.996306 -0.00625629 0.0707883 0.000178929 0.997491 ,0.0646146 -0.144344 -1.49936 
E 690 686 :0.997596 -0.0653052 -0.0231825 0.0648279 0.99768 -0.0207775 0.0244856 0.0192246 0.999515 ,0.133121 -0.211389 -1.99552 
E 690 685 :0.999835 -0.00988829 0.0152416 0.0100747 0.999875 -0.0122 -0.0151191 0.0123515 0.999809 ,0.161223 -0.25535 -2.44933 
E 690 683 :0.99912 -0.0226212 0.0353105 0.0235432 0.999387 -0.025917 -0.0347026 0.0267256 0.99904 ,0.257295 -0.363269 -3.57291 
E 699 698 :0.994911 0.0509693 -0.086915 -0.0536105 0.99816 -0.0283286 0.0853112 0.032844 0.995813 ,0.0514716 -0.0187783 -0.637557 
E 699 696 :0.988705 0.00823744 -0.14965 -0.0220815 0.995598 -0.0910853 0.148241 0.0933609 0.984535 ,0.127087 -0.0353317 -1.80894 
E 699 695 :0.998948 -0.021729 -0.0403791 0.0174541 0.994491 -0.103359 0.0424025 0.102546 0.993824 ,0.217608 -0.0639545 -2.25395 
E 699 694 :0.999073 0.012606 -0.0411546 -0.016053 0.996292 -0.0845309 0.0399364 0.0851132 0.995571 ,0.256345 -0.08376 -2.89042 
E 699 693 :0.99761 -0.00615617 -0.0688145 -0.00115629 0.994395 -0.105722 0.0690796 0.105549 0.992012 ,0.31745 -0.0844586 -3.52948 
E 699 692 :0.998187 0.0220552 -0.0560049 -0.0279153 0.993963 -0.106108 0.0533265 0.107479 0.992776 ,0.334419 -0.0909515 -4.18575 
E 688 687 :0.998691 -0.0411642 -0.0303473 0.0405607 0.998972 -0.0202412 0.0311493 0.0189838 0.999334 ,-0.0204299 -0.0928329 -0.491587 
E 688 686 :0.99967 -0.0198072 0.0163283 0.0203983 0.999112 -0.0368654 -0.0155836 0.0371863 0.999187 ,0.0249011 -0.154316 -0.991113 
E 688 685 :0.997857 0.0353292 0.0550779 -0.0337135 0.998981 -0.0299948 -0.0560815 0.0280737 0.998031 ,0.0326457 -0.191687 -1.44631 
E 688 683 :0.996954 0.0231787 0.074466 -0.0198929 0.998808 -0.0445673 -0.0754103 0.0429502 0.996227 ,0.0783055 -0.284458 -2.57442 
E 688 681 :0.999682 -0.0251803 0.000971347 0.0251984 0.999172 -0.0319283 -0.000166581 0.0319426 0.99949 ,0.109089 -0.420965 -3.58193 
E 688 682 :0.99947 0.0233719 0.0226442 -0.0213859 0.996211 -0.0842956 -0.0245286 0.0837667 0.996183 ,0.0733613 -0.377301 -2.93989 
E 688 680 :0.99944 -0.00892476 0.0322497 0.010212 0.999149 -0.039973 -0.0318655 0.04028 0.99868 ,0.127935 -0.4674 -4.09268 
E 688 684 :0.997665 0.00906917 -0.0676911 -0.0119431 0.999039 -0.0421727 0.0672436 0.0428827 0.996815 ,0.0154389 -0.23327 -2.00971 
E 698 696 :0.997504 -0.0372143 -0.0600133 0.0332216 0.997253 -0.0662092 0.0623124 0.0640502 0.995999 ,-0.0238141 -0.0511419 -1.17259 
E 698 695 :0.996546 -0.0661853 0.0501518 0.0697304 0.994922 -0.072586 -0.045093 0.0758324 0.9961 ,0.0298168 -0.0897141 -1.62279 
E 698 694 :0.998257 -0.0336088 0.0485198 0.0362103 0.997896 -0.0537745 -0.0466105 0.0554376 0.997374 ,0.01512 -0.128413 -2.2594 
E 698 693 :0.998489 -0.0504304 0.0218332 0.0519622 0.995718 -0.076453 -0.0178842 0.077472 0.996834 ,0.0214329 -0.146985 -2.90107 
E 698 692 :0.999153 -0.0221747 0.0346635 0.0247644 0.996788 -0.076161 -0.0328633 0.0769549 0.996493 ,-0.0173229 -0.174155 -3.55588 
E 696 695 :0.993565 -0.028242 0.109685 0.0295648 0.999508 -0.0104525 -0.109335 0.0136281 0.993911 ,0.0241627 -0.0692973 -0.449063 
E 696 694 :0.994063 0.00308125 0.108761 -0.00402399 0.999956 0.00844959 -0.10873 -0.00883708 0.994032 ,-0.0314521 -0.148118 -1.07969 
E 696 693 :0.996608 -0.0123977 0.0813539 0.0135159 0.999821 -0.0132081 -0.0811756 0.0142629 0.996598 ,-0.0657558 -0.207973 -1.71794 
E 696 692 :0.995434 0.0157908 0.0941406 -0.0145913 0.999804 -0.0134162 -0.094334 0.0119813 0.995469 ,-0.14612 -0.275567 -2.366 
E 696 691 :0.998987 -0.0151206 0.0423831 0.0149239 0.999876 0.00495421 -0.0424527 -0.00431667 0.999089 ,-0.152632 -0.32192 -2.98167 
E 696 690 :0.996704 0.0412773 0.0698375 -0.04136 0.999144 -0.00026284 -0.0697886 -0.0026265 0.997558 ,-0.157383 -0.431107 -3.60579 
E 696 688 :0.99956 -0.00386395 0.0294003 0.00337226 0.999854 0.016755 -0.0294607 -0.0166484 0.999427 ,-0.169136 -0.47648 -4.61646 
E 691 690 :0.99804 0.0562581 0.0274137 -0.0561244 0.998408 -0.00562492 -0.0276865 0.00407532 0.999608 ,0.0201205 -0.106407 -0.62429 
E 691 687 :0.998619 -0.0296448 -0.0433803 0.0293289 0.999539 -0.00789973 0.0435944 0.00661652 0.999027 ,0.0353849 -0.245713 -2.12544 
E 691 688 :0.999849 0.0117684 -0.0128079 -0.0116149 0.999861 0.0119941 0.0129472 -0.0118436 0.999846 ,0.050608 -0.147235 -1.63477 
E 691 685 :0.998027 0.0467208 0.0419339 -0.0459714 0.998768 -0.0186598 -0.0427541 0.0166952 0.998946 ,0.0995171 -0.356622 -3.07816 
E 691 686 :0.999959 -0.00852255 0.00309452 0.00859747 0.999649 -0.0250655 -0.00287982 0.0250911 0.999681 ,0.0863833 -0.313706 -2.62358 
E 691 682 :0.999382 0.0340194 0.00888975 -0.0332859 0.996806 -0.0725985 -0.0113311 0.0722577 0.997322 ,0.157172 -0.560596 -4.56879 
E 691 683 :0.997535 0.0343794 0.0611707 -0.0323741 0.998915 -0.0334771 -0.0622553 0.0314142 0.997566 ,0.158527 -0.463441 -4.20441 
E 691 680 :0.999817 0.00231909 0.0189835 -0.00178004 0.999596 -0.0283637 -0.0190416 0.0283247 0.999417 ,0.225442 -0.665143 -5.71963 
E 694 693 :0.999463 -0.0178982 -0.0274362 0.0173035 0.999613 -0.0217639 0.0278151 0.0212774 0.999387 ,0.0355379 -0.0543175 -0.638678 
E 694 692 :0.99984 0.0103711 -0.0146017 -0.0106898 0.999703 -0.0219226 0.01437 0.0220752 0.999653 ,0.0263869 -0.116429 -1.29219 
E 694 691 :0.997612 -0.018585 -0.0665196 0.0183765 0.999824 -0.00374445 0.0665775 0.00251311 0.997778 ,0.0870418 -0.15736 -1.90528 
E 694 690 :0.998541 0.0372973 -0.0390407 -0.0376703 0.999251 -0.00886314 0.0386809 0.0103209 0.999198 ,0.150619 -0.26104 -2.52711 
E 694 688 :0.996816 -0.00605422 -0.0795096 0.00671236 0.999945 0.00801279 0.0794567 -0.00852098 0.996802 ,0.249009 -0.297517 -3.53342 
E 694 687 :0.992789 -0.0485905 -0.109585 0.0475116 0.998793 -0.0124363 0.110057 0.00714009 0.9939 ,0.268292 -0.394421 -4.02426 
E 693 692 :0.999518 0.0282779 0.0128322 -0.0282753 0.9996 -0.000382714 -0.0128379 1.96941e-05 0.999918 ,-0.0283983 -0.0758292 -0.651506 
E 693 691 :0.999246 -0.00120466 -0.0387954 0.00193052 0.999824 0.0186777 0.0387661 -0.0187386 0.999073 ,0.0144625 -0.130874 -1.265 
E 693 690 :0.998429 0.0548549 -0.0113803 -0.0547049 0.998417 0.0130994 0.0120809 -0.0124563 0.999849 ,0.0589156 -0.248884 -1.88594 
E 693 687 :0.99614 -0.0310832 -0.0820957 0.0320658 0.999429 0.0106775 0.0817169 -0.0132687 0.996567 ,0.132574 -0.416174 -3.38249 
E 693 688 :0.998607 0.0110145 -0.0516021 -0.00944082 0.999486 0.0306422 0.0519131 -0.0301123 0.998198 ,0.128631 -0.308519 -2.89353 
E 708 707 :0.999389 0.0283361 -0.0204702 -0.0286617 0.999464 -0.0157913 0.0200118 0.0163684 0.999666 ,-0.0311778 -0.0653011 -0.629445 
E 708 706 :0.999295 -0.0217686 -0.030599 0.0212516 0.999628 -0.0171205 0.0309603 0.0164582 0.999385 ,-0.0175956 -0.135839 -1.25679 
E 708 705 :0.997921 -0.0313438 -0.0563185 0.0320354 0.999421 0.0114207 0.0559279 -0.0132012 0.998348 ,-0.0228767 -0.209041 -1.88366 
E 708 704 :0.989038 -0.0725848 -0.128593 0.0770851 0.996562 0.0303654 0.125946 -0.0399451 0.991233 ,0.0541803 -0.260214 -2.51952 
E 708 703 :0.993754 -0.0501412 -0.09969 0.0538431 0.997943 0.0347956 0.0977402 -0.0399459 0.99441 ,0.129921 -0.334735 -3.16404 
E 708 702 :0.992842 -0.0602708 -0.103108 0.0633033 0.997645 0.0263929 0.101275 -0.032731 0.99432 ,0.235451 -0.394579 -3.79522 
E 708 701 :0.99964 -0.0231916 0.0135166 0.0226607 0.999014 0.0381902 -0.0143889 -0.0378702 0.999179 ,0.302985 -0.461579 -4.44486 
E 708 699 :0.997413 -0.0362169 0.0620887 0.0308055 0.995819 0.0859997 -0.0649438 -0.0838645 0.994359 ,0.390291 -0.570344 -5.7161 
E 708 698 :0.999576 0.0167265 -0.0238354 -0.0154009 0.998381 0.054752 0.0247126 -0.0543617 0.998215 ,0.402724 -0.642288 -6.35183 
E 701 699 :0.998686 -0.0124311 0.0497074 0.0101029 0.998852 0.0468184 -0.0502324 -0.0462547 0.997666 ,0.103102 -0.0625415 -1.27317 
E 701 698 :0.998511 0.0401267 -0.0369494 -0.0395034 0.999067 0.0174482 0.037615 -0.0159626 0.999165 ,0.123048 -0.110628 -1.91095 
E 701 696 :0.995049 0.000490925 -0.0993823 -0.00512694 0.99891 -0.0463983 0.0992512 0.0466782 0.993967 ,0.140543 -0.181241 -3.08264 
E 701 694 :0.999946 0.00443515 0.00943749 -0.00407121 0.99926 -0.0382387 -0.00960011 0.0381982 0.999224 ,0.216476 -0.27894 -4.16585 
E 701 695 :0.999527 -0.0289659 0.0103593 0.0295116 0.997931 -0.0571193 -0.00868332 0.057398 0.998314 ,0.209181 -0.22975 -3.52983 
E 701 692 :0.999873 0.0150127 -0.00526395 -0.015302 0.998077 -0.0600723 0.00435197 0.0601453 0.99818 ,0.23015 -0.34598 -5.46173 
E 695 694 :0.999436 0.0335911 -0.000372038 -0.0335781 0.999257 0.0189205 0.00100732 -0.0188974 0.999821 ,0.0113623 -0.0858057 -0.63206 
E 695 693 :0.99947 0.0156821 -0.0285236 -0.0157432 0.999874 -0.00191751 0.0284899 0.00236555 0.999591 ,0.0452932 -0.15336 -1.26956 
E 695 692 :0.998911 0.0439382 -0.0157018 -0.0439827 0.999029 -0.00250204 0.0155766 0.00318992 0.999874 ,0.034304 -0.227484 -1.92179 
E 695 691 :0.997641 0.0150098 -0.0669791 -0.0138754 0.999753 0.0173704 0.0672232 -0.0164001 0.997603 ,0.0937779 -0.28202 -2.53394 
E 695 690 :0.996698 0.0708384 -0.0396882 -0.0704396 0.997451 0.0113597 0.0403917 -0.00852659 0.999148 ,0.154068 -0.399524 -3.15364 
E 695 687 :0.993784 -0.0150151 -0.11031 0.0162227 0.999818 0.0100577 0.110139 -0.0117847 0.993846 ,0.267751 -0.565084 -4.64788 
E 695 688 :0.996449 0.0275417 -0.0795664 -0.0252604 0.999244 0.0295366 0.0803197 -0.0274219 0.996392 ,0.251552 -0.458317 -4.15897 
E 710 709 :0.998092 0.0601122 -0.014119 -0.0607229 0.997011 -0.0477753 0.0112049 0.0485415 0.998758 ,-0.00738295 -0.0623591 -0.614 
E 710 708 :0.998574 0.0456951 0.0275983 -0.0446237 0.998271 -0.0382626 -0.029299 0.0369765 0.998887 ,0.0223601 -0.0786742 -1.297 
E 710 707 :0.997206 0.074418 0.00642648 -0.0739742 0.995845 -0.0531004 -0.0103514 0.0524767 0.998568 ,-0.0291288 -0.118387 -1.92724 
E 710 706 :0.999695 0.0243947 -0.00375632 -0.024562 0.998241 -0.0539646 0.00243326 0.0540404 0.998536 ,-0.0361028 -0.165405 -2.55689 
E 710 705 :0.999505 0.0140052 -0.0281636 -0.0146908 0.999597 -0.0242853 0.0278121 0.024687 0.999308 ,-0.062022 -0.214259 -3.18562 
E 710 704 :0.994626 -0.0280458 -0.0996653 0.0279983 0.999606 -0.00187598 0.0996787 -0.000924556 0.995019 ,-0.00496183 -0.244452 -3.82492 
E 710 703 :0.997495 -0.00557108 -0.0705138 0.00566523 0.999983 0.00113523 0.0705063 -0.00153186 0.99751 ,0.0494779 -0.297564 -4.4737 
E 710 701 :0.998853 0.0214463 0.0428181 -0.0214355 0.99977 -0.000710212 -0.0428234 -0.000208431 0.999083 ,0.18115 -0.382903 -5.76286 
E 710 702 :0.997114 -0.0155007 -0.0743136 0.0150145 0.999862 -0.00709702 0.0744134 0.00596076 0.99721 ,0.134703 -0.337863 -5.10948 
E 710 699 :0.995606 0.00702425 0.0933726 -0.0112711 0.998922 0.0450335 -0.0929556 -0.0458881 0.994612 ,0.228278 -0.446736 -7.03926 
E 710 698 :0.998129 0.0608234 0.00624953 -0.0609246 0.997988 0.0175266 -0.00517093 -0.0178745 0.999827 ,0.219861 -0.494785 -7.6773 
E 703 702 :0.999949 -0.00937713 -0.00385815 0.00934521 0.999923 -0.00821048 0.00393484 0.008174 0.999959 ,0.0399573 -0.0397993 -0.640247 
E 703 701 :0.99321 0.0270418 0.113148 -0.0269343 0.999634 -0.0024792 -0.113174 -0.000585205 0.993575 ,0.0399655 -0.0840964 -1.29533 
E 703 699 :0.986495 0.00943038 0.16352 -0.0166751 0.998936 0.042989 -0.162941 -0.0451351 0.985603 ,-0.00338071 -0.146236 -2.57194 
E 703 698 :0.994919 0.0650646 0.0768272 -0.0664763 0.99766 0.0159599 -0.0756091 -0.020986 0.996917 ,-0.0570348 -0.19326 -3.20786 
E 703 696 :0.999384 0.0327815 0.0125036 -0.0321721 0.998415 -0.0461688 -0.0139973 0.0457381 0.998855 ,-0.174142 -0.261414 -4.37396 
E 711 710 :0.998162 -0.0456958 0.0397979 0.043951 0.998079 0.0436657 -0.0417167 -0.0418363 0.998253 ,0.0311957 -0.041609 -0.619562 
E 711 709 :0.999478 0.0163744 0.0278385 -0.0162499 0.999857 -0.00469262 -0.0279114 0.0042378 0.999601 ,0.00223998 -0.130984 -1.22957 
E 711 708 :0.997612 0.00146592 0.0690496 -0.00192904 0.999976 0.0066409 -0.0690382 -0.00675824 0.997591 ,0.00549207 -0.175784 -1.91194 
E 711 707 :0.998342 0.0308638 0.048582 -0.0304559 0.999495 -0.00911279 -0.0488387 0.00761807 0.998778 ,-0.0691699 -0.245203 -2.53727 
E 711 706 :0.999077 -0.0191148 0.0384561 0.019529 0.999755 -0.0104243 -0.0382474 0.0111657 0.999206 ,-0.0990413 -0.319931 -3.16356 
E 711 705 :0.999447 -0.0307154 0.0127683 0.0304811 0.99937 0.018159 -0.013318 -0.0177598 0.999754 ,-0.147703 -0.397284 -3.78807 
E 711 704 :0.995485 -0.0737088 -0.0597968 0.0760118 0.996413 0.0371954 0.0568407 -0.0415728 0.997517 ,-0.11481 -0.452827 -4.42737 
E 711 703 :0.998209 -0.0513168 -0.0307373 0.0525739 0.997751 0.0415909 0.0285339 -0.0431324 0.998662 ,-0.0838637 -0.531774 -5.07507 
E 711 701 :0.996292 -0.0242867 0.0825332 0.0206363 0.998783 0.0447987 -0.0835207 -0.0429294 0.995581 ,0.000160727 -0.667454 -6.36389 
E 711 702 :0.997557 -0.0609244 -0.034166 0.0620591 0.99752 0.0331943 0.0320589 -0.0352335 0.998865 ,-0.0222561 -0.596011 -5.7116 
E 711 699 :0.990592 -0.0404614 0.130727 0.0284494 0.995308 0.0924813 -0.133855 -0.0878921 0.987096 ,-0.00067931 -0.784827 -7.63736 
E 714 713 :0.997496 0.0036795 -0.0706239 0.00107633 0.99774 0.0671844 0.0707115 -0.0670922 0.995238 ,-0.0706643 -0.0831037 -0.626481 
E 714 712 :0.999562 -0.0294958 -0.00244928 0.0295789 0.998434 0.0474743 0.00104515 -0.0475259 0.998869 ,-0.031885 -0.169515 -1.2656 
E 714 711 :0.99955 0.010695 -0.0280388 -0.010273 0.999832 0.015152 0.0281962 -0.0148572 0.999492 ,-0.0429741 -0.267754 -1.90417 
E 714 710 :0.999353 -0.0338277 0.0122571 0.0330574 0.997747 0.0583751 -0.0142042 -0.0579321 0.998219 ,0.00513432 -0.319064 -2.52191 
E 714 709 :0.999637 0.0269417 -0.00025182 -0.0269377 0.999585 0.0101682 0.000525663 -0.0101577 0.999948 ,-0.00766025 -0.417369 -3.1311 
E 714 708 :0.999078 0.0123495 0.0411182 -0.0132232 0.999691 0.021046 -0.0408456 -0.0215703 0.998933 ,0.0142439 -0.472535 -3.81236 
E 714 707 :0.998936 0.0413258 0.0204582 -0.0414468 0.999125 0.00552317 -0.020212 -0.00636522 0.999775 ,-0.0435933 -0.55065 -4.43845 
E 714 706 :0.999909 -0.00872694 0.0103108 0.00868275 0.999953 0.0043224 -0.010348 -0.00423248 0.999938 ,-0.0566899 -0.634549 -5.06416 
E 714 705 :0.999696 -0.0195153 -0.0150752 0.0200069 0.999249 0.0331731 0.0144165 -0.0334646 0.999336 ,-0.0886462 -0.720852 -5.68857 
E 714 704 :0.994256 -0.0618534 -0.0873413 0.0666337 0.996373 0.0529179 0.0837514 -0.0584338 0.994772 ,-0.0384375 -0.78641 -6.32579 
E 715 714 :0.9998 -0.0186447 0.00723495 0.0188014 0.999576 -0.0222376 -0.00681726 0.0223692 0.999727 ,-0.00345625 -0.0610399 -0.636034 
E 715 713 :0.997788 -0.0154092 -0.0646619 0.0182577 0.998878 0.0436963 0.063916 -0.0447803 0.99695 ,-0.0770896 -0.131505 -1.26372 
E 715 712 :0.998818 -0.0484492 0.00389283 0.0483362 0.998513 0.0251956 -0.00510775 -0.0249777 0.999675 ,-0.0413308 -0.202938 -1.90486 
E 715 711 :0.999745 -0.00805618 -0.0210844 0.0078973 0.99994 -0.00760788 0.0211445 0.00743943 0.999749 ,-0.0552061 -0.287144 -2.54538 
E 715 710 :0.998434 -0.0528427 0.0183883 0.0521485 0.997976 0.0363828 -0.0202737 -0.0353668 0.999169 ,-0.01062 -0.323791 -3.16443 
E 715 709 :0.999943 0.00822586 0.00679322 -0.0081434 0.999894 -0.0120773 -0.00689184 0.0120213 0.999904 ,-0.0259866 -0.408748 -3.77557 
E 715 708 :0.998829 -0.00644795 0.0479449 0.00647476 0.999979 -0.000403748 -0.0479412 0.000713707 0.99885 ,-0.00798721 -0.448328 -4.45802 
E 715 707 :0.999363 0.0226432 0.0275844 -0.0221983 0.99962 -0.0163272 -0.0279436 0.0157044 0.999486 ,-0.0688861 -0.513576 -5.0853 
E 715 706 :0.999472 -0.0273996 0.0174626 0.0277089 0.999459 -0.0177218 -0.0169676 0.0181963 0.99969 ,-0.0849428 -0.583771 -5.71262 
E 702 701 :0.992462 0.0363799 0.117029 -0.0371707 0.999298 0.00458147 -0.11678 -0.00889698 0.993118 ,-0.00298339 -0.0496483 -0.65469 
E 702 699 :0.985647 0.0185876 0.167792 -0.0272562 0.998402 0.0495086 -0.166603 -0.0533714 0.984578 ,-0.0519314 -0.121811 -1.93058 
E 702 698 :0.993949 0.0743021 0.0808951 -0.0764187 0.996801 0.023387 -0.0788987 -0.0294274 0.996448 ,-0.108524 -0.173527 -2.56587 
E 702 696 :0.998977 0.0422902 0.0160018 -0.0416553 0.998405 -0.0381178 -0.0175883 0.0374123 0.999145 ,-0.230851 -0.250109 -3.73091 
E 702 695 :0.99205 0.0142743 0.125035 -0.00770202 0.998571 -0.0528905 -0.125611 0.051507 0.990742 ,-0.216829 -0.303185 -4.18261 
E 702 694 :0.991136 0.045225 0.124913 -0.0412811 0.998569 -0.0339847 -0.126272 0.0285269 0.991585 ,-0.285812 -0.355525 -4.81466 
E 704 703 :0.999321 0.0223039 0.0293275 -0.0223777 0.999747 0.00219014 -0.0292712 -0.00284494 0.999567 ,-0.0120095 -0.0540176 -0.650876 
E 704 702 :0.999593 0.0131712 0.0252876 -0.0130251 0.999898 -0.00593201 -0.0253631 0.00560023 0.999663 ,0.00825613 -0.0961032 -1.2919 
E 704 701 :0.988616 0.0493021 0.142155 -0.0494011 0.998775 -0.00283451 -0.142121 -0.00422039 0.98984 ,-0.0119355 -0.141824 -1.94657 
E 704 699 :0.980674 0.0303805 0.193273 -0.0391033 0.998374 0.0414775 -0.191699 -0.0482336 0.980268 ,-0.0940782 -0.205773 -3.22119 
E 704 698 :0.990544 0.0866568 0.106368 -0.0888892 0.995906 0.01642 -0.10451 -0.0257197 0.994191 ,-0.167395 -0.252978 -3.85513 
E 704 696 :0.997578 0.0563692 0.0407593 -0.0545585 0.99753 -0.0442493 -0.0431529 0.0419184 0.998189 ,-0.320141 -0.321048 -5.0171 
E 705 704 :0.996495 -0.0427427 -0.0719149 0.0443777 0.998788 0.021293 0.0709176 -0.0244098 0.997183 ,0.0396953 -0.0451647 -0.63973 
E 705 703 :0.998879 -0.0203015 -0.0427527 0.0213737 0.999465 0.0247728 0.0422269 -0.0256588 0.998779 ,0.0768444 -0.113509 -1.28831 
E 705 702 :0.99847 -0.030016 -0.0464381 0.0308103 0.999389 0.0164832 0.045915 -0.0178887 0.998785 ,0.144937 -0.168293 -1.92506 
E 705 701 :0.997482 0.00674244 0.0705939 -0.00849493 0.999662 0.0245541 -0.0704045 -0.025092 0.997203 ,0.173851 -0.228795 -2.57821 
E 705 699 :0.992694 -0.00893044 0.120327 0.000382339 0.997485 0.0708771 -0.120657 -0.0703133 0.990201 ,0.186394 -0.323452 -3.8535 
E 705 698 :0.998386 0.0456349 0.0337962 -0.0470487 0.997997 0.0422898 -0.0317987 -0.0438116 0.998534 ,0.160942 -0.387352 -4.4897 
E 705 696 :0.999516 0.01052 -0.0292769 -0.0111411 0.999715 -0.0211325 0.0290462 0.0214484 0.999348 ,0.0952032 -0.486859 -5.65757 
E 706 705 :0.999629 -0.010491 -0.0251269 0.0112206 0.999514 0.0290735 0.0248097 -0.0293446 0.999261 ,-0.0262412 -0.0833768 -0.625074 
E 706 704 :0.993878 -0.0525918 -0.0971677 0.0575993 0.997113 0.0494673 0.0942857 -0.0547612 0.994038 ,0.0299876 -0.146673 -1.26202 
E 706 703 :0.997224 -0.0301347 -0.068093 0.033799 0.998005 0.0533189 0.0663504 -0.0554724 0.996253 ,0.0841366 -0.233424 -1.90719 
E 706 702 :0.996623 -0.04004 -0.0716902 0.0433337 0.998047 0.0449923 0.0697487 -0.0479469 0.996412 ,0.168779 -0.30593 -2.54018 
E 706 701 :0.998971 -0.00311707 0.0452535 0.000654683 0.998523 0.0543264 -0.045356 -0.0542409 0.997497 ,0.214728 -0.385067 -3.19035 
E 706 699 :0.995354 -0.017625 0.0946582 0.00801288 0.994856 0.100981 -0.0959511 -0.0997537 0.990375 ,0.260303 -0.516615 -4.46161 
E 706 698 :0.999309 0.0362488 0.00824998 -0.0367478 0.996751 0.0716793 -0.00562488 -0.0719329 0.997394 ,0.251517 -0.599266 -5.0961 
E 706 696 :0.998532 -0.000510906 -0.0541549 0.00092403 0.999971 0.0076038 0.0541494 -0.00764269 0.998504 ,0.216192 -0.733417 -6.26181 
E 709 708 :0.99905 -0.0145957 0.0410615 0.014114 0.999828 0.0119982 -0.0412296 -0.0114072 0.999085 ,0.0230241 -0.0476321 -0.68179 
E 709 707 :0.999679 0.0143933 0.0208275 -0.0143113 0.999889 -0.00408336 -0.020884 0.00378399 0.999775 ,-0.0330169 -0.120914 -1.30863 
E 709 706 :0.999306 -0.0356624 0.0107162 0.0357235 0.999346 -0.00555867 -0.010511 0.00593764 0.999927 ,-0.0441777 -0.198775 -1.93515 
E 709 705 :0.998802 -0.0464433 -0.015438 0.0467856 0.998649 0.0226023 0.0143674 -0.0232975 0.999625 ,-0.0741258 -0.27956 -2.5604 
E 709 704 :0.992144 -0.0887016 -0.0882121 0.0925423 0.994887 0.0404382 0.0841742 -0.0482839 0.995281 ,-0.0225043 -0.337266 -3.19827 
E 709 703 :0.996038 -0.0662995 -0.0592712 0.0690324 0.996585 0.0453137 0.0560645 -0.0492258 0.997213 ,0.0277871 -0.418439 -3.84448 
E 709 701 :0.997768 -0.0393059 0.0539741 0.0365931 0.99806 0.0503628 -0.055849 -0.0482753 0.997271 ,0.149945 -0.558185 -5.12981 
E 709 702 :0.995134 -0.0761189 -0.0625672 0.0785205 0.996231 0.0368631 0.0595254 -0.0415965 0.99736 ,0.108173 -0.484356 -4.47874 
E 709 699 :0.993349 -0.0541608 0.101604 0.0440985 0.994131 0.0987917 -0.106359 -0.0936541 0.989907 ,0.186557 -0.680953 -6.40224 
E 709 698 :0.999866 -9.36952e-05 0.0163763 -0.000993751 0.997794 0.0663829 -0.0163464 -0.0663903 0.99766 ,0.173925 -0.760337 -7.03708 
E 707 706 :0.998694 -0.0500769 -0.0100901 0.0500631 0.998745 -0.0016201 0.0101586 0.00111285 0.999948 ,0.00304141 -0.0803837 -0.626298 
E 707 705 :0.997512 -0.0602339 -0.0366327 0.0612109 0.997782 0.0261601 0.0349757 -0.0283373 0.998986 ,-0.0126833 -0.163957 -1.2517 
E 707 704 :0.988744 -0.101903 -0.109548 0.107131 0.993318 0.0429302 0.104441 -0.054183 0.993054 ,0.0530687 -0.223327 -1.88811 
E 707 703 :0.99356 -0.0795126 -0.0807264 0.0835732 0.995334 0.048229 0.0765149 -0.054665 0.995569 ,0.118001 -0.306212 -2.5328 
E 707 702 :0.992448 -0.0894831 -0.0839036 0.0930603 0.994867 0.0397325 0.0799175 -0.0472405 0.995681 ,0.21255 -0.373365 -3.16497 
E 707 701 :0.998091 -0.0525687 0.0324091 0.0507389 0.997201 0.0549077 -0.0352048 -0.0531585 0.997965 ,0.268963 -0.449049 -3.81473 
E 707 699 :0.994621 -0.0664148 0.0794848 0.0579888 0.992886 0.103989 -0.0858258 -0.0988204 0.991397 ,0.333894 -0.57609 -5.08561 
E 707 698 :0.999901 -0.0129869 -0.00541406 0.0133359 0.997431 0.0703864 0.00448605 -0.0704517 0.997505 ,0.335659 -0.658049 -5.72024 
E 728 727 :0.998656 -0.0284106 -0.0433508 0.0292146 0.999411 0.0180278 0.0428131 -0.01927 0.998897 ,-0.0112938 -0.0518327 -0.390936 
E 728 726 :0.999165 -0.0237704 0.0332359 0.0242707 0.999597 -0.0147306 -0.0328724 0.0155249 0.999339 ,-0.027476 -0.0767412 -0.832699 
E 728 725 :0.999482 0.00696926 -0.0314304 -0.00666376 0.99993 0.00981426 0.0314966 -0.00959972 0.999458 ,-0.0767839 -0.153358 -1.21631 
E 728 724 :0.983643 0.00400297 -0.180085 -0.00745233 0.999801 -0.0184816 0.179975 0.0195213 0.983477 ,-0.0869475 -0.180066 -1.60954 
E 728 723 :0.999987 0.00409874 -0.00295937 -0.00402614 0.999701 0.0241346 0.0030574 -0.0241223 0.999704 ,-0.0245782 -0.239847 -2.25989 
E 729 728 :0.998194 0.0214317 -0.0561218 -0.0214916 0.999769 -0.00046505 0.0560989 0.00167036 0.998424 ,-0.0133676 -0.0211478 -0.252312 
E 729 727 :0.995076 -0.00585874 -0.0989461 0.00772519 0.999799 0.0184907 0.0988179 -0.0191641 0.994921 ,-0.00381369 -0.0725457 -0.643353 
E 729 726 :0.999725 -0.00317573 -0.0232245 0.00280668 0.99987 -0.0159062 0.023272 0.0158366 0.999604 ,0.00429205 -0.0968952 -1.08537 
E 729 725 :0.995766 0.0289256 -0.0872547 -0.0281574 0.999553 0.0100227 0.0875057 -0.00752338 0.996136 ,-0.0250397 -0.172256 -1.47127 
E 729 724 :0.971606 0.0243276 -0.235351 -0.0286744 0.999475 -0.0150643 0.234861 0.0213851 0.971794 ,-0.0136887 -0.198557 -1.86449 
E 713 712 :0.997165 -0.0317079 0.0682395 0.0331198 0.999258 -0.0196583 -0.0675655 0.0218627 0.997475 ,-0.00660354 -0.0431935 -0.644616 
E 713 711 :0.99903 0.0106938 0.0427233 -0.00846364 0.998609 -0.0520435 -0.0432204 0.0516314 0.997731 ,-0.0629248 -0.0984087 -1.28596 
E 713 710 :0.995882 -0.0367656 0.0828748 0.0376128 0.999255 -0.00868446 -0.0824938 0.0117658 0.996522 ,-0.058674 -0.10798 -1.90761 
E 713 709 :0.997142 0.0272318 0.0704676 -0.0232339 0.998107 -0.0569444 -0.0718849 0.0551445 0.995887 ,-0.114619 -0.165238 -2.5196 
E 713 708 :0.993674 0.0118693 0.111674 -0.0067768 0.998924 -0.0458709 -0.112098 0.0448239 0.992686 ,-0.141002 -0.174491 -3.20287 
E 713 707 :0.994961 0.0418477 0.0911085 -0.0363214 0.997447 -0.0614911 -0.0934491 0.0578721 0.993941 ,-0.24305 -0.210637 -3.82714 
E 713 706 :0.996683 -0.00792809 0.0809967 0.0130366 0.997945 -0.0627374 -0.0803328 0.0635852 0.994738 ,-0.300449 -0.252414 -4.45458 
E 713 705 :0.998234 -0.0207573 0.0556628 0.0226728 0.999164 -0.0340049 -0.0549104 0.0352069 0.99787 ,-0.376571 -0.296746 -5.07956 
E 713 704 :0.997761 -0.064758 -0.0167238 0.0645224 0.997814 -0.0142645 0.017611 0.0131535 0.999758 ,-0.371618 -0.319219 -5.7217 
E 713 702 :0.998623 -0.0517034 0.00889692 0.0518613 0.998482 -0.0185471 -0.00792447 0.018983 0.999788 ,-0.335551 -0.396151 -7.01441 
E 713 703 :0.999022 -0.0424401 0.0124034 0.0425673 0.999042 -0.0101807 -0.0119594 0.0106987 0.999871 ,-0.369217 -0.364609 -6.37334 
E 713 701 :0.991978 -0.0154164 0.125467 0.016522 0.999833 -0.00777566 -0.125326 0.00978625 0.992067 ,-0.341788 -0.433736 -7.66988 
E 712 711 :0.998837 0.0402487 -0.0265337 -0.0410794 0.998658 -0.0315464 0.0252284 0.0325998 0.99915 ,-0.0146574 -0.0674099 -0.642484 
E 712 710 :0.999878 -0.00436123 0.0150217 0.00420403 0.999936 0.0104809 -0.0150665 -0.0104164 0.999832 ,0.0312665 -0.0906996 -1.26209 
E 712 709 :0.998403 0.0564858 0.00109415 -0.0564056 0.997709 -0.0373638 -0.00320217 0.0372424 0.999301 ,0.0149331 -0.159521 -1.87522 
E 712 708 :0.998206 0.0418912 0.0427668 -0.0407299 0.998787 -0.027675 -0.0438742 0.0258835 0.998702 ,0.0344839 -0.182868 -2.55839 
E 712 707 :0.997252 0.0708541 0.0216575 -0.0698857 0.996645 -0.0426042 -0.0246035 0.0409735 0.998857 ,-0.0262928 -0.229401 -3.18734 
E 712 706 :0.999717 0.0208499 0.0114792 -0.0203321 0.998846 -0.0435115 -0.0123732 0.0432657 0.998987 ,-0.0425193 -0.283044 -3.81629 
E 712 705 :0.999865 0.0100149 -0.0130429 -0.0101964 0.999851 -0.0139285 0.0129015 0.0140596 0.999818 ,-0.0776669 -0.338593 -4.44401 
E 712 704 :0.995879 -0.0324158 -0.0846981 0.0332226 0.999415 0.00813379 0.0843848 -0.0109142 0.996373 ,-0.0300854 -0.375245 -5.08375 
E 712 703 :0.998408 -0.00995457 -0.0555258 0.0105973 0.99988 0.0112935 0.0554067 -0.0118639 0.998393 ,0.0148336 -0.434924 -5.73269 
E 712 701 :0.998181 0.0170803 0.0578238 -0.0176838 0.999794 0.00994108 -0.0576421 -0.0109455 0.998277 ,0.127497 -0.533216 -7.02272 
E 712 702 :0.998045 -0.0197699 -0.0592938 0.0199853 0.999796 0.00304263 0.0592215 -0.00422168 0.998236 ,0.0906737 -0.481526 -6.36922 
E 716 715 :0.996102 0.035683 -0.0806707 -0.0377502 0.998993 -0.0242464 0.0797242 0.0271973 0.996446 ,0.0233722 -0.0614731 -0.557974 
E 716 714 :0.997124 0.0152913 -0.0742354 -0.0187948 0.998731 -0.0467282 0.0734266 0.047989 0.996145 ,0.0690607 -0.106899 -1.19368 
E 716 713 :0.989394 0.0239063 -0.143275 -0.020977 0.99954 0.0219208 0.143733 -0.0186829 0.98944 ,0.0438359 -0.159295 -1.82693 
E 716 712 :0.997061 -0.0106155 -0.0758677 0.0107059 0.999942 0.000784732 0.075855 -0.00159466 0.997118 ,0.128627 -0.216461 -2.46488 
E 716 710 :0.998038 -0.0141729 -0.0609887 0.0148965 0.999824 0.0114257 0.060816 -0.0123118 0.998073 ,0.256517 -0.307811 -3.72081 
E 716 711 :0.994424 0.0270559 -0.101924 -0.0303639 0.999057 -0.0310446 0.100988 0.0339663 0.994308 ,0.163472 -0.284528 -3.10651 
E 716 709 :0.996311 0.0429032 -0.0743271 -0.0457161 0.998285 -0.0365657 0.0726309 0.0398288 0.996563 ,0.287479 -0.377284 -4.33331 
E 716 708 :0.999034 0.0292018 -0.0328343 -0.0300753 0.999198 -0.0264318 0.0320361 0.0273938 0.999111 ,0.35905 -0.400957 -5.01298 
E 716 707 :0.996929 0.0569574 -0.0537349 -0.0592245 0.997378 -0.041586 0.0512254 0.0446408 0.997689 ,0.346663 -0.448631 -5.64466 
E 716 706 :0.997933 0.00690296 -0.0638835 -0.00963786 0.999046 -0.0426021 0.0635285 0.0431298 0.997048 ,0.378771 -0.502939 -6.27294 
E 720 719 :0.997396 -0.0184201 -0.069722 0.017893 0.999806 -0.00817608 0.0698591 0.00690726 0.997533 ,0.0394201 -0.027916 -0.570613 
E 720 718 :0.999757 -0.0106934 -0.0192741 0.00968839 0.998626 -0.051501 0.0197984 0.0513017 0.998487 ,0.062656 -0.0611563 -1.21046 
E 720 717 :0.996494 -0.0210869 -0.0809627 0.0173105 0.998742 -0.0470659 0.0818533 0.0454994 0.995605 ,0.0840692 -0.083175 -1.84871 
E 720 716 :0.998554 -0.0116081 0.0524863 0.0133972 0.999337 -0.0338644 -0.0520584 0.0345186 0.998047 ,0.12319 -0.0484662 -2.29618 
E 720 715 :0.999284 0.0254624 -0.0279728 -0.02708 0.997887 -0.0590551 0.02641 0.0597704 0.997863 ,0.117956 -0.09069 -2.8564 
E 720 714 :0.999754 0.0061946 -0.0213016 -0.00791028 0.996648 -0.0814255 0.0207258 0.081574 0.996452 ,0.13074 -0.113946 -3.49482 
E 720 713 :0.995751 0.0112884 -0.0913905 -0.0125755 0.99983 -0.0135199 0.0912223 0.0146118 0.995723 ,0.0729232 -0.145201 -4.12732 
E 720 712 :0.999477 -0.0222913 -0.0234321 0.0214878 0.999191 -0.0339989 0.024171 0.0334777 0.999147 ,0.124772 -0.179589 -4.77041 
E 718 717 :0.99804 -0.0105048 -0.0616877 0.01083 0.999929 0.00494078 0.0616314 -0.00559918 0.998083 ,0.00855836 -0.0549607 -0.636562 
E 718 716 :0.997411 -0.00123991 0.0719052 3.01897e-05 0.999858 0.0168225 -0.0719159 -0.0167767 0.99727 ,0.039147 -0.0436738 -1.0859 
E 718 715 :0.999302 0.0363075 -0.00878211 -0.0363736 0.99931 -0.00748278 0.00850437 0.007797 0.999933 ,0.0224138 -0.114524 -1.643 
E 718 714 :0.999845 0.017464 -0.0023572 -0.0175269 0.999397 -0.0299662 0.00183245 0.0300028 0.999548 ,0.0223294 -0.170637 -2.27949 
E 718 713 :0.997193 0.0212617 -0.0717856 -0.0185263 0.999085 0.0385582 0.0725397 -0.0371201 0.996675 ,-0.0482985 -0.233679 -2.90831 
E 718 712 :0.999921 -0.0119425 -0.00397434 0.0120105 0.999774 0.0175563 0.00376378 -0.0176026 0.999838 ,-0.00952776 -0.301565 -3.54966 
E 718 710 :0.999808 -0.0162612 0.0109217 0.0159476 0.999475 0.0282123 -0.0113747 -0.0280327 0.999542 ,0.0278355 -0.414027 -4.80983 
E 718 711 :0.999149 0.0281894 -0.0301258 -0.0286307 0.999488 -0.0143166 0.0297068 0.015167 0.999444 ,-0.0208255 -0.380416 -4.19091 
E 718 709 :0.99901 0.0444182 -0.00243128 -0.0444577 0.998815 -0.0197982 0.001549 0.0198867 0.999801 ,0.0147621 -0.493793 -5.42172 
E 733 732 :0.984692 0.0259033 -0.172369 -0.0289774 0.999462 -0.0153419 0.171879 0.0201018 0.984913 ,-0.0182416 -0.0568869 -0.515147 
E 733 731 :0.997298 0.0129625 -0.0723042 -0.0111918 0.999629 0.0248415 0.0725994 -0.0239651 0.997073 ,0.0593259 -0.139206 -0.88609 
E 733 730 :0.998953 0.0316706 0.0330248 -0.0311587 0.999388 -0.0159016 -0.0335082 0.0148559 0.999328 ,0.0826963 -0.147577 -1.13263 
E 733 728 :0.999019 0.0383804 -0.0220892 -0.0381042 0.999192 0.0127908 0.0225622 -0.0119366 0.999674 ,0.045253 -0.248868 -1.7086 
E 733 729 :0.999277 0.0169112 0.0340536 -0.0173389 0.999774 0.0123021 -0.0338379 -0.0128836 0.999344 ,0.0675645 -0.224849 -1.45718 
E 717 716 :0.991024 0.00855704 0.13341 -0.0100447 0.999895 0.010482 -0.133306 -0.011728 0.991006 ,0.00295796 0.0134806 -0.450303 
E 717 715 :0.997474 0.0475395 0.0527814 -0.046916 0.998814 -0.0129888 -0.0533363 0.0104797 0.998522 ,-0.0488447 -0.0540694 -1.00565 
E 717 714 :0.997808 0.0301024 0.0589265 -0.028039 0.998975 -0.0355359 -0.0599358 0.0338058 0.99763 ,-0.0887648 -0.106613 -1.6412 
E 717 713 :0.999509 0.0297523 -0.00980084 -0.0294064 0.998998 0.033729 0.0107945 -0.0334243 0.999383 ,-0.198692 -0.165388 -2.26477 
E 717 712 :0.998323 -0.00217639 0.057845 0.00148467 0.999927 0.0119985 -0.0578669 -0.0118925 0.998253 ,-0.20026 -0.230086 -2.90762 
E 717 710 :0.99732 -0.00713271 0.072809 0.00550743 0.999732 0.0224989 -0.07295 -0.0220376 0.997092 ,-0.241854 -0.335876 -4.16823 
E 717 711 :0.998711 0.0398934 0.0313753 -0.0392908 0.999036 -0.0195952 -0.0321267 0.0183372 0.999316 ,-0.25191 -0.305222 -3.54733 
E 717 709 :0.996666 0.056374 0.0589782 -0.0549576 0.998166 -0.0253693 -0.0603002 0.0220434 0.997937 ,-0.293477 -0.412074 -4.77853 
E 717 708 :0.994083 0.0411445 0.100525 -0.0397713 0.999087 -0.0156265 -0.101076 0.011536 0.994812 ,-0.313426 -0.443587 -5.46136 
E 719 718 :0.998711 0.0107868 0.0496079 -0.00859232 0.998984 -0.0442392 -0.0500347 0.0437559 0.997789 ,-0.0221186 -0.0380815 -0.639618 
E 719 717 :0.999927 1.7075e-05 -0.012042 -0.000482985 0.999251 -0.0386886 0.0120323 0.0386916 0.999179 ,-0.0457427 -0.0648989 -1.27761 
E 719 716 :0.992557 0.00871472 0.121466 -0.00535842 0.999595 -0.0279308 -0.121661 0.0270721 0.992202 ,-0.0373622 -0.0340082 -1.72698 
E 719 715 :0.998043 0.0474269 0.0407531 -0.0452992 0.997638 -0.0516359 -0.0431058 0.0496888 0.997834 ,-0.0824747 -0.0799969 -2.28511 
E 719 714 :0.998457 0.0297102 0.0469081 -0.0261811 0.996905 -0.0741346 -0.0489655 0.0727922 0.996144 ,-0.11474 -0.107894 -2.92265 
E 719 713 :0.999306 0.0301697 -0.0218341 -0.0302847 0.999529 -0.00495619 0.0216743 0.00561399 0.999749 ,-0.217151 -0.142446 -3.54931 
E 719 712 :0.998948 -0.00201595 0.0458201 0.00324017 0.999639 -0.0266594 -0.0457498 0.0267798 0.998594 ,-0.210978 -0.182225 -4.19415 
E 719 710 :0.998127 -0.00684975 0.0607971 0.00784395 0.999839 -0.0161292 -0.0606769 0.0165758 0.99802 ,-0.237391 -0.239144 -5.45832 
E 719 711 :0.999025 0.0396868 0.0193389 -0.0385008 0.997559 -0.0582578 -0.0216038 0.0574564 0.998114 ,-0.254923 -0.23253 -4.83686 
E 727 726 :0.997124 0.00612903 0.0755457 -0.00349701 0.999384 -0.0349234 -0.0757132 0.0345587 0.996531 ,-0.0358056 -0.0159246 -0.441027 
E 727 725 :0.999292 0.0357615 0.0116884 -0.0356626 0.999327 -0.00855812 -0.0119866 0.00813522 0.999895 ,-0.103709 -0.0837034 -0.82346 
E 727 724 :0.989808 0.0340422 -0.138277 -0.0388619 0.998722 -0.032306 0.137001 0.0373504 0.989867 ,-0.131475 -0.102529 -1.2163 
E 727 723 :0.998656 0.0322663 0.0405501 -0.0324929 0.99946 0.00494011 -0.0403688 -0.00625106 0.999165 ,-0.0987791 -0.151515 -1.86971 
E 727 721 :0.998551 0.0174402 0.0509109 -0.0191309 0.999275 0.0329129 -0.0503 -0.0338392 0.998161 ,-0.0712328 -0.267416 -3.08868 
E 721 720 :0.999584 -0.00072049 -0.0288345 0.00147119 0.99966 0.0260222 0.0288059 -0.0260538 0.999245 ,-0.00648287 -0.0688168 -0.379412 
E 721 719 :0.994954 -0.0193319 -0.0984504 0.0211722 0.999619 0.0176821 0.0980711 -0.0196773 0.994985 ,0.0493915 -0.111516 -0.947733 
E 721 718 :0.998763 -0.0128877 -0.0480199 0.0116711 0.999606 -0.025529 0.0483299 0.024937 0.99852 ,0.0910914 -0.161361 -1.58556 
E 721 717 :0.993707 -0.0231096 -0.109603 0.0209006 0.999555 -0.0212612 0.110046 0.0188366 0.993748 ,0.130915 -0.199949 -2.22214 
E 721 716 :0.99963 -0.0133186 0.0237107 0.013507 0.999878 -0.00780424 -0.0236039 0.00812162 0.999688 ,0.182897 -0.176839 -2.66905 
E 721 715 :0.998127 0.0230094 -0.0566915 -0.0249134 0.999141 -0.0331096 0.055881 0.03446 0.997843 ,0.19385 -0.233634 -3.2279 
E 721 714 :0.998746 0.0031218 -0.0499663 -0.00589743 0.998441 -0.0554993 0.0497151 0.0557244 0.997208 ,0.225053 -0.273477 -3.86486 
E 723 722 :0.997043 -0.00492318 -0.0766838 0.00574359 0.999929 0.0104817 0.0766267 -0.0108912 0.997 ,0.0222433 -0.0491108 -0.582578 
E 723 721 :0.999861 -0.0136865 0.0094785 0.0134134 0.99951 0.0282983 -0.00986115 -0.0281672 0.999555 ,0.0804917 -0.107324 -1.2174 
E 723 719 :0.995456 -0.0331971 -0.0892478 0.0372828 0.998313 0.0445093 0.0876197 -0.0476344 0.995014 ,0.122421 -0.244941 -2.16206 
E 723 720 :0.999698 -0.0146492 -0.0197153 0.0156935 0.998423 0.0538996 0.0188946 -0.0541928 0.998352 ,0.0713563 -0.186929 -1.59464 
E 723 718 :0.998923 -0.0263306 -0.0381993 0.0264299 0.999648 0.00209585 0.0381307 -0.0031032 0.999268 ,0.158751 -0.312252 -2.79861 
E 723 717 :0.994326 -0.0366083 -0.0998775 0.0373335 0.999288 0.00540047 0.0996087 -0.00909861 0.994985 ,0.193064 -0.368301 -3.43421 
E 722 721 :0.996227 -0.0100636 0.0862055 0.00859738 0.999812 0.0173633 -0.0863641 -0.0165566 0.996126 ,0.0090982 -0.0515808 -0.637994 
E 722 719 :0.999441 -0.0310151 -0.0124837 0.0314251 0.998924 0.0341086 0.0114124 -0.0344818 0.99934 ,-0.0222732 -0.179106 -1.58447 
E 722 720 :0.99828 -0.013024 0.0571529 0.0105649 0.999014 0.0431196 -0.0576582 -0.0424416 0.997434 ,-0.0293741 -0.127027 -1.01424 
E 722 718 :0.999043 -0.020749 0.0384962 0.0210949 0.99974 -0.00859945 -0.0383078 0.00940329 0.999222 ,-0.0352136 -0.239658 -2.22261 
E 722 717 :0.999233 -0.0314578 -0.0233088 0.0313507 0.999496 -0.00494476 0.0234526 0.00421022 0.999716 ,-0.0500283 -0.28895 -2.85952 
E 722 716 :0.993687 -0.0226306 0.109878 0.0216889 0.999717 0.00975895 -0.110068 -0.00731421 0.993897 ,-0.0370007 -0.273157 -3.30957 
E 722 715 :0.999428 0.0158382 0.0298752 -0.0153571 0.99975 -0.016265 -0.0301253 0.0157969 0.999421 ,-0.0736941 -0.339551 -3.86626 
E 722 714 :0.999322 -0.00213418 0.0367456 0.0035535 0.999248 -0.0386037 -0.0366356 0.0387081 0.998579 ,-0.0971168 -0.390177 -4.50279 
E 725 724 :0.988851 -0.00204668 -0.148893 -0.00232426 0.999572 -0.0291764 0.148888 0.0291972 0.988423 ,-0.0223667 -0.0230029 -0.392958 
E 725 723 :0.999592 -0.00332492 0.0283686 0.00291396 0.99989 0.0145154 -0.0284138 -0.0144268 0.999492 ,0.0198848 -0.0761018 -1.0455 
E 725 722 :0.998791 -0.00855482 -0.0484038 0.00976057 0.999647 0.0247289 0.0481751 -0.0251715 0.998522 ,0.0257472 -0.133606 -1.62771 
E 725 721 :0.999129 -0.0178033 0.0377365 0.0161824 0.998951 0.0428317 -0.0384595 -0.0421837 0.998369 ,0.0661563 -0.200857 -2.26303 
E 725 719 :0.997412 -0.0378541 -0.0611322 0.0414513 0.997415 0.0586873 0.0587527 -0.0610694 0.996403 ,0.0817269 -0.352049 -3.20641 
E 725 720 :0.999774 -0.0195003 0.00843541 0.0188791 0.997484 0.0683277 -0.0097466 -0.068153 0.997627 ,0.0465875 -0.285956 -2.63867 
E 725 718 :0.999509 -0.0297317 -0.00984285 0.0298913 0.999417 0.016489 0.00934686 -0.0167752 0.999816 ,0.100208 -0.428486 -3.8427 
E 724 723 :0.984211 -0.00775983 0.176831 3.72591e-05 0.999048 0.0436335 -0.177002 -0.0429379 0.983273 ,-0.0552479 -0.072212 -0.649728 
E 724 722 :0.994806 -0.0145306 0.100747 0.00911876 0.998501 0.0539715 -0.10138 -0.0527725 0.993447 ,-0.136002 -0.146702 -1.22439 
E 724 721 :0.982226 -0.0262073 0.185862 0.0130076 0.997328 0.0718857 -0.187249 -0.0681904 0.979943 ,-0.190478 -0.232557 -1.85641 
E 724 719 :0.994943 -0.0488429 0.0877658 0.0411076 0.995283 0.0878795 -0.0916441 -0.0838272 0.992257 ,-0.315188 -0.41126 -2.78678 
E 724 720 :0.987133 -0.0317485 0.156718 0.0165402 0.995107 0.0974091 -0.159044 -0.0935636 0.982828 ,-0.265559 -0.328548 -2.2223 
E 724 718 :0.989688 -0.0342207 0.13909 0.0281057 0.99856 0.0456939 -0.140453 -0.0413136 0.989225 ,-0.391472 -0.506281 -3.41622 
E 724 717 :0.99595 -0.0453935 0.0776023 0.0416813 0.997938 0.0488063 -0.0796578 -0.045374 0.995789 ,-0.46966 -0.590009 -4.04486 
E 724 716 :0.977122 -0.0377765 0.209298 0.024777 0.997617 0.0643884 -0.211231 -0.0577295 0.97573 ,-0.50227 -0.59841 -4.49411 
E 724 715 :0.991425 0.00282047 0.130645 -0.00784649 0.999248 0.0379721 -0.130439 -0.0386716 0.990702 ,-0.593893 -0.695085 -5.03993 
E 730 729 :0.999904 -0.0138264 0.000148424 0.0138167 0.999506 0.0282192 -0.000538521 -0.0282145 0.999602 ,-0.00182714 -0.0825195 -0.32359 
E 730 728 :0.998404 0.00760665 -0.0559619 -0.00610619 0.999619 0.0269345 0.0561454 -0.0265498 0.99807 ,-0.0149421 -0.110965 -0.575201 
E 730 727 :0.994888 -0.0196847 -0.0990447 0.0242586 0.998684 0.0451904 0.0980247 -0.0473621 0.994056 ,-0.00473646 -0.173241 -0.964641 
E 730 726 :0.999594 -0.0169977 -0.022854 0.017275 0.999779 0.0119888 0.0226452 -0.0123788 0.999667 ,0.00363956 -0.20994 -1.4058 
E 731 730 :0.99417 0.0214786 0.105664 -0.0173952 0.999071 -0.0394166 -0.106413 0.0373488 0.99362 ,0.00551069 -0.00214887 -0.247713 
E 731 729 :0.994315 0.00474096 0.106376 -0.00356839 0.999931 -0.0112105 -0.106421 0.0107672 0.994263 ,-0.032277 -0.0718112 -0.572132 
E 731 728 :0.998385 0.0262274 0.050403 -0.025681 0.999605 -0.0114576 -0.0506836 0.0101447 0.998663 ,-0.0725127 -0.0900848 -0.821805 
E 731 727 :0.999967 -0.00312402 0.00753949 0.00306604 0.999966 0.00768896 -0.00756325 -0.00766559 0.999942 ,-0.104854 -0.13713 -1.21217 
E 731 726 :0.99653 0.00326729 0.0831656 -0.00102182 0.999634 -0.0270283 -0.0832235 0.0268495 0.996169 ,-0.14393 -0.156551 -1.65278 
E 731 725 :0.99928 0.0326997 0.0192535 -0.0326897 0.999465 -0.000833836 -0.0192704 0.000203846 0.999814 ,-0.214503 -0.227476 -2.03416 
E 741 740 :0.999986 0.000724175 0.00531697 -0.000866109 0.999642 0.0267408 -0.0052957 -0.0267451 0.999628 ,0.00696013 -0.0722361 -0.252539 
E 741 739 :0.99888 0.042605 -0.0205999 -0.0420522 0.998762 0.026563 0.0217061 -0.025667 0.999435 ,0.0178931 -0.115022 -0.497066 
E 741 738 :0.995714 0.000590994 -0.0924815 -0.000663369 0.999999 -0.000751858 0.092481 0.000809986 0.995714 ,0.0480668 -0.175897 -0.879747 
E 741 737 :0.999754 -0.021766 -0.00434206 0.0218618 0.999488 0.0233718 0.00383112 -0.0234609 0.999717 ,0.0847488 -0.202678 -1.13903 
E 741 736 :0.999296 -0.0371214 0.00536565 0.0368664 0.998452 0.0416378 -0.006903 -0.0414107 0.999118 ,0.104849 -0.25696 -1.54503 
E 741 735 :0.998849 -0.0326644 -0.0351209 0.0348154 0.997438 0.0624868 0.0329898 -0.0636376 0.997428 ,0.130028 -0.304663 -1.91469 
E 741 734 :0.999063 -0.043175 0.00294295 0.0429671 0.997755 0.0513741 -0.00515442 -0.0511995 0.998675 ,0.189373 -0.364598 -2.42733 
E 726 725 :0.99745 0.031548 -0.0640205 -0.0299302 0.999212 0.0260739 0.0647927 -0.0240913 0.997608 ,-0.0385128 -0.0813668 -0.383866 
E 726 724 :0.976724 0.0276238 -0.212713 -0.0280368 0.999606 0.00107499 0.212659 0.00491382 0.977114 ,-0.0363899 -0.113927 -0.776779 
E 726 723 :0.998954 0.0291517 -0.0352338 -0.0277472 0.998826 0.0397155 0.0363502 -0.0386963 0.99859 ,0.0458549 -0.185263 -1.42374 
E 726 722 :0.993468 0.0246153 -0.111426 -0.018885 0.998458 0.0521935 0.112539 -0.0497483 0.992401 ,0.0871617 -0.258078 -2.0028 
E 726 721 :0.999554 0.0164576 -0.0249246 -0.0147373 0.997597 0.0676999 0.0259789 -0.0673024 0.997394 ,0.166019 -0.343051 -2.63236 
E 732 731 :0.994834 -0.0203217 0.099459 0.0161069 0.998945 0.0429982 -0.100228 -0.0411741 0.994112 ,0.0150125 -0.0877187 -0.377451 
E 732 730 :0.978804 0.0047795 0.204744 -0.00593935 0.99997 0.00505074 -0.204713 -0.00615973 0.978803 ,-0.00410814 -0.100435 -0.624175 
E 732 728 :0.988708 0.00678719 0.149702 -0.0117523 0.999409 0.032307 -0.149394 -0.0337016 0.988203 ,-0.13704 -0.21422 -1.18345 
E 732 729 :0.978666 -0.014533 0.204942 0.00787481 0.999416 0.0332662 -0.205306 -0.0309426 0.978209 ,-0.0725514 -0.184582 -0.940028 
E 732 727 :0.993986 -0.0241913 0.106797 0.018844 0.998531 0.050798 -0.107869 -0.04848 0.992982 ,-0.207084 -0.278521 -1.56634 
E 732 726 :0.983126 -0.0143935 0.182363 0.0114519 0.999787 0.0171732 -0.182572 -0.0147951 0.983081 ,-0.289385 -0.317497 -1.99963 
E 734 733 :0.99932 0.0294578 0.0221701 -0.0286265 0.998908 -0.0369222 -0.0232335 0.0362625 0.999072 ,-0.00573197 -0.024432 -0.397158 
E 734 732 :0.986979 0.0557733 -0.150868 -0.0634802 0.996887 -0.0467559 0.147791 0.0557243 0.987448 ,-0.0370658 -0.061721 -0.913474 
E 734 731 :0.9979 0.0418692 -0.0494181 -0.0424093 0.999051 -0.00992999 0.0489554 0.0120049 0.998729 ,0.0298002 -0.132475 -1.28886 
E 734 730 :0.996613 0.0614182 0.0546891 -0.058484 0.996842 -0.053727 -0.0578162 0.0503466 0.997057 ,0.0474422 -0.132402 -1.53602 
E 734 729 :0.997337 0.0460652 0.0565484 -0.0446764 0.998674 -0.0255842 -0.057652 0.0229897 0.998072 ,0.0228493 -0.197174 -1.86271 
E 734 728 :0.997718 0.0675236 0.000465491 -0.0674941 0.997443 -0.023501 -0.00205117 0.0234159 0.999724 ,-0.00572869 -0.211245 -2.11426 
E 740 739 :0.998787 0.0418753 -0.0259153 -0.0418943 0.999122 -0.000191366 0.0258846 0.00127684 0.999664 ,0.012271 -0.0362168 -0.245516 
E 740 738 :0.995211 -0.000279413 -0.0977525 -0.00241547 0.99962 -0.027449 0.0977231 0.0275536 0.994832 ,0.0445235 -0.0868131 -0.629523 
E 740 737 :0.9997 -0.0225071 -0.00965644 0.0224755 0.999742 -0.00337725 0.00972996 0.0031592 0.999948 ,0.0826012 -0.106623 -0.889226 
E 740 736 :0.999287 -0.0377663 3.84815e-05 0.0377615 0.999176 0.0149053 -0.000601369 -0.0148933 0.999889 ,0.104899 -0.150014 -1.29642 
E 740 735 :0.99863 -0.0331908 -0.0404566 0.0346439 0.99876 0.0357627 0.0392194 -0.0371153 0.998541 ,0.132076 -0.187794 -1.66708 
E 736 735 :0.999202 0.0045699 -0.0396778 -0.00368329 0.999743 0.0223896 0.0397699 -0.0222256 0.998962 ,0.0259585 -0.0332515 -0.371183 
E 736 734 :0.99998 -0.00600748 -0.002059 0.00602744 0.999934 0.0098295 0.00199981 -0.00984172 0.99995 ,0.0865909 -0.0740679 -0.885549 
E 736 733 :0.99952 0.0233816 0.0203344 -0.0228297 0.999376 -0.0269657 -0.0209522 0.0264886 0.99943 ,0.0818186 -0.102441 -1.28246 
E 735 734 :0.999239 -0.0100771 0.0376743 0.0105512 0.999867 -0.0124069 -0.0375443 0.012795 0.999213 ,0.0402798 -0.0290953 -0.51715 
E 735 733 :0.997973 0.0207354 0.0601646 -0.0177904 0.998636 -0.0490788 -0.0611002 0.0479089 0.996981 ,0.0198306 -0.0486613 -0.914098 
E 735 732 :0.992436 0.0477845 -0.113081 -0.0548916 0.996652 -0.0605927 0.109807 0.0663416 0.991736 ,-0.0305554 -0.0798701 -1.42931 
E 737 736 :0.99983 -0.015443 0.0101024 0.0152588 0.99972 0.0180595 -0.0103784 -0.0179022 0.999786 ,0.0173578 -0.0451633 -0.407237 
E 737 735 :0.999491 -0.0110944 -0.0299249 0.0122826 0.999131 0.0398186 0.0294571 -0.0401659 0.998759 ,0.0400714 -0.0847167 -0.778018 
E 737 734 :0.999737 -0.0215478 0.0078914 0.0213204 0.999385 0.0278539 -0.00848673 -0.0276783 0.999581 ,0.0961275 -0.133886 -1.29217 
E 737 733 :0.99949 0.00821194 0.0308439 -0.00795021 0.999931 -0.00859876 -0.0309124 0.00834916 0.999487 ,0.0877844 -0.169492 -1.68844 
E 738 737 :0.995809 -0.0245055 0.0881159 0.0224557 0.999455 0.0241789 -0.0886604 -0.0220989 0.995817 ,0.0125807 -0.026955 -0.261527 
E 738 736 :0.994351 -0.0414543 0.0977145 0.0374514 0.998396 0.0424503 -0.0993175 -0.0385509 0.994309 ,-0.00491607 -0.0815547 -0.667604 
E 738 735 :0.997596 -0.0390713 0.0572313 0.0354324 0.997367 0.0632739 -0.0595528 -0.0610939 0.996354 ,-0.0140001 -0.129542 -1.03797 
E 738 734 :0.994276 -0.0483868 0.0952547 0.0435533 0.997687 0.0521847 -0.0975595 -0.0477374 0.994084 ,-0.00227928 -0.189857 -1.55386 
E 738 733 :0.992772 -0.0155906 0.118996 0.0137509 0.999773 0.0162651 -0.119223 -0.0145112 0.992761 ,-0.0446327 -0.235212 -1.94695 
E 739 738 :0.996634 -0.0414442 -0.0707332 0.0393861 0.998766 -0.0302481 0.0718995 0.0273603 0.997037 ,0.0243993 -0.0496856 -0.384698 
E 739 737 :0.997797 -0.0642815 0.01638 0.0643308 0.997925 -0.00250188 -0.0161852 0.00355011 0.999863 ,0.0565384 -0.0682155 -0.645297 
E 739 735 :0.996982 -0.0759535 -0.016059 0.0764815 0.996446 0.0353121 0.0133198 -0.0364338 0.999247 ,0.0892193 -0.148236 -1.42416 
E 739 736 :0.996477 -0.0799657 0.0252957 0.079573 0.996698 0.0161706 -0.0265052 -0.0141007 0.999549 ,0.0700865 -0.111154 -1.05292 
E 742 741 :0.998178 0.0152013 0.0583943 -0.0162683 0.999709 0.0178397 -0.0581061 -0.0187572 0.998134 ,0.00152535 -0.000391643 -0.194006 
E 742 740 :0.997841 0.014357 0.0640863 -0.0172284 0.998862 0.0444796 -0.0633748 -0.0454877 0.996953 ,-0.00738444 -0.0772367 -0.445133 
E 742 739 :0.997688 0.056211 0.0382027 -0.0579027 0.99732 0.04472 -0.0355866 -0.0468287 0.998269 ,-0.0114007 -0.12455 -0.689037 
E 742 737 :0.998488 -0.00790283 0.0543989 0.00565947 0.999132 0.0412703 -0.0546778 -0.0409 0.997666 ,0.0165138 -0.22472 -1.33204 
E 742 738 :0.99929 0.0158385 -0.0341804 -0.0152119 0.999713 0.0185162 0.0344639 -0.0179831 0.999244 ,-0.0045538 -0.192725 -1.07162 
E 742 736 :0.997633 -0.0242941 0.0643316 0.0204757 0.998026 0.0593624 -0.0656468 -0.0579047 0.996161 ,0.0120446 -0.286557 -1.73743 
E 742 734 :0.997595 -0.0309189 0.0620354 0.0266096 0.997253 0.0691274 -0.0640024 -0.0673104 0.995677 ,0.0432568 -0.411278 -2.62098 
E 742 735 :0.999485 -0.0211586 0.024137 0.0191442 0.996544 0.0808337 -0.0257639 -0.08033 0.996435 ,0.0148663 -0.34125 -2.10697 
